milepost	TAKEN
folio	TAKEN
foothold	TAKEN
coffer	TAKEN
gantry	TAKEN
smithy	TAKEN
viaduct	TAKEN
charter	TAKEN
estuary	TAKEN
hinge	TAKEN
fulcrum	TAKEN
flint	TAKEN
concord	TAKEN
granary	TAKEN
parallax	TAKEN
steward	TAKEN
touchstone	TAKEN
cairn	TAKEN
dossier	TAKEN
vanguard	TAKEN
promontory	TAKEN
bedrock	TAKEN
lodestar	TAKEN
armature	TAKEN
perigee	TAKEN
trellis	TAKEN
apogee	TAKEN
barometer	TAKEN
lamppost	TAKEN
sextant	TAKEN
pulley	TAKEN
chronometer	TAKEN
bellwether	TAKEN
indenture	TAKEN
nadir	TAKEN
meridian	TAKEN
foundry	TAKEN
runner	TAKEN
legate	TAKEN
pedestal	TAKEN
amalgam	TAKEN
outrider	TAKEN
warrant	TAKEN
harbinger	TAKEN
windlass	TAKEN
watershed	TAKEN
larder	TAKEN
tachometer	TAKEN
guardrail	TAKEN
stronghold	TAKEN
clearing	TAKEN
arsenal	TAKEN
aqueduct	TAKEN
confluence	TAKEN
throughline	TAKEN
derrick	TAKEN
almanac	TAKEN
crucible	TAKEN
calipers	TAKEN
theodolite	TAKEN
provost	TAKEN
ledger	TAKEN
emissary	TAKEN
micrometer	TAKEN
strongbox	TAKEN
abutment	TAKEN
curator	TAKEN
accord	TAKEN
tenon	TAKEN
monolith	TAKEN
kindling	TAKEN
towpath	TAKEN
capstan	TAKEN
filigree	TAKEN
tidewater	TAKEN
cornerstone	TAKEN
tribunal	TAKEN
dovetail	TAKEN
register	TAKEN
writ	TAKEN
bulwark	TAKEN
armory	TAKEN
cadastre	TAKEN
backbone	TAKEN
covenant	TAKEN
lodestone	TAKEN
alloy	TAKEN
turnpike	TAKEN
threshold	TAKEN
kiln	TAKEN
tributary	TAKEN
mortise	TAKEN
zenith	TAKEN
herald	TAKEN
winch	TAKEN
quarry	TAKEN
wellspring	TAKEN
davit	TAKEN
spiritlevel	TAKEN
forge	TAKEN
landfall	TAKEN
plumbline	TAKEN
envoy	TAKEN
crosswalk	TAKEN
registrar	TAKEN
trailhead	TAKEN
emberly	TAKEN
headwater	TAKEN
linchpin	TAKEN
headland	TAKEN
freehold	TAKEN
tinder	TAKEN
quorum	TAKEN
astrolabe	TAKEN
chancery	TAKEN
sheave	TAKEN
plinth	TAKEN
handrail	TAKEN
waypoint	TAKEN
gusset	TAKEN
altimeter	TAKEN
entente	TAKEN
tallow	TAKEN
keystone	TAKEN
exchequer	TAKEN
signpost	TAKEN
cellar	TAKEN
milestone	TAKEN
groundwork	TAKEN
lattice	TAKEN
furnace	TAKEN
flange	TAKEN
causeway	TAKEN
codex	TAKEN
treasury	TAKEN
compendium	TAKEN
declination	TAKEN
docket	TAKEN
courier	TAKEN
thruway	TAKEN
obelisk	TAKEN
pivot	TAKEN
azimuth	TAKEN
soundvolt	TAKEN
scaffold	TAKEN
cadencetrunk	AVAIL
cadencerails	AVAIL
renderledger	TAKEN
fleetchart	TAKEN
deployanchor	AVAIL
raiselookout	AVAIL
trimshield	TAKEN
tabularspan	AVAIL
anchorpath	TAKEN
draftcurrent	TAKEN
solarchannel	TAKEN
moorforge	TAKEN
meshlattice	AVAIL
facetgraph	AVAIL
patrolindex	AVAIL
actuatepeak	AVAIL
sortbridge	AVAIL
branchdocket	AVAIL
settlebrief	AVAIL
fuelbrief	TAKEN
steerspark	TAKEN
keenplinth	AVAIL
northridge	TAKEN
plotfoundry	TAKEN
forgegraph	TAKEN
pantry	TAKEN
synapsegrid	TAKEN
pairpath	TAKEN
actuatemill	AVAIL
shiftkeep	TAKEN
gaugeroster	AVAIL
vault	TAKEN
shieldcore	TAKEN
gaterails	TAKEN
carbonmesh	TAKEN
agentchannel	TAKEN
turbinequay	AVAIL
traceworks	TAKEN
mintmap	TAKEN
solidwarden	AVAIL
cleardrift	TAKEN
actuaterail	AVAIL
escrowgauge	AVAIL
clearatlas	TAKEN
consignbraid	AVAIL
facetbraid	AVAIL
trueguard	TAKEN
kineticmill	TAKEN
vectorlens	TAKEN
modelrail	TAKEN
triagereach	AVAIL
opentrace	TAKEN
openframe	TAKEN
renderdrift	TAKEN
flowgate	TAKEN
chartshield	TAKEN
swifthaven	TAKEN
steadyplinth	AVAIL
floatbeacon	AVAIL
wardensentry	AVAIL
payloadkiln	AVAIL
chargedepot	TAKEN
quietdepot	AVAIL
rankhelm	TAKEN
offsetcape	AVAIL
covenantmap	TAKEN
northanvil	TAKEN
identstack	AVAIL
craftlanding	TAKEN
complyradar	TAKEN
lidartrace	TAKEN
kindleatlas	TAKEN
raisethread	AVAIL
buildcadence	TAKEN
remitbeacon	AVAIL
carbonforge	TAKEN
pilotwharf	AVAIL
plainflare	AVAIL
scalepeak	TAKEN
thermalstack	TAKEN
kineticprism	TAKEN
steadytide	TAKEN
joinweave	TAKEN
gatemap	TAKEN
tempoworks	TAKEN
openwarden	TAKEN
metrickeep	TAKEN
matchlattice	AVAIL
fuelcove	TAKEN
drivepillar	AVAIL
pairpatrol	AVAIL
bindframe	TAKEN
kindlescope	AVAIL
trimdial	AVAIL
runtimearc	TAKEN
tunelantern	AVAIL
cohortharbor	AVAIL
recordtruss	AVAIL
cobotyard	AVAIL
coingrid	TAKEN
mintcove	TAKEN
opentower	TAKEN
picketlayer	AVAIL
fleetboard	TAKEN
steadybench	TAKEN
transitvault	TAKEN
controlradar	TAKEN
syncprobe	TAKEN
triggergraph	TAKEN
anchorpicket	AVAIL
alignsurvey	TAKEN
fuelcape	AVAIL
solidbay	TAKEN
tokenprobe	TAKEN
lidarindex	AVAIL
attestbrief	AVAIL
remitquay	AVAIL
guardcompass	TAKEN
offsetspark	AVAIL
hardenpulse	AVAIL
signetkeep	AVAIL
anchorseal	TAKEN
emblemwarden	AVAIL
forgebase	TAKEN
identvault	TAKEN
anchorbrief	TAKEN
shieldpeak	TAKEN
tempoforge	TAKEN
feedworks	TAKEN
paybeacon	TAKEN
actuatemap	AVAIL
raiseanchor	TAKEN
embedflare	AVAIL
badgeprism	AVAIL
scancadence	AVAIL
studiotempo	TAKEN
wardentower	AVAIL
primespan	TAKEN
embedkeep	AVAIL
shiploom	TAKEN
fueldossier	AVAIL
renewtower	TAKEN
ladingdepot	AVAIL
scanstudio	TAKEN
plainflow	TAKEN
weavekiln	AVAIL
controlforge	TAKEN
framealmanac	AVAIL
prismpanel	TAKEN
traceboard	TAKEN
plotdial	TAKEN
solarvolt	TAKEN
streamfolio	TAKEN
filingprism	AVAIL
brisktide	TAKEN
wardensurvey	AVAIL
truefoundry	TAKEN
patrolcrest	AVAIL
anchorflow	TAKEN
claimfabric	TAKEN
inferhelm	AVAIL
hardenchart	AVAIL
tokenkeep	TAKEN
clearmill	TAKEN
facetanchor	AVAIL
openroute	TAKEN
verifyforge	TAKEN
docksensor	AVAIL
solidsurvey	TAKEN
signetgate	AVAIL
offsetmeter	AVAIL
frameradar	TAKEN
castrelay	TAKEN
shieldgauge	TAKEN
soundrecord	TAKEN
moorsummit	AVAIL
datasetbrief	AVAIL
cargoengine	TAKEN
steerbraid	AVAIL
tunerecord	TAKEN
linkflare	TAKEN
contextspan	TAKEN
badgeatlas	AVAIL
schedulekeep	TAKEN
quietloom	TAKEN
siftsurvey	AVAIL
gatewarden	TAKEN
scalesentry	TAKEN
escrowchart	TAKEN
paysensor	TAKEN
flowpulse	TAKEN
wardendial	AVAIL
careteambay	AVAIL
levelstream	TAKEN
invoiceboard	TAKEN
cleangauge	TAKEN
soundport	TAKEN
mergetower	TAKEN
reeltrail	TAKEN
remitrail	TAKEN
forgerails	TAKEN
soundkiln	AVAIL
bastionwharf	AVAIL
facetgate	AVAIL
tenderbraid	AVAIL
tokenhelm	TAKEN
trustarc	TAKEN
northcompass	TAKEN
facetsignal	AVAIL
framegraph	TAKEN
keengrid	TAKEN
beamspark	TAKEN
kineticridge	TAKEN
solargauge	TAKEN
fusepress	TAKEN
frameroster	AVAIL
claimsonar	TAKEN
gaterelay	TAKEN
gridcore	TAKEN
auditlayer	TAKEN
badgefabric	AVAIL
trustpatrol	TAKEN
fusevigil	AVAIL
matchreactor	AVAIL
deployspine	AVAIL
gatestack	TAKEN
forgecodex	TAKEN
reelswitch	AVAIL
floatbasin	AVAIL
inboundgate	TAKEN
primebench	TAKEN
drivecore	TAKEN
forgevolt	TAKEN
soundpress	TAKEN
levelridge	TAKEN
solarpulse	TAKEN
forgesensor	TAKEN
openember	TAKEN
payerpanel	TAKEN
meshscope	TAKEN
coinspan	TAKEN
approvebrief	AVAIL
careteamcove	AVAIL
buildrelay	TAKEN
driveradar	TAKEN
fuselens	TAKEN
shieldpatrol	TAKEN
tierboard	TAKEN
gridbasin	AVAIL
buildbeacon	TAKEN
consignpeak	AVAIL
relayanchor	TAKEN
cadencedock	AVAIL
patchfabric	TAKEN
signetanchor	AVAIL
plotbrief	TAKEN
facetflow	TAKEN
reeldock	TAKEN
fuseflare	TAKEN
weavecape	AVAIL
chartkeep	TAKEN
columnradar	AVAIL
relaylane	TAKEN
trustcharter	TAKEN
sentryarc	TAKEN
fusehaven	AVAIL
embedcompass	AVAIL
keensensor	TAKEN
turbinevault	AVAIL
calmledger	TAKEN
escrowthread	AVAIL
floatbrief	AVAIL
shipbraid	AVAIL
brightcore	TAKEN
montagequay	AVAIL
routecircuit	TAKEN
schemaradar	TAKEN
groundgraph	TAKEN
raisealmanac	AVAIL
keensentry	TAKEN
relaytrack	TAKEN
streamgauge	TAKEN
solidlantern	AVAIL
raisehaven	AVAIL
feedscope	TAKEN
columncodex	AVAIL
pairgraph	TAKEN
emberarc	TAKEN
biomasslayer	AVAIL
plainmesh	TAKEN
depotlane	TAKEN
boostatelier	TAKEN
siftmesh	TAKEN
haulfolio	TAKEN
signalweave	TAKEN
cellmill	TAKEN
compilemill	AVAIL
agentfoundry	TAKEN
kineticlayer	TAKEN
groundframe	TAKEN
raisespan	AVAIL
brightbeacon	TAKEN
spanfabric	TAKEN
shiftdelta	TAKEN
beamregister	AVAIL
inferamp	AVAIL
tracewave	TAKEN
kindlegate	TAKEN
columnstack	TAKEN
triggerprobe	AVAIL
vaultscope	TAKEN
steertower	TAKEN
alignamp	AVAIL
attestspine	AVAIL
truegauge	TAKEN
siftvigil	AVAIL
remitcove	TAKEN
cadencetrace	AVAIL
sparkvault	TAKEN
streambasin	AVAIL
lensindex	TAKEN
mintbrief	TAKEN
gatelens	TAKEN
turbinevolt	AVAIL
prismrecord	TAKEN
launchdepot	TAKEN
servoledger	TAKEN
trueconduit	TAKEN
identspine	AVAIL
floatdrift	TAKEN
cargoconduit	TAKEN
rampartreach	AVAIL
sparksummit	TAKEN
sparklane	TAKEN
facetport	TAKEN
turbinetrack	TAKEN
quietseal	TAKEN
moortrunk	TAKEN
siftgrid	TAKEN
agentatlas	TAKEN
mintsonar	AVAIL
actuateprobe	AVAIL
moorworkshop	AVAIL
payloadbasin	AVAIL
facetrail	TAKEN
framesignal	TAKEN
levelspan	TAKEN
pairdocket	AVAIL
gatespine	TAKEN
streamport	TAKEN
levelindex	TAKEN
brightroute	TAKEN
plainpanel	TAKEN
clearkernel	TAKEN
debitmesh	AVAIL
paircove	TAKEN
truetorch	TAKEN
steadyrelay	TAKEN
moorwharf	AVAIL
plotdelta	AVAIL
alignweave	TAKEN
meshkiln	TAKEN
sparkbase	TAKEN
flowseal	TAKEN
actuaterails	AVAIL
trimindex	TAKEN
floatprobe	AVAIL
weightgauge	TAKEN
fuelmanifest	AVAIL
beampillar	AVAIL
weavedock	AVAIL
inferscope	TAKEN
kindlelayer	AVAIL
truepicket	AVAIL
steerbench	TAKEN
surgepulse	TAKEN
feedmanifest	AVAIL
sharptower	TAKEN
tierpulse	TAKEN
indexport	TAKEN
trustrails	TAKEN
shipfoundry	TAKEN
inferharbor	AVAIL
dockreach	TAKEN
invoiceridge	TAKEN
payspan	TAKEN
scalewharf	AVAIL
meshport	TAKEN
crisptrail	TAKEN
solidseal	TAKEN
modelreactor	TAKEN
reckonspan	AVAIL
agentmeter	TAKEN
levelmill	AVAIL
cipheryard	TAKEN
settlesummit	AVAIL
deployvault	TAKEN
trimkiln	AVAIL
vaultwharf	AVAIL
facetbase	TAKEN
consignrails	AVAIL
spandepot	AVAIL
plotbridge	TAKEN
consignbase	TAKEN
scanfoundry	TAKEN
gaugedrift	AVAIL
launchbay	TAKEN
actuatetrack	AVAIL
columnscope	AVAIL
steadystack	TAKEN
raisecrest	AVAIL
commitspine	AVAIL
liftmeter	TAKEN
deploywave	TAKEN
yieldlanding	AVAIL
escrowbasin	AVAIL
cognategrid	AVAIL
covenantlens	TAKEN
transitpanel	AVAIL
sharpflare	TAKEN
consigncrest	AVAIL
verifyengine	TAKEN
gatecape	AVAIL
cadenceprobe	AVAIL
tracemeter	TAKEN
remitledger	TAKEN
raisescope	TAKEN
tensorkindle	AVAIL
tierdelta	AVAIL
payoutprobe	AVAIL
relaydossier	AVAIL
streamstack	TAKEN
assignhelm	AVAIL
tiersentry	TAKEN
draftember	TAKEN
framereactor	TAKEN
yieldgate	TAKEN
fusewarden	AVAIL
careteamwave	AVAIL
metrictempo	AVAIL
badgegraph	AVAIL
promptvault	TAKEN
claimcharter	TAKEN
ledgerkernel	TAKEN
debitgate	TAKEN
sentrysignal	TAKEN
remityard	AVAIL
weightkeep	TAKEN
steertorch	AVAIL
attestsurvey	AVAIL
yieldpeak	TAKEN
haulsummit	TAKEN
sharpdelta	TAKEN
ledgerspan	TAKEN
agentarc	TAKEN
steadylayer	TAKEN
steerdrift	AVAIL
sentinelmesh	TAKEN
meshsensor	TAKEN
moorvolt	AVAIL
crispquay	AVAIL
lensbrief	TAKEN
flowalmanac	AVAIL
craftreactor	TAKEN
dosagedial	TAKEN
boostcodex	TAKEN
probecircuit	AVAIL
triagemeter	AVAIL
payloadarc	AVAIL
frameyard	TAKEN
truebridge	TAKEN
runtimeport	TAKEN
shipcodex	AVAIL
consignreach	AVAIL
chartbase	TAKEN
hydroradar	TAKEN
calmsignal	TAKEN
steadygauge	AVAIL
badgerecord	AVAIL
paydesk	TAKEN
cipherlayer	TAKEN
matchcape	AVAIL
chargeport	TAKEN
cleantide	TAKEN
payersonar	AVAIL
trimcompass	AVAIL
cointrack	TAKEN
framelattice	AVAIL
emissionarc	AVAIL
indexanchor	TAKEN
schedulegate	TAKEN
feedflow	TAKEN
settleport	TAKEN
scalemill	TAKEN
citadeltruss	AVAIL
disclosemap	AVAIL
pairtempo	AVAIL
plotstudio	TAKEN
weavefolio	AVAIL
pairbench	TAKEN
dockarc	AVAIL
plainspark	TAKEN
triggerdesk	TAKEN
handofflane	TAKEN
remitrelay	AVAIL
vectorember	AVAIL
indexcore	TAKEN
clearcrest	TAKEN
yieldfabric	TAKEN
groundpanel	AVAIL
schematempo	AVAIL
quietprism	TAKEN
inferengine	TAKEN
cohortweave	AVAIL
forgecadence	AVAIL
castradar	TAKEN
queuerecord	AVAIL
shieldframe	TAKEN
patrolengine	AVAIL
sharpengine	TAKEN
sparkbeacon	TAKEN
framelanding	AVAIL
vectorgraph	TAKEN
inferdial	AVAIL
assignroster	AVAIL
steadyprism	AVAIL
palettelane	AVAIL
cohortroster	AVAIL
haulbraid	TAKEN
wardenbeacon	AVAIL
depotboard	AVAIL
sparkreactor	TAKEN
schemaboard	TAKEN
fusecore	TAKEN
ranklantern	AVAIL
draftlane	TAKEN
quietkindle	AVAIL
soundbench	TAKEN
invoicestack	TAKEN
tabulargate	AVAIL
linkbridge	TAKEN
payoutanchor	AVAIL
cohortquay	AVAIL
kinetickiln	AVAIL
rankfoundry	TAKEN
feedanvil	AVAIL
shiproute	TAKEN
haulridge	TAKEN
tempoloop	TAKEN
sharplayer	TAKEN
chartloop	TAKEN
transitdock	TAKEN
shopfloorarc	AVAIL
cleandrift	TAKEN
cointower	TAKEN
emberharbor	TAKEN
metricrecord	AVAIL
solidsonar	AVAIL
carbonamp	TAKEN
claimspine	AVAIL
castlantern	AVAIL
cleangraph	TAKEN
inboundweave	AVAIL
sentinelbay	TAKEN
craftsummit	TAKEN
bedsideyard	AVAIL
sparkamp	TAKEN
compileorbit	AVAIL
corpusbench	TAKEN
consentrail	TAKEN
raiselanding	AVAIL
chartseal	TAKEN
chargeplinth	AVAIL
keenwatch	TAKEN
cleandepot	TAKEN
identfoundry	AVAIL
tabularprism	AVAIL
cargorail	TAKEN
hydrobasin	TAKEN
beamvault	TAKEN
invoicetrack	TAKEN
raisehelm	AVAIL
fuseplinth	AVAIL
tokencompass	TAKEN
tunebrief	AVAIL
raiseanvil	AVAIL
rankyard	TAKEN
badgeforge	TAKEN
boostgraph	TAKEN
ledgerdepot	TAKEN
schemahelm	TAKEN
yieldsonar	AVAIL
cargodesk	TAKEN
indexbraid	AVAIL
proofdial	AVAIL
spanprobe	AVAIL
kilowattgrid	AVAIL
draftgate	TAKEN
primeroute	TAKEN
recordgraph	TAKEN
corpusthread	AVAIL
clearchannel	TAKEN
raisegraph	TAKEN
chargecove	TAKEN
launchember	TAKEN
creditkeep	TAKEN
soundpillar	TAKEN
creditwave	TAKEN
artifactport	AVAIL
liftreactor	AVAIL
cargowave	TAKEN
draftanchor	AVAIL
recordlayer	TAKEN
palletcove	AVAIL
cobotworks	TAKEN
payerthread	AVAIL
truelookout	TAKEN
feedbasin	AVAIL
identlens	AVAIL
chartsurvey	AVAIL
linkcore	TAKEN
joinpicket	AVAIL
shiftalmanac	TAKEN
openbeacon	TAKEN
rankworkshop	AVAIL
depthconduit	AVAIL
transitcodex	AVAIL
celldial	TAKEN
freightquay	AVAIL
assignmesh	AVAIL
agenthelm	TAKEN
siftpulse	TAKEN
modelprobe	TAKEN
drivegrid	TAKEN
metricmap	TAKEN
reckonpillar	AVAIL
tunelattice	AVAIL
palletcrest	AVAIL
compileanvil	AVAIL
rankscope	TAKEN
ladingquay	AVAIL
keystonepeak	TAKEN
rankwarden	TAKEN
castspine	AVAIL
bindfoundry	AVAIL
tempoconduit	AVAIL
keenbeacon	TAKEN
controlprobe	TAKEN
reckonbeacon	AVAIL
hauldesk	TAKEN
gaugebench	TAKEN
relayharbor	TAKEN
reasonarc	TAKEN
mergedocket	AVAIL
freightrelay	TAKEN
mooratelier	AVAIL
sentrycrest	TAKEN
branchfolio	TAKEN
claimbench	TAKEN
keenscope	TAKEN
syncamp	TAKEN
firstfabric	TAKEN
gatethread	TAKEN
biomassmap	TAKEN
sentryindex	TAKEN
tensortorch	TAKEN
groundspark	TAKEN
facetgrid	TAKEN
emissioncore	TAKEN
servoprobe	AVAIL
mandatetrack	TAKEN
gatedial	TAKEN
surgeprobe	AVAIL
artifactrail	AVAIL
sortvault	TAKEN
schemadocket	AVAIL
reasontower	AVAIL
assignforge	AVAIL
framecodex	TAKEN
anchorwave	TAKEN
reckonmill	AVAIL
crispatlas	TAKEN
steadyseal	AVAIL
kindlegrid	TAKEN
ladingatlas	AVAIL
sharpdynamo	AVAIL
aligndocket	AVAIL
gaugeconduit	AVAIL
framedesk	TAKEN
northroute	TAKEN
fleetsensor	TAKEN
shipflare	TAKEN
sortroster	AVAIL
spatialrails	AVAIL
truetower	TAKEN
tempotrace	TAKEN
plotlattice	AVAIL
kindleyard	AVAIL
cohortpanel	TAKEN
policytrack	TAKEN
statuteboard	AVAIL
drivefabric	TAKEN
anchorbeacon	TAKEN
fleetbasin	AVAIL
trustframe	TAKEN
stagingloom	TAKEN
aligncadence	AVAIL
fleetloom	TAKEN
cellradar	TAKEN
floatmeter	AVAIL
prismdossier	AVAIL
weavelantern	AVAIL
indexdial	AVAIL
corpusdocket	AVAIL
synapsegraph	TAKEN
columnprobe	AVAIL
spatialgraph	TAKEN
plotscope	TAKEN
swiftboard	TAKEN
streamguard	TAKEN
payloadlayer	AVAIL
montagedesk	AVAIL
patchwave	TAKEN
creditpeak	TAKEN
scalebase	TAKEN
tensorengine	TAKEN
floatspan	AVAIL
mergetorch	AVAIL
plainwarden	AVAIL
flowmanifest	TAKEN
trimbase	TAKEN
vitalscove	AVAIL
triageridge	AVAIL
chartsonar	TAKEN
drivebraid	AVAIL
trackcircuit	TAKEN
emissionrail	AVAIL
amperebay	AVAIL
vitalsdelta	AVAIL
metricforge	TAKEN
soundgraph	TAKEN
castpillar	AVAIL
inferarc	TAKEN
scanroster	TAKEN
mintledger	TAKEN
chargetrace	TAKEN
fusebay	TAKEN
registerdock	TAKEN
pairdial	AVAIL
crispbraid	AVAIL
corpuskeep	AVAIL
corpusroster	AVAIL
steadyreach	TAKEN
columnpillar	AVAIL
solarchart	TAKEN
complyprism	AVAIL
cohortpulse	TAKEN
dosagethread	AVAIL
rampartmeter	AVAIL
kindlecrest	TAKEN
servoworks	TAKEN
routehelm	TAKEN
fuseprism	TAKEN
servobase	TAKEN
tierdepot	TAKEN
embedmesh	TAKEN
gridgate	TAKEN
emblemgraph	AVAIL
dockamp	TAKEN
indexgate	TAKEN
northsignal	TAKEN
dockfolio	TAKEN
indexthread	TAKEN
invoiceorbit	TAKEN
dosageindex	TAKEN
trustalmanac	AVAIL
levelsurvey	TAKEN
actuateindex	AVAIL
cipherguard	TAKEN
schemaorbit	TAKEN
auditsignal	TAKEN
clinicledger	TAKEN
gridharbor	TAKEN
scalewarden	TAKEN
warrantstack	TAKEN
guardsignal	TAKEN
openworkshop	TAKEN
lensdesk	TAKEN
streamthread	TAKEN
plotpicket	AVAIL
beamgraph	TAKEN
gaugeweave	AVAIL
briskreactor	AVAIL
coindock	TAKEN
paysurvey	TAKEN
sparkpatrol	TAKEN
depotrail	TAKEN
rollbackarc	AVAIL
plainsensor	AVAIL
pilotspine	AVAIL
patrolcove	AVAIL
levelweave	TAKEN
sortpatrol	AVAIL
cipherharbor	TAKEN
identcharter	AVAIL
moormap	TAKEN
synapsespan	AVAIL
pairmill	AVAIL
cognategauge	AVAIL
cohortframe	AVAIL
gatevolt	TAKEN
plotradar	TAKEN
rankpeak	TAKEN
solidridge	TAKEN
amperecrest	AVAIL
soundcharter	AVAIL
soundbridge	TAKEN
vectordock	TAKEN
quietlookout	AVAIL
calmbasin	AVAIL
actuatehelm	AVAIL
moortempo	AVAIL
groundmill	AVAIL
quietstudio	TAKEN
synctrail	TAKEN
siftsensor	AVAIL
assignswitch	AVAIL
syncatlas	TAKEN
contextworks	TAKEN
anchordelta	AVAIL
payscope	TAKEN
studiodock	TAKEN
truebraid	TAKEN
releasemill	AVAIL
craftwarden	TAKEN
chartquay	AVAIL
cognateloom	AVAIL
amperegauge	AVAIL
beamweave	TAKEN
datasetbase	TAKEN
tensorforge	TAKEN
cleanatelier	AVAIL
consignforge	AVAIL
turbinehelm	AVAIL
trimbay	TAKEN
floatfoundry	AVAIL
mergeforge	TAKEN
identbrief	AVAIL
escrowcrest	AVAIL
vitalsroster	AVAIL
alignsonar	AVAIL
remitarc	TAKEN
groundfolio	TAKEN
charterscope	TAKEN
scalekernel	TAKEN
keenkernel	TAKEN
pilotsonar	AVAIL
emblemrecord	AVAIL
complybeacon	TAKEN
buildloop	TAKEN
emblemchart	AVAIL
gatetruss	AVAIL
tokenrecord	TAKEN
sortatlas	AVAIL
buildbench	TAKEN
tracereactor	AVAIL
signetgauge	AVAIL
beamyard	TAKEN
framelookout	AVAIL
vaultkeep	TAKEN
spatialanvil	AVAIL
trackstudio	TAKEN
surgetruss	TAKEN
pilotchannel	TAKEN
cohortledger	TAKEN
tracetrail	TAKEN
routeworks	TAKEN
primecodex	TAKEN
depthindex	TAKEN
mergecape	AVAIL
payoutradar	TAKEN
alignspan	AVAIL
steerdock	TAKEN
aligngauge	TAKEN
buildtrunk	AVAIL
invoicedrift	TAKEN
cleanbench	TAKEN
intakestream	TAKEN
clinicroster	TAKEN
briskcharter	AVAIL
surgeswitch	TAKEN
groundcodex	AVAIL
tierhelm	AVAIL
chartlayer	TAKEN
joinember	TAKEN
trackshield	TAKEN
northconduit	TAKEN
approveatlas	AVAIL
steervigil	AVAIL
complyarc	TAKEN
keenpath	TAKEN
tunemesh	TAKEN
approveweave	AVAIL
complyfabric	AVAIL
palettebrief	AVAIL
identfolio	AVAIL
picketpatrol	AVAIL
linkspine	TAKEN
linkmap	TAKEN
thermaldock	AVAIL
proofkeep	TAKEN
carbondepot	TAKEN
renewgrid	TAKEN
bastionsonar	AVAIL
kindlespine	AVAIL
reelcadence	TAKEN
biomasstower	AVAIL
facetharbor	TAKEN
fusebeacon	AVAIL
stagingstack	TAKEN
cargofoundry	TAKEN
cipherwharf	AVAIL
pilotcape	AVAIL
identsignal	TAKEN
renewhaven	TAKEN
hardenradar	AVAIL
schemacodex	TAKEN
biomassdepot	TAKEN
trustlantern	TAKEN
renewbeacon	TAKEN
keystonecove	TAKEN
emberfabric	TAKEN
gaugedesk	TAKEN
tunespan	TAKEN
weaveanvil	AVAIL
promptdynamo	TAKEN
coincompass	TAKEN
columnanchor	TAKEN
vaultdesk	TAKEN
forgestack	TAKEN
sealchannel	AVAIL
crispbrief	TAKEN
tempospan	AVAIL
creditgrid	TAKEN
prooflayer	TAKEN
scansurvey	TAKEN
agentchart	TAKEN
tokenplinth	AVAIL
trustbridge	TAKEN
routebench	TAKEN
commitcodex	AVAIL
steadydial	TAKEN
matchcadence	AVAIL
synapserail	TAKEN
creditdock	TAKEN
routetower	TAKEN
haulcadence	AVAIL
attestgauge	AVAIL
statutetrack	TAKEN
depotharbor	TAKEN
passportspan	AVAIL
sharpanchor	TAKEN
feedbay	TAKEN
liftquay	AVAIL
manifestcape	AVAIL
payloadtower	AVAIL
datasetbench	AVAIL
releasegate	TAKEN
fusedelta	AVAIL
trimtempo	TAKEN
pilotpanel	TAKEN
buildweave	TAKEN
voltamp	TAKEN
solarprobe	TAKEN
tunekeep	TAKEN
parallaxport	AVAIL
probedock	TAKEN
ledgervault	TAKEN
calmdock	TAKEN
modeltrack	TAKEN
corpuspanel	AVAIL
mooranvil	AVAIL
solidbench	TAKEN
canvasdock	TAKEN
kindletrack	AVAIL
hauldepot	TAKEN
freighthelm	TAKEN
cleandial	TAKEN
triggerstack	TAKEN
clinicmap	TAKEN
groundprobe	TAKEN
escrowrail	TAKEN
chartpillar	AVAIL
tierforge	TAKEN
boostindex	TAKEN
tierprobe	AVAIL
treasuryrail	TAKEN
cohortloop	TAKEN
charterbench	AVAIL
signetgrid	AVAIL
fuelpeak	TAKEN
shieldcrest	TAKEN
fuelcharter	AVAIL
policyrail	TAKEN
framerails	TAKEN
triggerarc	AVAIL
kindleridge	TAKEN
lenslattice	TAKEN
pilotkeep	AVAIL
frameweave	TAKEN
cleanport	TAKEN
crispwave	TAKEN
draftlayer	TAKEN
remitroster	AVAIL
thermalprobe	TAKEN
surgespark	TAKEN
scanlanding	AVAIL
identhelm	AVAIL
steerprobe	AVAIL
patrolfabric	AVAIL
remitboard	TAKEN
drivemesh	TAKEN
moorfabric	AVAIL
claimstack	TAKEN
schedulespan	AVAIL
contextforge	TAKEN
palletcore	TAKEN
consigntempo	AVAIL
firstdial	TAKEN
solarsignal	TAKEN
gategrid	TAKEN
brightpillar	TAKEN
drivetrunk	AVAIL
sharpforge	TAKEN
northguard	TAKEN
consentworks	TAKEN
patrolvigil	AVAIL
carbonfabric	TAKEN
tracetempo	AVAIL
steertrail	TAKEN
branchloom	TAKEN
bindanchor	AVAIL
scanlane	TAKEN
beamdock	TAKEN
keenharbor	TAKEN
cargodossier	TAKEN
steadytempo	TAKEN
hardendelta	AVAIL
tokenindex	TAKEN
guardsensor	TAKEN
sentryridge	TAKEN
cellworkshop	AVAIL
fleetspine	TAKEN
boostguard	TAKEN
floatlanding	AVAIL
plotcodex	AVAIL
shipconduit	AVAIL
emblemworks	TAKEN
launchtower	TAKEN
remitsummit	AVAIL
mergeweave	TAKEN
probestream	TAKEN
plotgauge	AVAIL
tierpeak	TAKEN
kineticbase	TAKEN
raisespine	AVAIL
raisecodex	AVAIL
keenhaven	TAKEN
mandaterails	AVAIL
cobotrail	AVAIL
soundgauge	TAKEN
trimanvil	AVAIL
patrolridge	AVAIL
temporails	TAKEN
calmdepot	TAKEN
feedtrack	TAKEN
raisetruss	AVAIL
northdossier	AVAIL
crispsonar	AVAIL
cutlistbraid	AVAIL
sortspine	AVAIL
signetengine	AVAIL
columnmap	TAKEN
vaultalmanac	AVAIL
proofcharter	AVAIL
scaledocket	AVAIL
vectorfabric	TAKEN
plaincove	TAKEN
weavethread	TAKEN
steeranchor	AVAIL
forgecharter	AVAIL
sentrycove	TAKEN
aligndelta	AVAIL
payloadspine	AVAIL
controldial	TAKEN
parallaxdock	AVAIL
routechart	TAKEN
keencove	TAKEN
badgelayer	TAKEN
fusepanel	TAKEN
claimhelm	TAKEN
feedpress	TAKEN
triagechart	AVAIL
mintanchor	TAKEN
actuatetrunk	AVAIL
plaindelta	AVAIL
datasetlens	TAKEN
steertruss	AVAIL
gantryrails	AVAIL
groundrails	AVAIL
gantryfabric	AVAIL
guardtruss	AVAIL
filingatlas	TAKEN
cognateprism	AVAIL
badgewarden	TAKEN
embedlattice	AVAIL
intakeloop	TAKEN
launchboard	TAKEN
weightpulse	TAKEN
fleetbench	TAKEN
solidport	TAKEN
warrantmesh	AVAIL
launchdial	TAKEN
calmbase	TAKEN
warrantbase	AVAIL
feedfolio	TAKEN
payerboard	AVAIL
plotflare	TAKEN
forgerecord	AVAIL
paystack	TAKEN
pairengine	AVAIL
openpicket	AVAIL
stagingbrief	AVAIL
modelcore	TAKEN
raiseorbit	TAKEN
quietscope	TAKEN
auditbrief	TAKEN
spanshield	TAKEN
complysonar	AVAIL
drivevolt	TAKEN
referralpeak	TAKEN
prismorbit	TAKEN
columnloop	AVAIL
cleanmill	TAKEN
bindpanel	AVAIL
matchpatrol	AVAIL
tracechart	TAKEN
ledgerchart	TAKEN
auditlens	TAKEN
wardentrunk	AVAIL
yieldrecord	TAKEN
schemaframe	TAKEN
trueledger	TAKEN
depotatlas	AVAIL
fuseport	TAKEN
raisedocket	AVAIL
mandateseal	AVAIL
paychart	TAKEN
complysignal	TAKEN
levelsonar	AVAIL
registryarc	AVAIL
moorlayer	AVAIL
depotorbit	AVAIL
tabularport	AVAIL
steadyloop	TAKEN
tabularboard	AVAIL
raiseswitch	AVAIL
tierdial	AVAIL
offsetspine	AVAIL
lidarsonar	AVAIL
patrolbasin	AVAIL
streamshield	TAKEN
depthloom	TAKEN
payercape	AVAIL
feedwharf	AVAIL
fleetmill	TAKEN
registrymill	AVAIL
signetforge	TAKEN
mandaterail	TAKEN
surgefolio	TAKEN
cadencepulse	TAKEN
truelattice	TAKEN
tracebasin	AVAIL
shiftloom	TAKEN
tiermesh	TAKEN
cohortcore	TAKEN
solidsentry	TAKEN
mergefoundry	TAKEN
palletpillar	AVAIL
weightember	AVAIL
tokendial	TAKEN
commitarc	AVAIL
disclosekeep	AVAIL
floatweave	AVAIL
passportcore	TAKEN
remitbase	TAKEN
lastmilecape	TAKEN
palletspine	AVAIL
filingcodex	TAKEN
cipherfabric	TAKEN
pairvigil	AVAIL
gantrybasin	AVAIL
craftreach	TAKEN
raisechart	AVAIL
flowloom	TAKEN
intaketrace	AVAIL
drivesummit	TAKEN
tokenpatrol	TAKEN
depthpillar	AVAIL
forgequay	AVAIL
launchsentry	TAKEN
tensoranchor	AVAIL
debitpanel	AVAIL
weavegrid	TAKEN
alignbridge	TAKEN
renewscope	TAKEN
ledgermap	TAKEN
soundfolio	TAKEN
paydepot	TAKEN
soundvault	TAKEN
trustkeep	TAKEN
approvegate	TAKEN
moorpulse	AVAIL
shiftember	TAKEN
liftlens	TAKEN
tensorspine	AVAIL
pallethaven	TAKEN
settlereach	AVAIL
agentgate	TAKEN
invoicebase	TAKEN
releasegrid	TAKEN
tensorcore	TAKEN
ledgersurvey	AVAIL
payoutbraid	AVAIL
debitpillar	AVAIL
complydesk	TAKEN
mergeconduit	AVAIL
gaugebase	TAKEN
ciphertruss	AVAIL
trimport	TAKEN
agentmap	TAKEN
groundsentry	AVAIL
auditpanel	TAKEN
streamwave	TAKEN
truevault	TAKEN
chargerelay	TAKEN
tendercove	TAKEN
mintlens	TAKEN
trueorbit	TAKEN
levelprobe	TAKEN
gridturbine	AVAIL
flowbasin	TAKEN
payerdossier	AVAIL
lensengine	TAKEN
drivestack	TAKEN
policyscope	TAKEN
plotlantern	AVAIL
prooflantern	AVAIL
payloadyard	AVAIL
gaugerail	AVAIL
solidkernel	TAKEN
mintwave	TAKEN
groundguard	TAKEN
plainsentry	AVAIL
tempobench	AVAIL
hydrotower	TAKEN
tiercurrent	AVAIL
forgegate	TAKEN
carbonsonar	TAKEN
cargogate	TAKEN
alignwharf	AVAIL
craftember	TAKEN
pilotfabric	TAKEN
dosagereach	AVAIL
pickethaven	AVAIL
swiftseal	TAKEN
ladingengine	AVAIL
vitalslens	TAKEN
moorbasin	AVAIL
tunerails	AVAIL
trimrail	AVAIL
compiletide	AVAIL
actuatecape	AVAIL
cohortforge	TAKEN
consignlane	AVAIL
shiftcape	AVAIL
badgepillar	AVAIL
soundframe	TAKEN
raiseweave	AVAIL
sortwarden	AVAIL
ledgerwave	TAKEN
syncworkshop	TAKEN
yieldcurrent	AVAIL
sortanvil	AVAIL
sentrylens	TAKEN
hardenhaven	AVAIL
biomasspeak	AVAIL
bindforge	TAKEN
lensmap	TAKEN
tensortower	TAKEN
joinpeak	TAKEN
payvault	TAKEN
chartcove	TAKEN
dispatchpeak	TAKEN
cleanframe	TAKEN
steadystudio	TAKEN
steadypicket	AVAIL
registergate	TAKEN
gridsensor	TAKEN
filinghelm	AVAIL
tracebraid	TAKEN
sortworkshop	AVAIL
tunefolio	TAKEN
yieldframe	TAKEN
craftseal	TAKEN
mintdocket	AVAIL
anchorbridge	TAKEN
gantrywharf	AVAIL
surgepanel	TAKEN
renderstudio	TAKEN
passportdesk	TAKEN
patrolcape	AVAIL
mandategraph	TAKEN
swiftlattice	AVAIL
tokenrail	TAKEN
matchcompass	TAKEN
offsetframe	AVAIL
sequencekeep	AVAIL
buildroute	TAKEN
sortdock	AVAIL
openbase	TAKEN
reasonvault	TAKEN
raisesummit	TAKEN
keenthread	AVAIL
triagecape	AVAIL
cleansensor	TAKEN
tuneharbor	TAKEN
patroldock	AVAIL
forgefabric	TAKEN
gridkindle	AVAIL
fuelstream	TAKEN
floatdial	AVAIL
wardenpatrol	AVAIL
auditindex	TAKEN
bindradar	TAKEN
briskdynamo	AVAIL
cleandossier	AVAIL
modelflare	TAKEN
steerplinth	AVAIL
pilotvolt	TAKEN
scalegraph	TAKEN
bastionhelm	AVAIL
keenhelm	TAKEN
weavedrift	AVAIL
tenderdepot	TAKEN
statuteguard	TAKEN
tensorarc	TAKEN
flowforge	TAKEN
spatialtrunk	AVAIL
consenthelm	AVAIL
tiertorch	AVAIL
remitanchor	TAKEN
joinframe	TAKEN
forgechart	TAKEN
picketcore	AVAIL
launchkernel	TAKEN
chartanvil	AVAIL
sentrymeter	TAKEN
embersurvey	AVAIL
queuechart	AVAIL
drivestream	TAKEN
gridember	TAKEN
cipherdepot	TAKEN
vectorpulse	TAKEN
moorkindle	AVAIL
clearthread	TAKEN
servospan	AVAIL
scaleswitch	TAKEN
sortspan	AVAIL
fusechannel	TAKEN
launchrelay	TAKEN
triagetide	TAKEN
spatialtrace	TAKEN
matchreach	TAKEN
rankport	TAKEN
fusecrest	TAKEN
wardenanchor	AVAIL
thermalprism	TAKEN
trustengine	TAKEN
fuserelay	TAKEN
servolens	AVAIL
brisksignal	TAKEN
kindlevault	TAKEN
patroldial	AVAIL
mergeatlas	TAKEN
controlguard	TAKEN
triggeratlas	TAKEN
fleetforge	TAKEN
triageloop	TAKEN
sortdynamo	AVAIL
gatesignal	TAKEN
pairdock	TAKEN
sortcharter	AVAIL
statutebase	TAKEN
synapselens	TAKEN
ciphercape	AVAIL
fusegrid	TAKEN
bindchannel	AVAIL
datasetchart	AVAIL
craftboard	TAKEN
filingbeacon	TAKEN
sharpwave	TAKEN
forgedrift	TAKEN
moorstream	TAKEN
openspan	TAKEN
sentryharbor	TAKEN
fleetchannel	TAKEN
matchsensor	AVAIL
chartmap	TAKEN
levelworks	TAKEN
carbonsensor	TAKEN
debitwharf	AVAIL
metricdial	AVAIL
ledgertempo	AVAIL
matchanchor	AVAIL
chargeroute	TAKEN
shiftweave	TAKEN
steerengine	AVAIL
calmindex	TAKEN
claimgauge	TAKEN
mintspine	AVAIL
framemap	TAKEN
frameflow	TAKEN
meshdock	TAKEN
weightmeter	TAKEN
primepanel	TAKEN
debitrelay	AVAIL
commitpillar	TAKEN
beamfoundry	TAKEN
schemaport	TAKEN
corpusbridge	AVAIL
proofrecord	TAKEN
solardepot	TAKEN
plainkindle	AVAIL
chartfoundry	TAKEN
palletfolio	AVAIL
groundharbor	TAKEN
pairledger	TAKEN
consentcore	TAKEN
pairforge	TAKEN
boostengine	TAKEN
briskatlas	AVAIL
trackguard	TAKEN
dosagequay	AVAIL
ampereport	AVAIL
tempogauge	TAKEN
payoutsignal	TAKEN
commitbraid	AVAIL
contextdial	TAKEN
paybraid	TAKEN
guardbridge	TAKEN
chartsensor	TAKEN
quietspine	TAKEN
servoport	TAKEN
creditpulse	TAKEN
guardwatch	TAKEN
patrolwarden	AVAIL
coincadence	TAKEN
trueloop	TAKEN
soundshield	TAKEN
canvasyard	AVAIL
sequencegrid	TAKEN
consentmap	TAKEN
crispwarden	TAKEN
soundpath	TAKEN
settleatlas	TAKEN
levelreach	TAKEN
boostloop	TAKEN
routebeacon	TAKEN
bindpillar	AVAIL
commitengine	TAKEN
flowdepot	TAKEN
flowbraid	TAKEN
surgeturbine	AVAIL
vitalswharf	AVAIL
calmrelay	TAKEN
tracegate	TAKEN
launchmap	TAKEN
cleankernel	TAKEN
stagingrails	AVAIL
scanyard	TAKEN
fusevault	TAKEN
triggertrunk	AVAIL
beamthread	AVAIL
boostridge	TAKEN
routetrace	TAKEN
trustmap	TAKEN
promptengine	TAKEN
reckonengine	TAKEN
alignswitch	AVAIL
firstbasin	TAKEN
remitflow	TAKEN
solidrail	TAKEN
feedradar	TAKEN
syncvault	TAKEN
plotsummit	TAKEN
manifestyard	AVAIL
brightdocket	TAKEN
buildstudio	TAKEN
gatespan	TAKEN
queueswitch	AVAIL
fuelthread	TAKEN
payengine	TAKEN
routemeter	TAKEN
soundpatrol	TAKEN
castrecord	TAKEN
streamtide	TAKEN
patroltrunk	AVAIL
groundgate	TAKEN
gatecodex	AVAIL
debitrail	AVAIL
forgedesk	TAKEN
tabulartrack	AVAIL
forgerail	TAKEN
triggerlane	TAKEN
sentrytower	TAKEN
groundreach	TAKEN
yieldflow	TAKEN
steertempo	AVAIL
modelvolt	TAKEN
compileforge	TAKEN
joinlanding	TAKEN
draftreach	TAKEN
pilotpath	TAKEN
steerforge	TAKEN
tunecove	TAKEN
steadydelta	TAKEN
badgeworks	TAKEN
pilotarc	TAKEN
probelayer	TAKEN
guardspine	TAKEN
calmkeep	TAKEN
openstream	TAKEN
coinflow	TAKEN
contextkeep	TAKEN
reasoncore	TAKEN
clearstack	TAKEN
canvasquay	AVAIL
probedrift	AVAIL
bastionspan	AVAIL
debitsensor	AVAIL
consignspan	AVAIL
drivebrief	TAKEN
charterworks	TAKEN
inferconduit	AVAIL
pallethelm	AVAIL
openpulse	TAKEN
deploygate	TAKEN
creditrails	TAKEN
debitworks	TAKEN
crispvigil	TAKEN
payoutflow	TAKEN
releasecore	TAKEN
routelane	TAKEN
moordelta	AVAIL
trimboard	TAKEN
shieldguard	TAKEN
spancompass	AVAIL
inboundbraid	AVAIL
dispatchtide	AVAIL
cipherpatrol	TAKEN
feedtower	TAKEN
docklanding	TAKEN
surgeflow	TAKEN
calmstudio	TAKEN
palletanchor	TAKEN
shiproster	TAKEN
moorcape	AVAIL
craftdossier	AVAIL
attestsensor	AVAIL
fuelbasin	AVAIL
scanlens	TAKEN
compilebase	TAKEN
tenderquay	AVAIL
meshbeacon	TAKEN
carbonbeacon	TAKEN
signaltrunk	AVAIL
liftroster	AVAIL
canvascove	TAKEN
rankturbine	AVAIL
remitgraph	AVAIL
vaultframe	TAKEN
inboundtower	AVAIL
swiftlantern	TAKEN
clinicprism	AVAIL
chargetrunk	AVAIL
payercircuit	AVAIL
controlchart	TAKEN
openwharf	TAKEN
payloadgate	AVAIL
pairarc	AVAIL
chargeswitch	TAKEN
emblemvault	TAKEN
remitprism	AVAIL
pilotlantern	AVAIL
payoutcrest	AVAIL
complyrail	TAKEN
hauldrift	AVAIL
tieryard	AVAIL
siftloom	AVAIL
deployroute	TAKEN
tendergrid	TAKEN
creditforge	TAKEN
briskboard	TAKEN
vectorgate	TAKEN
firstdocket	TAKEN
escrowbridge	TAKEN
consignvault	TAKEN
feedpath	TAKEN
depotflow	TAKEN
truesonar	AVAIL
chargewave	TAKEN
primepath	TAKEN
pairspan	AVAIL
remitstack	TAKEN
relayspan	TAKEN
tuneflow	TAKEN
settleframe	TAKEN
modelconduit	AVAIL
truespan	TAKEN
servopress	TAKEN
cargostream	TAKEN
proofanchor	TAKEN
cargokeep	TAKEN
bindsonar	AVAIL
filingfabric	TAKEN
sealtruss	AVAIL
sortkindle	AVAIL
plainlane	TAKEN
primedelta	TAKEN
identkernel	AVAIL
coincape	TAKEN
openkeep	TAKEN
liftchannel	TAKEN
escrowcape	AVAIL
pilotshield	TAKEN
floatpeak	TAKEN
mergefolio	TAKEN
indexkernel	AVAIL
calmpatrol	TAKEN
groundrelay	TAKEN
beambrief	AVAIL
spanradar	AVAIL
streamradar	TAKEN
cargoframe	AVAIL
gatepulse	TAKEN
groundkernel	AVAIL
embertower	TAKEN
hydrospark	TAKEN
facetwave	AVAIL
promptsonar	TAKEN
reckonatlas	AVAIL
releaseloop	TAKEN
levelanvil	AVAIL
rankmeter	TAKEN
chartreach	AVAIL
hydrorails	TAKEN
streamdock	TAKEN
handoffdrift	AVAIL
coinconduit	TAKEN
shipquay	TAKEN
prooftruss	AVAIL
prismanchor	TAKEN
ladingarc	AVAIL
raiseshield	TAKEN
surgecove	TAKEN
aligndossier	AVAIL
lidarsignal	TAKEN
scanbasin	AVAIL
chartengine	TAKEN
castrail	TAKEN
ranklayer	TAKEN
scalemap	TAKEN
tracesonar	AVAIL
invoiceprism	TAKEN
bedsidepath	AVAIL
ledgerpath	TAKEN
cleargauge	TAKEN
siftanchor	AVAIL
ledgertide	TAKEN
weavesignal	TAKEN
vectorkiln	AVAIL
siftgauge	AVAIL
bindmill	AVAIL
cargocadence	AVAIL
sortledger	TAKEN
raisedial	AVAIL
sparktrail	TAKEN
weaveharbor	AVAIL
pilothelm	AVAIL
primeloom	TAKEN
keenframe	TAKEN
manifestpath	TAKEN
intakecape	AVAIL
renewdock	TAKEN
ladingboard	AVAIL
inboundhaven	AVAIL
primekeep	TAKEN
kindletower	AVAIL
chartridge	TAKEN
sequencemesh	AVAIL
escrowdesk	TAKEN
policydial	TAKEN
floatchannel	AVAIL
weaveconduit	AVAIL
invoicerails	TAKEN
linkturbine	AVAIL
kindlelane	AVAIL
matchdial	AVAIL
creditprism	TAKEN
patrolgate	TAKEN
streambase	TAKEN
proofpatrol	TAKEN
siftbasin	AVAIL
flowsummit	TAKEN
trimreactor	AVAIL
mintmeter	TAKEN
cleanscope	TAKEN
yieldspan	TAKEN
siftcharter	AVAIL
cleanrelay	TAKEN
kindlepress	TAKEN
emblematlas	AVAIL
corpuskiln	AVAIL
plainatelier	TAKEN
solargrid	TAKEN
siftarc	AVAIL
moorpath	TAKEN
bedsidecape	AVAIL
dockboard	TAKEN
tempomesh	TAKEN
assignspine	AVAIL
montageloop	AVAIL
craftkindle	TAKEN
tracerails	AVAIL
shipthread	TAKEN
signetrails	AVAIL
sentryfabric	TAKEN
cargolayer	TAKEN
probemap	TAKEN
guardtower	TAKEN
gatehelm	AVAIL
bindrails	AVAIL
recordwatch	TAKEN
remitkernel	TAKEN
keenpress	TAKEN
pairthread	AVAIL
northsonar	AVAIL
shieldbase	TAKEN
indextempo	TAKEN
scaletrail	TAKEN
surgevigil	AVAIL
framecape	TAKEN
feedweave	TAKEN
servogauge	AVAIL
kilowattkeep	AVAIL
complyatlas	TAKEN
clinicstream	TAKEN
fuelharbor	TAKEN
thermalreach	AVAIL
groundseal	TAKEN
raisevault	TAKEN
signetsurvey	TAKEN
tierstack	TAKEN
lifthelm	TAKEN
reasonplinth	AVAIL
coinrails	TAKEN
dockseal	TAKEN
picketcrest	AVAIL
badgeplinth	AVAIL
cobotarc	TAKEN
emberhelm	TAKEN
agentbeacon	TAKEN
gaugestack	AVAIL
remitlens	TAKEN
truetrace	TAKEN
emblemtrack	AVAIL
openorbit	TAKEN
canvaswharf	AVAIL
cadencemap	TAKEN
fleetpath	TAKEN
tokenstack	TAKEN
ciphersentry	TAKEN
sharproute	TAKEN
primeledger	TAKEN
runtimeframe	TAKEN
surgeledger	TAKEN
rollbackspan	AVAIL
kindledelta	AVAIL
freightdock	TAKEN
picketplinth	AVAIL
calmridge	TAKEN
ampereanchor	TAKEN
plainorbit	TAKEN
cargospan	TAKEN
aligngraph	TAKEN
groundledger	TAKEN
paytrunk	TAKEN
settledesk	TAKEN
boostplinth	AVAIL
spanbasin	AVAIL
truepatrol	TAKEN
depotcore	TAKEN
attestgraph	TAKEN
triagebasin	AVAIL
studioanvil	TAKEN
settlelayer	TAKEN
primemap	TAKEN
manifestwave	TAKEN
renderbasin	AVAIL
coincircuit	TAKEN
renderpanel	AVAIL
renderlane	TAKEN
routeconduit	AVAIL
studiostream	TAKEN
yieldmap	TAKEN
boostwarden	AVAIL
spancore	TAKEN
castindex	TAKEN
sentrydelta	AVAIL
patrolscope	AVAIL
rampartrail	AVAIL
datasetmap	AVAIL
vectorgauge	TAKEN
escrowpulse	TAKEN
picketquay	AVAIL
mintorbit	TAKEN
settlebay	TAKEN
coinchannel	TAKEN
sealdial	AVAIL
liftflow	TAKEN
paircadence	AVAIL
levelgraph	TAKEN
gaugechannel	AVAIL
plotbraid	AVAIL
warrantcodex	AVAIL
syncdesk	TAKEN
feedfabric	TAKEN
sealpulse	TAKEN
ciphervault	TAKEN
feedroute	TAKEN
fuelamp	TAKEN
ladingtruss	AVAIL
servosonar	AVAIL
cohortpeak	TAKEN
groundridge	AVAIL
joinregister	AVAIL
plainyard	TAKEN
shieldgate	TAKEN
dockflare	TAKEN
registrywave	TAKEN
commitgrid	TAKEN
weightengine	TAKEN
sealradar	TAKEN
raisecadence	AVAIL
tendertruss	AVAIL
deploypanel	TAKEN
auditvigil	TAKEN
assignchart	AVAIL
launchindex	TAKEN
treasurycove	AVAIL
cleanvolt	TAKEN
prismvault	TAKEN
plainrelay	TAKEN
syncfoundry	TAKEN
joincircuit	TAKEN
intakecrest	TAKEN
boostsurvey	TAKEN
rampartmap	AVAIL
triggertide	TAKEN
triggertruss	AVAIL
deployrail	TAKEN
solidpicket	AVAIL
launchledger	TAKEN
tiermanifest	AVAIL
sentineldock	AVAIL
fuelcompass	TAKEN
gaugegraph	AVAIL
flowrelay	TAKEN
joinsonar	TAKEN
gridscope	TAKEN
cargochannel	TAKEN
haulbay	TAKEN
feedbase	TAKEN
volthaven	TAKEN
schemakeep	AVAIL
hydrospan	TAKEN
probefoundry	AVAIL
cellmap	TAKEN
kindlebraid	AVAIL
sharpvault	TAKEN
solidfoundry	TAKEN
hardensignal	AVAIL
plotvigil	AVAIL
carbonarc	TAKEN
mergeturbine	AVAIL
vectormeter	AVAIL
statutelens	AVAIL
boostseal	TAKEN
keenreach	TAKEN
keenloom	AVAIL
indexdrift	TAKEN
turbinelens	AVAIL
queuespan	AVAIL
identrail	TAKEN
transitorbit	TAKEN
surgeorbit	TAKEN
openharbor	TAKEN
controlvault	TAKEN
payoutdepot	AVAIL
voltsensor	TAKEN
vitalspanel	AVAIL
weavetrace	TAKEN
steerpicket	AVAIL
feedamp	TAKEN
tenderstream	TAKEN
chartervault	TAKEN
sealrecord	TAKEN
filingpicket	AVAIL
floatengine	TAKEN
boostpeak	TAKEN
payoutcape	AVAIL
joinchannel	TAKEN
metricprobe	AVAIL
voltbay	TAKEN
cadencepath	TAKEN
guardgraph	TAKEN
relaybrief	TAKEN
anchorsignal	TAKEN
artifactloop	TAKEN
rendertempo	AVAIL
syncforge	TAKEN
patchkernel	AVAIL
crispseal	TAKEN
renewlens	TAKEN
spanarc	TAKEN
cobotreach	AVAIL
voltpillar	TAKEN
manifestdesk	TAKEN
craftridge	TAKEN
depthkeep	AVAIL
drivelantern	AVAIL
tracevigil	TAKEN
dispatchquay	AVAIL
brisktower	AVAIL
flowcove	TAKEN
syncdial	TAKEN
badgeradar	TAKEN
gaugeharbor	TAKEN
fuseflow	TAKEN
scalelantern	TAKEN
tempochannel	TAKEN
streamanvil	AVAIL
plotrails	AVAIL
quietport	TAKEN
prismtower	TAKEN
shipchannel	TAKEN
dockwave	TAKEN
fuelgraph	TAKEN
tunetrail	TAKEN
ledgertrack	TAKEN
releasebraid	AVAIL
cargoroster	AVAIL
palletbridge	TAKEN
cargocurrent	TAKEN
gatevigil	AVAIL
filingbase	TAKEN
probegraph	AVAIL
vitalsbay	TAKEN
sparkflare	TAKEN
chartanchor	TAKEN
wardenhelm	AVAIL
palletgrid	TAKEN
emberkernel	AVAIL
reeldocket	AVAIL
coinforge	TAKEN
tiersensor	AVAIL
calmflare	TAKEN
remitgauge	AVAIL
beambraid	AVAIL
matchfabric	TAKEN
sentinelkeep	TAKEN
calmcodex	TAKEN
chargesurvey	AVAIL
hydroember	TAKEN
consignweave	AVAIL
gaugecodex	AVAIL
intaketrack	TAKEN
claimradar	TAKEN
gridbeacon	TAKEN
weavechart	AVAIL
calmwarden	AVAIL
firstconduit	AVAIL
siftradar	TAKEN
groundfabric	TAKEN
attestpicket	AVAIL
steadyspark	TAKEN
truedock	TAKEN
aligndesk	TAKEN
debitlanding	AVAIL
modelamp	TAKEN
queuerails	AVAIL
promptmeter	TAKEN
probelattice	AVAIL
moortorch	AVAIL
tracesensor	TAKEN
runtimebraid	AVAIL
steadycore	TAKEN
ledgertower	TAKEN
schedulegrid	TAKEN
treasurycore	TAKEN
schemarelay	TAKEN
gaugepanel	TAKEN
quietpress	TAKEN
rankgate	TAKEN
freightreach	TAKEN
auditharbor	TAKEN
gaugetempo	AVAIL
palletweave	AVAIL
proofrail	TAKEN
firsthaven	TAKEN
briskchannel	TAKEN
keendossier	AVAIL
cohortengine	TAKEN
moorbase	TAKEN
cutlistdepot	AVAIL
beambasin	AVAIL
passportseal	TAKEN
aligncompass	TAKEN
vaultyard	TAKEN
tabulardrift	AVAIL
routelattice	AVAIL
canvaspeak	TAKEN
primereach	TAKEN
spanmanifest	AVAIL
careteampeak	AVAIL
payoutrail	TAKEN
lidarbridge	AVAIL
vaultbasin	AVAIL
tabularweave	AVAIL
fueldynamo	AVAIL
tabularbench	AVAIL
tenderworks	TAKEN
streamhaven	TAKEN
cleanyard	TAKEN
craftdocket	TAKEN
openvolt	TAKEN
scalerecord	TAKEN
vitalsdesk	AVAIL
joinsurvey	TAKEN
prismforge	TAKEN
truecrest	TAKEN
palletdock	TAKEN
depthfoundry	AVAIL
groundbeacon	TAKEN
crispbasin	AVAIL
sentrydepot	AVAIL
passportlens	TAKEN
rankrelay	TAKEN
anchorpulse	TAKEN
steadyorbit	TAKEN
floatplinth	AVAIL
invoicekeep	TAKEN
cadencemesh	AVAIL
craftcurrent	TAKEN
intakecove	AVAIL
swiftorbit	TAKEN
agentgrid	TAKEN
cleanrail	TAKEN
surgegauge	AVAIL
crispsentry	TAKEN
fleetfabric	TAKEN
soundcurrent	TAKEN
moorpanel	AVAIL
swiftdynamo	TAKEN
bastionarc	AVAIL
consignwharf	AVAIL
dosagelane	AVAIL
driveweave	AVAIL
solarstack	TAKEN
emberanchor	TAKEN
turbinemesh	AVAIL
levelwharf	AVAIL
handofftempo	AVAIL
coinplinth	AVAIL
firstrail	TAKEN
gaugechart	AVAIL
fusekindle	AVAIL
launchtide	TAKEN
branchpillar	AVAIL
corpustide	AVAIL
clearflow	TAKEN
linkreach	TAKEN
briskfoundry	AVAIL
siftdesk	TAKEN
primekindle	TAKEN
cohortplinth	AVAIL
metricsignal	TAKEN
beamengine	TAKEN
probetower	AVAIL
wardenindex	AVAIL
relayworks	TAKEN
raisepeak	TAKEN
beamvigil	AVAIL
raisevigil	AVAIL
relayalmanac	AVAIL
beamtruss	AVAIL
relaywave	TAKEN
shieldcape	AVAIL
gaugemeter	TAKEN
solidanchor	TAKEN
shipreach	TAKEN
schemaroute	TAKEN
briskpulse	TAKEN
linkworkshop	TAKEN
tensorfabric	TAKEN
deployboard	TAKEN
swiftlayer	TAKEN
quietsonar	TAKEN
mergewatch	TAKEN
streampillar	AVAIL
kineticrails	AVAIL
reasonscope	TAKEN
manifestbase	TAKEN
sharptempo	TAKEN
kindlebrief	AVAIL
emblemanchor	AVAIL
firstsentry	TAKEN
routepanel	TAKEN
controlfolio	TAKEN
joinpath	TAKEN
escrowbay	TAKEN
quietcircuit	TAKEN
escrowroster	AVAIL
rampartridge	TAKEN
hydrosensor	TAKEN
sharpkindle	AVAIL
drivedocket	TAKEN
depotpath	TAKEN
trimlane	TAKEN
coinprobe	TAKEN
servoharbor	AVAIL
cipherkeep	TAKEN
claimsignal	TAKEN
scalequay	AVAIL
mergelantern	TAKEN
pairvault	TAKEN
floatstack	TAKEN
kindlespan	TAKEN
chargearc	TAKEN
voltdepot	TAKEN
truepath	TAKEN
columnflow	TAKEN
reckonmeter	AVAIL
picketspine	AVAIL
mandatetruss	AVAIL
keengauge	AVAIL
weavebrief	AVAIL
handoffbraid	AVAIL
mintboard	TAKEN
settlegrid	TAKEN
sentinelspan	AVAIL
joinlattice	TAKEN
draftledger	TAKEN
parallaxbase	AVAIL
dispatchgate	TAKEN
escrowpanel	TAKEN
commitdrift	AVAIL
columntower	TAKEN
guardseal	TAKEN
briskstudio	TAKEN
levelrail	AVAIL
paykeep	TAKEN
canvastempo	AVAIL
trustrecord	TAKEN
forgeplinth	AVAIL
tokenguard	TAKEN
syncsummit	TAKEN
passportdial	AVAIL
dosageorbit	AVAIL
cobotsonar	AVAIL
payoutchart	AVAIL
corpustruss	AVAIL
plainseal	AVAIL
steadyfabric	AVAIL
picketkeep	AVAIL
infervolt	TAKEN
streampress	TAKEN
sentryvault	TAKEN
tenderbridge	TAKEN
truedrift	TAKEN
commitport	TAKEN
carbonsignal	TAKEN
liftfoundry	TAKEN
escrowframe	AVAIL
levelhaven	TAKEN
gantrygrid	AVAIL
auditatlas	TAKEN
corpuspillar	AVAIL
fleetworks	TAKEN
releasepress	TAKEN
turbinetruss	AVAIL
moorcharter	AVAIL
joinatelier	TAKEN
raiseamp	TAKEN
haulalmanac	AVAIL
hardenkeep	AVAIL
identframe	AVAIL
releaseframe	TAKEN
probeloop	TAKEN
emberprobe	AVAIL
floatconduit	AVAIL
facetcircuit	AVAIL
intakeyard	AVAIL
routecurrent	TAKEN
filingkernel	TAKEN
linkregister	TAKEN
complysensor	AVAIL
statuteforge	TAKEN
depotwharf	AVAIL
steercore	TAKEN
reasondial	AVAIL
shieldlens	TAKEN
solartorch	TAKEN
hydroreactor	TAKEN
moorchart	AVAIL
scaledelta	TAKEN
treasuryhelm	AVAIL
scaleprism	TAKEN
servometer	TAKEN
solarbridge	TAKEN
weavepath	TAKEN
anchorcape	TAKEN
creditbeacon	TAKEN
syncvolt	TAKEN
tenderprism	AVAIL
alignrail	TAKEN
moorspan	TAKEN
joinstack	TAKEN
embedport	TAKEN
floatpulse	TAKEN
moorprobe	AVAIL
cobotdepot	TAKEN
lastmilewave	AVAIL
cognatemap	AVAIL
cipherindex	TAKEN
transitloop	TAKEN
assigngrid	AVAIL
consignlayer	AVAIL
beamtide	TAKEN
swiftcompass	TAKEN
transitweave	TAKEN
lenskernel	TAKEN
recordtrace	TAKEN
consignmesh	AVAIL
joinshield	TAKEN
tierspine	AVAIL
castbasin	AVAIL
clearpatrol	TAKEN
northkindle	TAKEN
keystonegrid	TAKEN
dockcore	TAKEN
clinicswitch	TAKEN
corpusfolio	AVAIL
spatialgate	TAKEN
beambench	TAKEN
surgerail	AVAIL
fleetmap	TAKEN
calmengine	TAKEN
signaltempo	TAKEN
hardenwarden	AVAIL
surgeframe	AVAIL
chartamp	TAKEN
tunedelta	TAKEN
plotgrid	TAKEN
cellsummit	TAKEN
brightdelta	TAKEN
carbonengine	TAKEN
studioforge	TAKEN
gantrydial	AVAIL
payanchor	TAKEN
kindlekeep	TAKEN
inboundspine	AVAIL
firstember	TAKEN
tracebay	TAKEN
beamprism	TAKEN
gateconduit	AVAIL
escrowprobe	AVAIL
identwatch	AVAIL
hauldock	TAKEN
citadelridge	TAKEN
liftspine	TAKEN
attestbase	TAKEN
escrowsonar	AVAIL
frametower	TAKEN
runtimetrail	TAKEN
anchorloom	TAKEN
tempodrift	TAKEN
datasetdesk	AVAIL
weavepillar	AVAIL
sharpdepot	AVAIL
parallaxmap	TAKEN
solidbrief	TAKEN
pilotledger	TAKEN
briskcadence	AVAIL
siftdocket	AVAIL
plainlookout	AVAIL
castridge	TAKEN
tunemill	TAKEN
pilotcurrent	TAKEN
indexspine	AVAIL
attestwarden	AVAIL
northdocket	AVAIL
aligndrift	TAKEN
launchyard	TAKEN
flowsentry	TAKEN
sentinelseal	TAKEN
shiftvigil	AVAIL
quietwave	TAKEN
vectorhelm	TAKEN
floatloop	TAKEN
ladingtrail	AVAIL
fuelbench	TAKEN
sharpcurrent	TAKEN
vaultchannel	TAKEN
drivedial	TAKEN
gaugetide	AVAIL
draftfolio	TAKEN
primeswitch	TAKEN
scaleyard	TAKEN
kineticport	TAKEN
renderdocket	AVAIL
openreactor	TAKEN
settletrunk	AVAIL
voltdock	TAKEN
steerkindle	AVAIL
cadenceweave	AVAIL
filingtruss	AVAIL
payroster	TAKEN
clearturbine	AVAIL
payoutloop	TAKEN
triggerdial	AVAIL
keendelta	AVAIL
moorstack	TAKEN
weavereach	TAKEN
primefabric	TAKEN
pairwharf	AVAIL
tenderforge	TAKEN
transitport	TAKEN
approvepath	TAKEN
emblemfolio	AVAIL
schedulelane	AVAIL
coinorbit	TAKEN
corpuslayer	AVAIL
inferframe	TAKEN
schemaprism	TAKEN
gantrymesh	AVAIL
servokiln	AVAIL
identsentry	AVAIL
gatedepot	TAKEN
groundflow	TAKEN
renewcore	TAKEN
bindtrace	AVAIL
steadyatlas	TAKEN
syncroster	TAKEN
weightrail	AVAIL
levelconduit	AVAIL
complychart	AVAIL
celltower	TAKEN
facetweave	TAKEN
keenlanding	AVAIL
vitalshaven	AVAIL
cellsignal	TAKEN
bastionatlas	TAKEN
calmworkshop	TAKEN
depotroster	AVAIL
tokenforge	TAKEN
commitkernel	AVAIL
keensignal	TAKEN
sortmeter	AVAIL
recordsonar	AVAIL
steerweave	AVAIL
anchorchart	TAKEN
vectorchart	TAKEN
auditshield	TAKEN
openlayer	TAKEN
tunedocket	AVAIL
tenderfabric	TAKEN
framekernel	AVAIL
lastmilebay	AVAIL
infertrack	TAKEN
cleardocket	TAKEN
alignvault	TAKEN
soundwave	TAKEN
corpuscore	TAKEN
ledgermesh	TAKEN
tenderharbor	TAKEN
liftstudio	TAKEN
corpusmeter	AVAIL
payersensor	AVAIL
verifyhelm	AVAIL
anchorweave	TAKEN
gridlens	TAKEN
coinyard	TAKEN
reelroute	TAKEN
haulorbit	AVAIL
flowyard	TAKEN
boostbay	TAKEN
syncridge	TAKEN
coinswitch	TAKEN
siftprobe	AVAIL
policydesk	TAKEN
tunefabric	AVAIL
gantryreach	AVAIL
mergeradar	TAKEN
pairmanifest	AVAIL
scandossier	AVAIL
buildboard	TAKEN
alignyard	TAKEN
soundlens	TAKEN
steercrest	AVAIL
thermaldepot	TAKEN
tracelane	TAKEN
temporecord	AVAIL
primecircuit	TAKEN
rollbackloop	AVAIL
complypatrol	AVAIL
reeldepot	TAKEN
cohortport	AVAIL
claimlattice	TAKEN
cognatevault	AVAIL
cargocove	TAKEN
queuedock	TAKEN
recordroster	TAKEN
chargeweave	AVAIL
scaleguard	TAKEN
forgemesh	TAKEN
steercape	AVAIL
patchlattice	AVAIL
signetpulse	AVAIL
boostprism	TAKEN
cargoforge	TAKEN
boostlens	TAKEN
columnbench	AVAIL
raisebraid	AVAIL
syncdynamo	AVAIL
queuecharter	AVAIL
renewmeter	AVAIL
trustlayer	TAKEN
tracepillar	AVAIL
forgehaven	TAKEN
handoffloop	TAKEN
tensorstudio	TAKEN
weaveanchor	AVAIL
vaultkernel	TAKEN
leveldelta	TAKEN
lastmilemesh	AVAIL
calmscope	TAKEN
indexcodex	TAKEN
indexflow	TAKEN
mergeloom	TAKEN
freightrail	TAKEN
proofbeacon	TAKEN
routeswitch	TAKEN
anchoranvil	TAKEN
relayroster	TAKEN
mergeboard	TAKEN
crisparc	TAKEN
lidarkiln	AVAIL
primestack	TAKEN
mergemill	TAKEN
promptember	TAKEN
patchrecord	AVAIL
probebraid	AVAIL
steerpress	TAKEN
linkcircuit	TAKEN
hydrowharf	AVAIL
craftledger	TAKEN
lensforge	TAKEN
escrowswitch	AVAIL
tiercodex	AVAIL
badgeroster	AVAIL
syncloop	TAKEN
forgeyard	TAKEN
scalerail	TAKEN
liftpeak	TAKEN
lidarfoundry	AVAIL
flowatlas	TAKEN
framefabric	TAKEN
siftreach	AVAIL
joinswitch	TAKEN
drivecurrent	TAKEN
coinpanel	TAKEN
corpusboard	AVAIL
vectortrack	TAKEN
controltrack	TAKEN
opengauge	TAKEN
driveworks	TAKEN
gatearc	TAKEN
badgeledger	AVAIL
trimrelay	AVAIL
escrowspine	AVAIL
reasondock	TAKEN
claimbrief	TAKEN
mergeamp	AVAIL
northindex	TAKEN
forgevault	TAKEN
feedframe	TAKEN
keengate	TAKEN
cleanpeak	TAKEN
feedcharter	AVAIL
pilotcadence	AVAIL
commitstudio	TAKEN
boostpicket	AVAIL
solarkeep	TAKEN
registryhelm	AVAIL
relaypath	TAKEN
signetplinth	AVAIL
tokenvault	TAKEN
alignframe	TAKEN
tuneloop	TAKEN
fuseyard	TAKEN
trustbrief	TAKEN
careteamtide	AVAIL
signalworks	TAKEN
siftpath	TAKEN
tiertrunk	AVAIL
sentinelcore	TAKEN
mergeshield	TAKEN
solidconduit	AVAIL
gaterecord	TAKEN
remitgrid	TAKEN
scandepot	TAKEN
anchorpress	TAKEN
deploytide	AVAIL
yieldtruss	AVAIL
runtimevault	TAKEN
chargeprism	TAKEN
gatereactor	AVAIL
lidarprobe	AVAIL
soundflare	TAKEN
runtimeweave	TAKEN
scalebraid	AVAIL
ladinghelm	AVAIL
shiftbridge	TAKEN
syncpatrol	AVAIL
chargepillar	AVAIL
rankorbit	TAKEN
agentreactor	TAKEN
prismroster	AVAIL
palletsummit	AVAIL
emblemtrace	AVAIL
briskframe	TAKEN
artifactspan	AVAIL
badgeport	TAKEN
filingdock	TAKEN
cargolanding	TAKEN
complypillar	AVAIL
truelens	TAKEN
badgetruss	AVAIL
solidamp	TAKEN
siftcadence	AVAIL
scanpath	TAKEN
buildspan	TAKEN
signaltruss	AVAIL
weavetorch	AVAIL
quietbench	TAKEN
stagingtrail	AVAIL
ledgerdrift	TAKEN
queuedesk	TAKEN
quietchannel	TAKEN
vectorscope	TAKEN
tempoprism	AVAIL
corpusbrief	TAKEN
lastmileflow	AVAIL
joincove	TAKEN
bindkernel	AVAIL
cobotkiln	AVAIL
sortpicket	AVAIL
mandatedial	AVAIL
cleandelta	TAKEN
primevigil	TAKEN
paycircuit	TAKEN
plotatelier	TAKEN
crisplookout	AVAIL
guardhaven	TAKEN
proofarc	TAKEN
firstweave	TAKEN
fusemeter	TAKEN
controlrail	TAKEN
haulpeak	TAKEN
bedsideboard	TAKEN
feedgauge	TAKEN
tieramp	AVAIL
quietsentry	TAKEN
controlarc	TAKEN
patrolgauge	AVAIL
buildcurrent	TAKEN
haulbase	TAKEN
cipherarc	TAKEN
kindlewave	TAKEN
depotspine	AVAIL
draftcharter	TAKEN
renewsonar	AVAIL
mergeroute	AVAIL
cleantrack	TAKEN
craftscope	TAKEN
fusespan	AVAIL
coinroster	TAKEN
palettetide	AVAIL
datasetboard	AVAIL
forgetower	TAKEN
paybrief	TAKEN
boostbench	TAKEN
truewatch	TAKEN
craftgauge	TAKEN
steadyrecord	TAKEN
relaycurrent	AVAIL
primewharf	TAKEN
alignprobe	AVAIL
flowsonar	TAKEN
ladingweave	AVAIL
firstroute	TAKEN
sortlane	TAKEN
assignlens	AVAIL
invoicetruss	AVAIL
calmhaven	TAKEN
trackledger	TAKEN
gatetrail	AVAIL
routetruss	AVAIL
flowrail	TAKEN
pilotweave	TAKEN
tensorvault	TAKEN
treasuryflow	TAKEN
yieldanchor	TAKEN
cleanwarden	TAKEN
streamworks	TAKEN
creditdrift	TAKEN
trimdepot	TAKEN
fusespark	TAKEN
tenderengine	TAKEN
spanseal	TAKEN
briskorbit	TAKEN
scaletrack	TAKEN
cipherwarden	TAKEN
cellfabric	TAKEN
referralyard	TAKEN
escrowbase	TAKEN
mergecircuit	AVAIL
clearsurvey	TAKEN
fusecadence	AVAIL
invoiceatlas	TAKEN
sparkorbit	TAKEN
briskspine	AVAIL
scaletrunk	AVAIL
invoicehelm	AVAIL
proofledger	TAKEN
northreach	TAKEN
proofradar	TAKEN
steerwarden	AVAIL
reckongrid	TAKEN
moorbeacon	AVAIL
kilowattcove	AVAIL
moorkernel	AVAIL
ladingframe	AVAIL
feedmill	TAKEN
gaugeswitch	AVAIL
relaytrace	TAKEN
depotspan	AVAIL
cognatearc	AVAIL
fusetrail	TAKEN
primetrack	TAKEN
beamsonar	AVAIL
joinbench	TAKEN
yieldprobe	AVAIL
scanframe	TAKEN
shiftrelay	TAKEN
joinscope	TAKEN
dockgrid	TAKEN
signetbridge	TAKEN
calmharbor	TAKEN
ladingrail	AVAIL
signalsurvey	TAKEN
trackcadence	TAKEN
warrantfolio	AVAIL
launchloom	TAKEN
relaybridge	TAKEN
briskember	AVAIL
picketanchor	AVAIL
shiftpillar	AVAIL
boostkernel	TAKEN
dosageweave	AVAIL
forgedossier	AVAIL
keentower	AVAIL
scaleseal	TAKEN
guardforge	TAKEN
approvebase	TAKEN
schemadock	TAKEN
intakepeak	AVAIL
probeindex	AVAIL
routedossier	AVAIL
policyrails	TAKEN
proofsentry	TAKEN
surgetrail	TAKEN
ladingworks	AVAIL
yieldwharf	AVAIL
charterprism	AVAIL
schemaloop	TAKEN
sparksentry	TAKEN
tabularprobe	AVAIL
agentharbor	TAKEN
creditsensor	TAKEN
vitalsdrift	AVAIL
groundflare	TAKEN
signetkernel	AVAIL
opensonar	TAKEN
depthforge	TAKEN
firstlantern	TAKEN
reelcircuit	TAKEN
sortvigil	AVAIL
registrykiln	AVAIL
swiftcurrent	TAKEN
truelayer	TAKEN
escrowanchor	AVAIL
synclattice	TAKEN
northbay	TAKEN
creditatlas	TAKEN
soundplinth	AVAIL
amperetruss	AVAIL
spankiln	AVAIL
tiercharter	AVAIL
commitrecord	AVAIL
linkstudio	TAKEN
pilotstack	TAKEN
tabularchart	AVAIL
corpusbeacon	AVAIL
drivevault	TAKEN
vectorflare	TAKEN
leveltrunk	AVAIL
transitrelay	TAKEN
payloadbay	TAKEN
mintcompass	TAKEN
sortmesh	AVAIL
tenderorbit	TAKEN
spatialprism	TAKEN
keenswitch	TAKEN
liftcape	AVAIL
treasuryspan	AVAIL
trustfoundry	TAKEN
escrowdelta	AVAIL
scansonar	TAKEN
warrantpulse	AVAIL
vaultpeak	TAKEN
montagebench	AVAIL
plotdock	TAKEN
sharpridge	TAKEN
signalthread	TAKEN
controlscope	TAKEN
mergelane	TAKEN
hardenstack	TAKEN
alignloop	TAKEN
clinicgraph	TAKEN
beamworks	TAKEN
raisereactor	TAKEN
quietlayer	TAKEN
dockpatrol	TAKEN
sharpsummit	TAKEN
anchorsentry	TAKEN
gatepeak	TAKEN
gaugerails	AVAIL
controlsonar	AVAIL
driveledger	TAKEN
cleanmap	TAKEN
columndocket	AVAIL
reeldelta	AVAIL
bindpicket	AVAIL
pairtower	AVAIL
keenradar	TAKEN
branchrails	AVAIL
streamscope	TAKEN
actuateprism	AVAIL
complycodex	AVAIL
gatechannel	TAKEN
ciphertower	TAKEN
sparkatlas	TAKEN
fleetpress	TAKEN
triggerfolio	AVAIL
embedtrunk	AVAIL
lensrecord	AVAIL
northweave	TAKEN
thermaltorch	TAKEN
routethread	AVAIL
bindbrief	TAKEN
shiftridge	TAKEN
streamseal	TAKEN
patrolkernel	AVAIL
haulvault	TAKEN
streamwarden	TAKEN
yieldledger	TAKEN
firstfolio	TAKEN
filingtrunk	AVAIL
shipcharter	TAKEN
verifyseal	TAKEN
keenfabric	AVAIL
recordpanel	TAKEN
levelframe	TAKEN
linklattice	TAKEN
liftharbor	TAKEN
chartrecord	TAKEN
routeledger	TAKEN
buildharbor	TAKEN
anchorledger	TAKEN
ladingledger	TAKEN
scalelookout	AVAIL
metricbase	TAKEN
amperekindle	AVAIL
paircore	TAKEN
sortframe	TAKEN
probepillar	AVAIL
northgauge	TAKEN
siftcape	AVAIL
cadenceorbit	AVAIL
groundbrief	TAKEN
haulrail	AVAIL
identshield	TAKEN
thermalgrid	TAKEN
moorlane	TAKEN
inferpulse	TAKEN
celltrace	TAKEN
tempodossier	AVAIL
cargoledger	TAKEN
haulflow	TAKEN
cadencegate	AVAIL
tiertower	TAKEN
solarplinth	AVAIL
assignsonar	AVAIL
offsetsensor	AVAIL
fleetcore	TAKEN
traceprism	TAKEN
metricspan	TAKEN
ranktrace	TAKEN
intaketrail	AVAIL
tenderwave	TAKEN
driveridge	AVAIL
bindmeter	AVAIL
wardenreach	AVAIL
openflow	TAKEN
crispdocket	AVAIL
spanforge	TAKEN
creditpillar	TAKEN
depotfolio	AVAIL
floatyard	TAKEN
tempokeep	AVAIL
clearport	TAKEN
statutedial	AVAIL
scancodex	TAKEN
matchrails	AVAIL
shieldyard	TAKEN
pilotvigil	AVAIL
chargepanel	TAKEN
verifygraph	TAKEN
raisecape	AVAIL
gridbase	TAKEN
drivegate	TAKEN
scaleport	TAKEN
kindlefolio	TAKEN
shipturbine	AVAIL
lidarmesh	TAKEN
drivepress	TAKEN
remitlattice	AVAIL
shiftchannel	TAKEN
settlerelay	TAKEN
plotconduit	AVAIL
biomassdial	AVAIL
cipherscope	TAKEN
triggerdock	TAKEN
cleanpicket	AVAIL
solidstream	TAKEN
badgedesk	TAKEN
crispdossier	AVAIL
matchbasin	AVAIL
yieldfolio	TAKEN
corpuswave	TAKEN
gantrysummit	AVAIL
assignvault	TAKEN
thermalcape	AVAIL
vitalsroute	AVAIL
actuatemesh	AVAIL
boostrelay	TAKEN
plotpillar	TAKEN
vaultrecord	TAKEN
siftseal	AVAIL
streamgate	TAKEN
tuneseal	AVAIL
linkamp	TAKEN
hardenquay	AVAIL
launchkiln	TAKEN
primeyard	TAKEN
gridamp	TAKEN
tempotide	TAKEN
solidcurrent	TAKEN
sparkframe	TAKEN
siftsignal	TAKEN
forgebench	TAKEN
scaleworks	TAKEN
flowcore	TAKEN
promptanvil	TAKEN
transitwave	TAKEN
settlebraid	AVAIL
levelstudio	TAKEN
registerdesk	TAKEN
ampereridge	AVAIL
policytruss	AVAIL
keenbridge	TAKEN
voltyard	TAKEN
mergespine	AVAIL
northcurrent	TAKEN
pilotengine	TAKEN
hydrostack	TAKEN
tunegraph	TAKEN
handoffspan	AVAIL
passportdock	AVAIL
firstloom	TAKEN
payreach	TAKEN
swiftbraid	AVAIL
gaugesurvey	AVAIL
groundvigil	AVAIL
frameforge	TAKEN
steadylens	TAKEN
mergemap	TAKEN
tiertrail	AVAIL
palletyard	TAKEN
scanarc	TAKEN
deploybraid	AVAIL
lensorbit	TAKEN
datasetlane	TAKEN
gateatelier	AVAIL
keenbasin	AVAIL
renewtrack	TAKEN
steadydepot	AVAIL
biomassgate	AVAIL
biomassreach	AVAIL
datasetport	AVAIL
firstcove	TAKEN
fuelfabric	TAKEN
cobotkernel	AVAIL
debitarc	AVAIL
policymesh	TAKEN
sentinelcove	TAKEN
sentrywarden	TAKEN
cargolattice	AVAIL
drivetower	TAKEN
trimarc	TAKEN
dosagecrest	AVAIL
linkdepot	TAKEN
primeworks	TAKEN
soundsignal	TAKEN
solidsensor	TAKEN
recordspan	TAKEN
mintbridge	TAKEN
attestcodex	AVAIL
kilowattvolt	AVAIL
paletteanvil	AVAIL
traceloom	TAKEN
handoffchart	AVAIL
cadencetide	AVAIL
complyvigil	AVAIL
payerpath	TAKEN
pairvolt	AVAIL
cadencetrack	TAKEN
coinroute	TAKEN
amperetrack	AVAIL
solidbridge	TAKEN
plotgate	TAKEN
hydropillar	TAKEN
keentrunk	AVAIL
settleradar	TAKEN
linkloop	TAKEN
rankquay	AVAIL
dockmap	TAKEN
leveltrace	TAKEN
steadyvolt	TAKEN
calmturbine	AVAIL
guardkeep	TAKEN
treasuryloop	TAKEN
matchamp	TAKEN
treasurypeak	TAKEN
cobotprobe	AVAIL
sealhelm	TAKEN
biomassgauge	AVAIL
truespine	TAKEN
alignpicket	AVAIL
stagingdrift	AVAIL
boostrails	AVAIL
infergate	TAKEN
keenguard	TAKEN
identmesh	TAKEN
stagingatlas	AVAIL
draftroster	TAKEN
kilowattquay	AVAIL
signetbench	AVAIL
streamprobe	TAKEN
syncsensor	TAKEN
tensorbridge	TAKEN
tensorgraph	TAKEN
levelcircuit	AVAIL
trimpath	TAKEN
filingvault	TAKEN
prismlane	TAKEN
draftforge	TAKEN
plotlookout	AVAIL
signaldock	TAKEN
identpillar	AVAIL
trueroster	TAKEN
fuelpatrol	TAKEN
spanhaven	AVAIL
feedrecord	AVAIL
wardenforge	TAKEN
fleetdocket	TAKEN
patrolguard	TAKEN
alignflow	TAKEN
steadyharbor	TAKEN
surgequay	AVAIL
servowharf	AVAIL
badgeconduit	AVAIL
liftmanifest	AVAIL
rampartforge	TAKEN
prooftower	TAKEN
dosagebench	AVAIL
trustcodex	TAKEN
dispatchport	TAKEN
tunescope	TAKEN
hydromesh	TAKEN
corpusvault	TAKEN
dockridge	TAKEN
calmlantern	TAKEN
fleetscope	TAKEN
wardenprobe	AVAIL
relaypulse	TAKEN
beamtempo	AVAIL
hardenshield	TAKEN
castboard	TAKEN
clearcurrent	TAKEN
embedhelm	AVAIL
pairtrack	TAKEN
keenvigil	AVAIL
routebase	TAKEN
liftworkshop	TAKEN
trimbeacon	AVAIL
ladingfabric	AVAIL
forgechannel	TAKEN
proofconduit	AVAIL
weavebridge	TAKEN
openbay	TAKEN
signalbeacon	TAKEN
anchorhelm	TAKEN
syncmap	TAKEN
reasonkindle	AVAIL
castcadence	AVAIL
shiftquay	AVAIL
emissioncove	AVAIL
patrolport	TAKEN
gantryplinth	AVAIL
synctrace	TAKEN
haulcircuit	AVAIL
sharpatelier	TAKEN
covenantrail	TAKEN
streamroute	TAKEN
solidorbit	TAKEN
trackatlas	TAKEN
steadyfolio	TAKEN
plotvault	TAKEN
moorsentry	AVAIL
emblemharbor	AVAIL
trustseal	TAKEN
liftweave	AVAIL
cleanalmanac	AVAIL
canvaspanel	TAKEN
cargowharf	TAKEN
surgechannel	TAKEN
liftguard	TAKEN
tunespine	AVAIL
picketport	AVAIL
steadytorch	AVAIL
paletteboard	TAKEN
signalstack	TAKEN
shiftindex	TAKEN
steerdossier	AVAIL
pilotlayer	TAKEN
primesummit	TAKEN
indexspan	TAKEN
recordpatrol	TAKEN
cleanweave	TAKEN
spanframe	TAKEN
hardenwatch	TAKEN
siftdock	AVAIL
renewfoundry	AVAIL
hardenmeter	AVAIL
remitloop	TAKEN
castshield	TAKEN
triggerframe	AVAIL
pilotguard	TAKEN
plotrelay	TAKEN
triagedrift	AVAIL
chartroster	AVAIL
surgedossier	AVAIL
sequencelane	AVAIL
mandatebench	AVAIL
runtimeflow	TAKEN
feedcrest	TAKEN
clearspan	TAKEN
keenreactor	AVAIL
trustlookout	AVAIL
debitcompass	AVAIL
facetchannel	AVAIL
offsetfabric	AVAIL
meshrail	TAKEN
biomassvault	TAKEN
plotspan	TAKEN
beamrail	TAKEN
recordsurvey	AVAIL
schematide	AVAIL
anchorbase	TAKEN
gantrytrace	AVAIL
turbineatlas	AVAIL
aligntrack	TAKEN
cognatevolt	AVAIL
wardentruss	AVAIL
raisesonar	AVAIL
surgefabric	AVAIL
tierpanel	AVAIL
modeltrace	TAKEN
freightcodex	AVAIL
wardenlayer	AVAIL
actuatewharf	AVAIL
guardplinth	AVAIL
queuevault	TAKEN
tierlens	AVAIL
weaveforge	TAKEN
plainchart	TAKEN
calmprobe	AVAIL
queuebridge	TAKEN
joinboard	TAKEN
queuebench	AVAIL
payoutsurvey	AVAIL
verifyarc	TAKEN
claimchart	TAKEN
voltreactor	TAKEN
schemamesh	TAKEN
biomassworks	TAKEN
plotpath	TAKEN
shieldspine	AVAIL
proofcompass	TAKEN
bindrail	TAKEN
solarkindle	TAKEN
debitdossier	TAKEN
weightrails	AVAIL
chargeharbor	TAKEN
consentforge	TAKEN
northmap	TAKEN
hardenlens	AVAIL
surgewarden	AVAIL
vitalslane	AVAIL
cognateindex	AVAIL
plainatlas	TAKEN
opencodex	TAKEN
picketridge	TAKEN
streamboard	TAKEN
gaugetrail	AVAIL
triagewharf	AVAIL
indexroster	AVAIL
deploystack	TAKEN
tierweave	AVAIL
buildcodex	TAKEN
voltchannel	TAKEN
shipatelier	TAKEN
metricradar	TAKEN
claimcore	TAKEN
dockshield	TAKEN
badgemap	TAKEN
transitdelta	AVAIL
ladingforge	AVAIL
depthanchor	AVAIL
corpusarc	TAKEN
cleanpatrol	TAKEN
mintdesk	TAKEN
streambrief	TAKEN
dosageboard	AVAIL
signalcore	TAKEN
fusefabric	TAKEN
sharpbay	TAKEN
keenrelay	TAKEN
routemap	TAKEN
tierworks	TAKEN
deployhelm	TAKEN
controlbench	TAKEN
soundgrid	TAKEN
surgesummit	TAKEN
tunegate	TAKEN
spanvault	TAKEN
gaugecurrent	AVAIL
quietorbit	TAKEN
yieldarc	TAKEN
indexfabric	TAKEN
columnsensor	AVAIL
guardlayer	TAKEN
sentrytrunk	AVAIL
badgedocket	AVAIL
carbonpeak	TAKEN
deploypath	TAKEN
swiftshield	TAKEN
hardengate	AVAIL
fleetcove	TAKEN
mintbasin	AVAIL
amperetrace	AVAIL
policyspine	TAKEN
synapsearc	TAKEN
consignyard	AVAIL
approvelane	TAKEN
emblemguard	AVAIL
identlayer	TAKEN
streamflare	TAKEN
scanbeacon	TAKEN
creditsonar	TAKEN
branchbeacon	AVAIL
sparkanchor	TAKEN
servoatelier	AVAIL
debitvault	TAKEN
solarlanding	TAKEN
liftvault	TAKEN
modelengine	TAKEN
bindgauge	AVAIL
complyscope	TAKEN
keenroster	AVAIL
signetfabric	AVAIL
framefoundry	TAKEN
buildflow	TAKEN
alignvolt	AVAIL
steadysummit	TAKEN
datasetpath	TAKEN
feedport	TAKEN
firstlanding	TAKEN
bastiontower	TAKEN
deploypress	TAKEN
scanreach	TAKEN
matchsonar	TAKEN
depthbase	TAKEN
cargosummit	TAKEN
bindport	TAKEN
craftwave	TAKEN
indexplinth	AVAIL
debitdesk	TAKEN
creditledger	TAKEN
haultruss	AVAIL
gateport	TAKEN
tunefoundry	TAKEN
invoicearc	TAKEN
levelfabric	AVAIL
tunegrid	TAKEN
mintcircuit	TAKEN
cutlistkiln	AVAIL
lidarledger	AVAIL
actuatepress	AVAIL
swiftcadence	AVAIL
schemabridge	TAKEN
thermalpeak	TAKEN
payloadtrace	AVAIL
cutlistcodex	AVAIL
cobotscope	AVAIL
sentryledger	TAKEN
embedbeacon	AVAIL
remitpanel	AVAIL
verifyplinth	AVAIL
moorengine	AVAIL
crispanvil	AVAIL
gaugeplinth	AVAIL
liftpillar	AVAIL
lastmiletide	AVAIL
plotsurvey	TAKEN
meshatlas	TAKEN
identengine	TAKEN
truerails	TAKEN
transitforge	TAKEN
hydrolanding	AVAIL
groundlens	TAKEN
payoutwharf	AVAIL
handoffradar	AVAIL
queuebrief	AVAIL
moorgraph	AVAIL
proofprism	TAKEN
forgelookout	AVAIL
soundatlas	TAKEN
floatorbit	TAKEN
agentforge	TAKEN
treasuryport	TAKEN
columngauge	AVAIL
payersurvey	TAKEN
opencrest	TAKEN
probealmanac	AVAIL
synckeep	TAKEN
sortscope	TAKEN
embedturbine	AVAIL
coincodex	TAKEN
quietpicket	AVAIL
mooralmanac	AVAIL
biomassport	AVAIL
palletrelay	TAKEN
fusespine	TAKEN
shiptempo	TAKEN
gatelayer	TAKEN
hydrobay	TAKEN
ladingyard	AVAIL
promptpulse	TAKEN
siftflow	TAKEN
tunetrace	TAKEN
controlgraph	TAKEN
assignport	AVAIL
payerlane	TAKEN
lastmilespan	AVAIL
beampath	TAKEN
escrowstream	TAKEN
embedbase	TAKEN
palettemill	AVAIL
brightforge	TAKEN
claimledger	TAKEN
linkindex	TAKEN
crispstudio	TAKEN
pilotworks	TAKEN
ledgerdial	TAKEN
prooflattice	TAKEN
payprobe	TAKEN
tunevigil	AVAIL
beamflare	TAKEN
voltfoundry	TAKEN
siftkeep	AVAIL
settletempo	AVAIL
paywharf	TAKEN
badgebrief	TAKEN
weavedelta	AVAIL
solidtorch	AVAIL
streamdial	TAKEN
kineticpulse	TAKEN
proofgate	TAKEN
cobotcompass	TAKEN
charterfolio	TAKEN
launchtempo	TAKEN
probetrace	TAKEN
triagegraph	AVAIL
intakeridge	AVAIL
compilegate	TAKEN
framebay	TAKEN
swiftsensor	TAKEN
quietdelta	TAKEN
attestharbor	AVAIL
matchbase	TAKEN
emblempanel	AVAIL
stagingrelay	AVAIL
traceroute	TAKEN
approvehelm	AVAIL
reasonmap	TAKEN
claimsensor	TAKEN
payerflow	TAKEN
hydroprobe	TAKEN
servorail	AVAIL
metricswitch	AVAIL
cellanchor	TAKEN
trimlattice	AVAIL
calmsummit	TAKEN
weaveturbine	AVAIL
clinicbench	TAKEN
matchcurrent	AVAIL
chartdynamo	AVAIL
castcove	TAKEN
yieldgrid	TAKEN
clearconduit	TAKEN
flowkiln	TAKEN
auditdesk	TAKEN
sealmap	TAKEN
signetframe	AVAIL
trueport	TAKEN
drivelanding	AVAIL
plainport	TAKEN
relaycompass	TAKEN
scanweave	TAKEN
hardentrunk	AVAIL
relaygrid	TAKEN
embergauge	AVAIL
buildspine	TAKEN
sentrydial	AVAIL
flowanchor	TAKEN
escrowhelm	AVAIL
queuestream	TAKEN
auditdial	TAKEN
joinroster	TAKEN
depthrail	AVAIL
rampartquay	AVAIL
plainloop	TAKEN
sifthelm	AVAIL
matchengine	TAKEN
runtimetruss	AVAIL
cleandynamo	AVAIL
crispflare	AVAIL
groundlane	TAKEN
consentarc	AVAIL
swiftdelta	TAKEN
kindleradar	AVAIL
fuelprism	AVAIL
sealpatrol	AVAIL
mintreach	TAKEN
queuelens	TAKEN
plotcharter	TAKEN
boostpress	TAKEN
spanconduit	AVAIL
cobotsurvey	AVAIL
beamrelay	TAKEN
tierplinth	AVAIL
clinicsignal	TAKEN
weavecove	TAKEN
tracelens	TAKEN
keenseal	AVAIL
gaugerelay	AVAIL
picketdelta	AVAIL
primechart	TAKEN
palettereach	AVAIL
launchrails	TAKEN
keenroute	TAKEN
pilotmap	TAKEN
corpusdial	AVAIL
groundtower	TAKEN
reelbrief	TAKEN
creditengine	TAKEN
referraldial	AVAIL
northmeter	TAKEN
triageradar	AVAIL
embedsurvey	TAKEN
relaytruss	AVAIL
handoffbench	AVAIL
liftanvil	TAKEN
plotalmanac	AVAIL
moortruss	AVAIL
crisprail	AVAIL
chargefabric	TAKEN
rankbasin	AVAIL
primecape	TAKEN
settlerecord	AVAIL
palletflow	TAKEN
keenboard	TAKEN
verifyvault	TAKEN
citadelpeak	TAKEN
fleetsonar	TAKEN
facetengine	TAKEN
lensfoundry	TAKEN
cutlistdesk	AVAIL
vectormesh	TAKEN
draftcore	TAKEN
soundlattice	TAKEN
sortcompass	AVAIL
remitplinth	AVAIL
fusedossier	AVAIL
sharpconduit	AVAIL
recordboard	TAKEN
ladingbridge	AVAIL
shiftshield	TAKEN
badgearc	AVAIL
draftpanel	TAKEN
mandatetrunk	AVAIL
rankroster	TAKEN
lenscircuit	TAKEN
primebay	TAKEN
schemagrid	TAKEN
plainquay	AVAIL
calmsonar	TAKEN
flowbeacon	TAKEN
shipkeep	TAKEN
shieldmesh	TAKEN
truemill	TAKEN
prismcadence	AVAIL
warrantpanel	AVAIL
palettecape	AVAIL
openmeter	TAKEN
matchanvil	AVAIL
cognatetrunk	AVAIL
lidarmap	TAKEN
trustwarden	TAKEN
tokencharter	TAKEN
signalforge	TAKEN
schemabench	TAKEN
matchdocket	AVAIL
inboundvault	TAKEN
tendercape	AVAIL
castanchor	TAKEN
indexcurrent	TAKEN
servocape	AVAIL
bastionpulse	TAKEN
forgeanvil	TAKEN
floatrecord	TAKEN
tenderhelm	TAKEN
creditpath	TAKEN
steermeter	AVAIL
flowpicket	AVAIL
pairpicket	AVAIL
meshprobe	TAKEN
sortarc	AVAIL
filingmesh	TAKEN
metricdesk	TAKEN
quietroster	TAKEN
traceweave	TAKEN
tierbrief	TAKEN
pairscope	TAKEN
rankpulse	TAKEN
tempopillar	AVAIL
indexpulse	TAKEN
patrolpicket	AVAIL
solidspan	TAKEN
warrantseal	AVAIL
coinbasin	TAKEN
sortmanifest	AVAIL
shipbay	TAKEN
openboard	TAKEN
castsensor	AVAIL
flowvolt	TAKEN
offsetscope	AVAIL
warrantgauge	AVAIL
auditframe	TAKEN
badgekernel	AVAIL
launchorbit	TAKEN
mergescope	TAKEN
tendertrace	TAKEN
escrowscope	AVAIL
clinictrack	TAKEN
facetspine	AVAIL
truecadence	TAKEN
payoutrecord	AVAIL
settlekeep	AVAIL
fleetdelta	TAKEN
trackgauge	TAKEN
inboundridge	AVAIL
freightcore	TAKEN
chargedial	AVAIL
cargoflow	TAKEN
raisetower	AVAIL
assigncodex	AVAIL
joinsentry	TAKEN
fleetorbit	TAKEN
feedshield	TAKEN
consignrail	AVAIL
claimpanel	TAKEN
drivedelta	TAKEN
signalkeep	TAKEN
remitcadence	AVAIL
forgerelay	TAKEN
picketgauge	AVAIL
liftpatrol	TAKEN
tunecape	AVAIL
linksignal	TAKEN
frameprobe	TAKEN
clearseal	TAKEN
fuelframe	TAKEN
solidtrace	TAKEN
sharpdial	TAKEN
citadelrail	AVAIL
steadyquay	AVAIL
craftkernel	TAKEN
inboundfolio	AVAIL
invoiceforge	TAKEN
groundtruss	AVAIL
siftspan	AVAIL
probeport	TAKEN
handofftrack	TAKEN
turbinespark	TAKEN
contextanvil	AVAIL
facetvault	TAKEN
fuelgauge	TAKEN
soundtorch	TAKEN
payloadtrunk	AVAIL
spandossier	AVAIL
probeharbor	TAKEN
reasonradar	TAKEN
scalekeep	TAKEN
floatrails	TAKEN
keendrift	AVAIL
identgate	TAKEN
agentstudio	TAKEN
forgeloom	TAKEN
framespan	TAKEN
cargoweave	TAKEN
trueamp	TAKEN
castdepot	TAKEN
leveldrift	TAKEN
indexstream	TAKEN
dockmill	TAKEN
castengine	TAKEN
joincore	TAKEN
payerwharf	AVAIL
shieldpillar	TAKEN
syncreach	TAKEN
claimalmanac	AVAIL
trueforge	TAKEN
scangrid	TAKEN
depthradar	TAKEN
transitroute	TAKEN
alignbay	TAKEN
bedsidebrief	TAKEN
mergepanel	TAKEN
kineticmap	TAKEN
tenderpulse	TAKEN
gaugelane	TAKEN
auditlattice	AVAIL
haulspine	AVAIL
weavetide	TAKEN
plotstream	TAKEN
quietatlas	TAKEN
raisegate	TAKEN
primedesk	TAKEN
floatwave	TAKEN
scancore	TAKEN
bastionvigil	AVAIL
ledgerindex	TAKEN
quietdrift	TAKEN
sharpscope	TAKEN
anchortrack	TAKEN
drivepath	TAKEN
escrowcove	TAKEN
sortcurrent	AVAIL
sequencearc	TAKEN
emissionlens	TAKEN
brisksummit	AVAIL
weaverails	AVAIL
joinharbor	TAKEN
sharplanding	TAKEN
kindlemesh	AVAIL
promptbeacon	TAKEN
drivemill	TAKEN
feedguard	TAKEN
warrantbench	TAKEN
castatelier	AVAIL
feedseal	TAKEN
raisestream	TAKEN
promptpillar	TAKEN
openforge	TAKEN
gridyard	TAKEN
calmkiln	AVAIL
forgecircuit	TAKEN
releaseroute	TAKEN
dispatchmesh	TAKEN
drivekiln	AVAIL
scanvolt	TAKEN
northatelier	TAKEN
bindcircuit	AVAIL
queuecadence	AVAIL
wardencore	TAKEN
vitalsflow	TAKEN
ladingridge	AVAIL
kindlebench	AVAIL
liftframe	TAKEN
cellconduit	AVAIL
steerfolio	TAKEN
crispguard	TAKEN
moorhaven	TAKEN
reckonmap	AVAIL
studiohaven	TAKEN
linkdossier	TAKEN
groundamp	AVAIL
mandatevault	TAKEN
levelcadence	AVAIL
auditseal	TAKEN
facetrails	AVAIL
studiomill	TAKEN
turbinespan	AVAIL
tierwave	TAKEN
draftbay	TAKEN
probetide	AVAIL
mergeseal	TAKEN
mergecharter	AVAIL
assignprism	AVAIL
plainpulse	TAKEN
clearplinth	AVAIL
rankforge	TAKEN
bindsummit	AVAIL
schemadrift	TAKEN
claimchannel	AVAIL
tokenchart	TAKEN
thermalworks	TAKEN
sealpicket	AVAIL
kindlepath	TAKEN
deploykernel	AVAIL
probedocket	AVAIL
groundstack	TAKEN
northbasin	TAKEN
discloseport	AVAIL
emblempatrol	AVAIL
tunebridge	TAKEN
invoicebench	TAKEN
branchtower	TAKEN
datasetspine	AVAIL
moortrace	AVAIL
sentrybeacon	TAKEN
vitalsprobe	AVAIL
commitflow	TAKEN
boostatlas	TAKEN
tabulardesk	AVAIL
payoutwave	AVAIL
fuelcadence	AVAIL
runtimerails	AVAIL
dockpeak	TAKEN
linkseal	TAKEN
trustsonar	TAKEN
signetdocket	AVAIL
kilowattpeak	TAKEN
depotlayer	AVAIL
fuseguard	TAKEN
solidsummit	TAKEN
vitalsledger	AVAIL
levelspine	TAKEN
moorkiln	AVAIL
trackdynamo	AVAIL
cutlistcrest	AVAIL
shieldtower	TAKEN
metrictrace	TAKEN
agentbench	TAKEN
matchcove	TAKEN
cognatetrace	AVAIL
deployweave	TAKEN
framespine	AVAIL
controlpulse	TAKEN
trackfabric	TAKEN
truecharter	TAKEN
cleanpress	TAKEN
settlesonar	AVAIL
gridledger	TAKEN
draftamp	AVAIL
synctower	TAKEN
spatialrail	TAKEN
syncguard	TAKEN
beamlens	TAKEN
tendersensor	AVAIL
surgeharbor	TAKEN
cargocompass	TAKEN
kineticforge	TAKEN
plainsummit	AVAIL
biomasscape	AVAIL
canvaspress	TAKEN
pilotlookout	AVAIL
payerdepot	AVAIL
metricgate	TAKEN
stagingworks	TAKEN
assignfolio	AVAIL
streamquay	AVAIL
rampartyard	AVAIL
treasurydock	TAKEN
voltlens	TAKEN
drivepeak	TAKEN
payoutpulse	TAKEN
indexframe	TAKEN
gantrygauge	AVAIL
fusecompass	AVAIL
gaugetrack	AVAIL
bastionport	AVAIL
shipflow	TAKEN
promptgate	TAKEN
chargebench	TAKEN
sparkcodex	TAKEN
buildpillar	TAKEN
scanlattice	AVAIL
tiertruss	AVAIL
sealbase	TAKEN
auditbeacon	TAKEN
gatesonar	AVAIL
vitalscape	TAKEN
cargodocket	TAKEN
approvecore	AVAIL
vectorarc	TAKEN
modelfabric	TAKEN
creditscope	TAKEN
joindelta	TAKEN
stagingbase	TAKEN
cadencegauge	AVAIL
scalesummit	TAKEN
reasonworks	TAKEN
solidrails	TAKEN
recordvault	TAKEN
debitloop	TAKEN
bindweave	TAKEN
handoffgauge	AVAIL
raisetide	TAKEN
firstridge	TAKEN
plotmesh	TAKEN
consigntower	AVAIL
fleetcurrent	TAKEN
policyindex	TAKEN
fueldrift	TAKEN
moorboard	TAKEN
castdelta	TAKEN
artifactlane	TAKEN
launchanvil	AVAIL
remitbraid	AVAIL
reelridge	TAKEN
opendossier	TAKEN
sortcape	AVAIL
gantrylens	AVAIL
runtimegate	TAKEN
forgesentry	TAKEN
signalengine	TAKEN
boostyard	TAKEN
prismscope	TAKEN
clearmesh	TAKEN
wardenarc	AVAIL
emblemprism	AVAIL
prooftrunk	AVAIL
northbeacon	TAKEN
debitroute	AVAIL
statutehelm	AVAIL
feedgraph	TAKEN
datasetweave	AVAIL
tunepillar	AVAIL
dockdepot	TAKEN
renderstream	TAKEN
modelvault	TAKEN
tunevolt	TAKEN
feedvault	TAKEN
staginglayer	TAKEN
moorthread	AVAIL
ladingcove	AVAIL
launchpillar	TAKEN
kineticgraph	TAKEN
groundbraid	AVAIL
shiftrail	TAKEN
coindesk	TAKEN
solarharbor	TAKEN
corpusgauge	AVAIL
wardensensor	AVAIL
warrantindex	AVAIL
palletarc	AVAIL
ladingreach	AVAIL
clearpicket	AVAIL
voltsignal	TAKEN
hardenguard	AVAIL
pairanchor	AVAIL
coinfoundry	TAKEN
covenantdesk	TAKEN
paylane	TAKEN
controlbase	TAKEN
solidgate	TAKEN
fuelradar	TAKEN
rankcodex	TAKEN
cobotbay	TAKEN
remitcompass	TAKEN
invoiceyard	TAKEN
picketforge	AVAIL
dockworkshop	AVAIL
mergehelm	AVAIL
proberoute	AVAIL
drivetorch	AVAIL
crispturbine	AVAIL
spanweave	TAKEN
bastionbay	TAKEN
sharpcircuit	TAKEN
forgeguard	TAKEN
beamwharf	AVAIL
fusecurrent	AVAIL
shiftanchor	TAKEN
liftpanel	TAKEN
claimlantern	TAKEN
haulbridge	TAKEN
fleetridge	TAKEN
attestforge	TAKEN
spanbrief	AVAIL
craftflare	TAKEN
signetvault	TAKEN
buildfolio	TAKEN
payloadridge	AVAIL
tunetruss	AVAIL
renewcove	TAKEN
opencharter	TAKEN
joindynamo	TAKEN
lenspulse	TAKEN
yieldsignal	TAKEN
linkrelay	TAKEN
renewfabric	TAKEN
attestpatrol	AVAIL
bastionprism	AVAIL
rampartwharf	AVAIL
offsetwharf	AVAIL
mintforge	TAKEN
chargespine	AVAIL
remitdossier	AVAIL
weightharbor	AVAIL
cadencetrail	TAKEN
cobotfabric	AVAIL
ledgerdocket	TAKEN
primedepot	TAKEN
cohortstack	TAKEN
chartorbit	TAKEN
draftkeep	TAKEN
metriclens	TAKEN
tenderframe	TAKEN
auditgate	TAKEN
artifactpath	AVAIL
relaybeacon	TAKEN
joincape	TAKEN
ranktempo	AVAIL
ladingwave	AVAIL
crispfoundry	AVAIL
referralcape	AVAIL
embercrest	TAKEN
yieldgauge	TAKEN
steercurrent	AVAIL
settlerails	TAKEN
flowpath	TAKEN
branchgate	TAKEN
boostmeter	TAKEN
temporadar	TAKEN
brisklane	TAKEN
tracetower	TAKEN
cargocore	TAKEN
primelanding	TAKEN
siftlens	TAKEN
clearpillar	TAKEN
moorarc	AVAIL
solidcrest	TAKEN
joinlookout	AVAIL
runtimemill	AVAIL
yieldtrunk	AVAIL
studioridge	TAKEN
moorsignal	AVAIL
soundbase	TAKEN
briskcove	TAKEN
careteamquay	AVAIL
commitswitch	AVAIL
modelchart	TAKEN
commitframe	TAKEN
patchcadence	TAKEN
payforge	TAKEN
thermalforge	TAKEN
streampatrol	TAKEN
briskscope	TAKEN
feedmap	TAKEN
soundrails	TAKEN
craftvault	TAKEN
consignhelm	AVAIL
lensdock	TAKEN
cobotgraph	AVAIL
picketharbor	AVAIL
spanfolio	AVAIL
draftcodex	TAKEN
plotember	AVAIL
patrolyard	AVAIL
tendertrail	TAKEN
solidvigil	TAKEN
craftpicket	AVAIL
approvearc	AVAIL
payercharter	AVAIL
mandatekeep	AVAIL
fleetanchor	TAKEN
kindlemap	TAKEN
cognatelayer	AVAIL
bastioncove	TAKEN
renderpath	TAKEN
reasonfabric	TAKEN
dockhelm	TAKEN
pairdelta	AVAIL
consigncore	AVAIL
cellframe	TAKEN
warranthelm	AVAIL
schemabraid	AVAIL
flowfabric	TAKEN
vectorvault	TAKEN
offsetlayer	AVAIL
yieldpillar	TAKEN
gaugecadence	AVAIL
consentbench	AVAIL
groundswitch	AVAIL
statuteworks	TAKEN
bindlane	TAKEN
keenvolt	TAKEN
shipspine	TAKEN
mergelens	TAKEN
trimdocket	AVAIL
cohorthelm	AVAIL
tierarc	AVAIL
reckondock	AVAIL
plotsignal	TAKEN
cognatetrack	AVAIL
cohortcape	AVAIL
vectorcore	TAKEN
metricdocket	AVAIL
patrolmesh	AVAIL
cohortrails	AVAIL
routedock	TAKEN
gatereach	AVAIL
cutlistmill	AVAIL
tensortrunk	AVAIL
vaultsummit	TAKEN
studiowave	TAKEN
deploydrift	TAKEN
firstsonar	TAKEN
gateledger	TAKEN
linkcove	TAKEN
lenstrail	TAKEN
pilotdelta	TAKEN
calmdial	AVAIL
calmlane	TAKEN
groundpath	TAKEN
triageindex	TAKEN
streamforge	TAKEN
sharpanvil	TAKEN
driveatelier	TAKEN
actuatebench	AVAIL
badgechannel	AVAIL
plotmap	TAKEN
sharpfolio	TAKEN
runtimeworks	TAKEN
soundanvil	TAKEN
trueseal	TAKEN
relayradar	TAKEN
paletteroute	AVAIL
truespark	TAKEN
patchfoundry	TAKEN
scaleloom	TAKEN
plotpatrol	TAKEN
wardenbridge	TAKEN
surgepeak	TAKEN
beamrecord	AVAIL
clearlookout	TAKEN
schemathread	TAKEN
telemetryarc	AVAIL
syncanchor	TAKEN
claimprism	TAKEN
releaseflow	TAKEN
truesignal	TAKEN
proofmap	TAKEN
beampanel	TAKEN
gantrydepot	TAKEN
releaselane	TAKEN
flowcape	TAKEN
servocore	TAKEN
attestindex	AVAIL
escrowkeep	AVAIL
invoicebrief	TAKEN
spancircuit	AVAIL
patrolpulse	TAKEN
gateroster	TAKEN
sharpradar	TAKEN
approvemap	AVAIL
schemapillar	AVAIL
claimsurvey	TAKEN
schemaindex	TAKEN
signalflow	TAKEN
cleardesk	TAKEN
probechart	AVAIL
identcore	TAKEN
steerframe	TAKEN
siftlanding	AVAIL
signetarc	TAKEN
cadencedesk	TAKEN
liftsonar	AVAIL
assignboard	TAKEN
attestfabric	TAKEN
chartkindle	AVAIL
canvasanvil	AVAIL
hydrocompass	TAKEN
tabularscope	AVAIL
turbinechart	AVAIL
freightorbit	TAKEN
gatedocket	AVAIL
relaylayer	TAKEN
reasonmesh	TAKEN
siftgate	AVAIL
clearbay	TAKEN
tierlane	TAKEN
chargebeacon	TAKEN
tempopath	TAKEN
referralcove	AVAIL
thermalwharf	AVAIL
firstcurrent	TAKEN
siftkiln	AVAIL
reckonradar	AVAIL
feedtrail	TAKEN
assignharbor	AVAIL
anchorkernel	AVAIL
voltconduit	AVAIL
paymeter	TAKEN
bedsidechart	TAKEN
routeboard	TAKEN
mandatechart	AVAIL
docksignal	TAKEN
siftshield	AVAIL
auditcore	TAKEN
mandatecore	TAKEN
vectorkindle	AVAIL
reeltempo	TAKEN
leveldock	TAKEN
paycove	TAKEN
castsurvey	TAKEN
triagedocket	AVAIL
payindex	TAKEN
renewamp	TAKEN
keystoneport	TAKEN
prismcharter	AVAIL
reckonarc	AVAIL
tunedrift	TAKEN
kindleroute	TAKEN
guardcrest	TAKEN
plainloom	TAKEN
floatalmanac	AVAIL
gatepath	TAKEN
keystonekeep	TAKEN
emblemsentry	AVAIL
servoyard	TAKEN
surgevault	TAKEN
yieldtide	TAKEN
plotmanifest	AVAIL
cleansignal	TAKEN
hydropeak	TAKEN
clearworks	TAKEN
payoutforge	TAKEN
briskanchor	AVAIL
parallaxkiln	AVAIL
weavecompass	AVAIL
embedconduit	AVAIL
joindossier	TAKEN
raisespark	TAKEN
alignradar	AVAIL
streamatlas	TAKEN
probesignal	TAKEN
brightorbit	TAKEN
prismatlas	TAKEN
fleetwharf	AVAIL
inferbase	TAKEN
firstwave	TAKEN
vaultlens	TAKEN
embedframe	TAKEN
calmreach	TAKEN
turbinestack	AVAIL
signalatlas	TAKEN
kindletrace	AVAIL
liftlayer	TAKEN
prismsensor	TAKEN
gridindex	TAKEN
stagingforge	AVAIL
modelgauge	TAKEN
floatcape	TAKEN
tracefoundry	TAKEN
probegauge	AVAIL
embedspark	AVAIL
schemarails	AVAIL
plaingauge	AVAIL
matchpeak	TAKEN
probechannel	AVAIL
reelmill	TAKEN
jointrace	TAKEN
hardenmesh	AVAIL
liftfabric	AVAIL
spanharbor	TAKEN
frameseal	TAKEN
launchsignal	TAKEN
beamport	TAKEN
escrowtower	TAKEN
gateprobe	AVAIL
truewave	TAKEN
hardendock	AVAIL
castframe	TAKEN
deployswitch	TAKEN
disclosedesk	AVAIL
reasonlayer	TAKEN
registryloop	AVAIL
northpanel	TAKEN
offsetkernel	AVAIL
approvemesh	AVAIL
identpatrol	AVAIL
cleanindex	TAKEN
bastiongrid	TAKEN
ladingrails	AVAIL
proberadar	TAKEN
synapsetrace	TAKEN
boostlanding	TAKEN
matchdepot	TAKEN
sortrecord	AVAIL
tuneplinth	AVAIL
chargeloop	TAKEN
servorails	AVAIL
steeralmanac	AVAIL
brighthaven	TAKEN
floatworks	TAKEN
brightweave	TAKEN
vitalsquay	AVAIL
keenmanifest	AVAIL
keendesk	TAKEN
bindworkshop	AVAIL
emblemdocket	AVAIL
gantryscope	AVAIL
recordgate	TAKEN
cipherpillar	TAKEN
haulbrief	AVAIL
plainprobe	AVAIL
tierlayer	AVAIL
wardenplinth	AVAIL
tierharbor	AVAIL
tabularframe	AVAIL
trackvigil	TAKEN
hardencore	AVAIL
approveflow	TAKEN
emblemspine	AVAIL
floatbay	TAKEN
siftpeak	AVAIL
swiftloop	TAKEN
streamtrace	TAKEN
metrickernel	AVAIL
guardsentry	TAKEN
flowdial	TAKEN
occlusionmap	AVAIL
signalbridge	TAKEN
anchorsensor	TAKEN
forgetruss	AVAIL
calmrails	AVAIL
turbinebase	TAKEN
depthdial	AVAIL
lenspanel	TAKEN
ledgerquay	TAKEN
manifestgate	TAKEN
bindgrid	TAKEN
coinbase	TAKEN
flowarc	TAKEN
indexlens	TAKEN
clinicquay	AVAIL
framekindle	AVAIL
weaveport	TAKEN
trimguard	TAKEN
handofftruss	AVAIL
commitboard	TAKEN
chartsignal	TAKEN
draftindex	TAKEN
cadencebrief	AVAIL
payloadstack	TAKEN
swiftember	TAKEN
soundcircuit	TAKEN
signalmesh	TAKEN
joingate	TAKEN
manifestbay	AVAIL
dockpillar	AVAIL
castpanel	TAKEN
shiftsurvey	TAKEN
offsetpulse	TAKEN
tiertide	TAKEN
liftreach	TAKEN
auditconduit	AVAIL
shipcircuit	TAKEN
ledgerlane	TAKEN
mintmesh	TAKEN
debitcadence	AVAIL
hardenatlas	AVAIL
compiletrunk	AVAIL
soundmap	TAKEN
turbinespine	AVAIL
creditdesk	TAKEN
soundlookout	AVAIL
firstharbor	TAKEN
surgemap	TAKEN
gatetrace	TAKEN
invoicepeak	TAKEN
renewkeep	AVAIL
freightdesk	TAKEN
fleetprism	TAKEN
canvashaven	TAKEN
alignroute	TAKEN
solarcove	TAKEN
servohaven	AVAIL
pilotport	TAKEN
framequay	TAKEN
coincore	TAKEN
indexbench	TAKEN
sparkcompass	TAKEN
tierlanding	AVAIL
beamturbine	AVAIL
cleanorbit	TAKEN
solidbraid	TAKEN
carbonspan	TAKEN
guardyard	TAKEN
synapseamp	AVAIL
shiftlanding	TAKEN
signetsentry	AVAIL
primespine	TAKEN
inboundframe	AVAIL
hardenframe	AVAIL
policykeep	TAKEN
draftfoundry	TAKEN
guardfoundry	TAKEN
datasetrails	AVAIL
swiftyard	TAKEN
studiofolio	TAKEN
buildbridge	TAKEN
tracegauge	TAKEN
weaveledger	TAKEN
joinkindle	AVAIL
gatefoundry	TAKEN
triagesonar	AVAIL
cargoharbor	TAKEN
craftrecord	TAKEN
freightpeak	TAKEN
solidlayer	TAKEN
mintkeep	TAKEN
escrowtrail	AVAIL
statutegate	AVAIL
patchvault	TAKEN
fleetport	TAKEN
signaltower	TAKEN
soundtempo	TAKEN
patchroute	TAKEN
lastmiledock	AVAIL
groundtrail	TAKEN
shiftledger	TAKEN
swiftspine	TAKEN
pairstack	TAKEN
quietboard	TAKEN
sealcharter	AVAIL
syncreactor	AVAIL
anchorframe	TAKEN
remitgate	TAKEN
draftmap	TAKEN
transitgate	TAKEN
escrowpillar	AVAIL
mergebench	AVAIL
embedanvil	AVAIL
reckonsensor	AVAIL
cobotdelta	AVAIL
routemesh	TAKEN
tracesentry	TAKEN
triagebench	TAKEN
debitsignal	AVAIL
weightsonar	AVAIL
keenweave	AVAIL
pilotstudio	TAKEN
synapsekiln	AVAIL
groundspan	TAKEN
briskloop	TAKEN
renewspine	TAKEN
cleanworks	TAKEN
voltspan	TAKEN
inboundquay	AVAIL
wardenatlas	AVAIL
quietlanding	TAKEN
indexwave	TAKEN
consentsonar	AVAIL
bindpulse	TAKEN
gaugealmanac	AVAIL
lensdial	AVAIL
carbonpulse	TAKEN
clearindex	TAKEN
flowcompass	TAKEN
scanwarden	TAKEN
solidwatch	TAKEN
solidspark	TAKEN
matchguard	TAKEN
mergeflow	TAKEN
patchtempo	AVAIL
levelpatrol	AVAIL
mintfolio	TAKEN
routepath	TAKEN
emblemtrunk	AVAIL
cohortmap	TAKEN
embedtorch	AVAIL
consentdial	AVAIL
syncdelta	TAKEN
proofchannel	TAKEN
emberport	TAKEN
queuecurrent	TAKEN
feedharbor	TAKEN
triageflow	TAKEN
bindatelier	TAKEN
soundbeacon	TAKEN
policylens	TAKEN
manifestflow	TAKEN
inferkernel	AVAIL
brightpulse	TAKEN
steadycape	AVAIL
truefolio	TAKEN
solidcharter	AVAIL
transitarc	AVAIL
soundroster	TAKEN
inferturbine	AVAIL
contextbench	TAKEN
cleancrest	TAKEN
syncseal	TAKEN
cobotpress	AVAIL
fuseturbine	AVAIL
reasonstudio	TAKEN
yieldprism	TAKEN
assigncore	TAKEN
feedbeacon	TAKEN
columnpath	AVAIL
dispatchdock	TAKEN
shiftsensor	TAKEN
queuelattice	AVAIL
scanguard	TAKEN
linkridge	TAKEN
citadelseal	AVAIL
alignengine	TAKEN
linkmeter	TAKEN
actuatelayer	AVAIL
carbonchart	TAKEN
kilowattamp	AVAIL
briskguard	TAKEN
sparklayer	TAKEN
craftsignal	TAKEN
approvespine	AVAIL
corpusprism	AVAIL
hardenhelm	AVAIL
ledgercape	AVAIL
badgecompass	AVAIL
beamhelm	AVAIL
badgestack	TAKEN
triggersonar	AVAIL
tokensensor	TAKEN
wardenrails	AVAIL
patroltruss	AVAIL
trustroster	TAKEN
raisetrack	TAKEN
calmdynamo	AVAIL
dockbasin	AVAIL
shieldhelm	TAKEN
picketsignal	AVAIL
thermalgauge	AVAIL
gatebraid	AVAIL
fleetbridge	TAKEN
creditbase	TAKEN
paydossier	TAKEN
spanpatrol	AVAIL
soundturbine	AVAIL
turbineprobe	AVAIL
scanloom	TAKEN
weavetempo	AVAIL
kindleseal	AVAIL
chartlattice	AVAIL
remitweave	AVAIL
swiftlanding	TAKEN
solarcrest	TAKEN
reckonport	AVAIL
debitindex	AVAIL
agentkindle	TAKEN
traceamp	AVAIL
quietcadence	TAKEN
shiftmap	TAKEN
scalebeacon	TAKEN
probeframe	AVAIL
citadeltrace	AVAIL
raisetrunk	AVAIL
mergebridge	TAKEN
pairpulse	TAKEN
scheduleport	TAKEN
drivethread	TAKEN
launchrail	TAKEN
probetrunk	AVAIL
deploybridge	TAKEN
shipstudio	TAKEN
guardsurvey	AVAIL
actuatecove	AVAIL
carbontrace	TAKEN
opendrift	TAKEN
badgedock	TAKEN
steadymesh	TAKEN
tunespark	TAKEN
bindtempo	AVAIL
bedsidecrest	AVAIL
trueatelier	TAKEN
consentstack	TAKEN
briskharbor	TAKEN
facetdossier	AVAIL
claimtower	AVAIL
servoframe	AVAIL
filingindex	TAKEN
vitalstrace	AVAIL
bindboard	TAKEN
sentrysurvey	TAKEN
ledgerflow	TAKEN
trimrails	AVAIL
depotcodex	AVAIL
calmconduit	TAKEN
shieldmeter	TAKEN
mandateforge	AVAIL
filingwarden	TAKEN
offsetgauge	AVAIL
prismlattice	TAKEN
signalspan	TAKEN
brightdial	TAKEN
auditrail	TAKEN
sentrypicket	AVAIL
verifyframe	TAKEN
palletlayer	AVAIL
cargobridge	TAKEN
patrolsignal	AVAIL
statuterail	AVAIL
forgeloop	TAKEN
firstforge	TAKEN
steerbasin	AVAIL
tuneledger	TAKEN
cobotsensor	TAKEN
embedharbor	AVAIL
tabularloop	AVAIL
fuelgate	TAKEN
primebeacon	TAKEN
assignbase	TAKEN
shiftsummit	TAKEN
briskfolio	AVAIL
cohortbasin	AVAIL
pairworkshop	AVAIL
drivecadence	TAKEN
forgewarden	TAKEN
rankdynamo	TAKEN
shipcove	TAKEN
tierpath	TAKEN
renewhelm	AVAIL
flowledger	TAKEN
meshtrace	TAKEN
leveldial	AVAIL
scanspine	AVAIL
routefolio	TAKEN
calmsurvey	AVAIL
forgepeak	TAKEN
raiseatelier	TAKEN
runtimehelm	AVAIL
tensorsignal	TAKEN
pilothaven	TAKEN
kindleplinth	AVAIL
streamframe	TAKEN
kindlearc	AVAIL
indextower	TAKEN
primepress	TAKEN
syncarc	TAKEN
intakeboard	TAKEN
framepatrol	AVAIL
statuteprobe	AVAIL
openlane	TAKEN
tabularpulse	AVAIL
settlebase	TAKEN
indexgauge	AVAIL
runtimebench	TAKEN
debitcove	AVAIL
patchroster	TAKEN
drivewharf	AVAIL
openweave	TAKEN
steerpath	TAKEN
surgegrid	TAKEN
bastiongate	TAKEN
feedpanel	TAKEN
facetfabric	AVAIL
moordossier	AVAIL
ledgerengine	TAKEN
trueflow	TAKEN
signetlens	TAKEN
scalevigil	AVAIL
indexswitch	TAKEN
creditchart	TAKEN
feedpulse	TAKEN
reckonember	AVAIL
scanalmanac	AVAIL
payatlas	TAKEN
canvasbrief	TAKEN
embedsensor	AVAIL
vaultboard	TAKEN
charterbase	TAKEN
briskflare	TAKEN
creditindex	TAKEN
rendermill	TAKEN
trustprobe	TAKEN
ledgerbench	TAKEN
crispharbor	TAKEN
triagerelay	AVAIL
docktower	TAKEN
thermalflare	TAKEN
invoiceindex	TAKEN
triagerecord	AVAIL
flowreactor	TAKEN
inboundtrunk	AVAIL
relayflow	TAKEN
cohortlens	AVAIL
boostshield	TAKEN
pairbay	TAKEN
hydropulse	TAKEN
reckonbridge	AVAIL
soundsentry	TAKEN
sharpalmanac	AVAIL
northsurvey	TAKEN
fleetmesh	TAKEN
fusedesk	TAKEN
warrantwatch	TAKEN
aligntrunk	AVAIL
meshsurvey	TAKEN
recordspine	TAKEN
mergecurrent	AVAIL
boostwatch	TAKEN
shiplookout	AVAIL
settleroute	AVAIL
payloadloom	AVAIL
vaultsurvey	AVAIL
bindflow	TAKEN
streamspan	TAKEN
pilotbench	TAKEN
columnroute	AVAIL
gaugegrid	TAKEN
sealregister	TAKEN
steershield	TAKEN
soundfabric	TAKEN
castorbit	TAKEN
auditmesh	TAKEN
sentinelport	TAKEN
embersignal	TAKEN
trackrail	TAKEN
vaultmesh	TAKEN
chartcurrent	AVAIL
clinicdelta	TAKEN
reckonsurvey	AVAIL
ciphercore	TAKEN
fusesignal	TAKEN
prismfabric	TAKEN
framedial	AVAIL
contextatlas	TAKEN
cohortdocket	AVAIL
alignprism	AVAIL
chargescope	TAKEN
soundhaven	TAKEN
quietbasin	AVAIL
primedossier	AVAIL
renderdock	TAKEN
fuseframe	TAKEN
plainkeep	TAKEN
flowboard	TAKEN
depthcore	TAKEN
steerorbit	AVAIL
montageforge	AVAIL
primeatelier	TAKEN
scantrail	TAKEN
creditstack	TAKEN
tabularbase	AVAIL
offsetledger	TAKEN
sortfolio	TAKEN
trackseal	TAKEN
spankindle	AVAIL
debitsurvey	TAKEN
sharploom	TAKEN
trackatelier	AVAIL
cleantrail	TAKEN
fueltrack	TAKEN
careteamloop	AVAIL
remitsensor	AVAIL
transitstack	TAKEN
settledepot	AVAIL
brightgauge	TAKEN
tensorchart	TAKEN
pairtruss	AVAIL
canvaswave	TAKEN
ciphersensor	TAKEN
dispatchlens	AVAIL
solidforge	TAKEN
trimchannel	AVAIL
fleetfolio	TAKEN
sparkconduit	TAKEN
ramparthaven	AVAIL
coinvault	TAKEN
briskmeter	AVAIL
indexmeter	TAKEN
payoutpanel	TAKEN
bindhaven	TAKEN
cellspan	TAKEN
pairswitch	AVAIL
rankflare	TAKEN
badgeguard	TAKEN
hydroconduit	TAKEN
indexweave	TAKEN
cadenceloop	TAKEN
metricfabric	TAKEN
gantrycore	AVAIL
payloadindex	AVAIL
chargequay	AVAIL
remitstream	TAKEN
brisksentry	AVAIL
steerswitch	AVAIL
trustdossier	TAKEN
mergecompass	AVAIL
actuatekeep	AVAIL
columnkeep	AVAIL
siftchannel	AVAIL
swiftwarden	TAKEN
cohortsignal	TAKEN
sharpcompass	TAKEN
palletbeacon	TAKEN
linkorbit	TAKEN
palletvault	TAKEN
scancircuit	TAKEN
alignpillar	AVAIL
shieldbay	TAKEN
flowturbine	TAKEN
surgewharf	AVAIL
trustmeter	TAKEN
plotboard	TAKEN
plaintempo	AVAIL
flowlane	TAKEN
sortbrief	AVAIL
escrowflow	TAKEN
approveloop	TAKEN
liftdesk	TAKEN
assignspan	AVAIL
cognatemesh	AVAIL
sharpmap	TAKEN
pairseal	AVAIL
cipherhaven	TAKEN
claimpulse	TAKEN
modelradar	TAKEN
infertrunk	AVAIL
badgechart	AVAIL
solidpress	TAKEN
fuseatelier	AVAIL
kindleharbor	TAKEN
identdocket	AVAIL
routesurvey	TAKEN
plotengine	TAKEN
tempocompass	AVAIL
keenport	TAKEN
carbonbase	TAKEN
agentspine	TAKEN
truetrack	TAKEN
remitmap	TAKEN
wardenmap	TAKEN
kindleflow	TAKEN
escrowtrace	AVAIL
triagesensor	AVAIL
plainpath	TAKEN
prismboard	TAKEN
solarlattice	TAKEN
columndesk	TAKEN
sparkvigil	AVAIL
voltflare	TAKEN
remitdocket	AVAIL
spanridge	TAKEN
fleetpeak	TAKEN
pilotprism	TAKEN
tokenlattice	TAKEN
primegraph	TAKEN
guardledger	TAKEN
ledgerarc	TAKEN
flowregister	TAKEN
spatialforge	TAKEN
anchorgauge	TAKEN
tuneconduit	AVAIL
mergetrack	TAKEN
trustgate	TAKEN
filingscope	TAKEN
coinlane	TAKEN
rankpanel	TAKEN
clinicweave	AVAIL
dosagegauge	AVAIL
cellharbor	TAKEN
truecircuit	TAKEN
sentrymap	TAKEN
signetspan	AVAIL
vaultstack	TAKEN
datasetframe	AVAIL
bastiongraph	AVAIL
hydromap	TAKEN
tokendossier	TAKEN
linkfabric	TAKEN
tierbasin	AVAIL
remithaven	TAKEN
complyspine	AVAIL
carbonbasin	TAKEN
proberail	AVAIL
embercove	TAKEN
schemastack	TAKEN
shipindex	TAKEN
gridkernel	TAKEN
streamcove	TAKEN
fuelcircuit	TAKEN
recordsignal	TAKEN
sharplane	TAKEN
plaintrunk	AVAIL
firstkernel	TAKEN
assignweave	AVAIL
recordmap	TAKEN
ledgerscope	TAKEN
swiftscope	TAKEN
buildcompass	TAKEN
patrolworks	TAKEN
kindlepeak	TAKEN
chartwave	TAKEN
claimkeep	TAKEN
fuelworkshop	AVAIL
reelcrest	TAKEN
aligndial	AVAIL
opendelta	TAKEN
trueridge	TAKEN
dispatchcore	TAKEN
depthanvil	AVAIL
depotbase	TAKEN
identsurvey	AVAIL
proofworks	TAKEN
boostfolio	TAKEN
sortprobe	AVAIL
payoutbeacon	AVAIL
sortcadence	AVAIL
clearember	TAKEN
commitfabric	AVAIL
primeroster	TAKEN
cleanamp	TAKEN
freightatlas	TAKEN
stagingkeep	AVAIL
keystonecape	AVAIL
payloadlens	TAKEN
alignspine	TAKEN
trimdossier	AVAIL
gaugekernel	AVAIL
vitalsbasin	AVAIL
payconduit	TAKEN
joingraph	TAKEN
tempocurrent	AVAIL
groundkindle	AVAIL
indexarc	TAKEN
gridanchor	TAKEN
traceforge	TAKEN
schematruss	AVAIL
castchannel	TAKEN
attestrail	TAKEN
patrolsensor	AVAIL
cobothelm	AVAIL
groundchart	AVAIL
routeport	TAKEN
renderbench	TAKEN
registrycore	TAKEN
facetfolio	AVAIL
prismweave	TAKEN
attestworks	TAKEN
reckonchart	AVAIL
haulwave	TAKEN
fusekernel	AVAIL
swiftpatrol	TAKEN
filingforge	TAKEN
surgelayer	TAKEN
prismgate	TAKEN
craftframe	TAKEN
patrolbeacon	TAKEN
floatdock	TAKEN
stagingmill	AVAIL
yieldreach	TAKEN
hardenplinth	AVAIL
weaveatlas	AVAIL
mandateguard	AVAIL
tierpatrol	AVAIL
creditswitch	TAKEN
tenderarc	TAKEN
firstbeacon	TAKEN
columntrunk	AVAIL
carbontruss	TAKEN
corpuslens	TAKEN
meshtower	TAKEN
consigndock	TAKEN
embedgrid	TAKEN
shiftmeter	TAKEN
pilotgrid	TAKEN
feedbrief	TAKEN
shipboard	TAKEN
dockindex	TAKEN
opengate	TAKEN
spancadence	AVAIL
boostledger	TAKEN
mergedelta	TAKEN
steerkeep	AVAIL
relaylens	TAKEN
creditcove	TAKEN
claimcompass	TAKEN
sentinelyard	TAKEN
raiseprobe	AVAIL
gantrybay	AVAIL
ampereforge	TAKEN
gridcape	TAKEN
turbineport	AVAIL
recordbench	TAKEN
hardengauge	AVAIL
runtimepath	TAKEN
trimspan	AVAIL
kilowattlens	AVAIL
solarprism	TAKEN
cleangrid	TAKEN
queuesignal	TAKEN
cipherspine	TAKEN
reasonrail	TAKEN
moorwave	AVAIL
agentkiln	TAKEN
feedchannel	TAKEN
rampartpeak	AVAIL
raisewatch	TAKEN
hardenscope	AVAIL
volthelm	AVAIL
invoicerail	TAKEN
northpillar	TAKEN
openledger	TAKEN
traceatlas	TAKEN
debitframe	AVAIL
recordgauge	AVAIL
brightwave	TAKEN
ranksignal	TAKEN
embedkindle	AVAIL
raiserecord	AVAIL
liftkernel	AVAIL
tuneindex	TAKEN
vaultsignal	TAKEN
identvigil	AVAIL
studiolane	TAKEN
cargodepot	TAKEN
matchweave	TAKEN
clearloop	TAKEN
guardquay	AVAIL
draftsummit	TAKEN
sparkweave	TAKEN
inboundwave	TAKEN
intakebrief	TAKEN
kindlekernel	AVAIL
attestgrid	TAKEN
offsetworks	TAKEN
auditbase	TAKEN
depotbench	TAKEN
payerdelta	TAKEN
filingdial	AVAIL
queueplinth	AVAIL
levelharbor	TAKEN
siftconduit	AVAIL
castvault	TAKEN
scaletower	TAKEN
weaveprism	TAKEN
kilowattarc	TAKEN
rankarc	TAKEN
relaydock	TAKEN
thermalframe	TAKEN
schemastream	TAKEN
soundhelm	TAKEN
syncshield	TAKEN
cleancadence	TAKEN
emberatlas	TAKEN
ledgergraph	TAKEN
streamkernel	TAKEN
primecompass	TAKEN
handoffcodex	AVAIL
surgegraph	TAKEN
drivetrace	TAKEN
hydrodial	TAKEN
complybase	TAKEN
passportgrid	TAKEN
boostbraid	AVAIL
tracespan	TAKEN
shiftcove	TAKEN
tierkernel	AVAIL
yieldmesh	TAKEN
alignridge	TAKEN
tenderboard	TAKEN
mergetrace	TAKEN
scalelattice	TAKEN
vectorlayer	TAKEN
meshkernel	TAKEN
payloadgrid	TAKEN
trackwave	TAKEN
remitsurvey	AVAIL
filingtrack	TAKEN
anchorengine	TAKEN
queueroster	AVAIL
complyrails	AVAIL
plainvigil	AVAIL
mandatemesh	TAKEN
payloadmesh	AVAIL
meshspan	TAKEN
lensport	TAKEN
vitalsdock	AVAIL
tensorstack	TAKEN
alignchart	AVAIL
gantrymill	AVAIL
clearlane	TAKEN
queueanchor	AVAIL
cargotrail	TAKEN
emblemlens	AVAIL
coinrail	TAKEN
drivedock	TAKEN
surgeroute	TAKEN
sharpkeep	TAKEN
haultide	TAKEN
cutlistridge	AVAIL
registryloom	AVAIL
identguard	TAKEN
embedrail	AVAIL
scalepulse	TAKEN
calmradar	TAKEN
badgedossier	AVAIL
cleardelta	TAKEN
sparkforge	TAKEN
lidardock	AVAIL
aligntrail	TAKEN
sealbridge	TAKEN
beamember	TAKEN
sentryatlas	TAKEN
kineticbay	TAKEN
haulroute	TAKEN
probegrid	TAKEN
firstloop	TAKEN
plaincurrent	TAKEN
feedreach	TAKEN
rankcore	TAKEN
settledelta	AVAIL
fuelworks	TAKEN
gatetide	AVAIL
pilotlane	TAKEN
lidarlattice	AVAIL
shiftguard	TAKEN
triagetrack	TAKEN
moorgauge	AVAIL
steerflare	AVAIL
approverail	AVAIL
auditchart	TAKEN
plainboard	TAKEN
scaleridge	TAKEN
hardenledger	AVAIL
emissionbase	TAKEN
sealframe	TAKEN
canvasreach	TAKEN
paytrack	TAKEN
hydroprism	TAKEN
routeprobe	TAKEN
bedsideprism	AVAIL
moorlattice	AVAIL
servoloom	AVAIL
pairworks	TAKEN
debithelm	AVAIL
spanlane	TAKEN
fuelsummit	TAKEN
tempocodex	AVAIL
sentryspine	TAKEN
matchsentry	TAKEN
handoffvault	TAKEN
invoiceprobe	AVAIL
depthkernel	AVAIL
triggerport	AVAIL
flowreach	TAKEN
plainswitch	TAKEN
referralbay	TAKEN
shiftpeak	TAKEN
assignplinth	AVAIL
calmspan	TAKEN
tuneprism	TAKEN
cobotstack	TAKEN
fuseshield	TAKEN
sealboard	TAKEN
tokenwatch	TAKEN
shipgrid	TAKEN
fuseridge	AVAIL
tenderlayer	TAKEN
dockatlas	TAKEN
cobotloom	TAKEN
rampartbay	AVAIL
draftpicket	AVAIL
auditmeter	TAKEN
moorcore	AVAIL
surgetrunk	AVAIL
launchport	TAKEN
recordlens	TAKEN
relaycharter	AVAIL
shipvigil	TAKEN
debitmap	TAKEN
fuelarc	TAKEN
anchorkindle	AVAIL
claimpatrol	TAKEN
patrolcore	TAKEN
patchloom	TAKEN
launchcore	TAKEN
beamwarden	TAKEN
fleetstack	TAKEN
identchannel	AVAIL
studioharbor	TAKEN
settleswitch	AVAIL
clinicflow	TAKEN
hardensonar	AVAIL
creditfabric	TAKEN
crispkernel	AVAIL
citadelgrid	TAKEN
remitcrest	AVAIL
montagepress	TAKEN
payloadsonar	AVAIL
trimdock	TAKEN
pairlens	TAKEN
hardengraph	AVAIL
recordfolio	TAKEN
hydroreach	TAKEN
assignloop	TAKEN
cleanmeter	TAKEN
firstledger	TAKEN
badgevault	TAKEN
probesurvey	TAKEN
scalethread	TAKEN
depotmesh	AVAIL
rankpillar	TAKEN
triagemap	TAKEN
metricharbor	TAKEN
cognatespark	AVAIL
primebrief	TAKEN
fueltrail	TAKEN
linklanding	TAKEN
facetpulse	AVAIL
trackweave	TAKEN
facetdocket	AVAIL
assigndial	AVAIL
linkguard	TAKEN
paircodex	AVAIL
calmpicket	AVAIL
steadybay	TAKEN
anchordrift	TAKEN
framedock	TAKEN
keenstudio	TAKEN
triggerbench	AVAIL
tierdrift	TAKEN
cohortvault	TAKEN
dockroute	TAKEN
scalecharter	AVAIL
transityard	TAKEN
signalrail	TAKEN
spanpulse	TAKEN
mergesignal	TAKEN
framerecord	TAKEN
framehaven	TAKEN
mintyard	TAKEN
debitbeacon	TAKEN
runtimebrief	AVAIL
linkboard	TAKEN
carbonindex	TAKEN
gantryanchor	AVAIL
montageloom	AVAIL
emblemsignal	AVAIL
gridprobe	TAKEN
voltport	TAKEN
joinsignal	TAKEN
feedcompass	TAKEN
shipmeter	TAKEN
patroltrace	TAKEN
palletstack	TAKEN
fleetquay	TAKEN
facetstream	AVAIL
weavewatch	AVAIL
cobotledger	AVAIL
vitalscodex	AVAIL
lenswave	TAKEN
wardenharbor	AVAIL
triggerspan	AVAIL
auditengine	TAKEN
sealsensor	AVAIL
depthgauge	TAKEN
complybench	TAKEN
cipherkernel	TAKEN
scaleturbine	AVAIL
matchmap	TAKEN
firstseal	TAKEN
tiervolt	AVAIL
ledgermeter	TAKEN
payregister	TAKEN
corpusember	AVAIL
streamsurvey	TAKEN
crispbay	TAKEN
kilowattspan	AVAIL
consignpath	AVAIL
weavepicket	AVAIL
primeforge	TAKEN
biomassbay	AVAIL
facetchart	AVAIL
driveshield	TAKEN
flowpillar	TAKEN
commitroute	AVAIL
tracelattice	TAKEN
invoicepath	TAKEN
drivesignal	TAKEN
policyshield	TAKEN
kindlewatch	TAKEN
schemadesk	TAKEN
consignbay	TAKEN
queuemesh	TAKEN
tendercodex	TAKEN
datasetforge	TAKEN
inboundorbit	AVAIL
promptrails	TAKEN
streamarc	TAKEN
columnroster	AVAIL
calmcadence	TAKEN
keentempo	AVAIL
fuelwave	TAKEN
tieratlas	TAKEN
shipbrief	TAKEN
feedchart	TAKEN
forgekiln	TAKEN
tracetrack	TAKEN
buildbraid	TAKEN
brightvigil	TAKEN
rollbackport	AVAIL
releaseweave	AVAIL
scalecore	TAKEN
picketmeter	AVAIL
payloadkeep	AVAIL
spanlantern	AVAIL
dockengine	TAKEN
castlookout	AVAIL
embercompass	TAKEN
vaultdock	TAKEN
calmsentry	TAKEN
actuatepulse	AVAIL
sharphaven	TAKEN
synapselayer	TAKEN
lidarcore	TAKEN
remitpath	TAKEN
relaycircuit	TAKEN
anchorpillar	TAKEN
sealforge	TAKEN
plotport	TAKEN
scalegauge	TAKEN
tunecurrent	AVAIL
facetlane	TAKEN
freightroute	TAKEN
northpeak	TAKEN
routelayer	TAKEN
facetroute	AVAIL
chartergate	TAKEN
settlebeacon	AVAIL
assignbraid	AVAIL
ranktrail	TAKEN
offsetpillar	AVAIL
shipdepot	TAKEN
parallaxgrid	TAKEN
inferpillar	AVAIL
gantryforge	TAKEN
identboard	AVAIL
chartbasin	AVAIL
depotconduit	AVAIL
debitcrest	AVAIL
cohortradar	AVAIL
fuseatlas	AVAIL
levelstack	TAKEN
steadyroute	TAKEN
sortsonar	AVAIL
freightrails	TAKEN
commitrelay	AVAIL
datasetdial	AVAIL
citadelscope	AVAIL
trackroster	AVAIL
sortsurvey	AVAIL
castwave	TAKEN
invoicedesk	TAKEN
deploykeep	AVAIL
groundpicket	AVAIL
weighthelm	AVAIL
calmyard	TAKEN
steerpatrol	AVAIL
fuelpicket	AVAIL
fuseledger	AVAIL
relayplinth	AVAIL
groundanchor	TAKEN
payoutboard	AVAIL
quietdock	TAKEN
coinreach	TAKEN
crispsensor	AVAIL
handofftrail	AVAIL
cleartorch	TAKEN
proofcore	TAKEN
gatesentry	TAKEN
deployloom	TAKEN
bindfolio	TAKEN
schemarail	TAKEN
mandatemap	TAKEN
beamcodex	AVAIL
branchloop	TAKEN
fleetbay	TAKEN
sortchannel	AVAIL
artifactkeep	TAKEN
columntrail	AVAIL
trimember	TAKEN
keenamp	AVAIL
tracewharf	AVAIL
payoutplinth	AVAIL
facetsurvey	AVAIL
payermeter	AVAIL
primecore	TAKEN
carbonvault	TAKEN
ciphergrid	TAKEN
clearkiln	AVAIL
reasonmill	AVAIL
tiershield	TAKEN
complybrief	TAKEN
depthtower	AVAIL
ledgerdelta	TAKEN
meshindex	TAKEN
trueharbor	TAKEN
payloadpeak	AVAIL
sentryspan	AVAIL
pilotlattice	AVAIL
triageharbor	AVAIL
renderdesk	TAKEN
tracecove	TAKEN
streamorbit	TAKEN
tokenbase	TAKEN
gantrykeep	AVAIL
shieldatlas	TAKEN
gatefabric	TAKEN
haulhelm	TAKEN
castquay	AVAIL
cellpillar	TAKEN
guardgrid	TAKEN
weightsensor	TAKEN
joinpatrol	TAKEN
spatialcore	TAKEN
briskdossier	AVAIL
launchmesh	TAKEN
cleanlantern	TAKEN
cleanhaven	TAKEN
boostanchor	AVAIL
fusebench	TAKEN
recordmeter	AVAIL
quietgraph	TAKEN
schematrail	AVAIL
voltharbor	TAKEN
tunestudio	TAKEN
compiledrift	AVAIL
embedtower	AVAIL
plotframe	TAKEN
scanatlas	TAKEN
chargetrack	TAKEN
pairlayer	TAKEN
draftfabric	TAKEN
tunepulse	TAKEN
plotsonar	TAKEN
trackvault	TAKEN
depthvault	TAKEN
sorthaven	TAKEN
offsethelm	AVAIL
solidframe	TAKEN
anchorvolt	TAKEN
framebrief	TAKEN
surgeanchor	AVAIL
calmpulse	TAKEN
framechart	TAKEN
covenantgrid	TAKEN
fusegate	TAKEN
cargorails	TAKEN
verifyworks	TAKEN
relaytempo	AVAIL
actuategrid	AVAIL
spanlens	TAKEN
levelkindle	AVAIL
dosagebay	AVAIL
steadysensor	TAKEN
cipherprobe	AVAIL
renewchart	AVAIL
proofdock	TAKEN
prismcompass	TAKEN
coinanchor	TAKEN
openflare	TAKEN
flowdossier	AVAIL
vaultpulse	TAKEN
dosagebrief	AVAIL
indextrack	TAKEN
contextstack	TAKEN
filinganchor	TAKEN
corpusgate	AVAIL
lensmesh	TAKEN
lidarpulse	TAKEN
rampartspan	AVAIL
groundvault	TAKEN
rampartport	AVAIL
swiftdossier	AVAIL
steadycodex	AVAIL
payspine	TAKEN
statutecore	TAKEN
servosummit	AVAIL
plainroster	AVAIL
invoicedock	TAKEN
sortcove	TAKEN
registermesh	AVAIL
chartertrace	TAKEN
keenmill	TAKEN
tracescope	TAKEN
frameflare	TAKEN
spatialtruss	AVAIL
scanquay	AVAIL
depthlayer	TAKEN
statutemesh	AVAIL
emissiondock	AVAIL
linkbay	TAKEN
briskreach	TAKEN
payouthelm	AVAIL
probefolio	AVAIL
biomassyard	AVAIL
steadygate	TAKEN
dockcape	AVAIL
steerprism	AVAIL
palletspan	AVAIL
invoicecore	TAKEN
debitledger	TAKEN
feedtrunk	TAKEN
dockscope	TAKEN
gridpillar	TAKEN
plaincape	AVAIL
alignbench	TAKEN
plainconduit	AVAIL
schemachart	AVAIL
biomasscore	TAKEN
wardenguard	TAKEN
dockanvil	AVAIL
releasetrunk	AVAIL
pairhelm	AVAIL
craftrelay	TAKEN
policytrace	TAKEN
reeltide	TAKEN
liftsummit	TAKEN
frametrace	TAKEN
tracerecord	TAKEN
attestprobe	AVAIL
siftcurrent	AVAIL
triagedock	TAKEN
coincove	TAKEN
raiseboard	TAKEN
launchquay	TAKEN
policygate	TAKEN
handoffrail	AVAIL
beamstudio	TAKEN
filingspine	AVAIL
warrantgraph	TAKEN
studiopeak	TAKEN
alignpulse	TAKEN
debitbasin	AVAIL
triageswitch	AVAIL
auditprobe	TAKEN
emberwharf	AVAIL
swiftcharter	TAKEN
paytrace	TAKEN
fleetcircuit	TAKEN
raisedossier	AVAIL
paylanding	TAKEN
turbinecape	AVAIL
bindregister	AVAIL
castsignal	TAKEN
turbineflare	AVAIL
intakebay	AVAIL
indexchart	TAKEN
pilotgauge	AVAIL
escrowengine	TAKEN
tuneflare	TAKEN
spatialspine	TAKEN
weavesurvey	AVAIL
docktrace	TAKEN
pilotboard	TAKEN
fusebraid	AVAIL
tempospine	AVAIL
weavepress	TAKEN
drivescope	TAKEN
haulswitch	TAKEN
freightpath	TAKEN
inferplinth	AVAIL
claimdocket	TAKEN
sealdesk	TAKEN
truedelta	TAKEN
yieldbase	TAKEN
ladingtide	AVAIL
brisksonar	AVAIL
scanindex	TAKEN
guardarc	TAKEN
bastionreach	AVAIL
relayroute	TAKEN
firstsignal	TAKEN
trimtrail	TAKEN
invoicespan	AVAIL
gaugedossier	AVAIL
brightboard	TAKEN
branchvault	TAKEN
chartfolio	TAKEN
cutlistdrift	AVAIL
embedember	AVAIL
chartatelier	AVAIL
spanroute	TAKEN
biomasscove	AVAIL
bastionrails	AVAIL
identkeep	AVAIL
guardfabric	TAKEN
trackboard	TAKEN
sparkradar	TAKEN
traceshield	TAKEN
pairamp	AVAIL
bedsideloop	TAKEN
creditradar	TAKEN
siftlayer	TAKEN
scalepanel	TAKEN
soundatelier	TAKEN
invoicegate	TAKEN
payercurrent	AVAIL
boostradar	TAKEN
complypicket	AVAIL
renewarc	TAKEN
renderwave	TAKEN
surgebraid	AVAIL
palletboard	TAKEN
driverails	TAKEN
depthmap	TAKEN
renewvolt	TAKEN
signalvault	TAKEN
escrowdocket	AVAIL
chartdossier	TAKEN
forgebrief	TAKEN
facetindex	TAKEN
tempokernel	AVAIL
gatecove	TAKEN
driveflare	TAKEN
verifybench	TAKEN
gaugecompass	TAKEN
tempomap	TAKEN
infercompass	TAKEN
swiftpulse	TAKEN
flowanvil	TAKEN
debithaven	AVAIL
openbridge	TAKEN
feedlayer	TAKEN
clinicindex	TAKEN
siftvolt	AVAIL
sortember	AVAIL
spatialworks	TAKEN
frameatlas	TAKEN
lensgrid	TAKEN
plotregister	AVAIL
matchgauge	TAKEN
solarlayer	TAKEN
briskengine	TAKEN
liftseal	TAKEN
parallaxrail	AVAIL
lidarengine	AVAIL
filingpatrol	AVAIL
sentrysonar	TAKEN
steadyforge	TAKEN
solidchart	TAKEN
alignreactor	AVAIL
shieldsummit	TAKEN
treasurydial	AVAIL
runtimewave	TAKEN
bindrecord	AVAIL
solarlens	TAKEN
keensurvey	TAKEN
picketsonar	AVAIL
assigngate	AVAIL
routebrief	TAKEN
cohortrecord	AVAIL
turbineridge	AVAIL
servoanchor	AVAIL
swiftcore	TAKEN
vaultridge	TAKEN
cobotmeter	AVAIL
scaleframe	TAKEN
remitrails	TAKEN
truehelm	TAKEN
careteamcape	AVAIL
yieldbench	TAKEN
beamgauge	TAKEN
dispatchdial	TAKEN
beamlayer	TAKEN
mergecove	TAKEN
identconduit	AVAIL
flowrails	TAKEN
matchember	TAKEN
flowscope	TAKEN
lidarlayer	AVAIL
recordbridge	TAKEN
northkeep	TAKEN
creditsummit	TAKEN
draftpeak	TAKEN
drivelattice	AVAIL
draftreactor	AVAIL
tierpress	AVAIL
claimtrace	TAKEN
solidswitch	TAKEN
trustcompass	TAKEN
beamgate	TAKEN
invoicebraid	AVAIL
biomassmesh	AVAIL
tracekernel	TAKEN
fuelrelay	TAKEN
steerspine	AVAIL
fleetgate	TAKEN
weaveshield	AVAIL
controlseal	TAKEN
craftbridge	TAKEN
routeradar	TAKEN
controlrails	TAKEN
metricplinth	AVAIL
trimloom	TAKEN
facetcadence	AVAIL
brightsonar	TAKEN
reckontorch	AVAIL
joincharter	TAKEN
embervault	TAKEN
clearanchor	TAKEN
crispcadence	AVAIL
streamrelay	TAKEN
ledgerlens	TAKEN
joinmap	TAKEN
pairtide	TAKEN
solidchannel	TAKEN
moorcurrent	AVAIL
complyframe	TAKEN
opendial	TAKEN
scheduledock	TAKEN
commitanchor	AVAIL
groundwatch	TAKEN
ladingcore	AVAIL
cutlistbench	AVAIL
keenlane	TAKEN
flowspan	TAKEN
parallaxcore	TAKEN
joinkeep	TAKEN
linkbeacon	TAKEN
tunepatrol	TAKEN
clinicdial	TAKEN
fuelanvil	AVAIL
joinforge	TAKEN
tracemesh	TAKEN
feedalmanac	AVAIL
plaintorch	AVAIL
clinictempo	TAKEN
recordharbor	TAKEN
frameamp	TAKEN
brightdepot	TAKEN
routepulse	TAKEN
proofmesh	TAKEN
bastionworks	TAKEN
coinwharf	TAKEN
signalrelay	TAKEN
approvekeep	AVAIL
transitcore	TAKEN
guardwarden	AVAIL
contextkiln	TAKEN
chargemeter	TAKEN
steercodex	AVAIL
signetcore	TAKEN
synapseflare	TAKEN
cadencedrift	TAKEN
vaultpanel	TAKEN
alignbasin	AVAIL
buildorbit	TAKEN
weavefoundry	TAKEN
gatestudio	TAKEN
cohortdial	AVAIL
cohortgate	TAKEN
anchorquay	AVAIL
assignpath	AVAIL
yieldcape	AVAIL
matchalmanac	TAKEN
servoindex	AVAIL
trueboard	TAKEN
carbongrid	TAKEN
tokenharbor	TAKEN
cellpulse	TAKEN
vaultrelay	TAKEN
charthaven	TAKEN
boostwave	TAKEN
clearfoundry	TAKEN
voltframe	TAKEN
syncmanifest	AVAIL
registryport	AVAIL
trustbeacon	TAKEN
patroltrack	TAKEN
moorledger	TAKEN
gantryworks	TAKEN
montagecrest	AVAIL
compilearc	TAKEN
linkdynamo	TAKEN
embedchannel	TAKEN
openkernel	TAKEN
pilotmill	TAKEN
lidarlens	TAKEN
draftframe	TAKEN
feedlookout	AVAIL
relayrails	TAKEN
dockrails	TAKEN
agentcompass	TAKEN
consentchart	AVAIL
modelmill	TAKEN
flowdocket	TAKEN
depotbeacon	AVAIL
approvestack	AVAIL
scaleforge	TAKEN
vaultspine	AVAIL
weavewarden	TAKEN
draftcove	TAKEN
signalgrid	TAKEN
wardenkernel	AVAIL
deploybrief	TAKEN
joinsummit	TAKEN
inboundgrid	TAKEN
studiorelay	TAKEN
spatialspan	TAKEN
payloadprobe	AVAIL
payplinth	AVAIL
creditarc	TAKEN
sharpdossier	AVAIL
servoquay	AVAIL
floatcove	AVAIL
emblemseal	TAKEN
tendermesh	TAKEN
emblemtruss	AVAIL
debitweave	AVAIL
yieldbeacon	TAKEN
actuatechart	AVAIL
compilebrief	AVAIL
draftsonar	TAKEN
trustspine	TAKEN
payoutbridge	TAKEN
castbraid	AVAIL
alignforge	TAKEN
liftindex	TAKEN
dockrecord	TAKEN
quietfolio	TAKEN
launchtorch	TAKEN
mooryard	AVAIL
groundengine	TAKEN
flowlantern	TAKEN
liftscope	TAKEN
vaultengine	TAKEN
paydelta	TAKEN
queuedossier	AVAIL
kindleboard	TAKEN
routeanchor	TAKEN
signetrecord	AVAIL
moorswitch	AVAIL
intakedock	TAKEN
scangauge	TAKEN
sparkroster	TAKEN
plotweave	TAKEN
syncpulse	TAKEN
tabulartrace	AVAIL
policymap	TAKEN
scanamp	AVAIL
inferkindle	AVAIL
approvebench	AVAIL
embermeter	TAKEN
picketshield	AVAIL
schedulemesh	AVAIL
ampereindex	AVAIL
metricspine	AVAIL
haulcompass	TAKEN
attestpulse	AVAIL
badgescope	AVAIL
corpustrack	TAKEN
flowfolio	TAKEN
carbonatlas	TAKEN
fuseloom	TAKEN
steerbeacon	AVAIL
cargocodex	AVAIL
quietshield	TAKEN
steerstudio	TAKEN
statuteframe	AVAIL
moorsensor	AVAIL
matchpicket	AVAIL
signalpillar	TAKEN
tuneturbine	AVAIL
gateridge	TAKEN
solaratlas	TAKEN
tensorpress	TAKEN
patchpanel	TAKEN
synapsechart	AVAIL
agentrail	TAKEN
montagebraid	AVAIL
bindspine	AVAIL
jointorch	TAKEN
primefoundry	TAKEN
invoicegauge	TAKEN
inferledger	TAKEN
weavepanel	TAKEN
fusegraph	TAKEN
briskpatrol	AVAIL
cohortsummit	AVAIL
weavemesh	TAKEN
plotkeep	TAKEN
approvetide	AVAIL
runtimeloom	AVAIL
framecove	TAKEN
solidatlas	TAKEN
complymeter	TAKEN
queuebraid	AVAIL
flowtrace	TAKEN
vaultdelta	TAKEN
liftwarden	AVAIL
palletbay	TAKEN
transitboard	TAKEN
indexrail	TAKEN
depotpanel	TAKEN
warrantdock	AVAIL
cargoyard	TAKEN
chargerail	TAKEN
vaultarc	TAKEN
plotroster	TAKEN
crisporbit	TAKEN
dockprobe	AVAIL
plotflow	TAKEN
cipherhelm	AVAIL
castpicket	AVAIL
sealfabric	AVAIL
levelwatch	TAKEN
swiftsignal	TAKEN
chargeyard	TAKEN
crisptrace	TAKEN
deploymill	TAKEN
northlookout	TAKEN
signalbench	TAKEN
embedbench	TAKEN
plotcompass	TAKEN
renderweave	TAKEN
schemaweave	TAKEN
carbonspine	TAKEN
emblembeacon	AVAIL
badgeprobe	AVAIL
craftradar	TAKEN
crispcore	TAKEN
cutlistorbit	AVAIL
trackquay	AVAIL
triagelane	TAKEN
metricwave	TAKEN
pipelinearc	TAKEN
attestvault	TAKEN
charteratlas	TAKEN
steadyrail	TAKEN
raisefolio	TAKEN
floatbench	TAKEN
recordkeep	TAKEN
plainsurvey	TAKEN
weavewave	TAKEN
paletteloom	AVAIL
dockyard	TAKEN
solidprobe	TAKEN
picketprism	AVAIL
guardgauge	TAKEN
primeorbit	TAKEN
guardsummit	TAKEN
lidarframe	AVAIL
embedgraph	TAKEN
approvegrid	AVAIL
clearstudio	TAKEN
drivebasin	AVAIL
spancharter	AVAIL
plainshield	TAKEN
tensorharbor	TAKEN
tracefabric	TAKEN
plaingraph	TAKEN
fleetrecord	TAKEN
surgetower	TAKEN
renewdepot	TAKEN
gateroute	TAKEN
haulcrest	TAKEN
fuelengine	TAKEN
corpusindex	TAKEN
shipscope	TAKEN
forgecompass	TAKEN
consignatlas	AVAIL
corpusanchor	AVAIL
mintsummit	TAKEN
tokenlookout	AVAIL
deployroster	TAKEN
debitsonar	AVAIL
shipgate	TAKEN
siftatlas	AVAIL
voltrail	TAKEN
studiotrail	TAKEN
levelpicket	AVAIL
palettecove	TAKEN
hardenbeacon	AVAIL
fusevolt	TAKEN
scalespine	AVAIL
openspine	TAKEN
cleanplinth	AVAIL
tensormill	TAKEN
turbinewharf	AVAIL
tuneatelier	TAKEN
renewbridge	TAKEN
joinprism	TAKEN
emberkeep	TAKEN
northwave	TAKEN
quietengine	TAKEN
linkchannel	TAKEN
streamledger	TAKEN
badgesensor	AVAIL
ledgergrid	TAKEN
trueroute	TAKEN
assignindex	AVAIL
bedsidedock	AVAIL
turbineindex	TAKEN
gateworks	TAKEN
datasetgate	TAKEN
recordsentry	TAKEN
kindledial	AVAIL
calmdesk	TAKEN
keentorch	AVAIL
haulpillar	AVAIL
tieranvil	AVAIL
cognatemill	AVAIL
servotrace	TAKEN
kindlebridge	TAKEN
streamharbor	TAKEN
shieldledger	TAKEN
fleetkiln	AVAIL
swiftamp	TAKEN
cleanatlas	TAKEN
servoforge	TAKEN
tierchannel	AVAIL
spatialdock	TAKEN
steerlayer	TAKEN
alignscope	TAKEN
vitalsbraid	AVAIL
synapsepulse	TAKEN
pairlattice	AVAIL
weavelookout	AVAIL
coinchart	TAKEN
hardenworks	TAKEN
briskledger	TAKEN
beamguard	TAKEN
embedamp	AVAIL
haultrail	TAKEN
proofalmanac	AVAIL
fuserails	TAKEN
tunechart	TAKEN
alignpatrol	AVAIL
trustchannel	TAKEN
indexboard	TAKEN
sentrytrack	TAKEN
recordshield	TAKEN
drivetruss	AVAIL
scheduleflow	TAKEN
pilotspan	TAKEN
renewdial	AVAIL
signaltrack	TAKEN
covenanthelm	AVAIL
payergauge	AVAIL
sortsensor	TAKEN
framecircuit	TAKEN
rampartstack	TAKEN
modelport	TAKEN
biomassprism	AVAIL
shiftamp	TAKEN
pairsummit	AVAIL
dispatchpath	TAKEN
tunecrest	TAKEN
plotbay	TAKEN
cohortkeep	AVAIL
mandatedock	AVAIL
corpusdesk	TAKEN
dockcompass	TAKEN
creditsignal	TAKEN
clinicbasin	AVAIL
reelcape	TAKEN
steersensor	AVAIL
tracespine	AVAIL
briskdepot	AVAIL
modelkeep	TAKEN
servogate	TAKEN
mintlayer	TAKEN
yieldtower	TAKEN
sealcompass	AVAIL
hydrocore	TAKEN
tokenpulse	TAKEN
signalgauge	TAKEN
wardenkeep	TAKEN
fleetreach	TAKEN
consentcodex	AVAIL
floatreach	AVAIL
linklens	TAKEN
wardenledger	AVAIL
assignworks	TAKEN
solidquay	AVAIL
quietmeter	TAKEN
keenkindle	AVAIL
keenbrief	TAKEN
sortdocket	AVAIL
reelsummit	TAKEN
surgearc	TAKEN
streamvault	TAKEN
facetgauge	AVAIL
reckonkeep	AVAIL
crisprails	AVAIL
settlewave	TAKEN
relayledger	TAKEN
draftmeter	TAKEN
coinpulse	TAKEN
cipherbase	TAKEN
emberflare	TAKEN
consigndrift	AVAIL
leveltruss	AVAIL
sharpturbine	AVAIL
indexatlas	TAKEN
forgeindex	TAKEN
facetplinth	AVAIL
paydock	TAKEN
tokenpanel	TAKEN
docktrail	TAKEN
turbinegrid	TAKEN
alignvigil	AVAIL
lidaranvil	AVAIL
proofgrid	TAKEN
liftbay	TAKEN
forgelantern	TAKEN
plotpeak	TAKEN
lidarcompass	AVAIL
treasurylane	TAKEN
feedfoundry	TAKEN
registerport	AVAIL
hardenanchor	AVAIL
carbontower	TAKEN
vaulthelm	TAKEN
steadycove	TAKEN
levelgate	TAKEN
badgefolio	TAKEN
charterdesk	TAKEN
cleanprobe	TAKEN
reckonlayer	AVAIL
queuemeter	AVAIL
weavelattice	AVAIL
steertrunk	AVAIL
fuseroute	TAKEN
releasekiln	AVAIL
beamfabric	TAKEN
briskpillar	AVAIL
syncmesh	TAKEN
chartforge	TAKEN
groundport	TAKEN
voltsummit	TAKEN
routecompass	TAKEN
gaugeanchor	AVAIL
actuatebay	AVAIL
plainlayer	TAKEN
relayport	TAKEN
carbongraph	TAKEN
soundbay	TAKEN
badgerails	AVAIL
floatsummit	TAKEN
deployforge	TAKEN
offsetgate	AVAIL
patrolwatch	TAKEN
linkframe	TAKEN
surgetrace	TAKEN
prismtrail	TAKEN
vaultcrest	TAKEN
soundengine	TAKEN
depothaven	AVAIL
scanorbit	TAKEN
probewave	TAKEN
escrowmesh	AVAIL
proofbench	TAKEN
haulrelay	TAKEN
covenantseal	AVAIL
siftkindle	AVAIL
draftcape	AVAIL
clinicsonar	TAKEN
weavetrack	TAKEN
remitengine	TAKEN
ciphervigil	TAKEN
trimridge	AVAIL
floatdepot	TAKEN
identharbor	AVAIL
calmloom	TAKEN
offsetgraph	AVAIL
castkeep	TAKEN
controldesk	TAKEN
calmkernel	TAKEN
forgeport	TAKEN
forgehelm	TAKEN
voltpulse	TAKEN
metricbrief	TAKEN
probemeter	AVAIL
studiobay	TAKEN
sharpvigil	TAKEN
boostlookout	AVAIL
surgeflare	TAKEN
carbongauge	TAKEN
sparksensor	TAKEN
meshcompass	TAKEN
biomassarc	AVAIL
ranktower	TAKEN
tierbridge	TAKEN
settlechart	AVAIL
sealvault	TAKEN
invoicecove	AVAIL
signetpillar	AVAIL
kineticworks	TAKEN
picketyard	AVAIL
brightbay	TAKEN
hardenpeak	AVAIL
thermalrails	AVAIL
cleangate	TAKEN
probedesk	TAKEN
gridmap	TAKEN
joinmeter	TAKEN
renewconduit	AVAIL
payoutmesh	TAKEN
swiftbase	TAKEN
rampartgate	AVAIL
matchconduit	AVAIL
handoffrelay	AVAIL
columnport	AVAIL
modelplinth	AVAIL
trackfoundry	TAKEN
keenwarden	TAKEN
quietstream	TAKEN
datasetarc	AVAIL
tokendocket	TAKEN
floathaven	TAKEN
escrowtide	AVAIL
matchgate	TAKEN
relaypillar	AVAIL
identchart	AVAIL
tuneforge	TAKEN
briskbraid	AVAIL
trustshield	TAKEN
hydrospine	TAKEN
scanharbor	TAKEN
cargobeacon	TAKEN
trackpanel	TAKEN
quietcompass	TAKEN
tracktide	TAKEN
clearengine	TAKEN
cargocape	AVAIL
probeboard	AVAIL
complytruss	AVAIL
driveswitch	TAKEN
framecharter	AVAIL
settlefabric	TAKEN
tracekeep	TAKEN
driveanvil	AVAIL
briskquay	AVAIL
mergesonar	AVAIL
northpicket	AVAIL
plotkiln	TAKEN
wardenlens	AVAIL
brightgate	TAKEN
carbonframe	TAKEN
northdial	TAKEN
sequenceloop	TAKEN
sparkdynamo	AVAIL
steadybasin	AVAIL
clinicbrief	TAKEN
pilotharbor	TAKEN
firstcape	TAKEN
coinengine	TAKEN
kilowattrail	AVAIL
controlgate	TAKEN
treasurydesk	TAKEN
stagingpanel	AVAIL
beamswitch	AVAIL
signaltrace	TAKEN
actuatevault	AVAIL
gaugeport	AVAIL
matchkeep	TAKEN
raisecharter	AVAIL
calmweave	TAKEN
bastiondepot	AVAIL
quietbrief	TAKEN
weavetrail	AVAIL
cellgate	TAKEN
craftyard	TAKEN
lenstide	TAKEN
payloadspan	AVAIL
ladingmesh	AVAIL
plotkindle	AVAIL
sparkalmanac	AVAIL
mergepulse	TAKEN
rampartcove	TAKEN
triggertempo	AVAIL
plainkernel	AVAIL
groundtrack	TAKEN
warrantsonar	AVAIL
prismrail	TAKEN
promptbase	TAKEN
levelyard	TAKEN
filingradar	TAKEN
referralmap	TAKEN
launchcape	TAKEN
dockdelta	TAKEN
paircape	AVAIL
tracecore	TAKEN
escrowboard	TAKEN
mintloop	TAKEN
tenderanchor	AVAIL
plotridge	AVAIL
warrantrail	AVAIL
dosagewave	AVAIL
auditworks	TAKEN
tenderplinth	AVAIL
proofmeter	TAKEN
fuelcrest	TAKEN
boostkeep	TAKEN
embedanchor	TAKEN
payercodex	AVAIL
boostgate	TAKEN
primesurvey	TAKEN
inboundwharf	AVAIL
levelcodex	AVAIL
boostlane	TAKEN
pairdepot	AVAIL
moorindex	AVAIL
schemaworks	TAKEN
probemesh	TAKEN
alignember	AVAIL
cipherport	TAKEN
kineticbench	TAKEN
tunewarden	TAKEN
primeseal	TAKEN
gridspan	TAKEN
stagingpress	AVAIL
tempometer	TAKEN
fusetide	TAKEN
deployframe	TAKEN
consentwatch	TAKEN
servoconduit	AVAIL
trustsurvey	TAKEN
plaincodex	AVAIL
infercore	TAKEN
mintregister	TAKEN
facetforge	TAKEN
tunetorch	TAKEN
primekiln	AVAIL
fuelatelier	AVAIL
raisepanel	AVAIL
swiftfolio	TAKEN
liftcurrent	TAKEN
shieldstack	TAKEN
steadyamp	TAKEN
tokenmesh	TAKEN
liftsentry	TAKEN
releasemesh	TAKEN
complyindex	AVAIL
mandateboard	AVAIL
soundlane	TAKEN
thermalindex	TAKEN
payloadwharf	AVAIL
fusestack	TAKEN
steadyloom	TAKEN
trimcurrent	AVAIL
cobotlens	AVAIL
settleflow	TAKEN
tracklookout	AVAIL
synapsekeep	TAKEN
shiprail	TAKEN
charterboard	TAKEN
trackbraid	AVAIL
patchrail	TAKEN
reckonanchor	AVAIL
lensrelay	TAKEN
rollbackwave	AVAIL
liftfolio	TAKEN
schemapath	TAKEN
scandocket	TAKEN
northdynamo	AVAIL
raisepulse	TAKEN
chargedrift	TAKEN
deployloop	TAKEN
wardenworks	TAKEN
calmlens	TAKEN
modelstack	TAKEN
payoutvault	TAKEN
sparkrail	TAKEN
matchdossier	AVAIL
registrydock	AVAIL
fleetlattice	AVAIL
solidcircuit	TAKEN
tracelantern	AVAIL
metricworks	TAKEN
weavedepot	TAKEN
renewgauge	AVAIL
launchfabric	TAKEN
aligndock	TAKEN
alignstack	TAKEN
proofatlas	TAKEN
groundtorch	AVAIL
mintdock	TAKEN
thermalyard	AVAIL
branchroster	AVAIL
paycape	TAKEN
raisewharf	AVAIL
voltvault	TAKEN
aligntruss	AVAIL
kindlebasin	AVAIL
alignsentry	AVAIL
brightrelay	TAKEN
trimyard	TAKEN
mintweave	TAKEN
servoradar	AVAIL
cohortbeacon	AVAIL
forgedial	AVAIL
feedstream	TAKEN
assignarc	TAKEN
kindlerail	AVAIL
keenwharf	AVAIL
servobasin	AVAIL
cleanshield	TAKEN
driveroute	TAKEN
trimsensor	AVAIL
facetpillar	AVAIL
credityard	TAKEN
levelsummit	AVAIL
sharptide	TAKEN
paypanel	TAKEN
filinglayer	TAKEN
assigngraph	AVAIL
raiseyard	AVAIL
cohortbay	AVAIL
synapsetorch	AVAIL
mergepillar	TAKEN
reasontorch	AVAIL
anchordocket	AVAIL
policyarc	TAKEN
consignbench	AVAIL
contextscope	TAKEN
rankmanifest	AVAIL
cointhread	TAKEN
scanrecord	AVAIL
vectorstudio	TAKEN
rankcove	TAKEN
depotbraid	AVAIL
mintsignal	TAKEN
trackember	TAKEN
alignharbor	TAKEN
mintpeak	TAKEN
kilowattyard	TAKEN
metricanchor	TAKEN
tensorkiln	TAKEN
forgespan	TAKEN
vaultchart	TAKEN
renewradar	TAKEN
flowvigil	TAKEN
surgestudio	TAKEN
routepillar	TAKEN
leveltempo	TAKEN
dockmanifest	AVAIL
pilotpress	TAKEN
boostwharf	AVAIL
levelreactor	AVAIL
branchwave	TAKEN
cointide	TAKEN
solarkernel	AVAIL
badgehelm	AVAIL
cellkiln	AVAIL
registrytide	AVAIL
buildkernel	TAKEN
fuelroute	TAKEN
solarbasin	TAKEN
renewpeak	TAKEN
spatialgauge	AVAIL
reelfolio	TAKEN
syncwarden	TAKEN
moorvault	TAKEN
metricmeter	TAKEN
solidstack	TAKEN
cognaterail	AVAIL
embedtrack	AVAIL
cleanwave	TAKEN
mergevault	TAKEN
ampereworks	TAKEN
guardwharf	AVAIL
controlcore	TAKEN
depotforge	TAKEN
plotvolt	TAKEN
wardenfabric	AVAIL
claimroster	AVAIL
hydrosummit	TAKEN
raisechannel	AVAIL
firstatlas	TAKEN
servoprism	AVAIL
pairchannel	TAKEN
frameplinth	AVAIL
weavetower	AVAIL
sparkcadence	TAKEN
briskcore	TAKEN
payorbit	TAKEN
gantrytrack	AVAIL
bindwarden	AVAIL
solargraph	TAKEN
vectorsensor	AVAIL
briskridge	TAKEN
siftdelta	AVAIL
steerlattice	AVAIL
sentrypulse	TAKEN
keenpeak	TAKEN
tunesonar	AVAIL
framevault	TAKEN
steerledger	AVAIL
offsetamp	AVAIL
keystonedock	AVAIL
attestfolio	AVAIL
shipforge	TAKEN
fleetcape	AVAIL
datasetmesh	AVAIL
forgealmanac	AVAIL
keenlookout	TAKEN
boostdepot	TAKEN
mandategate	TAKEN
boostcharter	AVAIL
clearmap	TAKEN
stagingport	TAKEN
steadykiln	AVAIL
surgemesh	TAKEN
ledgerpeak	TAKEN
primevolt	TAKEN
mintsurvey	TAKEN
gateamp	AVAIL
attestpanel	AVAIL
datasetvault	TAKEN
sentrywatch	TAKEN
soundprism	TAKEN
flowtempo	TAKEN
statutedock	AVAIL
synapsegate	TAKEN
auditarc	TAKEN
truebasin	TAKEN
scalechart	TAKEN
keenchart	TAKEN
yieldcharter	AVAIL
brightquay	AVAIL
clinicsummit	TAKEN
ciphermeter	AVAIL
escrowcodex	AVAIL
firstgate	TAKEN
tuneswitch	TAKEN
columnbase	TAKEN
openarc	TAKEN
palletridge	AVAIL
facetfoundry	TAKEN
tenderthread	TAKEN
controlspine	TAKEN
gridforge	TAKEN
recordfabric	AVAIL
verifylens	TAKEN
discloserail	AVAIL
spanbraid	AVAIL
matchwave	TAKEN
plotlayer	TAKEN
cleardial	TAKEN
inferport	TAKEN
sealmesh	TAKEN
fuelswitch	TAKEN
payoutstack	TAKEN
launchrecord	TAKEN
drivegraph	TAKEN
columntruss	AVAIL
drivetrack	TAKEN
fuelsensor	TAKEN
solarpeak	TAKEN
actuateforge	AVAIL
reelwave	TAKEN
levelbasin	AVAIL
relayboard	TAKEN
debitharbor	AVAIL
scalespark	TAKEN
temposonar	AVAIL
opentrack	TAKEN
payloadpress	TAKEN
feedwarden	TAKEN
actuatereach	AVAIL
signalbraid	AVAIL
spanquay	AVAIL
promptrail	TAKEN
biomasshaven	AVAIL
depotcurrent	AVAIL
modelpillar	AVAIL
cobotport	TAKEN
surgechart	TAKEN
pairbridge	TAKEN
transitlane	TAKEN
spantempo	AVAIL
beamroster	AVAIL
yieldspine	AVAIL
spatialkiln	AVAIL
castsummit	AVAIL
cargodrift	TAKEN
solidhaven	TAKEN
complybridge	TAKEN
palletrecord	AVAIL
creditstream	TAKEN
fuelsonar	TAKEN
steerlens	AVAIL
dockturbine	AVAIL
beamworkshop	AVAIL
reelforge	TAKEN
shieldchart	AVAIL
proofpanel	TAKEN
corpuskindle	AVAIL
embedpulse	TAKEN
spancurrent	AVAIL
castgrid	TAKEN
settleforge	TAKEN
feedforge	TAKEN
tensorsensor	TAKEN
patchlayer	TAKEN
vaultbench	TAKEN
corpusharbor	AVAIL
carbongate	TAKEN
tracequay	AVAIL
ledgerhelm	TAKEN
auditchannel	TAKEN
plotprobe	AVAIL
haulframe	TAKEN
recordengine	TAKEN
shieldcove	TAKEN
creditwharf	AVAIL
vaultcove	TAKEN
picketledger	AVAIL
renewspark	TAKEN
truepanel	TAKEN
yieldcore	TAKEN
voltcove	TAKEN
renewreactor	AVAIL
siftengine	TAKEN
escrowprism	AVAIL
sparkrecord	AVAIL
flowpeak	TAKEN
guardharbor	TAKEN
tiercrest	TAKEN
ledgeranchor	TAKEN
framehelm	AVAIL
surgeridge	AVAIL
settlepillar	AVAIL
cipherbasin	TAKEN
surgedock	TAKEN
briskconduit	AVAIL
warrantdesk	AVAIL
runtimekeep	AVAIL
handoffgraph	AVAIL
reelboard	TAKEN
openturbine	TAKEN
launchreach	TAKEN
anchorfolio	TAKEN
thermalridge	TAKEN
stagingtide	AVAIL
paykernel	TAKEN
relayscope	TAKEN
ladingkernel	AVAIL
schedulearc	AVAIL
compilespine	AVAIL
linkquay	AVAIL
sentrysummit	TAKEN
canvascrest	TAKEN
debitstream	TAKEN
escrowledger	TAKEN
debitfabric	AVAIL
thermalhelm	AVAIL
scankindle	TAKEN
framesummit	TAKEN
keystonearc	TAKEN
yieldchannel	TAKEN
fleetindex	TAKEN
trimsummit	AVAIL
relaylattice	TAKEN
castloop	TAKEN
indexcircuit	TAKEN
primewave	TAKEN
schemaledger	TAKEN
swiftlookout	TAKEN
clearcompass	TAKEN
triagepanel	AVAIL
bindmanifest	AVAIL
aligncore	TAKEN
boostbeacon	TAKEN
branchrecord	AVAIL
keenanvil	AVAIL
soundweave	TAKEN
tenderweave	TAKEN
raiserail	TAKEN
inboundrails	AVAIL
fuelwarden	TAKEN
beamshield	TAKEN
reckonanvil	AVAIL
solidwave	TAKEN
tracearc	TAKEN
calmfoundry	TAKEN
chargeindex	TAKEN
escrowgate	TAKEN
settledrift	TAKEN
thermalradar	TAKEN
brightharbor	TAKEN
weavemill	TAKEN
sharpmeter	TAKEN
rankember	TAKEN
patrolgrid	TAKEN
mandateport	AVAIL
auditguard	TAKEN
gaugeforge	TAKEN
keenspan	TAKEN
commitweave	AVAIL
depotvault	TAKEN
transitatlas	TAKEN
statutegrid	AVAIL
fuelorbit	TAKEN
aligndepot	TAKEN
hardenridge	AVAIL
shiparc	TAKEN
emissionhelm	AVAIL
surgethread	TAKEN
sharpsonar	TAKEN
vitalsdial	AVAIL
patchbase	TAKEN
shiftarc	TAKEN
payercadence	AVAIL
alignfoundry	TAKEN
mintarc	TAKEN
swiftdepot	TAKEN
castlayer	TAKEN
streamdelta	TAKEN
cellridge	TAKEN
mergeorbit	TAKEN
syncbase	TAKEN
mergetempo	TAKEN
levelcove	TAKEN
embedlayer	TAKEN
linkarc	TAKEN
vaultprism	TAKEN
linksensor	TAKEN
lastmilegrid	TAKEN
runtimestack	TAKEN
sortdial	AVAIL
invoicespine	AVAIL
proofspine	TAKEN
depotdelta	AVAIL
solarsummit	TAKEN
gridarc	TAKEN
kindleloom	TAKEN
siftmanifest	AVAIL
tempoindex	AVAIL
cognatechart	AVAIL
trackradar	TAKEN
tunedepot	TAKEN
vectoramp	TAKEN
forgewharf	AVAIL
emberprism	TAKEN
vaultlanding	AVAIL
canvasforge	TAKEN
careteamlane	AVAIL
beamsensor	TAKEN
carbonyard	TAKEN
attestsentry	AVAIL
carboncore	TAKEN
commitlayer	TAKEN
cargobay	TAKEN
trackrelay	TAKEN
kindlesonar	AVAIL
surgebench	TAKEN
anchorindex	TAKEN
scanworkshop	TAKEN
creditplinth	AVAIL
approvetrack	AVAIL
coinradar	TAKEN
craftdial	AVAIL
reckonrails	AVAIL
wardenspan	AVAIL
chargerails	AVAIL
forgeanchor	TAKEN
disclosecore	AVAIL
modeltruss	AVAIL
coinkernel	TAKEN
pairguard	TAKEN
surgesignal	TAKEN
tracesignal	TAKEN
modelfoundry	TAKEN
metricroute	TAKEN
feedspine	AVAIL
columnweave	AVAIL
buildloom	TAKEN
clearprobe	TAKEN
policychart	TAKEN
anchorkeep	TAKEN
meshanchor	TAKEN
moormill	AVAIL
beamtrace	TAKEN
indexworks	TAKEN
tierledger	TAKEN
opendesk	TAKEN
invoicelane	TAKEN
patrolprobe	AVAIL
trustharbor	TAKEN
buildconduit	TAKEN
controlprism	TAKEN
biomassmeter	AVAIL
haulregister	AVAIL
dockweave	TAKEN
cargobench	TAKEN
siftmap	TAKEN
brightkindle	TAKEN
buildpath	TAKEN
fleetanvil	AVAIL
kindleroster	AVAIL
spatialmill	AVAIL
facetdock	AVAIL
shiftvault	TAKEN
tunedesk	TAKEN
invoicepulse	TAKEN
northfabric	TAKEN
chartindex	TAKEN
vaultanchor	TAKEN
complywatch	TAKEN
promptkindle	AVAIL
stagingspine	AVAIL
beamgrid	TAKEN
steadysurvey	AVAIL
branchcodex	AVAIL
policygraph	TAKEN
ladingcape	AVAIL
shiploop	TAKEN
soundconduit	AVAIL
craftlayer	TAKEN
levelmeter	TAKEN
deploydocket	AVAIL
steerthread	AVAIL
payloadcore	TAKEN
probelens	TAKEN
creditlens	TAKEN
vitalstide	AVAIL
pairmap	TAKEN
vaultharbor	TAKEN
modelspark	TAKEN
boostforge	TAKEN
moorgate	TAKEN
shieldprism	TAKEN
cobotbridge	TAKEN
dockregister	TAKEN
payoutarc	AVAIL
renewtrunk	AVAIL
draftkernel	AVAIL
firstkeep	TAKEN
levelscope	TAKEN
probetrail	TAKEN
keencrest	TAKEN
reasonport	TAKEN
rankboard	TAKEN
promptledger	TAKEN
voltsonar	AVAIL
rankchannel	TAKEN
moorwatch	TAKEN
kinetictruss	AVAIL
tokencore	TAKEN
firstboard	TAKEN
pairfoundry	TAKEN
guardridge	TAKEN
spatialpulse	TAKEN
tracksignal	TAKEN
plainharbor	TAKEN
relaystack	TAKEN
attestbeacon	AVAIL
buildatelier	TAKEN
raisegrid	TAKEN
gantrychart	AVAIL
ledgerthread	TAKEN
ladingorbit	AVAIL
cobotfoundry	AVAIL
ladingkeep	AVAIL
hydroarc	TAKEN
auditgrid	TAKEN
inboundlane	TAKEN
tempoharbor	TAKEN
paytide	TAKEN
lensconduit	AVAIL
carbonmap	TAKEN
dockbridge	TAKEN
recordcore	TAKEN
truetempo	TAKEN
intaketide	AVAIL
consigncape	AVAIL
firstreach	TAKEN
coinbeacon	TAKEN
lenspath	TAKEN
ladingbasin	AVAIL
drivearc	TAKEN
fuelpulse	TAKEN
patchtide	TAKEN
chargemap	TAKEN
swiftloom	TAKEN
surgecape	AVAIL
ledgerfabric	TAKEN
steeranvil	AVAIL
cleanlanding	TAKEN
raiseroute	TAKEN
spatialmeter	TAKEN
trimkindle	AVAIL
reasongraph	TAKEN
corpusrails	AVAIL
fuelstudio	TAKEN
joinspark	TAKEN
shiplane	TAKEN
cohortspan	AVAIL
deployplinth	AVAIL
scaleconduit	TAKEN
rampartvigil	AVAIL
quietcove	TAKEN
signetboard	AVAIL
yieldwave	TAKEN
tokenrails	TAKEN
prismspine	AVAIL
tunebase	TAKEN
agentprism	TAKEN
launchsummit	TAKEN
cadencebraid	AVAIL
probecharter	AVAIL
boostkiln	AVAIL
controltower	TAKEN
cleantower	TAKEN
statutewatch	AVAIL
plainrail	AVAIL
emberlattice	TAKEN
plainalmanac	AVAIL
handoffpath	TAKEN
attestpillar	AVAIL
metricengine	TAKEN
creditorbit	TAKEN
fuseboard	TAKEN
creditbridge	TAKEN
trimspine	AVAIL
debitengine	TAKEN
flowspine	TAKEN
sentryhelm	AVAIL
tracktempo	TAKEN
tuneloom	TAKEN
sentryguard	TAKEN
trackpeak	TAKEN
buildcore	TAKEN
trueindex	TAKEN
crisplattice	AVAIL
briskbeacon	TAKEN
runtimetrunk	AVAIL
siftquay	AVAIL
compilepath	AVAIL
sortshield	AVAIL
sharpgauge	TAKEN
mergecadence	AVAIL
voltscope	TAKEN
truecore	TAKEN
draftpulse	TAKEN
parallaxgate	AVAIL
bedsidetrace	AVAIL
reelreach	TAKEN
forgepath	TAKEN
scalealmanac	AVAIL
gaugeledger	TAKEN
handoffcore	TAKEN
sequencespan	AVAIL
weavespan	TAKEN
tracksonar	TAKEN
servoplinth	AVAIL
tracelanding	AVAIL
levelpress	TAKEN
forgedelta	TAKEN
verifytrack	TAKEN
gantrytruss	AVAIL
voltmeter	TAKEN
feedledger	TAKEN
covenantdock	AVAIL
voltlanding	AVAIL
verifybase	TAKEN
kinetictrunk	AVAIL
anchorsummit	TAKEN
opencore	TAKEN
yieldcompass	TAKEN
draftradar	TAKEN
yieldcodex	AVAIL
floatcurrent	AVAIL
quietsummit	TAKEN
rampartframe	AVAIL
weavecharter	AVAIL
launchwarden	TAKEN
indexsignal	TAKEN
boostmap	TAKEN
northyard	TAKEN
plotguard	TAKEN
compileweave	AVAIL
sortengine	TAKEN
kindlebase	AVAIL
truepulse	TAKEN
tabularlens	AVAIL
biomassvolt	AVAIL
payercrest	AVAIL
briskroster	AVAIL
calmvigil	AVAIL
cohortsurvey	AVAIL
leveltorch	AVAIL
tracedossier	TAKEN
actuatebase	AVAIL
steercharter	AVAIL
picketgate	AVAIL
aligncape	AVAIL
scaletorch	TAKEN
signalbrief	TAKEN
tuneamp	TAKEN
identpanel	AVAIL
alignpath	TAKEN
gatehaven	TAKEN
cleanbasin	TAKEN
commitloom	TAKEN
palettewharf	AVAIL
handoffgrid	TAKEN
chartcape	AVAIL
raiseroster	AVAIL
transitgrid	TAKEN
drafthaven	TAKEN
beamscope	TAKEN
firstlayer	TAKEN
turbineamp	AVAIL
moorloom	AVAIL
buildchannel	TAKEN
swiftengine	TAKEN
linksonar	TAKEN
statutebrief	AVAIL
steerlookout	AVAIL
flowhelm	TAKEN
steerguard	TAKEN
moorscope	AVAIL
tierpicket	AVAIL
beamseal	AVAIL
parallaxmesh	AVAIL
actuatekiln	AVAIL
proofpicket	AVAIL
turbinegauge	AVAIL
freightloop	TAKEN
releasebase	TAKEN
groundbay	TAKEN
dockbase	TAKEN
signalframe	TAKEN
palletdesk	TAKEN
linkdock	TAKEN
claimarc	TAKEN
trueweave	TAKEN
remitwave	TAKEN
escrowrecord	TAKEN
scancurrent	TAKEN
filingsentry	TAKEN
consentframe	AVAIL
gridgauge	TAKEN
pairanvil	AVAIL
chartpatrol	TAKEN
depotpillar	AVAIL
sequencewave	TAKEN
shieldpicket	AVAIL
anchorwarden	TAKEN
renderwharf	AVAIL
settlequay	AVAIL
forgedocket	AVAIL
cargotempo	TAKEN
scanmill	TAKEN
tunecompass	TAKEN
plotsensor	TAKEN
cohortswitch	AVAIL
levelfolio	TAKEN
payloadanvil	AVAIL
tendertower	TAKEN
forgelanding	AVAIL
vitalsdocket	AVAIL
queuepath	TAKEN
bindcape	AVAIL
studioweave	TAKEN
signaldrift	TAKEN
temposurvey	AVAIL
plainspine	AVAIL
sealfoundry	AVAIL
vitalsgauge	AVAIL
canvasflow	TAKEN
gaugeworks	TAKEN
triagebraid	AVAIL
pilotbay	TAKEN
lensprobe	TAKEN
proofharbor	TAKEN
drivespine	AVAIL
reelpanel	TAKEN
prismpulse	TAKEN
hardenseal	AVAIL
dosageyard	AVAIL
offsetyard	AVAIL
cipherchart	TAKEN
kindleshield	AVAIL
syncflare	TAKEN
quietspan	TAKEN
reckoncore	AVAIL
facetscope	TAKEN
draftatelier	TAKEN
offsetkindle	AVAIL
surgespine	AVAIL
picketsensor	AVAIL
deploybench	TAKEN
hardenbay	AVAIL
citadelforge	TAKEN
soundkindle	AVAIL
steadyport	TAKEN
consentmeter	AVAIL
debitreach	AVAIL
steadymill	TAKEN
payfoundry	TAKEN
sparkindex	TAKEN
mergevolt	AVAIL
tunehaven	TAKEN
joinwatch	TAKEN
tunecodex	AVAIL
steadyanvil	AVAIL
solarturbine	TAKEN
modelsignal	TAKEN
tracechannel	TAKEN
gantryledger	AVAIL
feedsignal	TAKEN
facetkernel	AVAIL
triggerboard	TAKEN
haulworks	TAKEN
metricthread	TAKEN
gatecharter	TAKEN
weaverelay	AVAIL
feedcadence	AVAIL
controlstack	TAKEN
moorcadence	AVAIL
tokengrid	TAKEN
vaultbraid	AVAIL
bastiontrack	AVAIL
castmanifest	AVAIL
dockledger	TAKEN
commitbase	TAKEN
carbondock	TAKEN
raisebase	TAKEN
hardenrails	AVAIL
registrylane	TAKEN
gatebasin	AVAIL
lensgate	TAKEN
reelbay	TAKEN
shiftbraid	AVAIL
studioboard	TAKEN
firstrecord	TAKEN
castcompass	TAKEN
haulanchor	TAKEN
picketdock	AVAIL
haulbench	AVAIL
tendergate	TAKEN
spanfoundry	TAKEN
scaletruss	TAKEN
bastionwatch	TAKEN
calmgrid	TAKEN
tunewave	TAKEN
attestatlas	TAKEN
scalechannel	TAKEN
canvaskiln	AVAIL
craftsonar	AVAIL
sparkpicket	AVAIL
corpusbraid	AVAIL
sparkdepot	TAKEN
chargegauge	AVAIL
forgespark	TAKEN
moorseal	AVAIL
auditdock	TAKEN
runtimecore	TAKEN
framemill	TAKEN
cadencetruss	AVAIL
openwave	TAKEN
clinichaven	TAKEN
plainfolio	TAKEN
floatpanel	TAKEN
linkvault	TAKEN
rankframe	TAKEN
clearledger	TAKEN
bastionlens	AVAIL
castember	TAKEN
contextdock	TAKEN
remitpulse	TAKEN
wardencove	TAKEN
chargegrid	TAKEN
raisereach	TAKEN
wardenframe	AVAIL
raisedelta	TAKEN
feedarc	TAKEN
beamloom	TAKEN
patchboard	TAKEN
swiftbridge	TAKEN
linkgate	TAKEN
scalecircuit	TAKEN
statuteprism	AVAIL
disclosedial	AVAIL
cargofabric	TAKEN
swiftatlas	TAKEN
forgeboard	TAKEN
freightlayer	TAKEN
debitsummit	AVAIL
servochannel	TAKEN
emberbase	TAKEN
verifyanchor	TAKEN
castyard	TAKEN
steerlanding	AVAIL
identlookout	AVAIL
attestdial	AVAIL
actuatecrest	AVAIL
floatridge	AVAIL
tendercrest	TAKEN
shiftlayer	TAKEN
sequenceflow	TAKEN
firstgauge	TAKEN
draftpatrol	AVAIL
sequencetide	AVAIL
reelanvil	TAKEN
fusepeak	TAKEN
plainthread	TAKEN
weightfabric	TAKEN
cleantrace	TAKEN
opentorch	TAKEN
cadencebase	TAKEN
emberconduit	AVAIL
meshlayer	TAKEN
syncrecord	TAKEN
siftguard	TAKEN
tracklane	TAKEN
mergepicket	AVAIL
tensorpulse	TAKEN
northlanding	TAKEN
northfolio	TAKEN
sentryquay	AVAIL
scanfabric	TAKEN
mergetrunk	AVAIL
dispatcharc	AVAIL
tracktower	TAKEN
sparkbridge	TAKEN
reelcharter	TAKEN
dispatchcove	TAKEN
renewplinth	AVAIL
openradar	TAKEN
clinicpulse	TAKEN
quietgate	TAKEN
trackcove	TAKEN
moorworks	TAKEN
syncflow	TAKEN
brightpeak	TAKEN
transitspine	AVAIL
pilotcove	TAKEN
auditspan	TAKEN
joinradar	TAKEN
primeprism	TAKEN
clearswitch	TAKEN
raisetrail	AVAIL
cutlistbay	AVAIL
levelcore	TAKEN
pairtorch	AVAIL
coinpillar	TAKEN
raiseloom	AVAIL
tracetruss	AVAIL
columnbridge	TAKEN
cognatespine	AVAIL
liftbase	TAKEN
haultrunk	AVAIL
streamflow	TAKEN
agentkeep	TAKEN
liftrelay	TAKEN
inferspark	TAKEN
bindrelay	AVAIL
forgearc	TAKEN
bindatlas	TAKEN
hydrotruss	AVAIL
spandocket	AVAIL
fleetstream	TAKEN
spanstream	TAKEN
sortflare	AVAIL
trueprobe	TAKEN
freightpanel	TAKEN
corpusport	AVAIL
anchorsurvey	TAKEN
tenderindex	TAKEN
chartharbor	TAKEN
fusegauge	AVAIL
compilevault	TAKEN
mergeanchor	AVAIL
clearlattice	TAKEN
fuelrail	TAKEN
tokenseal	TAKEN
handoffsonar	AVAIL
hydrolattice	AVAIL
craftloop	TAKEN
shieldsentry	TAKEN
verifydial	TAKEN
transitbrief	AVAIL
commitfolio	AVAIL
tempotrack	TAKEN
tenderbay	TAKEN
swiftpillar	TAKEN
swiftanvil	AVAIL
cognatecore	AVAIL
buildcharter	TAKEN
firstdepot	TAKEN
beamsummit	TAKEN
triagethread	AVAIL
relaytide	TAKEN
patchpillar	AVAIL
synapseprobe	AVAIL
linkport	TAKEN
scantrace	TAKEN
gaugeboard	TAKEN
trustanchor	TAKEN
castweave	TAKEN
reelpath	TAKEN
scalehaven	TAKEN
identarc	AVAIL
calmfabric	TAKEN
freightvault	TAKEN
drivepatrol	TAKEN
palletpanel	TAKEN
gaugemap	TAKEN
gantryhaven	AVAIL
payoutharbor	TAKEN
steadysignal	TAKEN
kindlemill	AVAIL
docktempo	AVAIL
debitchart	AVAIL
openbraid	TAKEN
pairyard	AVAIL
vitalsridge	AVAIL
clearshield	TAKEN
queuetempo	TAKEN
patrolbay	AVAIL
pilotdocket	AVAIL
sealsurvey	AVAIL
steertrace	AVAIL
siftanvil	AVAIL
scansensor	TAKEN
scanlantern	AVAIL
policytrunk	TAKEN
boostswitch	TAKEN
pairharbor	TAKEN
chargetruss	AVAIL
primetower	TAKEN
drivebase	TAKEN
raiserails	TAKEN
reckontrunk	AVAIL
mintrecord	TAKEN
openspark	TAKEN
tabulargauge	AVAIL
gantrytrunk	AVAIL
mintradar	TAKEN
runtimepress	TAKEN
handoffatlas	AVAIL
controltruss	AVAIL
assignorbit	AVAIL
yieldpath	TAKEN
bindmesh	TAKEN
voltridge	TAKEN
draftstudio	TAKEN
claimrecord	TAKEN
spatialtrack	TAKEN
picketarc	AVAIL
anchorstudio	TAKEN
intakeindex	AVAIL
ledgercrest	TAKEN
weightmesh	TAKEN
truerecord	TAKEN
raisecircuit	AVAIL
biomasschart	AVAIL
liftmesh	TAKEN
fusestudio	TAKEN
emissiongate	AVAIL
badgetrunk	AVAIL
agentpress	TAKEN
fueltorch	TAKEN
alignkernel	AVAIL
kindletrunk	AVAIL
tokenchannel	TAKEN
debitorbit	AVAIL
consigntruss	AVAIL
relaybraid	AVAIL
amperelens	AVAIL
flowstream	TAKEN
biomassflare	AVAIL
clinicloop	TAKEN
groundpatrol	TAKEN
debitrecord	AVAIL
promptlayer	TAKEN
attestengine	TAKEN
promptsurvey	TAKEN
synctide	TAKEN
proofwatch	TAKEN
dockorbit	TAKEN
gantrybridge	AVAIL
alignroster	AVAIL
palettequay	AVAIL
attestmeter	AVAIL
signalradar	TAKEN
payworks	TAKEN
auditmap	TAKEN
paydial	TAKEN
beamatelier	TAKEN
escrowrails	TAKEN
aligncodex	AVAIL
disclosegate	AVAIL
pilotbridge	TAKEN
corpuslane	TAKEN
payledger	TAKEN
guardlantern	AVAIL
cohortgrid	TAKEN
solidguard	TAKEN
mintrail	TAKEN
modelcompass	TAKEN
kindledocket	AVAIL
treasurypath	TAKEN
remitconduit	AVAIL
streamtruss	AVAIL
freightfolio	TAKEN
levelkiln	AVAIL
brightseal	TAKEN
openhaven	TAKEN
crispalmanac	AVAIL
trackroute	TAKEN
embedreactor	AVAIL
ranksummit	TAKEN
depotrelay	AVAIL
dockcircuit	AVAIL
routerecord	TAKEN
fusecape	AVAIL
spangauge	TAKEN
streamwatch	TAKEN
plotarc	TAKEN
gateharbor	TAKEN
fuseanvil	AVAIL
kineticarc	TAKEN
shiftcodex	TAKEN
identdossier	AVAIL
tokencodex	TAKEN
patrolpeak	AVAIL
kilowattport	AVAIL
coincrest	TAKEN
routeharbor	TAKEN
liftkiln	AVAIL
moorsonar	AVAIL
joinstream	TAKEN
steadyworks	TAKEN
calmkindle	TAKEN
steerlantern	AVAIL
facetdesk	AVAIL
vaultcadence	AVAIL
prismdocket	AVAIL
dosagelens	AVAIL
calmlanding	TAKEN
hardenbase	AVAIL
streamvolt	TAKEN
triagesurvey	AVAIL
solidkeep	TAKEN
payertempo	AVAIL
linkalmanac	AVAIL
indexlayer	TAKEN
trimvolt	TAKEN
boostdial	TAKEN
plotdocket	AVAIL
remitlayer	TAKEN
beamdocket	AVAIL
sparklattice	TAKEN
joinwharf	AVAIL
surgekeep	TAKEN
paycurrent	TAKEN
tracestudio	TAKEN
plainvault	TAKEN
syncledger	TAKEN
lidarconduit	AVAIL
relayatlas	TAKEN
ladingloop	AVAIL
streamtorch	TAKEN
badgeharbor	TAKEN
soundgate	TAKEN
trackwarden	TAKEN
palletrails	TAKEN
surgedial	TAKEN
palletdelta	AVAIL
hardencove	AVAIL
drivetide	TAKEN
matchrail	TAKEN
vitalstempo	AVAIL
quietcurrent	TAKEN
trimbraid	AVAIL
invoicemap	TAKEN
routerails	AVAIL
plotreactor	TAKEN
keystonespan	AVAIL
mintlanding	TAKEN
canvasorbit	TAKEN
paircompass	AVAIL
scanboard	TAKEN
commitstream	TAKEN
invoicebay	TAKEN
patchanchor	AVAIL
rampartcape	AVAIL
trimconduit	AVAIL
plotcircuit	AVAIL
northcape	TAKEN
castkiln	AVAIL
thermalamp	TAKEN
buildatlas	TAKEN
driveforge	TAKEN
crisprelay	TAKEN
solarbase	TAKEN
patrolrails	AVAIL
solidshield	TAKEN
rankdossier	AVAIL
steadygrid	TAKEN
paycadence	TAKEN
joinarc	TAKEN
cognatetorch	AVAIL
debitbridge	AVAIL
payloadchart	AVAIL
patchweave	TAKEN
synapsehelm	AVAIL
sealsentry	TAKEN
surgekiln	AVAIL
citadeldock	TAKEN
sealfolio	AVAIL
cleanquay	AVAIL
cohortlayer	TAKEN
fleetcodex	AVAIL
liftrecord	TAKEN
probegate	TAKEN
proofwarden	TAKEN
swiftbay	TAKEN
scaletrace	TAKEN
verifyguard	TAKEN
metricindex	TAKEN
warrantvault	TAKEN
anchortruss	AVAIL
signetbase	AVAIL
aligntide	TAKEN
recordanchor	TAKEN
surgerelay	AVAIL
tunesurvey	TAKEN
boostmill	TAKEN
alignlens	TAKEN
quietforge	TAKEN
facetframe	AVAIL
buildswitch	TAKEN
chartflare	TAKEN
rankatelier	TAKEN
sentrygrid	TAKEN
filingtower	AVAIL
promptatlas	TAKEN
northbase	TAKEN
renewprism	TAKEN
northtempo	TAKEN
tierconduit	AVAIL
sortsummit	AVAIL
kinetichelm	TAKEN
gaugepulse	TAKEN
cleancurrent	TAKEN
plotledger	TAKEN
synclantern	AVAIL
surgeboard	TAKEN
payoutgate	TAKEN
tenderbeacon	TAKEN
buildroster	TAKEN
columnmeter	AVAIL
complyfolio	TAKEN
chargedock	TAKEN
boostgauge	TAKEN
shieldplinth	AVAIL
agentanchor	TAKEN
assignatlas	AVAIL
chartchannel	TAKEN
feedkiln	TAKEN
truelantern	TAKEN
consigntide	AVAIL
pilotwarden	AVAIL
kindlevolt	TAKEN
ledgerweave	TAKEN
fleetlayer	TAKEN
cadencecore	TAKEN
proofspan	TAKEN
boostweave	AVAIL
routeindex	TAKEN
joinrecord	TAKEN
servoengine	TAKEN
attestlens	AVAIL
sparkrails	TAKEN
transitframe	AVAIL
traceseal	TAKEN
trimflare	TAKEN
embertrunk	AVAIL
cleanfabric	TAKEN
renewsensor	TAKEN
pilotrecord	TAKEN
forgesonar	AVAIL
steadykindle	AVAIL
drivewarden	TAKEN
rampartgauge	AVAIL
careteamyard	AVAIL
solarspine	TAKEN
payoutpath	TAKEN
voltledger	TAKEN
plainscope	TAKEN
forgeswitch	AVAIL
tendersignal	TAKEN
northradar	TAKEN
coingate	TAKEN
recordrail	TAKEN
palletworks	TAKEN
framerelay	TAKEN
mergestudio	TAKEN
amperecape	AVAIL
voltlattice	TAKEN
bindanvil	AVAIL
fuelcore	TAKEN
vaultplinth	AVAIL
clinicdepot	TAKEN
actuatecore	TAKEN
policybrief	TAKEN
shipanchor	TAKEN
proofgauge	TAKEN
cobotcore	TAKEN
sharpwarden	TAKEN
drivedossier	TAKEN
lidaranchor	AVAIL
yieldroster	AVAIL
forgefoundry	TAKEN
jointrack	TAKEN
chartroute	TAKEN
lastmileyard	TAKEN
chartdocket	AVAIL
carbonspark	TAKEN
feedpicket	AVAIL
ledgerstack	TAKEN
consentrails	AVAIL
facetloop	AVAIL
palletstream	TAKEN
lensbraid	AVAIL
buildframe	TAKEN
bindcharter	AVAIL
shipdynamo	AVAIL
scanmap	TAKEN
renewtruss	AVAIL
feedthread	TAKEN
sparkridge	TAKEN
embergate	TAKEN
compiletrail	AVAIL
controlvigil	AVAIL
steerconduit	AVAIL
policybase	TAKEN
rampartscope	AVAIL
feedanchor	TAKEN
vaultcircuit	TAKEN
wardenport	TAKEN
cutlistdock	AVAIL
solidtide	TAKEN
castforge	TAKEN
solarcore	TAKEN
statutevault	AVAIL
linktrail	TAKEN
rollbackflow	AVAIL
attestroster	AVAIL
complyroster	TAKEN
bindconduit	AVAIL
soundstudio	TAKEN
mintroster	AVAIL
chartrail	AVAIL
steeratelier	AVAIL
anchormap	TAKEN
ladingpillar	AVAIL
paybasin	AVAIL
remitwharf	AVAIL
auditrecord	TAKEN
servopeak	TAKEN
coinridge	TAKEN
recordmesh	TAKEN
flowquay	TAKEN
pilotchart	TAKEN
assignrail	AVAIL
joinreactor	AVAIL
wardenstack	AVAIL
traceroster	TAKEN
frameorbit	TAKEN
floatradar	TAKEN
liftdynamo	AVAIL
clearframe	TAKEN
chargepath	TAKEN
modelgrid	TAKEN
driveport	TAKEN
quietreactor	TAKEN
firstcore	TAKEN
cobotradar	AVAIL
triagedial	AVAIL
meshspine	AVAIL
clearcape	TAKEN
siftspine	AVAIL
primelayer	TAKEN
trackgate	TAKEN
recordarc	TAKEN
levelroster	AVAIL
scanregister	AVAIL
craftrail	TAKEN
floatgraph	TAKEN
tunemap	TAKEN
fusesummit	TAKEN
turbinecove	AVAIL
linkshield	TAKEN
haulconduit	AVAIL
embersonar	AVAIL
alignquay	AVAIL
rampartwatch	TAKEN
sharpindex	TAKEN
registryrail	TAKEN
cadencehelm	TAKEN
yieldrail	TAKEN
citadelgate	TAKEN
paircurrent	AVAIL
verifybrief	AVAIL
chargeworks	TAKEN
tokenvigil	TAKEN
raiselantern	AVAIL
embedstudio	TAKEN
datasetlayer	TAKEN
controlgrid	TAKEN
tracekiln	AVAIL
escrowtrunk	AVAIL
forgelens	TAKEN
deployharbor	TAKEN
leveldossier	AVAIL
tokenboard	TAKEN
claimseal	TAKEN
raisekeep	AVAIL
openbrief	TAKEN
trueframe	TAKEN
tendersurvey	AVAIL
vectorbase	TAKEN
approveframe	AVAIL
siftcove	AVAIL
controlatlas	TAKEN
pairprobe	AVAIL
craftpeak	TAKEN
signetbeacon	AVAIL
consignridge	AVAIL
moortower	AVAIL
drivebay	TAKEN
emblemgauge	AVAIL
signetpanel	AVAIL
frameloop	TAKEN
flowchannel	TAKEN
truestack	TAKEN
policyforge	TAKEN
tokenlayer	TAKEN
tokendesk	TAKEN
plainwatch	TAKEN
depotgate	TAKEN
payoutdial	AVAIL
gridpeak	TAKEN
keenmeter	AVAIL
driveprobe	AVAIL
dockcurrent	AVAIL
forgeshield	TAKEN
primeatlas	TAKEN
offsetdepot	AVAIL
truegrid	TAKEN
signalpanel	TAKEN
levelplinth	AVAIL
solidkiln	AVAIL
assignpulse	TAKEN
signalbase	TAKEN
buildanchor	TAKEN
plainhaven	TAKEN
beamstream	TAKEN
pilotradar	TAKEN
framefolio	TAKEN
emblembridge	AVAIL
cleankeep	TAKEN
primelens	TAKEN
invoicereach	TAKEN
cleanpulse	TAKEN
sortkernel	AVAIL
fuserecord	AVAIL
jointrail	TAKEN
servolattice	AVAIL
sentinelgrid	TAKEN
scandock	TAKEN
steadybrief	TAKEN
tracehaven	TAKEN
tokensonar	TAKEN
consentgraph	TAKEN
spansentry	AVAIL
anchordial	AVAIL
hardenwharf	AVAIL
embedscope	TAKEN
autonomyarc	AVAIL
chartfabric	AVAIL
trimvigil	AVAIL
floatstream	TAKEN
paystream	TAKEN
groundloom	TAKEN
moorbrief	AVAIL
steadywharf	AVAIL
coinsignal	TAKEN
renewcompass	AVAIL
corpusworks	TAKEN
sequencehelm	AVAIL
frameconduit	TAKEN
lidarbeacon	AVAIL
linkmill	TAKEN
flowroute	TAKEN
warrantscope	TAKEN
swiftgauge	TAKEN
amperevolt	TAKEN
beamcompass	TAKEN
payerbasin	AVAIL
syncweave	TAKEN
actuateloom	AVAIL
fuelpath	TAKEN
claimrails	TAKEN
vectorbench	TAKEN
joinguard	TAKEN
relaysignal	TAKEN
shieldpulse	TAKEN
joinmesh	TAKEN
shipdesk	TAKEN
remitfoundry	AVAIL
moorbay	TAKEN
steerseal	AVAIL
streambeacon	TAKEN
cleanrecord	TAKEN
trimforge	TAKEN
debitdocket	AVAIL
plotlane	TAKEN
buildpress	TAKEN
schedulerail	AVAIL
metricpath	TAKEN
northreactor	AVAIL
columnforge	TAKEN
agentsonar	TAKEN
raisecove	AVAIL
pilotloop	TAKEN
truevolt	TAKEN
tempocore	TAKEN
bedsidewave	AVAIL
trimcore	TAKEN
cobotmesh	TAKEN
buildstack	TAKEN
tracecurrent	TAKEN
shiftatlas	TAKEN
filingpulse	TAKEN
reelflow	TAKEN
settlemeter	AVAIL
identpicket	AVAIL
patrolmeter	AVAIL
coinlattice	TAKEN
linkroute	TAKEN
meshgate	TAKEN
fusecodex	AVAIL
tokenlantern	TAKEN
fuelflare	TAKEN
freightcove	TAKEN
linklookout	TAKEN
chargepeak	TAKEN
palletwave	AVAIL
wardendock	AVAIL
hardenrail	AVAIL
clearpulse	TAKEN
sealgate	TAKEN
cleartrack	TAKEN
beamcrest	TAKEN
sparkloop	TAKEN
modelchannel	TAKEN
branchbase	TAKEN
signaltide	TAKEN
settledock	TAKEN
mergespark	TAKEN
weightanvil	AVAIL
proofsurvey	TAKEN
depotport	AVAIL
rankwave	TAKEN
levelwave	TAKEN
scalesignal	TAKEN
guardconduit	AVAIL
payloadradar	AVAIL
fusetorch	TAKEN
runtimerail	TAKEN
groundsignal	TAKEN
emberledger	TAKEN
fuseindex	TAKEN
cleardynamo	AVAIL
joinloop	TAKEN
tunetempo	TAKEN
bindgate	TAKEN
fusepath	TAKEN
queuecircuit	AVAIL
joinflare	TAKEN
payoutcodex	AVAIL
embedbridge	TAKEN
soundtruss	TAKEN
cohortbraid	AVAIL
launchsensor	AVAIL
draftrail	TAKEN
consignbasin	AVAIL
filingkeep	AVAIL
triggerbase	TAKEN
inferworks	TAKEN
stagingtrunk	AVAIL
castsonar	TAKEN
soundcrest	TAKEN
weightradar	TAKEN
routeorbit	TAKEN
moorpicket	AVAIL
dockcove	TAKEN
forgebay	TAKEN
dockember	AVAIL
triggertrace	TAKEN
creditlayer	TAKEN
badgecodex	AVAIL
shiftanvil	AVAIL
cohortyard	TAKEN
commitpress	TAKEN
triggermesh	TAKEN
kineticvault	TAKEN
streamstudio	TAKEN
alignbrief	TAKEN
vectorbeacon	TAKEN
attestgate	TAKEN
brightridge	TAKEN
craftchannel	TAKEN
solidsignal	TAKEN
paytempo	TAKEN
chartertruss	AVAIL
queuethread	AVAIL
beamhaven	TAKEN
soundbrief	TAKEN
indexengine	TAKEN
clearhelm	TAKEN
amperepeak	AVAIL
gantrykernel	AVAIL
openridge	TAKEN
lenspillar	AVAIL
paletteloop	AVAIL
calmforge	TAKEN
dosagetrace	AVAIL
vaultdocket	TAKEN
claimplinth	AVAIL
haulpath	TAKEN
facetconduit	AVAIL
floatlayer	TAKEN
raisestack	TAKEN
palletdrift	AVAIL
shiprecord	TAKEN
dockpath	TAKEN
boostdrift	TAKEN
artifactgate	AVAIL
cadenceport	AVAIL
pilotridge	TAKEN
badgeframe	TAKEN
cleanprism	TAKEN
framepath	TAKEN
meshradar	TAKEN
mergekindle	AVAIL
levelkernel	AVAIL
wardencrest	AVAIL
payrails	TAKEN
auditprism	TAKEN
consigndelta	AVAIL
identdock	AVAIL
trackloop	TAKEN
openindex	TAKEN
weavedocket	AVAIL
solarindex	TAKEN
framepress	TAKEN
chartalmanac	TAKEN
castmesh	TAKEN
groundquay	AVAIL
metricgauge	TAKEN
buildgate	TAKEN
tiertrace	TAKEN
craftdynamo	AVAIL
gantryprism	AVAIL
tuneframe	TAKEN
metricscope	TAKEN
cobotengine	TAKEN
shipsurvey	TAKEN
beamtrack	TAKEN
tabularworks	TAKEN
cleanflare	TAKEN
surgeroster	AVAIL
beampress	TAKEN
soundspark	TAKEN
remitlanding	AVAIL
tunelens	TAKEN
disclosegrid	AVAIL
anchorbay	TAKEN
fuselayer	TAKEN
recordprobe	AVAIL
cellsonar	TAKEN
biomasstrace	TAKEN
covenantbase	TAKEN
picketguard	TAKEN
weavevault	TAKEN
debitswitch	TAKEN
proofdossier	AVAIL
bastionframe	TAKEN
gridvolt	TAKEN
shieldbasin	AVAIL
reckonvolt	AVAIL
registerhelm	AVAIL
scalecove	TAKEN
feedstack	TAKEN
deploygrid	TAKEN
lensframe	TAKEN
policyplinth	AVAIL
raiseradar	TAKEN
rankindex	TAKEN
meshfoundry	TAKEN
castfabric	AVAIL
corpusanvil	AVAIL
runtimeboard	AVAIL
proofdocket	TAKEN
steadythread	TAKEN
joinbay	TAKEN
fusetempo	TAKEN
palettepress	TAKEN
voltcompass	TAKEN
shiftbay	TAKEN
trustvigil	TAKEN
creditroster	TAKEN
dockrail	TAKEN
clearwave	TAKEN
beambase	TAKEN
cleanturbine	TAKEN
queuechannel	TAKEN
vaultradar	TAKEN
yieldlayer	TAKEN
renewanchor	AVAIL
wardenpillar	AVAIL
weaveridge	AVAIL
alignstudio	TAKEN
plotcove	TAKEN
sortindex	TAKEN
kilowattbay	AVAIL
mintgate	TAKEN
bedsideflow	AVAIL
settletrack	TAKEN
forgestudio	TAKEN
craftlantern	TAKEN
auditradar	TAKEN
indexstack	TAKEN
settleplinth	AVAIL
corpusframe	TAKEN
claimlookout	AVAIL
beamflow	TAKEN
scalepicket	AVAIL
spanspine	AVAIL
releaseorbit	AVAIL
freightforge	TAKEN
crispbridge	TAKEN
renderfolio	TAKEN
releaseport	TAKEN
tenderledger	TAKEN
craftroster	TAKEN
payoutdesk	TAKEN
payloadcove	AVAIL
cipherdelta	AVAIL
reckonlens	AVAIL
triggervault	TAKEN
cadenceflow	TAKEN
kindledrift	TAKEN
openbasin	TAKEN
tabulartruss	AVAIL
sortdesk	TAKEN
biomasspulse	AVAIL
escrowsurvey	TAKEN
calmbraid	AVAIL
fusedocket	AVAIL
tunesummit	AVAIL
cohortboard	TAKEN
sharpyard	TAKEN
fuelchart	TAKEN
levelbench	TAKEN
emblemport	AVAIL
canvasbench	AVAIL
prismroute	TAKEN
draftquay	AVAIL
trimsignal	TAKEN
picketwarden	AVAIL
gantryport	AVAIL
turbinedial	AVAIL
claimfolio	TAKEN
fuselookout	AVAIL
forgekindle	AVAIL
charterlens	TAKEN
facetpath	AVAIL
debitdock	AVAIL
identprobe	AVAIL
linklayer	TAKEN
meshcore	TAKEN
driveboard	TAKEN
complyvault	TAKEN
compileloom	AVAIL
consignframe	AVAIL
swiftradar	TAKEN
calmbridge	TAKEN
guardlookout	AVAIL
ladingrelay	AVAIL
steadyanchor	TAKEN
thermalmesh	TAKEN
shiftdocket	AVAIL
paydrift	TAKEN
trimvault	TAKEN
vaultdrift	TAKEN
steadyledger	TAKEN
fuseswitch	TAKEN
tempoanchor	AVAIL
escrowbrief	AVAIL
feedgate	TAKEN
agentpulse	TAKEN
chartlane	TAKEN
yieldplinth	AVAIL
feedflare	TAKEN
statutetrace	AVAIL
depotstream	TAKEN
claimrail	TAKEN
ledgeratlas	TAKEN
kindlespark	TAKEN
surgeconduit	AVAIL
chartdial	AVAIL
rankfolio	TAKEN
verifygrid	TAKEN
rollbackbase	AVAIL
emissionbay	AVAIL
attestplinth	AVAIL
surgetorch	AVAIL
driveguard	TAKEN
runtimelane	AVAIL
steadybraid	AVAIL
shieldarc	TAKEN
beampatrol	AVAIL
renewsummit	TAKEN
kineticreach	TAKEN
lidarbase	TAKEN
servofoundry	AVAIL
reasonengine	TAKEN
groundcrest	TAKEN
mintport	TAKEN
siftforge	TAKEN
verifymap	TAKEN
steerdynamo	AVAIL
openloom	TAKEN
picketvigil	AVAIL
calmember	TAKEN
swiftcove	TAKEN
floatgate	TAKEN
pilotlanding	TAKEN
streamtower	TAKEN
tabulardial	AVAIL
siftcore	TAKEN
siftstudio	TAKEN
fusebase	TAKEN
indexdossier	AVAIL
debitport	AVAIL
embercore	TAKEN
fuelbase	TAKEN
transitquay	AVAIL
releaseanvil	AVAIL
chartcodex	TAKEN
cleanember	TAKEN
linkcurrent	TAKEN
pairsensor	AVAIL
depthatelier	AVAIL
gateshield	TAKEN
cobotprism	AVAIL
badgedial	AVAIL
handoffmap	AVAIL
montageboard	TAKEN
raiserelay	TAKEN
sortfoundry	AVAIL
manifestrail	AVAIL
intakewave	TAKEN
claimconduit	TAKEN
lidartower	AVAIL
payerhaven	AVAIL
infermill	TAKEN
linkanvil	TAKEN
amperevault	TAKEN
weightlens	TAKEN
drivereach	TAKEN
reasonsensor	AVAIL
coindepot	TAKEN
indextrail	TAKEN
mintgauge	AVAIL
pairkiln	AVAIL
warrantport	AVAIL
turbinepeak	AVAIL
payerdial	AVAIL
craftcore	TAKEN
shieldsignal	TAKEN
bedsidetrail	AVAIL
gatepanel	TAKEN
schematower	AVAIL
crispchannel	AVAIL
sealrails	AVAIL
parallaxarc	TAKEN
liftbridge	TAKEN
proofrails	TAKEN
firstengine	TAKEN
plotharbor	TAKEN
raiseindex	TAKEN
quietfoundry	TAKEN
bastionforge	TAKEN
handoffport	TAKEN
shiftengine	TAKEN
solidboard	TAKEN
debitforge	AVAIL
steadytrack	TAKEN
boostflare	TAKEN
vaultweave	TAKEN
badgebeacon	AVAIL
primeindex	TAKEN
emblemlayer	AVAIL
cleansurvey	TAKEN
solidfabric	TAKEN
tensorlens	TAKEN
meshgauge	TAKEN
verifydesk	TAKEN
liftroute	TAKEN
citadelbay	TAKEN
keenmesh	TAKEN
soundcompass	TAKEN
indexdock	TAKEN
biomassforge	AVAIL
identrecord	AVAIL
forgeradar	TAKEN
cipherdock	TAKEN
occlusionarc	AVAIL
driveframe	TAKEN
plainwave	TAKEN
tendersonar	TAKEN
yieldweave	TAKEN
queueframe	TAKEN
steerbase	TAKEN
kinetictrack	TAKEN
bastionrail	AVAIL
sharpamp	AVAIL
dosageridge	AVAIL
fuelatlas	TAKEN
tenderdrift	TAKEN
trimprobe	TAKEN
synapsetruss	AVAIL
inboundrail	AVAIL
cohortworks	TAKEN
floatsensor	TAKEN
tuneanvil	AVAIL
floatfabric	AVAIL
kindlebay	TAKEN
thermalbase	TAKEN
probeplinth	AVAIL
steerindex	AVAIL
keystonelens	AVAIL
beamcharter	AVAIL
surgebridge	TAKEN
indextrunk	AVAIL
plotcore	TAKEN
yieldroute	TAKEN
cellgauge	AVAIL
complytrunk	AVAIL
pilotatlas	TAKEN
guardprobe	TAKEN
metricframe	TAKEN
policyworks	TAKEN
gategauge	TAKEN
swiftvault	TAKEN
biomassprobe	AVAIL
weaveprobe	AVAIL
emblemsensor	AVAIL
tempoledger	TAKEN
rollbackgrid	AVAIL
cellcompass	TAKEN
scangate	TAKEN
plaindocket	TAKEN
liftbraid	AVAIL
creditfolio	TAKEN
solidlookout	AVAIL
forgecurrent	TAKEN
primestream	TAKEN
moordock	TAKEN
queuepanel	TAKEN
kineticspine	TAKEN
rankreach	TAKEN
jointower	TAKEN
haulharbor	TAKEN
mintcodex	TAKEN
scanroute	TAKEN
quietsensor	AVAIL
steerpillar	AVAIL
scalegrid	TAKEN
cognatepulse	AVAIL
vaultpath	TAKEN
proofbrief	TAKEN
inferdock	TAKEN
matchpillar	AVAIL
picketseal	AVAIL
ledgerport	TAKEN
guardframe	TAKEN
groundmap	TAKEN
joinhelm	TAKEN
artifactloom	AVAIL
fleetrails	TAKEN
vaultmeter	TAKEN
plainbraid	AVAIL
patchbeacon	TAKEN
handofftide	AVAIL
mintbraid	AVAIL
mintindex	TAKEN
sortlattice	AVAIL
feedcircuit	TAKEN
routeloop	TAKEN
streamlane	TAKEN
shieldkeep	TAKEN
renderharbor	AVAIL
fuelkiln	AVAIL
moorchannel	AVAIL
reasonbeacon	TAKEN
cleanwatch	TAKEN
tierport	TAKEN
primeframe	TAKEN
indexroute	TAKEN
artifactmesh	TAKEN
coinworks	TAKEN
renewpillar	TAKEN
approveforge	AVAIL
drivequay	AVAIL
chargesignal	TAKEN
matchtide	TAKEN
raisecompass	AVAIL
debitspine	AVAIL
datasetloop	AVAIL
trueswitch	TAKEN
sortgrid	TAKEN
scanpeak	TAKEN
alignmap	TAKEN
rampartspine	AVAIL
pilotspark	TAKEN
bindkeep	TAKEN
escalatearc	AVAIL
hydrosignal	TAKEN
primerecord	TAKEN
northsummit	TAKEN
corpustempo	TAKEN
cipherdial	AVAIL
rankalmanac	AVAIL
handofftrunk	AVAIL
matchsignal	TAKEN
primepillar	TAKEN
chargelens	TAKEN
keenkeep	TAKEN
cohortbridge	TAKEN
flowbrief	TAKEN
triageweave	AVAIL
assigntide	AVAIL
yieldkernel	TAKEN
cellquay	AVAIL
streamyard	TAKEN
gateturbine	AVAIL
depthengine	TAKEN
sealatlas	AVAIL
tuneport	TAKEN
keenkiln	AVAIL
chargeforge	TAKEN
emblemsonar	AVAIL
syncsentry	TAKEN
boostspan	TAKEN
tendergauge	AVAIL
agentbase	TAKEN
soundcore	TAKEN
liftflare	TAKEN
calmatlas	TAKEN
openmesh	TAKEN
pairpress	TAKEN
cellindex	TAKEN
offsetkeep	AVAIL
coinsensor	TAKEN
pairsonar	AVAIL
depotrails	AVAIL
soundyard	TAKEN
lensanchor	AVAIL
depotcharter	AVAIL
siftember	TAKEN
syncstudio	TAKEN
moordynamo	AVAIL
clearboard	TAKEN
weavekernel	TAKEN
identroster	AVAIL
wardensonar	AVAIL
offsetbay	AVAIL
filingtrace	TAKEN
remitrecord	AVAIL
hydrosurvey	TAKEN
claimsentry	TAKEN
metrictrack	TAKEN
chargevault	TAKEN
trackyard	TAKEN
craftmeter	TAKEN
dockquay	AVAIL
drivelookout	AVAIL
openpath	TAKEN
triggerlens	AVAIL
indexlane	TAKEN
tenderbrief	TAKEN
mintsensor	AVAIL
columnworks	TAKEN
liftpulse	TAKEN
synclane	TAKEN
handoffworks	TAKEN
facetprism	TAKEN
firstroster	TAKEN
sharpbridge	TAKEN
vectorkernel	TAKEN
settleanchor	AVAIL
palettebench	AVAIL
matchfoundry	TAKEN
matchloom	TAKEN
escrowridge	AVAIL
mergekernel	AVAIL
chartkernel	AVAIL
soundseal	TAKEN
weavewharf	AVAIL
weightindex	TAKEN
invoicelens	TAKEN
truehaven	TAKEN
pilotsignal	TAKEN
depotwave	TAKEN
citadelprism	AVAIL
attestdock	TAKEN
kinetickeep	AVAIL
siftflare	AVAIL
tracevault	TAKEN
keenlantern	TAKEN
schemalane	TAKEN
auditbridge	TAKEN
draftbraid	AVAIL
vaultcurrent	TAKEN
steadyroster	TAKEN
tenderpillar	TAKEN
emberquay	TAKEN
shiplattice	AVAIL
fuelpress	TAKEN
levelpath	TAKEN
sentryrail	TAKEN
scanridge	AVAIL
palettedock	TAKEN
sentryvigil	AVAIL
commithelm	AVAIL
emblemfabric	AVAIL
cleanstream	TAKEN
agentmesh	TAKEN
spanreactor	AVAIL
sortcircuit	TAKEN
compilecore	TAKEN
patrolsentry	TAKEN
surgelane	TAKEN
proofstack	TAKEN
launchlane	TAKEN
levelturbine	AVAIL
opentrunk	TAKEN
shipkindle	AVAIL
payoutbasin	AVAIL
scalerails	TAKEN
ledgerpulse	TAKEN
cellhelm	TAKEN
beamcadence	AVAIL
offsetengine	TAKEN
framewharf	AVAIL
siftpanel	AVAIL
calmanvil	AVAIL
palletcape	AVAIL
complyboard	TAKEN
shipcore	TAKEN
carbonstack	TAKEN
streamsensor	TAKEN
assignmeter	AVAIL
scalewave	TAKEN
statutechart	AVAIL
citadelmap	TAKEN
corpuspulse	TAKEN
recordwarden	TAKEN
branchledger	TAKEN
truemeter	TAKEN
escrowtempo	AVAIL
tunehelm	TAKEN
picketmesh	TAKEN
joinvolt	TAKEN
remitdesk	TAKEN
cipherlens	TAKEN
modelharbor	TAKEN
cargofolio	TAKEN
gridfabric	TAKEN
launchpatrol	TAKEN
scanrails	AVAIL
truesummit	TAKEN
castmill	TAKEN
tierbraid	AVAIL
fusecove	AVAIL
crispridge	TAKEN
ranklookout	AVAIL
emblemplinth	AVAIL
rankspan	TAKEN
steadyhelm	TAKEN
launchcodex	TAKEN
agentamp	TAKEN
buildbase	TAKEN
corpuskernel	AVAIL
columnfolio	AVAIL
tokenmap	TAKEN
claimvigil	TAKEN
emberspine	AVAIL
weavesummit	TAKEN
prismrails	AVAIL
clearbraid	AVAIL
chartgauge	AVAIL
ladinglayer	AVAIL
relaysensor	TAKEN
raisepicket	AVAIL
draftdossier	TAKEN
debitfoundry	AVAIL
manifestpeak	TAKEN
mergerelay	AVAIL
scaleprobe	TAKEN
columnswitch	AVAIL
ranksensor	TAKEN
sealspine	TAKEN
sharpbase	TAKEN
forgebasin	TAKEN
columnspan	TAKEN
primecurrent	TAKEN
complyrecord	AVAIL
ciphershield	TAKEN
fuseradar	TAKEN
quietanchor	TAKEN
beamatlas	TAKEN
trueloom	TAKEN
trimstream	TAKEN
inferspan	TAKEN
launchguard	TAKEN
streamloom	TAKEN
fusedial	AVAIL
spantide	AVAIL
liftloop	TAKEN
escrowrelay	TAKEN
kindlerecord	AVAIL
assignsignal	TAKEN
soundlantern	TAKEN
identscope	TAKEN
schemadial	AVAIL
proofbase	TAKEN
launchworks	TAKEN
cleanloom	TAKEN
cellfoundry	TAKEN
sharpweave	TAKEN
creditbasin	AVAIL
tiergate	TAKEN
gaugeradar	TAKEN
lidarstack	TAKEN
commitmill	TAKEN
debitlayer	AVAIL
feedswitch	TAKEN
gatecadence	TAKEN
escrowvault	TAKEN
steervault	TAKEN
sharpboard	TAKEN
plaintide	AVAIL
groundbridge	TAKEN
clearprism	TAKEN
vectorsonar	AVAIL
bastiontrunk	AVAIL
spankeep	AVAIL
draftvigil	AVAIL
signaltrail	TAKEN
shiftlookout	AVAIL
plainprism	AVAIL
corpusmesh	TAKEN
brightloom	TAKEN
yieldcrest	TAKEN
plainarc	TAKEN
releasehelm	AVAIL
surgestream	TAKEN
pairconduit	AVAIL
levelshield	TAKEN
renderflow	TAKEN
levelgauge	TAKEN
weaveatelier	AVAIL
relayconduit	TAKEN
sealprobe	AVAIL
emblemforge	TAKEN
traceflow	TAKEN
wardenpulse	AVAIL
sharpbrief	TAKEN
transitworks	TAKEN
identsensor	AVAIL
lensmanifest	AVAIL
joinrails	TAKEN
reeldossier	AVAIL
spatialport	TAKEN
tierengine	TAKEN
remitprobe	AVAIL
relaybase	TAKEN
patchorbit	TAKEN
tensorgrid	TAKEN
scalearc	TAKEN
deploydesk	TAKEN
weavelanding	AVAIL
levelsignal	TAKEN
tunegauge	TAKEN
soundlayer	TAKEN
weavepeak	TAKEN
forgethread	TAKEN
cutlistfolio	AVAIL
reasonamp	AVAIL
consigngate	AVAIL
truebeacon	TAKEN
pairprism	TAKEN
signalplinth	AVAIL
embedsignal	TAKEN
hardenprobe	AVAIL
depotanchor	AVAIL
pilotorbit	TAKEN
columntrace	TAKEN
raiselayer	TAKEN
shiftkernel	TAKEN
citadelcore	TAKEN
auditledger	TAKEN
cohortkernel	AVAIL
anchorbasin	AVAIL
depthsignal	TAKEN
soundwarden	TAKEN
soundreactor	TAKEN
probeorbit	TAKEN
primetorch	TAKEN
payrail	TAKEN
cleanbraid	AVAIL
paletteyard	AVAIL
gantrytower	AVAIL
charterseal	TAKEN
emberdelta	TAKEN
linkloom	TAKEN
sentrybay	TAKEN
aligntempo	TAKEN
chargebraid	AVAIL
reasonledger	TAKEN
craftfabric	TAKEN
cargobase	TAKEN
renewtrace	AVAIL
cleanreactor	TAKEN
servolanding	AVAIL
fleetalmanac	AVAIL
picketprobe	AVAIL
tierscope	TAKEN
runtimeloop	TAKEN
shiftroute	TAKEN
beamorbit	TAKEN
steeryard	AVAIL
guardprism	TAKEN
stagingvault	TAKEN
infermeter	TAKEN
inferatlas	TAKEN
tokenlens	TAKEN
renderanvil	AVAIL
columnfabric	AVAIL
syncengine	TAKEN
cobotmill	AVAIL
actuatedial	AVAIL
gantrycape	AVAIL
drivefolio	TAKEN
contextprism	TAKEN
matchsurvey	TAKEN
contextlens	TAKEN
firstfoundry	TAKEN
scaleflow	TAKEN
branchrelay	TAKEN
driveseal	TAKEN
releasebench	TAKEN
docklane	TAKEN
sentryframe	TAKEN
cadencerail	AVAIL
lidarforge	TAKEN
carbonlayer	TAKEN
identatlas	AVAIL
trimloop	TAKEN
servomap	TAKEN
remitmeter	AVAIL
feedbraid	AVAIL
facethelm	AVAIL
consentbase	TAKEN
opencompass	TAKEN
relayarc	TAKEN
passporthelm	AVAIL
bindcurrent	AVAIL
moorsurvey	AVAIL
primedial	TAKEN
coindocket	TAKEN
fleetroster	TAKEN
steerport	TAKEN
reasonbench	TAKEN
gridmeter	TAKEN
surgelantern	AVAIL
forgetrail	TAKEN
craftengine	TAKEN
clinicyard	AVAIL
canvasbasin	AVAIL
rendercrest	TAKEN
vaultbrief	TAKEN
tuneguard	TAKEN
clearsummit	TAKEN
carbonprism	TAKEN
consentgauge	AVAIL
debitscope	AVAIL
sentryhaven	TAKEN
quietloop	TAKEN
framelantern	AVAIL
shiftbase	TAKEN
cohortdelta	AVAIL
surgeprism	TAKEN
plainengine	TAKEN
scaleboard	TAKEN
beamchannel	TAKEN
castkindle	AVAIL
cargoport	TAKEN
remitmesh	TAKEN
syncloom	TAKEN
hauldossier	AVAIL
creditmeter	TAKEN
gaugespine	AVAIL
tenderpeak	TAKEN
cleancape	TAKEN
anchorember	TAKEN
attestmesh	TAKEN
northsensor	AVAIL
ranktide	TAKEN
facetmap	TAKEN
plotrail	TAKEN
policygauge	TAKEN
actuatelens	AVAIL
shiftwave	TAKEN
briskcircuit	AVAIL
tunecharter	TAKEN
registrykeep	AVAIL
hydrodock	TAKEN
signalroster	TAKEN
emblemindex	AVAIL
inboundtide	AVAIL
pilotwatch	TAKEN
joinworks	TAKEN
signaldocket	TAKEN
gaugefolio	TAKEN
liftcircuit	TAKEN
transitmesh	TAKEN
chargefolio	TAKEN
signetpatrol	AVAIL
corpusengine	TAKEN
flowpanel	TAKEN
intakechart	AVAIL
bastioncrest	TAKEN
launchvault	TAKEN
crisploop	TAKEN
firstpulse	TAKEN
tierstream	TAKEN
openrails	TAKEN
cargoplinth	AVAIL
scaleweave	TAKEN
mergeframe	TAKEN
indexcharter	TAKEN
hydrovolt	TAKEN
tunevault	TAKEN
draftlanding	AVAIL
shieldgraph	TAKEN
attestkernel	AVAIL
tokenscope	TAKEN
proofpulse	TAKEN
streamspark	TAKEN
creditrelay	TAKEN
clearbench	TAKEN
cadenceprism	AVAIL
pairflow	TAKEN
intakeflow	TAKEN
payloadmap	AVAIL
fuelcodex	AVAIL
quietlane	TAKEN
renderbraid	AVAIL
mergechannel	TAKEN
trackridge	TAKEN
cleansentry	TAKEN
scanatelier	AVAIL
pilotscope	TAKEN
invoiceweave	AVAIL
handoffarc	AVAIL
badgeanchor	TAKEN
quietvolt	TAKEN
kindlecore	TAKEN
fuelmeter	TAKEN
gantryharbor	AVAIL
groundhaven	TAKEN
frameindex	TAKEN
routerelay	TAKEN
scalebay	TAKEN
ledgergate	TAKEN
crisptide	TAKEN
filinglens	TAKEN
scancove	TAKEN
schedulehelm	AVAIL
docksurvey	TAKEN
gaugecharter	AVAIL
docklattice	AVAIL
tokenfabric	TAKEN
fleetyard	TAKEN
swiftstudio	TAKEN
liftlantern	AVAIL
tracespark	TAKEN
primelookout	TAKEN
haulchannel	AVAIL
quietpeak	TAKEN
tabularhelm	AVAIL
cleandesk	TAKEN
ledgertruss	TAKEN
syncdock	TAKEN
modelscope	TAKEN
spanpeak	TAKEN
mandatehelm	AVAIL
steermill	AVAIL
boostlantern	TAKEN
patroltower	TAKEN
surgecircuit	TAKEN
shiftlantern	TAKEN
haulatlas	TAKEN
remitport	TAKEN
filingvigil	AVAIL
lensdossier	AVAIL
indexbrief	TAKEN
triggertower	AVAIL
raisebasin	AVAIL
studioreach	TAKEN
settleridge	TAKEN
ledgerplinth	AVAIL
traceorbit	TAKEN
tierlattice	AVAIL
depotplinth	AVAIL
calmseal	AVAIL
steadyspine	TAKEN
boostdossier	AVAIL
escrowspan	AVAIL
cohortanchor	AVAIL
steadydock	TAKEN
coinframe	TAKEN
tunebeacon	TAKEN
anchorspark	TAKEN
launchanchor	TAKEN
renewprobe	AVAIL
brightsurvey	TAKEN
deployrails	TAKEN
commitgate	TAKEN
scaletempo	TAKEN
gaugespan	AVAIL
consignport	TAKEN
scalemesh	TAKEN
flowlanding	TAKEN
patchatelier	AVAIL
bindember	AVAIL
metricsurvey	AVAIL
clinicorbit	TAKEN
joinatlas	TAKEN
controlworks	TAKEN
frameworks	TAKEN
gatekindle	AVAIL
castrails	AVAIL
emblemcore	AVAIL
steadyboard	TAKEN
settlebench	AVAIL
shopfloormap	AVAIL
plaincharter	AVAIL
amperedial	AVAIL
patrolbridge	TAKEN
sentrystack	TAKEN
liftvolt	TAKEN
floatswitch	TAKEN
levelguard	TAKEN
surgedepot	TAKEN
groundroute	TAKEN
chartpicket	AVAIL
launchatlas	TAKEN
gaugedial	AVAIL
firstsummit	TAKEN
raisemap	TAKEN
castledger	TAKEN
meshmeter	TAKEN
reasongauge	AVAIL
releaselayer	TAKEN
servopulse	TAKEN
keenyard	TAKEN
pilotframe	TAKEN
picketcape	AVAIL
commitpath	TAKEN
voltfabric	TAKEN
inferfoundry	TAKEN
settlehelm	AVAIL
mergespan	TAKEN
approveworks	TAKEN
indexpath	TAKEN
openlattice	TAKEN
jointurbine	TAKEN
weightledger	TAKEN
servotrunk	AVAIL
fuseworks	TAKEN
liftsurvey	TAKEN
tempobase	TAKEN
gatetrack	TAKEN
yieldbrief	TAKEN
wardengrid	TAKEN
carbonworks	TAKEN
dosagewharf	AVAIL
matchlanding	TAKEN
embedlens	TAKEN
northgate	TAKEN
gategraph	TAKEN
settletower	AVAIL
moorpillar	AVAIL
joincompass	TAKEN
shipdial	TAKEN
draftflare	TAKEN
groundkiln	AVAIL
haulhaven	TAKEN
agentvault	TAKEN
vectormap	TAKEN
identdial	AVAIL
gatetower	TAKEN
picketbase	AVAIL
inboundpeak	TAKEN
claimbridge	TAKEN
prismtrace	TAKEN
linkreactor	TAKEN
debitpulse	TAKEN
signalmap	TAKEN
dockdial	TAKEN
ledgerboard	TAKEN
picketdepot	AVAIL
coinsurvey	TAKEN
gatelane	TAKEN
badgebridge	TAKEN
reeldesk	TAKEN
pilotswitch	TAKEN
mintpanel	TAKEN
siftdossier	AVAIL
trackbasin	AVAIL
quietrecord	TAKEN
scaledrift	TAKEN
agentloom	TAKEN
beamlantern	AVAIL
cognateforge	AVAIL
chartertower	AVAIL
plotcape	AVAIL
surgereactor	AVAIL
clearcove	TAKEN
solarcape	TAKEN
cargoridge	TAKEN
transitdesk	TAKEN
siftcompass	AVAIL
frameturbine	AVAIL
castcurrent	TAKEN
joinroute	TAKEN
weaveboard	TAKEN
scaleanchor	TAKEN
modelspine	TAKEN
vaultreach	TAKEN
shipwarden	TAKEN
steermesh	TAKEN
vectortrunk	TAKEN
dockstudio	TAKEN
levelseal	TAKEN
citadelcove	AVAIL
raiseframe	TAKEN
contextmeter	TAKEN
shiftdepot	TAKEN
hardentruss	AVAIL
tracebrief	TAKEN
trueplinth	AVAIL
opencove	TAKEN
sharptrail	TAKEN
tenderloop	TAKEN
surgedelta	TAKEN
cutlistlane	AVAIL
depotyard	TAKEN
debitdelta	AVAIL
mandatebrief	TAKEN
debitdial	AVAIL
renewrails	AVAIL
vectorledger	TAKEN
bedsidebraid	AVAIL
auditdocket	AVAIL
identcodex	AVAIL
embermap	TAKEN
raiseforge	TAKEN
embedvolt	AVAIL
metricorbit	TAKEN
datasetroute	AVAIL
yieldtrail	TAKEN
beamsurvey	TAKEN
swiftfabric	TAKEN
spandynamo	AVAIL
weavegraph	TAKEN
alignbeacon	TAKEN
floatbraid	AVAIL
relaystream	TAKEN
vitalsorbit	AVAIL
yieldloop	TAKEN
joinchart	TAKEN
framecadence	AVAIL
dockroster	AVAIL
reckonscope	AVAIL
sortport	TAKEN
fuelindex	TAKEN
clinicradar	TAKEN
surgealmanac	AVAIL
streamkiln	AVAIL
primeridge	TAKEN
calmlattice	TAKEN
cleancharter	TAKEN
payerdrift	AVAIL
firstsensor	TAKEN
servobeacon	TAKEN
gatecompass	TAKEN
shipalmanac	AVAIL
tokentruss	AVAIL
signetdock	AVAIL
keendepot	AVAIL
shipbase	TAKEN
reckonharbor	AVAIL
mintconduit	AVAIL
rampartseal	AVAIL
tempoprobe	AVAIL
plaindial	AVAIL
syncsurvey	TAKEN
scanrail	TAKEN
palettedesk	TAKEN
rollbackdock	AVAIL
vaultgraph	TAKEN
palletkeep	AVAIL
shipgauge	TAKEN
tendersummit	TAKEN
triggertrack	TAKEN
moorlanding	TAKEN
payerprobe	AVAIL
fleetrelay	TAKEN
meshatelier	TAKEN
solarframe	TAKEN
matchkindle	AVAIL
cutlistdelta	AVAIL
attestspan	TAKEN
cleanchart	TAKEN
cobotframe	AVAIL
liftcadence	AVAIL
inboundstack	TAKEN
calmcove	TAKEN
handofflens	AVAIL
haulport	TAKEN
streamdocket	AVAIL
temposensor	TAKEN
emissionmap	TAKEN
remitdelta	AVAIL
gantryridge	AVAIL
agentflare	TAKEN
surgeanvil	AVAIL
floatsurvey	AVAIL
montageridge	TAKEN
settleprism	AVAIL
picketsummit	AVAIL
streamgraph	TAKEN
steadydesk	TAKEN
corpusforge	TAKEN
trimreach	AVAIL
fuelroster	TAKEN
firstatelier	TAKEN
mintpulse	TAKEN
chartreactor	AVAIL
reasonsurvey	AVAIL
triggertrail	TAKEN
lenschannel	TAKEN
shiphelm	TAKEN
palletframe	TAKEN
scanmeter	TAKEN
consignworks	TAKEN
briskradar	AVAIL
quietwarden	TAKEN
yieldharbor	TAKEN
forgecore	TAKEN
yieldhaven	TAKEN
tempotrunk	AVAIL
crisplantern	AVAIL
handoffindex	AVAIL
plaindock	TAKEN
signalorbit	TAKEN
cellport	TAKEN
renderpeak	TAKEN
kindleanvil	AVAIL
emblemradar	AVAIL
gaugeprobe	AVAIL
calmbay	TAKEN
anchorcrest	TAKEN
castbridge	TAKEN
shipbasin	AVAIL
gaugegate	AVAIL
modelpress	TAKEN
coinrelay	TAKEN
trimsentry	AVAIL
haulrails	AVAIL
agentindex	TAKEN
plotbeacon	TAKEN
triggerbraid	AVAIL
brightcove	TAKEN
palletreach	AVAIL
parallaxloom	TAKEN
boostgrid	TAKEN
rollbackloom	AVAIL
groundmesh	TAKEN
payerscope	TAKEN
gatecore	TAKEN
lidargauge	AVAIL
soundkeep	TAKEN
triagetrace	AVAIL
consentdock	TAKEN
pilotroster	TAKEN
inboundboard	AVAIL
routetrail	TAKEN
chargewharf	AVAIL
rollbackpath	AVAIL
rankbraid	AVAIL
corpusloop	TAKEN
calmatelier	TAKEN
kindlequay	AVAIL
reasonpillar	AVAIL
gateatlas	TAKEN
fleetframe	TAKEN
cellkernel	TAKEN
siftdial	AVAIL
brightlayer	TAKEN
cleanlayer	TAKEN
moordocket	AVAIL
reasonsonar	AVAIL
depotdossier	AVAIL
openwatch	TAKEN
castroster	TAKEN
syncpillar	TAKEN
quietflow	TAKEN
buildcircuit	TAKEN
tokentrace	TAKEN
referralflow	TAKEN
plaincrest	TAKEN
guardchannel	TAKEN
controlport	TAKEN
trackcharter	AVAIL
patchgate	TAKEN
gatefolio	TAKEN
sentinelcape	AVAIL
cobotpillar	AVAIL
compileworks	TAKEN
voltkeep	TAKEN
emissionport	AVAIL
studioledger	TAKEN
inferprism	TAKEN
auditvault	TAKEN
parallaxkeep	AVAIL
thermalbasin	AVAIL
assigntruss	AVAIL
renewbasin	AVAIL
tempocadence	TAKEN
shiftgauge	TAKEN
truesentry	TAKEN
sealspan	TAKEN
renewtorch	AVAIL
payerweave	AVAIL
cleanpanel	TAKEN
steerbay	AVAIL
keentrail	TAKEN
patchcurrent	AVAIL
sparkturbine	AVAIL
proofpillar	AVAIL
fleetpillar	TAKEN
bastionvault	TAKEN
embedmap	TAKEN
sealpanel	AVAIL
quietbase	TAKEN
firstcodex	TAKEN
gantryengine	AVAIL
castarc	TAKEN
palletbraid	AVAIL
pilotmesh	TAKEN
fuseconduit	AVAIL
bindsignal	TAKEN
vectortrace	TAKEN
gatebeacon	TAKEN
emberspark	TAKEN
briskprobe	AVAIL
cleanarc	TAKEN
carbonledger	TAKEN
swiftguard	TAKEN
floatflow	TAKEN
kindletorch	TAKEN
cohorthaven	AVAIL
complydocket	TAKEN
chartscope	TAKEN
canvasrelay	TAKEN
pairwave	TAKEN
pairlanding	AVAIL
tabulartrunk	AVAIL
quietswitch	TAKEN
corpustrace	AVAIL
reckonforge	TAKEN
routevault	TAKEN
steerwharf	AVAIL
actuateworks	AVAIL
quietroute	TAKEN
escrowlens	TAKEN
clinicmeter	TAKEN
groundsonar	AVAIL
routeweave	TAKEN
crispmap	TAKEN
mergewarden	AVAIL
solidlane	TAKEN
tempoweave	TAKEN
linkcodex	TAKEN
floatrail	TAKEN
openroster	TAKEN
renewcape	AVAIL
coinalmanac	TAKEN
trimcharter	AVAIL
bindturbine	AVAIL
draftloop	TAKEN
moordial	AVAIL
depotweave	AVAIL
debitkernel	AVAIL
dockmesh	TAKEN
northroster	TAKEN
registerdial	AVAIL
drivestudio	TAKEN
sparkdial	TAKEN
facetsonar	AVAIL
opencircuit	TAKEN
solartower	TAKEN
dosageprobe	AVAIL
haulkeep	TAKEN
briskshield	AVAIL
montagekiln	AVAIL
inferlattice	TAKEN
emblemgate	TAKEN
northrelay	TAKEN
forgeflare	TAKEN
ampereatlas	TAKEN
cohortmesh	TAKEN
routeprism	TAKEN
mintcape	AVAIL
sealbench	AVAIL
gantrylayer	AVAIL
auditcodex	TAKEN
steerstream	TAKEN
spandelta	AVAIL
servofabric	TAKEN
moorgrid	TAKEN
auditforge	TAKEN
complygate	TAKEN
sparkdocket	TAKEN
crispradar	AVAIL
registrygrid	TAKEN
liftledger	TAKEN
sequencelens	AVAIL
cohortdrift	AVAIL
parallaxlens	TAKEN
offsetcrest	AVAIL
releasebrief	TAKEN
kindleanchor	AVAIL
groundmeter	AVAIL
servocompass	AVAIL
embedcore	TAKEN
kindlesurvey	AVAIL
inferbridge	TAKEN
cargoquay	AVAIL
freightbasin	AVAIL
draftboard	TAKEN
verifychart	TAKEN
soundtower	TAKEN
pilotcharter	TAKEN
brightlane	TAKEN
hydroplinth	AVAIL
payloadgauge	AVAIL
triageprism	AVAIL
anchorport	TAKEN
fuelanchor	TAKEN
gatetorch	AVAIL
modelbench	TAKEN
meshframe	TAKEN
carbonplinth	AVAIL
quietcodex	TAKEN
cadenceindex	TAKEN
sentryengine	TAKEN
spansurvey	TAKEN
renderthread	TAKEN
facetcore	TAKEN
steerember	AVAIL
solidgauge	TAKEN
ladingplinth	AVAIL
groundkeep	TAKEN
clearscope	TAKEN
triggermeter	TAKEN
rankflow	TAKEN
gateguard	TAKEN
castcharter	AVAIL
yieldatlas	TAKEN
renewengine	AVAIL
flowatelier	TAKEN
sparkprobe	TAKEN
probefabric	AVAIL
shieldquay	AVAIL
thermalmap	TAKEN
cleanbrief	TAKEN
pairloom	TAKEN
queueprism	AVAIL
cipherbridge	TAKEN
consentpanel	AVAIL
amperebridge	AVAIL
groundgauge	TAKEN
steadyweave	AVAIL
treasuryarc	AVAIL
gridatlas	TAKEN
crispengine	AVAIL
warrantprobe	AVAIL
meshsignal	TAKEN
rankmesh	TAKEN
queuefabric	AVAIL
agentvolt	TAKEN
fuelyard	TAKEN
chartconduit	AVAIL
floatcharter	AVAIL
invoicegrid	TAKEN
levelcompass	TAKEN
transitcape	AVAIL
lensvault	TAKEN
payerlanding	AVAIL
contextradar	TAKEN
commitkeep	AVAIL
castlane	TAKEN
castmap	TAKEN
shieldmap	TAKEN
reasonspan	AVAIL
solarport	TAKEN
depotchannel	AVAIL
sortguard	AVAIL
inboundcore	TAKEN
chartergrid	TAKEN
levelchart	TAKEN
crispdelta	TAKEN
facetspan	AVAIL
chargecrest	TAKEN
truefabric	TAKEN
craftorbit	TAKEN
fueldock	TAKEN
depotsummit	AVAIL
craftharbor	TAKEN
remitorbit	TAKEN
trimwave	TAKEN
surgetempo	AVAIL
joindepot	TAKEN
tunepress	TAKEN
creditweave	TAKEN
forgetrace	TAKEN
patrolhaven	AVAIL
agentanvil	TAKEN
reasontrunk	AVAIL
syncboard	TAKEN
scalescope	TAKEN
chartpanel	TAKEN
consentlens	TAKEN
calmbeacon	TAKEN
solidvault	TAKEN
boostember	TAKEN
proofgraph	TAKEN
chargechart	TAKEN
auditkeep	TAKEN
boostframe	TAKEN
keystonemesh	TAKEN
trackspine	TAKEN
debitconduit	AVAIL
settleworks	TAKEN
anchorguard	TAKEN
inboundlayer	TAKEN
montageroute	AVAIL
soundradar	TAKEN
cargomesh	TAKEN
forgeatelier	TAKEN
firstrelay	TAKEN
raisekiln	AVAIL
auditdossier	TAKEN
liftorbit	TAKEN
mooramp	AVAIL
citadeltrunk	AVAIL
flowrecord	TAKEN
renewforge	TAKEN
sortroute	TAKEN
claimwarden	TAKEN
levelswitch	TAKEN
plaindossier	AVAIL
synapseloom	TAKEN
sealwarden	AVAIL
tiermap	TAKEN
probedial	AVAIL
pilotpeak	TAKEN
remitatlas	TAKEN
tunecore	TAKEN
recordstack	TAKEN
vaultfoundry	TAKEN
craftlookout	AVAIL
keenrecord	TAKEN
gatepicket	AVAIL
chartbay	TAKEN
cognatedock	AVAIL
liftgrid	TAKEN
fleetflow	TAKEN
clearyard	TAKEN
cargopanel	TAKEN
cobotcove	AVAIL
openkiln	TAKEN
fuseforge	TAKEN
tunebay	TAKEN
feedstudio	TAKEN
compilegrid	TAKEN
commitwave	TAKEN
syncember	TAKEN
tiercompass	AVAIL
invoicewharf	AVAIL
beampicket	AVAIL
sortloop	TAKEN
dockchannel	AVAIL
releaseatlas	TAKEN
soundflow	TAKEN
escrowpeak	TAKEN
bindpatrol	AVAIL
tracetrunk	AVAIL
cutlistroute	AVAIL
tempodock	TAKEN
siftfolio	AVAIL
primecadence	TAKEN
biomassframe	AVAIL
coinspine	AVAIL
registerbase	TAKEN
dispatchyard	TAKEN
tiercape	AVAIL
remitreach	TAKEN
coinmeter	TAKEN
pairdesk	TAKEN
mergeindex	AVAIL
gridmesh	TAKEN
tabulargrid	TAKEN
auditsurvey	TAKEN
pairwarden	AVAIL
matchindex	TAKEN
plainfoundry	TAKEN
manifestcove	AVAIL
truekiln	AVAIL
mandatearc	AVAIL
joincodex	TAKEN
hydrobeacon	TAKEN
solarbeacon	TAKEN
boostsignal	TAKEN
northcodex	TAKEN
lensradar	TAKEN
soundanchor	TAKEN
emberlens	TAKEN
crispatelier	TAKEN
bedsideindex	AVAIL
solidloom	TAKEN
statuteport	AVAIL
steadyswitch	AVAIL
synapsetrack	TAKEN
thermalvault	TAKEN
recordguard	TAKEN
gaugeframe	AVAIL
castatlas	TAKEN
payloadbase	AVAIL
fusethread	AVAIL
weavestack	TAKEN
yieldtrack	TAKEN
plotseal	AVAIL
trustkernel	TAKEN
openyard	TAKEN
biomassember	AVAIL
artifactflow	TAKEN
vitalsrelay	AVAIL
launchpulse	TAKEN
recordtrunk	AVAIL
amperepulse	AVAIL
picketframe	AVAIL
auditsensor	AVAIL
sparkyard	TAKEN
syncpicket	AVAIL
inferprobe	TAKEN
crispdial	AVAIL
escrowradar	AVAIL
openguard	TAKEN
rampartprism	AVAIL
rendercape	AVAIL
sortrails	AVAIL
steadykernel	AVAIL
dispatchlane	TAKEN
kineticmesh	TAKEN
carbonhelm	TAKEN
cleanstack	TAKEN
voltreach	TAKEN
remitsonar	AVAIL
lensregister	TAKEN
steadytower	TAKEN
trustconduit	TAKEN
emberworks	TAKEN
datasetbraid	AVAIL
quietwatch	TAKEN
craftcape	TAKEN
mergeplinth	AVAIL
montageorbit	AVAIL
castbrief	TAKEN
primescope	TAKEN
citadelquay	AVAIL
alignrecord	AVAIL
sequencemap	TAKEN
streamrecord	TAKEN
keenpulse	TAKEN
forgeflow	TAKEN
tunekindle	AVAIL
liftmill	TAKEN
groundroster	AVAIL
emberindex	TAKEN
primemill	TAKEN
sortpillar	AVAIL
lidarhelm	AVAIL
sharpfabric	TAKEN
triagescope	TAKEN
attestseal	TAKEN
payloadmeter	AVAIL
montagecape	AVAIL
soundpulse	TAKEN
indexloop	TAKEN
sentrychart	TAKEN
bastionstack	TAKEN
calmpanel	TAKEN
forgecove	TAKEN
draftguard	TAKEN
cipherengine	TAKEN
fleetlane	TAKEN
sentineldial	AVAIL
patchledger	TAKEN
shiftcore	TAKEN
contextspine	TAKEN
carbonwharf	AVAIL
guardchart	AVAIL
queueflow	TAKEN
sortrail	AVAIL
bastiongauge	AVAIL
carboncrest	TAKEN
reasonvolt	AVAIL
intakedesk	TAKEN
inboundarc	TAKEN
patrolwharf	AVAIL
schemasonar	AVAIL
streamloop	TAKEN
flowradar	TAKEN
spanvigil	AVAIL
clearsentry	TAKEN
feedridge	TAKEN
craftkeep	TAKEN
treasurywave	TAKEN
filingchart	AVAIL
bastionguard	TAKEN
cleanledger	TAKEN
fuelstack	TAKEN
swiftsummit	TAKEN
flowharbor	TAKEN
inboundbench	TAKEN
tracekindle	AVAIL
payoutbench	TAKEN
biomasstorch	AVAIL
opensummit	TAKEN
mergepeak	TAKEN
raisemesh	AVAIL
vitalsloop	TAKEN
chartsentry	TAKEN
crispgauge	AVAIL
keenprobe	AVAIL
briskrail	AVAIL
anchorharbor	TAKEN
payertrack	AVAIL
floatwharf	AVAIL
steerchannel	AVAIL
siftframe	TAKEN
tabularcore	AVAIL
settleindex	TAKEN
offsetflare	AVAIL
intakeprobe	AVAIL
lastmiledesk	AVAIL
truecompass	TAKEN
sentryshield	TAKEN
passportbase	TAKEN
steerbrief	AVAIL
wardentrace	AVAIL
payerwave	AVAIL
trimroster	AVAIL
spanpath	TAKEN
yieldpanel	TAKEN
tracebase	TAKEN
truereactor	AVAIL
firstmeter	TAKEN
shipstream	TAKEN
mergedock	TAKEN
cleardossier	TAKEN
tracklayer	TAKEN
voltdelta	TAKEN
pairweave	AVAIL
vectorsignal	TAKEN
solarconduit	TAKEN
wardenradar	TAKEN
shiftscope	TAKEN
kineticquay	AVAIL
canvascape	TAKEN
bindmap	TAKEN
filingarc	AVAIL
fueldelta	TAKEN
spatialchart	AVAIL
tracestream	TAKEN
statutegauge	AVAIL
trustindex	TAKEN
emissionpeak	TAKEN
forgemap	TAKEN
guardbasin	AVAIL
facetrecord	AVAIL
fuseroster	AVAIL
triggergauge	AVAIL
remitframe	AVAIL
keystonebay	TAKEN
feedtide	TAKEN
passportkeep	AVAIL
weightgate	TAKEN
dockloop	TAKEN
solidpath	TAKEN
tempolayer	TAKEN
lenscodex	TAKEN
trimdelta	AVAIL
drivewave	TAKEN
renewkindle	AVAIL
mergewave	TAKEN
cleartide	TAKEN
dockhaven	TAKEN
payswitch	TAKEN
brightreach	TAKEN
floatgrid	TAKEN
shiplanding	TAKEN
surgecurrent	TAKEN
tierember	AVAIL
linkmesh	TAKEN
agentlayer	TAKEN
briskbasin	AVAIL
sentinelgate	TAKEN
driverail	TAKEN
ledgerbrief	TAKEN
joinorbit	TAKEN
ladingfolio	AVAIL
frameatelier	TAKEN
boostflow	TAKEN
brisktempo	TAKEN
crispamp	AVAIL
ranklane	TAKEN
charterchart	AVAIL
mintscope	TAKEN
siftrecord	AVAIL
reckongate	AVAIL
canvasweave	AVAIL
releasetide	AVAIL
weightworks	TAKEN
prismsurvey	TAKEN
inferchannel	AVAIL
depthsurvey	AVAIL
liftanchor	TAKEN
proofvigil	AVAIL
agentworks	TAKEN
shiftcompass	TAKEN
cobotindex	AVAIL
payerbrief	AVAIL
trimflow	TAKEN
groundtempo	TAKEN
steadyvigil	AVAIL
soundcape	TAKEN
reelalmanac	AVAIL
warrantgate	AVAIL
surgescope	TAKEN
clearlens	TAKEN
solarsurvey	TAKEN
ladingrecord	AVAIL
primepulse	TAKEN
openchart	TAKEN
cutlistrelay	AVAIL
weightarc	AVAIL
embertruss	AVAIL
controlboard	TAKEN
vaultrail	TAKEN
cognatelens	AVAIL
plotreach	TAKEN
traceswitch	TAKEN
columnpulse	AVAIL
offsetpeak	AVAIL
yieldmeter	TAKEN
escroworbit	AVAIL
schedulewave	TAKEN
bindsurvey	AVAIL
corpuschart	AVAIL
commitvault	TAKEN
moorplinth	AVAIL
cobotbench	TAKEN
syncport	TAKEN
gaugesensor	AVAIL
shieldengine	TAKEN
emberengine	TAKEN
branchweave	AVAIL
fuelprobe	TAKEN
gridchannel	TAKEN
tierspark	TAKEN
stagingtower	AVAIL
fuelreactor	TAKEN
columnbraid	AVAIL
relayindex	TAKEN
siftrelay	AVAIL
thermalmeter	TAKEN
firstlattice	AVAIL
tensorbeacon	TAKEN
solidloop	TAKEN
shieldwatch	TAKEN
liftdelta	AVAIL
claimkernel	AVAIL
plotroute	TAKEN
weightamp	AVAIL
alignlanding	AVAIL
sparkguard	TAKEN
signaldial	TAKEN
relayrecord	TAKEN
yieldindex	TAKEN
gaugetrunk	AVAIL
transitridge	AVAIL
claimscope	TAKEN
quietradar	TAKEN
tempowave	TAKEN
escrowgraph	AVAIL
surgeshield	TAKEN
patrolstack	TAKEN
feedkernel	AVAIL
surgecore	TAKEN
verifycore	TAKEN
surgemeter	TAKEN
creditflow	TAKEN
anchoramp	AVAIL
proofbridge	TAKEN
plainturbine	AVAIL
emberbeacon	TAKEN
meshpillar	AVAIL
anchorlens	TAKEN
renewharbor	TAKEN
beambeacon	TAKEN
matchvault	TAKEN
kindlerails	AVAIL
columntrack	AVAIL
assignwave	TAKEN
gantrysonar	AVAIL
patrolsummit	TAKEN
sparkloom	TAKEN
plotquay	AVAIL
leveltower	AVAIL
liftridge	TAKEN
haularc	AVAIL
shiftpanel	TAKEN
tokenatlas	TAKEN
tenderbasin	AVAIL
thermaldial	AVAIL
liftatlas	TAKEN
shiftboard	TAKEN
relayweave	TAKEN
trackbase	TAKEN
offsethaven	AVAIL
surgecadence	AVAIL
buildkeep	TAKEN
keentrack	TAKEN
draftsensor	TAKEN
guardmesh	TAKEN
liftbeacon	TAKEN
framestack	TAKEN
weavescope	TAKEN
cutlisthaven	AVAIL
primerail	TAKEN
renewindex	AVAIL
sharpharbor	TAKEN
hardencape	AVAIL
clearbasin	TAKEN
steermap	TAKEN
mergerails	AVAIL
sealbeacon	TAKEN
swiftdial	TAKEN
swiftflare	TAKEN
escrowatlas	TAKEN
trackcape	AVAIL
treasurygate	TAKEN
tuneroster	AVAIL
offsetvolt	AVAIL
frameswitch	TAKEN
boostboard	TAKEN
sealcore	TAKEN
mintflow	TAKEN
badgetrace	AVAIL
trimengine	TAKEN
alignspark	TAKEN
tokenport	TAKEN
lenstrace	TAKEN
beambay	TAKEN
reckonframe	AVAIL
crispshield	TAKEN
flowridge	TAKEN
moorcove	AVAIL
briskwave	TAKEN
lidarvault	AVAIL
clearcore	TAKEN
shipamp	AVAIL
linktide	TAKEN
raisewarden	AVAIL
picketmap	AVAIL
carbonkeep	TAKEN
audithelm	TAKEN
cleanswitch	TAKEN
studioroute	TAKEN
ledgerhaven	TAKEN
escrowmeter	AVAIL
bedsidelane	AVAIL
renderquay	AVAIL
patrolsonar	AVAIL
routestream	TAKEN
floatscope	TAKEN
meshchannel	TAKEN
joinreach	TAKEN
docksonar	AVAIL
streamember	TAKEN
registrybase	TAKEN
mergetide	AVAIL
plainpress	TAKEN
craftbraid	TAKEN
payerbraid	AVAIL
fusemill	AVAIL
schemaharbor	TAKEN
cadencelane	TAKEN
forgesignal	TAKEN
coincurrent	TAKEN
rankbridge	TAKEN
hydroyard	TAKEN
rankradar	TAKEN
studioroster	TAKEN
buildhelm	TAKEN
quietcape	AVAIL
rankvault	TAKEN
attestguard	TAKEN
kindletrail	TAKEN
floatcadence	AVAIL
attestanchor	AVAIL
shifthaven	TAKEN
triggerloop	TAKEN
clearlantern	TAKEN
lensatlas	TAKEN
assignlane	AVAIL
turbineyard	AVAIL
cleanengine	TAKEN
escrowsensor	AVAIL
schedulebase	TAKEN
queuetrack	TAKEN
drivelens	TAKEN
keenpanel	TAKEN
kilowattmap	AVAIL
escrowstack	TAKEN
bindindex	AVAIL
palletledger	AVAIL
corpusdrift	AVAIL
assignpillar	AVAIL
bindshield	TAKEN
keystonequay	AVAIL
alignloom	TAKEN
emblemtower	TAKEN
northcove	TAKEN
spatialkeep	AVAIL
vectorport	TAKEN
palettebay	TAKEN
launchroster	TAKEN
temporelay	AVAIL
liftforge	TAKEN
levelarc	TAKEN
clinicprobe	AVAIL
framestudio	TAKEN
driveatlas	TAKEN
haulfoundry	AVAIL
linkpatrol	TAKEN
gatelookout	AVAIL
fuelrecord	TAKEN
weavecore	TAKEN
tensordock	TAKEN
liftregister	AVAIL
badgewatch	TAKEN
ladingwharf	AVAIL
deployfabric	TAKEN
kineticgrid	TAKEN
synapseindex	AVAIL
surgedocket	AVAIL
statutebench	AVAIL
northsentry	TAKEN
steerpeak	TAKEN
trackpillar	TAKEN
bindscope	TAKEN
primeflare	TAKEN
spanatlas	TAKEN
infervault	TAKEN
mergedrift	AVAIL
boostfoundry	TAKEN
forgefolio	TAKEN
steadypath	TAKEN
renderdelta	AVAIL
mergewharf	AVAIL
quietlens	TAKEN
shieldrails	TAKEN
settleboard	TAKEN
openconduit	TAKEN
payoutmeter	TAKEN
beamcore	TAKEN
gatebridge	TAKEN
schemabeacon	AVAIL
remitindex	TAKEN
runtimetide	AVAIL
cadencewave	TAKEN
creditdial	TAKEN
solidanvil	AVAIL
recordtrack	TAKEN
verifyboard	TAKEN
boostcircuit	TAKEN
columngate	TAKEN
tracecircuit	TAKEN
tiercore	TAKEN
mandateatlas	AVAIL
haulgrid	TAKEN
buildtrail	TAKEN
gatebench	TAKEN
invoiceworks	TAKEN
bindroster	AVAIL
flowhaven	TAKEN
sharpsentry	TAKEN
tunecadence	AVAIL
registergrid	AVAIL
streamsentry	TAKEN
tunesentry	AVAIL
linkdelta	TAKEN
payoutengine	TAKEN
hydrocape	TAKEN
debitcurrent	AVAIL
cellbase	TAKEN
kineticrail	TAKEN
raiselens	TAKEN
trackmap	TAKEN
metricfolio	TAKEN
tensorledger	TAKEN
artifactbase	TAKEN
streamprism	TAKEN
levelmesh	TAKEN
patrolframe	AVAIL
alignlantern	AVAIL
indexledger	TAKEN
trimbridge	TAKEN
matchyard	TAKEN
corpusatlas	TAKEN
proofvault	TAKEN
cointrail	TAKEN
assignanchor	AVAIL
tensorgate	TAKEN
soundarc	TAKEN
approveprism	AVAIL
metricdrift	TAKEN
cohortdepot	AVAIL
cargoloop	TAKEN
voltember	TAKEN
probestack	TAKEN
calmlayer	TAKEN
keencodex	AVAIL
shipguard	TAKEN
hardenport	AVAIL
dockharbor	TAKEN
reckonworks	TAKEN
haulbeacon	TAKEN
signetspine	AVAIL
indexharbor	TAKEN
rankfabric	TAKEN
biomassindex	TAKEN
moorshield	AVAIL
briskweave	AVAIL
swiftarc	TAKEN
spanlayer	TAKEN
plainrails	AVAIL
chartcadence	AVAIL
chargestream	TAKEN
lastmilequay	AVAIL
indexsurvey	TAKEN
payerpeak	AVAIL
feedindex	TAKEN
clearforge	TAKEN
rollbackgate	AVAIL
gridconduit	AVAIL
routewave	TAKEN
rankconduit	AVAIL
modelgate	TAKEN
plainsonar	AVAIL
beambridge	TAKEN
metrictrail	TAKEN
solarspan	TAKEN
quietspark	TAKEN
forgepillar	TAKEN
framegrid	TAKEN
gridsonar	TAKEN
dockspan	TAKEN
plotamp	AVAIL
filingsensor	AVAIL
sortlanding	AVAIL
spanturbine	AVAIL
reasonspark	TAKEN
sortgate	TAKEN
sparkfabric	TAKEN
servocrest	AVAIL
payhaven	TAKEN
fuelsignal	TAKEN
alignplinth	AVAIL
weavebase	TAKEN
craftfolio	TAKEN
compilerail	AVAIL
modelkiln	TAKEN
northcadence	TAKEN
sortrelay	AVAIL
artifactdesk	TAKEN
ladingcrest	AVAIL
swiftkeep	TAKEN
rendertide	TAKEN
handoffpanel	AVAIL
pilotlens	TAKEN
steadytruss	AVAIL
tenderbase	TAKEN
consignfolio	TAKEN
invoicewave	TAKEN
tieranchor	AVAIL
probecodex	TAKEN
triagegauge	AVAIL
tensorvolt	TAKEN
rankshield	TAKEN
flowpatrol	TAKEN
invoicetrail	TAKEN
relayprobe	AVAIL
tracealmanac	AVAIL
datasetgraph	AVAIL
cobotridge	AVAIL
spanpanel	TAKEN
ledgerstream	TAKEN
fuelalmanac	AVAIL
plotbasin	AVAIL
spancodex	AVAIL
castharbor	TAKEN
firstdossier	AVAIL
sortlayer	TAKEN
feedatlas	TAKEN
chartertrunk	AVAIL
sealtower	AVAIL
infersonar	AVAIL
emblemframe	AVAIL
offsetmap	TAKEN
studiosummit	TAKEN
forgeroster	TAKEN
cipherstack	TAKEN
debitgauge	AVAIL
cutlistreach	AVAIL
proofdesk	TAKEN
scaletide	TAKEN
plainanvil	AVAIL
ampereplinth	AVAIL
gaugevault	TAKEN
raisetrace	AVAIL
pilotbeacon	TAKEN
kineticspan	TAKEN
branchroute	TAKEN
steeratlas	AVAIL
pilotrelay	TAKEN
draftroute	TAKEN
siftrail	AVAIL
streamswitch	TAKEN
fuelbay	TAKEN
chartgate	TAKEN
floatindex	TAKEN
gridengine	TAKEN
identprism	AVAIL
depotcrest	AVAIL
tempohelm	AVAIL
auditwarden	TAKEN
queueledger	AVAIL
boostconduit	AVAIL
solardelta	TAKEN
actuateridge	AVAIL
plaintower	TAKEN
trueradar	TAKEN
pilotdepot	TAKEN
tierwatch	TAKEN
attestvigil	AVAIL
reelstream	TAKEN
buildport	TAKEN
infertrace	TAKEN
tuneprobe	AVAIL
promptfabric	TAKEN
runtimedrift	TAKEN
modelstudio	TAKEN
primetide	TAKEN
cleanroster	TAKEN
signalscope	TAKEN
crispconduit	AVAIL
mergeledger	TAKEN
syncbasin	AVAIL
hydroridge	TAKEN
framepeak	TAKEN
weaveroute	TAKEN
syncgrid	TAKEN
weavehaven	TAKEN
fuelscope	TAKEN
castreactor	TAKEN
streambridge	TAKEN
sealcodex	AVAIL
payframe	TAKEN
routecharter	TAKEN
surgebay	TAKEN
draftyard	TAKEN
buildvault	TAKEN
sentinelbase	TAKEN
runtimeanvil	AVAIL
swiftledger	TAKEN
calmarc	TAKEN
paylattice	TAKEN
crispboard	TAKEN
guardpulse	TAKEN
synapsestack	TAKEN
cargoarc	TAKEN
shieldworks	TAKEN
quiethaven	TAKEN
reelbasin	AVAIL
tierseal	AVAIL
tracedepot	TAKEN
scheduletide	AVAIL
modelanvil	TAKEN
truelane	TAKEN
steadydrift	TAKEN
traceradar	TAKEN
keenmap	TAKEN
weaveradar	AVAIL
renewquay	AVAIL
fleetwave	TAKEN
tabularvault	AVAIL
emblembase	AVAIL
solidcompass	TAKEN
probespine	AVAIL
cognaterails	AVAIL
vitalsgraph	TAKEN
chartatlas	TAKEN
payoutfabric	AVAIL
cargothread	TAKEN
claimshield	TAKEN
steerpulse	TAKEN
cargopeak	TAKEN
plainroute	TAKEN
biomassrail	AVAIL
steadypress	TAKEN
framecore	TAKEN
cadencekeep	TAKEN
ladingspan	AVAIL
filingengine	TAKEN
swiftanchor	TAKEN
gaugerecord	AVAIL
solidrelay	TAKEN
flowdesk	TAKEN
clinictrail	TAKEN
weavesonar	AVAIL
paypulse	TAKEN
tunetower	TAKEN
trackbay	TAKEN
bindreach	AVAIL
lidarkeep	AVAIL
brightloop	TAKEN
wardenpeak	AVAIL
haulcove	TAKEN
reelwharf	TAKEN
mergebeacon	AVAIL
vectoratlas	TAKEN
invoicecrest	AVAIL
thermalcrest	AVAIL
keenorbit	TAKEN
docklantern	AVAIL
creditgate	TAKEN
levelbraid	AVAIL
depotroute	AVAIL
freightcape	AVAIL
disclosemesh	AVAIL
ranksurvey	AVAIL
recordsensor	TAKEN
tierlantern	AVAIL
castanvil	TAKEN
consignbrief	AVAIL
pairstream	TAKEN
complysentry	TAKEN
patrolarc	AVAIL
schematrace	TAKEN
sortpanel	AVAIL
chargekeep	TAKEN
intakethread	AVAIL
patrolgraph	AVAIL
tuneyard	TAKEN
sortsignal	TAKEN
deploytruss	AVAIL
syncdocket	AVAIL
cleartrunk	TAKEN
traceguard	TAKEN
queueatlas	TAKEN
firstcompass	TAKEN
sharplookout	TAKEN
clearpanel	TAKEN
scanseal	TAKEN
patrolradar	TAKEN
streamplinth	AVAIL
depotcadence	AVAIL
ledgerbridge	TAKEN
identmap	AVAIL
badgeshield	TAKEN
kindlesignal	AVAIL
castcodex	AVAIL
claimpillar	AVAIL
paybridge	TAKEN
shieldprobe	TAKEN
bindreactor	AVAIL
assignkeep	AVAIL
weavealmanac	AVAIL
patrolseal	AVAIL
linkrail	TAKEN
boostspark	TAKEN
voltlayer	TAKEN
consentprobe	TAKEN
chartrails	AVAIL
flowlayer	TAKEN
statutestack	TAKEN
referraltide	AVAIL
drivecompass	TAKEN
hauldocket	TAKEN
streamkeep	TAKEN
modelmeter	TAKEN
settleweave	TAKEN
careteamdial	AVAIL
emblemprobe	AVAIL
steerbridge	TAKEN
spanhelm	AVAIL
cellscope	TAKEN
sentrykernel	AVAIL
floatledger	TAKEN
triggerchart	TAKEN
launchgauge	TAKEN
columnprism	AVAIL
meshledger	TAKEN
bindorbit	AVAIL
payeryard	AVAIL
probeatlas	TAKEN
frametorch	AVAIL
debitbrief	AVAIL
embervolt	TAKEN
craftdelta	TAKEN
tensormesh	TAKEN
scalebench	TAKEN
columnmesh	TAKEN
shiftcurrent	TAKEN
gridsummit	TAKEN
policycore	TAKEN
dockbraid	AVAIL
escrowsignal	TAKEN
reasontrace	TAKEN
sealtrack	TAKEN
cipherpulse	TAKEN
triagestream	AVAIL
ampereflare	AVAIL
filingport	TAKEN
streamchart	TAKEN
tracegrid	TAKEN
calmspine	TAKEN
scaleplinth	AVAIL
groundplinth	AVAIL
brisksurvey	AVAIL
commitplinth	AVAIL
hydrotorch	TAKEN
trimamp	AVAIL
alignsignal	TAKEN
framebraid	AVAIL
schemalens	TAKEN
intakegauge	AVAIL
trimkernel	AVAIL
quietdocket	TAKEN
keenchannel	AVAIL
debityard	AVAIL
montageflow	TAKEN
inboundspan	AVAIL
anchortrace	TAKEN
ladingsummit	AVAIL
hardenbasin	AVAIL
triagehaven	AVAIL
sharpfoundry	TAKEN
kindlepanel	AVAIL
rankloop	TAKEN
scanpatrol	TAKEN
vectorgrid	TAKEN
openscope	TAKEN
brightsentry	TAKEN
spansummit	TAKEN
montagebay	TAKEN
turbinerail	AVAIL
streamgrid	TAKEN
depotengine	TAKEN
shipvault	TAKEN
firstpatrol	TAKEN
sortwave	TAKEN
brightcape	TAKEN
runtimegrid	TAKEN
sentryworks	TAKEN
fueltrace	TAKEN
drivedesk	TAKEN
truealmanac	AVAIL
liftloom	TAKEN
identworks	AVAIL
solidtempo	TAKEN
auditcharter	AVAIL
truecodex	TAKEN
carbonprobe	TAKEN
fueltide	TAKEN
gateflare	TAKEN
leveldepot	AVAIL
corpusbase	TAKEN
keenanchor	TAKEN
tenderlens	TAKEN
payoutspine	AVAIL
complyharbor	TAKEN
calmtempo	TAKEN
trimpulse	TAKEN
plotanchor	TAKEN
linkforge	TAKEN
statutepulse	AVAIL
promptradar	TAKEN
trueanchor	TAKEN
opengrid	TAKEN
surgelookout	AVAIL
cobotdock	TAKEN
ledgerpillar	TAKEN
framecompass	TAKEN
pilotvault	TAKEN
montagewharf	AVAIL
flowloop	TAKEN
lastmilepath	AVAIL
assignbrief	AVAIL
promptsignal	TAKEN
modelpulse	TAKEN
keenstack	TAKEN
framesonar	AVAIL
bastioncape	AVAIL
pairlookout	AVAIL
haulforge	TAKEN
firstguard	TAKEN
cleanridge	TAKEN
forgecrest	TAKEN
truebench	TAKEN
sharpseal	TAKEN
paychannel	TAKEN
biomassridge	AVAIL
buildplinth	AVAIL
infersensor	AVAIL
levelember	AVAIL
levelquay	TAKEN
streambench	TAKEN
sparkbasin	TAKEN
fleetdock	TAKEN
canvasdrift	AVAIL
palettepeak	TAKEN
gridlanding	TAKEN
ciphermesh	TAKEN
runtimekiln	AVAIL
metricatlas	TAKEN
embedsonar	AVAIL
openswitch	TAKEN
crispcove	TAKEN
guardradar	TAKEN
chartarc	TAKEN
ladingdesk	TAKEN
fleetcharter	TAKEN
commitloop	TAKEN
sharpguard	TAKEN
bindcompass	AVAIL
siftwave	TAKEN
datasetdock	AVAIL
invoiceframe	AVAIL
payboard	TAKEN
scalelayer	TAKEN
alignwatch	TAKEN
feedboard	TAKEN
spanloom	TAKEN
feedcape	AVAIL
plainstack	TAKEN
coinmanifest	TAKEN
streampicket	AVAIL
fuelspark	TAKEN
chargestack	TAKEN
tracecadence	AVAIL
liftdossier	AVAIL
synckernel	TAKEN
clinicsensor	TAKEN
keenpicket	AVAIL
shiftorbit	TAKEN
ledgerspine	AVAIL
hardensensor	AVAIL
deploytower	TAKEN
badgefoundry	TAKEN
servodelta	TAKEN
gantryrail	TAKEN
drivecape	TAKEN
matchlookout	AVAIL
matchledger	TAKEN
identlantern	AVAIL
lensflow	TAKEN
lenscore	TAKEN
scanmesh	TAKEN
relaymesh	TAKEN
inboundcodex	AVAIL
leveldocket	AVAIL
approvedesk	TAKEN
reckonkiln	AVAIL
prismradar	TAKEN
scandesk	TAKEN
syncatelier	TAKEN
consignboard	AVAIL
moorweave	AVAIL
handoffpulse	TAKEN
castvigil	AVAIL
tensorflare	TAKEN
servocove	AVAIL
amperemesh	AVAIL
solidtrail	TAKEN
manifestloop	TAKEN
shiftsentry	TAKEN
scancharter	TAKEN
creditport	TAKEN
ladingport	AVAIL
voltdial	TAKEN
buildtide	TAKEN
palletroute	TAKEN
columnboard	TAKEN
flowengine	TAKEN
prismtide	TAKEN
tokenshield	TAKEN
plainbrief	TAKEN
prismbeacon	TAKEN
vitalsreach	AVAIL
invoicecape	AVAIL
feedplinth	AVAIL
fuelmap	TAKEN
syncsonar	TAKEN
floatboard	TAKEN
forgeweave	TAKEN
feedlane	TAKEN
embedarc	AVAIL
actuatedock	AVAIL
tiervault	TAKEN
consentindex	TAKEN
soundprobe	TAKEN
cognatehelm	AVAIL
northvault	TAKEN
sortdelta	AVAIL
indexrecord	TAKEN
carbonport	TAKEN
controldock	TAKEN
creditprobe	TAKEN
clearlanding	TAKEN
patrolreach	AVAIL
proofsensor	TAKEN
opensurvey	TAKEN
prismharbor	TAKEN
emblemstack	AVAIL
feedcove	TAKEN
relaygate	TAKEN
streamdepot	TAKEN
alignindex	TAKEN
meshconduit	AVAIL
amperegrid	TAKEN
paycharter	TAKEN
rankdial	TAKEN
embedradar	AVAIL
emblemgrid	AVAIL
hydrodepot	TAKEN
dockbay	TAKEN
cadenceroute	TAKEN
pilotbase	TAKEN
controlwatch	TAKEN
weaveseal	AVAIL
streamspine	AVAIL
truecove	TAKEN
offsetlens	AVAIL
filingpillar	AVAIL
trimatelier	AVAIL
prismbrief	TAKEN
floatlane	TAKEN
renewspan	TAKEN
joinseal	TAKEN
metricprism	TAKEN
controlspan	TAKEN
voltgate	TAKEN
fuelturbine	AVAIL
creditloop	TAKEN
mintroute	TAKEN
joinsensor	TAKEN
guardport	TAKEN
clearflare	TAKEN
shipkernel	AVAIL
briskwarden	AVAIL
hydroengine	TAKEN
gridreactor	TAKEN
weightlayer	TAKEN
ledgerswitch	TAKEN
chargebasin	AVAIL
canvasbay	TAKEN
dosagegraph	AVAIL
cleargrid	TAKEN
hardenpatrol	AVAIL
clearspine	TAKEN
surgereach	TAKEN
commitstack	TAKEN
solidgraph	TAKEN
schemaspan	AVAIL
steadyflow	TAKEN
palletcodex	AVAIL
tensortruss	AVAIL
drivebridge	TAKEN
gantryindex	AVAIL
soundmesh	TAKEN
embedtruss	AVAIL
releasedesk	TAKEN
agentengine	TAKEN
modeltorch	AVAIL
moorember	AVAIL
solarfabric	TAKEN
chartsummit	TAKEN
synapseworks	TAKEN
embedmeter	AVAIL
matchpulse	TAKEN
facetworks	TAKEN
calmvolt	TAKEN
attestchart	AVAIL
cleanconduit	TAKEN
tierbase	TAKEN
truepillar	TAKEN
alignrails	AVAIL
soundlanding	TAKEN
fusealmanac	AVAIL
bindridge	AVAIL
yieldvault	TAKEN
corpusmill	AVAIL
floatfolio	TAKEN
verifydock	TAKEN
tunelookout	AVAIL
tunethread	TAKEN
palletgate	TAKEN
anchortrunk	AVAIL
payoutdock	AVAIL
spansignal	TAKEN
routegrid	TAKEN
commitcore	TAKEN
trueyard	TAKEN
steadyember	TAKEN
feedsummit	TAKEN
columnsignal	AVAIL
prismbraid	AVAIL
rankrail	TAKEN
gatesurvey	TAKEN
steadylane	TAKEN
emberbasin	AVAIL
boostport	TAKEN
probecurrent	AVAIL
truechannel	TAKEN
sentrygraph	TAKEN
corpusradar	AVAIL
verifyscope	TAKEN
syncframe	TAKEN
rollbackrail	AVAIL
joinkiln	AVAIL
cognategate	AVAIL
liftlattice	AVAIL
tempoatlas	TAKEN
auditkernel	TAKEN
brightcodex	TAKEN
relayvault	TAKEN
reckonfabric	AVAIL
policypulse	TAKEN
cleanspine	TAKEN
schemaforge	TAKEN
gaugebraid	AVAIL
metricstack	TAKEN
cobotspan	AVAIL
craftforge	TAKEN
steadystream	TAKEN
castalmanac	AVAIL
crisptower	AVAIL
kilowattcore	AVAIL
assigngauge	AVAIL
mintcadence	AVAIL
handofforbit	AVAIL
lidarstudio	TAKEN
steerpanel	AVAIL
pilotsummit	TAKEN
creditmesh	TAKEN
scanvault	TAKEN
bastionmeter	AVAIL
invoiceflow	TAKEN
feedkeep	TAKEN
surgemill	TAKEN
anchorstack	TAKEN
servokeep	AVAIL
beamradar	TAKEN
frameguard	TAKEN
tensormap	TAKEN
spatialarc	TAKEN
syncindex	TAKEN
quietrail	TAKEN
recordpillar	AVAIL
levelforge	TAKEN
openthread	TAKEN
corpusweave	AVAIL
liftradar	TAKEN
trimquay	AVAIL
mergearc	TAKEN
forgepatrol	AVAIL
patrolhelm	AVAIL
trimanchor	AVAIL
branchtempo	AVAIL
renewmesh	AVAIL
filingframe	TAKEN
moorbridge	TAKEN
launcharc	TAKEN
kindleamp	AVAIL
matchboard	TAKEN
swiftconduit	TAKEN
tokengate	TAKEN
debitatlas	AVAIL
inboundbrief	AVAIL
solidlattice	TAKEN
clearbrief	TAKEN
drivemap	TAKEN
pairturbine	AVAIL
opengraph	TAKEN
citadelcape	AVAIL
gridlattice	TAKEN
canvastrail	TAKEN
kindlepillar	AVAIL
fleetweave	TAKEN
plainmeter	TAKEN
cargoroute	TAKEN
studioyard	TAKEN
commitkiln	AVAIL
briskdocket	AVAIL
raiseflow	TAKEN
guardpicket	AVAIL
hydrograph	TAKEN
contextpress	TAKEN
framelayer	TAKEN
sparksurvey	TAKEN
payoutdelta	AVAIL
truelanding	TAKEN
prismcodex	TAKEN
carbonflare	TAKEN
shieldseal	TAKEN
sharprails	AVAIL
reasonatlas	TAKEN
carbonanchor	TAKEN
tenderyard	TAKEN
metricrelay	TAKEN
palletlane	AVAIL
solartrace	TAKEN
rankgauge	TAKEN
kineticgate	TAKEN
wardenmeter	AVAIL
vaultworks	TAKEN
ladingbench	AVAIL
sharpstudio	TAKEN
synckindle	TAKEN
sharpsignal	TAKEN
surgepatrol	AVAIL
sentrybasin	AVAIL
emblemrails	AVAIL
crisploom	TAKEN
lenscharter	AVAIL
brightradar	TAKEN
brightanvil	TAKEN
floatcore	TAKEN
ledgersonar	TAKEN
crispmeter	AVAIL
thermaldelta	TAKEN
tracelookout	AVAIL
inboundtrail	AVAIL
scanledger	TAKEN
prismindex	TAKEN
studiodrift	TAKEN
recordport	TAKEN
sharpatlas	TAKEN
spantower	TAKEN
paytruss	TAKEN
trustpicket	AVAIL
joinrail	TAKEN
linkrecord	TAKEN
plaincompass	TAKEN
brightguard	TAKEN
identbridge	AVAIL
trackharbor	TAKEN
corpusledger	TAKEN
commitbrief	TAKEN
gaugebrief	AVAIL
fuelrails	TAKEN
ciphermap	TAKEN
cleartruss	AVAIL
cellvault	TAKEN
invoiceport	TAKEN
tendertrack	TAKEN
rankbase	TAKEN
cleanradar	TAKEN
mandatepulse	TAKEN
launchdynamo	TAKEN
debitstack	AVAIL
drivedrift	TAKEN
bastiondock	AVAIL
rankpatrol	TAKEN
handoffmeter	AVAIL
levelprism	TAKEN
patrolanchor	AVAIL
groundsummit	TAKEN
prismarc	TAKEN
payoutscope	TAKEN
matchlayer	TAKEN
freightbench	TAKEN
queuealmanac	AVAIL
joinpanel	TAKEN
brightbasin	TAKEN
offsetsurvey	TAKEN
prooflens	TAKEN
triagepath	TAKEN
pilotroute	TAKEN
haulyard	TAKEN
flowamp	TAKEN
stagingorbit	TAKEN
sparkdossier	AVAIL
keencurrent	TAKEN
columnrail	TAKEN
tensordial	TAKEN
trimlayer	AVAIL
ladingroute	AVAIL
craftarc	TAKEN
fuselattice	TAKEN
sequencedial	AVAIL
surgetrack	TAKEN
routebridge	TAKEN
palletplinth	AVAIL
intakeroute	TAKEN
craftpulse	TAKEN
mergekeep	AVAIL
fueltempo	AVAIL
credithelm	TAKEN
charterarc	AVAIL
castcape	TAKEN
tierdesk	TAKEN
fusetower	AVAIL
framevigil	AVAIL
cointrace	TAKEN
kineticpress	TAKEN
handoffmesh	TAKEN
coincharter	TAKEN
keenworkshop	AVAIL
tenderlane	TAKEN
moorfolio	AVAIL
mergekiln	AVAIL
beamindex	TAKEN
cutlistyard	AVAIL
quietchart	TAKEN
probeflow	TAKEN
fleetstudio	TAKEN
synapseport	AVAIL
palletwharf	AVAIL
alignarc	TAKEN
linkdesk	TAKEN
trackrecord	TAKEN
proofshield	TAKEN
boostvolt	TAKEN
rankcape	AVAIL
patchrelay	TAKEN
debitbase	TAKEN
auditpatrol	TAKEN
liftboard	TAKEN
matchlantern	TAKEN
wardenbay	AVAIL
tiercove	AVAIL
chargebay	TAKEN
groundweave	TAKEN
tracksummit	TAKEN
shiftkindle	AVAIL
weightkernel	AVAIL
corpusdock	AVAIL
mergesensor	AVAIL
remitcodex	AVAIL
servokernel	AVAIL
vaultroute	TAKEN
chargeroster	TAKEN
beamsentry	TAKEN
trimcodex	AVAIL
opencadence	TAKEN
aligncove	TAKEN
sharpreach	TAKEN
shipdelta	TAKEN
raiseloop	TAKEN
boosthaven	TAKEN
siftdynamo	AVAIL
weavelens	TAKEN
framegate	TAKEN
settletrail	AVAIL
ledgerharbor	TAKEN
stagingframe	AVAIL
datasetscope	AVAIL
lidartrack	AVAIL
ranklanding	AVAIL
trackdepot	TAKEN
tabularlayer	AVAIL
scalepillar	TAKEN
sortradar	AVAIL
quietkiln	TAKEN
columnsonar	AVAIL
mergereactor	AVAIL
vitalspulse	TAKEN
pilotbasin	AVAIL
anchortrail	TAKEN
actuategate	AVAIL
solidmesh	TAKEN
cutlistforge	AVAIL
tokentrack	TAKEN
levelpillar	AVAIL
sortatelier	AVAIL
mintspan	TAKEN
coinpath	TAKEN
rampartdepot	AVAIL
openplinth	TAKEN
signetmeter	AVAIL
montageanvil	AVAIL
briskturbine	AVAIL
aligntower	AVAIL
feedengine	TAKEN
fuelplinth	AVAIL
steadychart	TAKEN
sharploop	TAKEN
crispcape	AVAIL
depotkernel	AVAIL
scaleloop	TAKEN
keencharter	AVAIL
transitcrest	AVAIL
commitorbit	TAKEN
alignseal	TAKEN
dockforge	TAKEN
carbonmeter	TAKEN
bedsideroute	AVAIL
surgestack	TAKEN
mergesummit	TAKEN
fuseworkshop	TAKEN
turbineprism	AVAIL
transitbench	TAKEN
meshstudio	TAKEN
vaultatlas	TAKEN
forgeorbit	TAKEN
raisekernel	AVAIL
solidlanding	TAKEN
cleancodex	TAKEN
reelstudio	TAKEN
gridtower	TAKEN
alignturbine	AVAIL
beamconduit	AVAIL
sharpdocket	AVAIL
reelpress	TAKEN
scaleroute	TAKEN
liftember	TAKEN
calmguard	TAKEN
consignwave	AVAIL
manifestmesh	TAKEN
transitbasin	AVAIL
guardshield	TAKEN
studioquay	TAKEN
rankledger	TAKEN
shipdock	TAKEN
payerchart	AVAIL
trustsignal	TAKEN
hardenbridge	AVAIL
picketcove	AVAIL
framepulse	TAKEN
lidarpress	AVAIL
castregister	TAKEN
prismengine	TAKEN
groundsensor	TAKEN
keenlens	TAKEN
metricgrid	TAKEN
primeharbor	TAKEN
solargate	TAKEN
wardenshield	TAKEN
moorbench	AVAIL
carbonkernel	TAKEN
tracewarden	TAKEN
forgetrack	TAKEN
filingrail	TAKEN
launchdock	TAKEN
probehelm	AVAIL
routeroster	TAKEN
trimwarden	AVAIL
dispatchbase	TAKEN
kindlehelm	AVAIL
cognatestack	AVAIL
alignwarden	AVAIL
floatdesk	TAKEN
flowprobe	TAKEN
servoridge	AVAIL
agentframe	TAKEN
shieldrail	TAKEN
payloadbench	AVAIL
chargeatlas	TAKEN
wardenridge	TAKEN
celldepot	TAKEN
routechannel	AVAIL
plainbase	TAKEN
syncmeter	TAKEN
inferstack	TAKEN
mandatedesk	TAKEN
spangrid	TAKEN
tracktrace	TAKEN
verifygate	TAKEN
flowsurvey	TAKEN
gantrypulse	AVAIL
lidaratlas	TAKEN
fuseanchor	AVAIL
syncfabric	TAKEN
careteampath	AVAIL
haulengine	TAKEN
calmsensor	TAKEN
renewpulse	TAKEN
filingdesk	TAKEN
swiftlane	TAKEN
boostvigil	AVAIL
signetfolio	TAKEN
freightgate	TAKEN
buildlattice	TAKEN
calmcurrent	TAKEN
steerflow	TAKEN
shieldvigil	AVAIL
cognategraph	AVAIL
draftanvil	AVAIL
sparkbrief	TAKEN
canvasdesk	TAKEN
datasetspan	AVAIL
cohortprobe	AVAIL
carbonlens	TAKEN
beamridge	TAKEN
triggerwave	TAKEN
tokenradar	TAKEN
weightmill	AVAIL
steerdial	AVAIL
identdesk	AVAIL
moorturbine	AVAIL
settleharbor	TAKEN
linkpulse	TAKEN
kindleorbit	AVAIL
cognatepress	TAKEN
approvevault	AVAIL
joinyard	TAKEN
sharporbit	TAKEN
kindlepulse	AVAIL
brightatlas	TAKEN
calmpillar	AVAIL
payrecord	TAKEN
fueldesk	TAKEN
plotindex	TAKEN
keenfoundry	TAKEN
tokenpicket	AVAIL
hydrokernel	AVAIL
invoicetrace	TAKEN
coinsummit	TAKEN
cellkeep	TAKEN
cleanspark	TAKEN
reasonprobe	AVAIL
ledgercore	TAKEN
trimframe	AVAIL
syncrelay	TAKEN
commitrails	AVAIL
ciphergraph	TAKEN
queueprobe	AVAIL
rampartchart	AVAIL
launchridge	TAKEN
shieldsonar	AVAIL
indexdesk	TAKEN
swiftreactor	AVAIL
briskhaven	TAKEN
cleanloop	TAKEN
quietreach	TAKEN
tunerelay	TAKEN
runtimeforge	TAKEN
feedloom	TAKEN
dispatchcape	AVAIL
fuelport	TAKEN
covenantmesh	AVAIL
meshrails	TAKEN
forgeseal	TAKEN
signetroster	AVAIL
passportrail	AVAIL
rampartlayer	AVAIL
wardensummit	AVAIL
routestack	TAKEN
gateorbit	TAKEN
quietlantern	TAKEN
draftwarden	AVAIL
signetseal	TAKEN
bindbase	TAKEN
tendermap	TAKEN
crispledger	TAKEN
rankvigil	AVAIL
liftbasin	AVAIL
wardenbasin	AVAIL
gridrails	TAKEN
rampartsonar	AVAIL
fleetpanel	TAKEN
fuseamp	AVAIL
mintkernel	AVAIL
emissioncape	AVAIL
studiodocket	TAKEN
recordtower	TAKEN
primeloop	TAKEN
debitspan	TAKEN
solidreach	TAKEN
mergepath	TAKEN
groundbase	TAKEN
tenderstack	TAKEN
lidarport	AVAIL
indexmap	TAKEN
steerboard	TAKEN
payarc	TAKEN
voltbase	TAKEN
branchfabric	AVAIL
gridtrace	TAKEN
offsetcove	AVAIL
triageprobe	AVAIL
driveconduit	AVAIL
brightkernel	TAKEN
corpusflow	TAKEN
plainspan	TAKEN
chargeboard	TAKEN
kindleworks	TAKEN
recordworks	TAKEN
attestscope	AVAIL
fleetgauge	TAKEN
trackconduit	AVAIL
hardentrack	AVAIL
framethread	TAKEN
voltatlas	TAKEN
tierloop	TAKEN
tierdocket	AVAIL
yieldkeep	TAKEN
traceledger	TAKEN
tensorindex	TAKEN
policywatch	TAKEN
inboundrelay	TAKEN
citadelspine	AVAIL
weavemap	TAKEN
gantryarc	AVAIL
raiseworks	TAKEN
embedatlas	TAKEN
probekeep	AVAIL
cargovault	TAKEN
keenfolio	TAKEN
stagingdock	TAKEN
tierpillar	AVAIL
fusedock	TAKEN
joinworkshop	TAKEN
payoutrails	TAKEN
firstlane	TAKEN
probekernel	AVAIL
gatedock	TAKEN
emissiongrid	TAKEN
vaultbeacon	TAKEN
cargolane	TAKEN
gatedrift	AVAIL
trackbridge	TAKEN
frameanchor	TAKEN
charterdial	AVAIL
rankrecord	TAKEN
yieldcadence	AVAIL
castfoundry	TAKEN
levelboard	TAKEN
picketspan	AVAIL
triggerorbit	AVAIL
gateloom	TAKEN
assignflow	TAKEN
prismkernel	TAKEN
tempobrief	TAKEN
boostanvil	AVAIL
soundtrunk	TAKEN
cobotkeep	TAKEN
escrowlayer	TAKEN
carbondelta	TAKEN
guardengine	TAKEN
metricroster	AVAIL
controlbrief	TAKEN
pairbrief	TAKEN
debitcodex	AVAIL
fueldepot	TAKEN
floatrelay	AVAIL
syncbridge	TAKEN
scalerelay	TAKEN
docksummit	TAKEN
briskrecord	AVAIL
plotkernel	AVAIL
settlecore	TAKEN
settlepulse	AVAIL
fusearc	TAKEN
paygrid	TAKEN
hydrokindle	AVAIL
surgepress	TAKEN
traceprobe	TAKEN
claimboard	TAKEN
probeprism	AVAIL
emblemrail	AVAIL
joinplinth	TAKEN
emberpeak	TAKEN
cargotrunk	TAKEN
rankreactor	TAKEN
chargeflow	TAKEN
queuepillar	AVAIL
sparklookout	AVAIL
shiftspine	TAKEN
weavekeep	AVAIL
assignengine	AVAIL
rampartgrid	AVAIL
steerturbine	AVAIL
contextgate	TAKEN
joinloom	TAKEN
sparkfoundry	TAKEN
keystonegate	TAKEN
scandelta	TAKEN
liftcore	TAKEN
cellrails	AVAIL
tensorember	AVAIL
solidreactor	AVAIL
offsetrails	AVAIL
signalgate	TAKEN
sentinelpeak	TAKEN
bindflare	TAKEN
bindpath	TAKEN
beamtrunk	AVAIL
floatroster	AVAIL
flowmesh	TAKEN
facetswitch	AVAIL
sealgraph	AVAIL
schemakernel	AVAIL
calmroute	TAKEN
gateforge	TAKEN
scanconduit	AVAIL
wardenchart	AVAIL
registryspan	AVAIL
citadelworks	TAKEN
gateseal	TAKEN
dosagecove	AVAIL
auditsonar	AVAIL
reasongate	TAKEN
gateworkshop	AVAIL
signalfolio	TAKEN
gatemeter	AVAIL
columndial	AVAIL
gateswitch	TAKEN
syncrail	TAKEN
boostorbit	TAKEN
trueturbine	AVAIL
trustledger	TAKEN
raisesignal	TAKEN
spatialvault	TAKEN
scanradar	TAKEN
columnlane	AVAIL
castpath	TAKEN
gatebrief	AVAIL
warrantbrief	AVAIL
tracemill	TAKEN
tracestack	TAKEN
runtimedock	TAKEN
schemameter	AVAIL
truecape	TAKEN
raiseharbor	AVAIL
boostlattice	TAKEN
swiftchannel	TAKEN
rampartmesh	AVAIL
cognateframe	AVAIL
settlehaven	TAKEN
draftbrief	TAKEN
craftpanel	TAKEN
servogrid	TAKEN
relaydocket	AVAIL
kindlesentry	AVAIL
probelane	TAKEN
assignlayer	AVAIL
offsetbase	AVAIL
remitcore	TAKEN
cutlistwave	AVAIL
soundrail	TAKEN
offsetdock	AVAIL
steadyprobe	AVAIL
studiodesk	TAKEN
drivepicket	AVAIL
ciphersummit	TAKEN
emberamp	AVAIL
synapsedial	TAKEN
sharproster	TAKEN
fusecharter	AVAIL
keensummit	TAKEN
cellbridge	TAKEN
runtimedesk	TAKEN
deploystream	TAKEN
fusedepot	TAKEN
escrowpath	TAKEN
settledial	AVAIL
plothelm	TAKEN
complyanchor	TAKEN
payoutlens	TAKEN
trackrails	TAKEN
synclens	TAKEN
signalfabric	TAKEN
coinhelm	TAKEN
amperecore	TAKEN
keenspine	AVAIL
mergeport	TAKEN
vectortorch	TAKEN
handofflayer	AVAIL
shieldbridge	TAKEN
lastmilegate	AVAIL
keenflow	TAKEN
shipledger	TAKEN
liftlane	TAKEN
voltradar	TAKEN
signalsonar	TAKEN
commitledger	TAKEN
plainledger	TAKEN
chargetower	TAKEN
swiftalmanac	TAKEN
weightvault	TAKEN
parallaxhelm	AVAIL
boostcurrent	TAKEN
pairatlas	TAKEN
chartergraph	TAKEN
surgebeacon	TAKEN
frameboard	TAKEN
alignfabric	TAKEN
primequay	AVAIL
ciphercrest	TAKEN
crispanchor	AVAIL
inboundpanel	AVAIL
pilotcore	TAKEN
sentinelhelm	AVAIL
gatedelta	AVAIL
streamkindle	AVAIL
voltsurvey	AVAIL
launchengine	TAKEN
feedspan	TAKEN
fleetlanding	TAKEN
bindvigil	AVAIL
haulroster	TAKEN
cleanbay	TAKEN
clearorbit	TAKEN
assignfabric	AVAIL
beamtorch	TAKEN
routeplinth	AVAIL
mandategrid	TAKEN
swiftreach	TAKEN
biomasshelm	AVAIL
dockfabric	TAKEN
linksummit	TAKEN
inferember	AVAIL
servochart	AVAIL
steerstack	TAKEN
groundarc	TAKEN
escrowsummit	AVAIL
beamharbor	TAKEN
calmdossier	AVAIL
fleetvault	TAKEN
ledgerprobe	AVAIL
meshmill	TAKEN
yieldsummit	TAKEN
rankrails	TAKEN
chartervigil	AVAIL
complyspan	AVAIL
chartvault	TAKEN
groundpress	TAKEN
renewridge	TAKEN
cargotide	TAKEN
fleetconduit	AVAIL
alignatlas	TAKEN
indexprism	TAKEN
yieldalmanac	AVAIL
consignpanel	AVAIL
solidyard	TAKEN
alignconduit	AVAIL
claimtrack	TAKEN
weightbase	TAKEN
citadelwatch	TAKEN
amperegate	AVAIL
spankernel	AVAIL
hardenharbor	AVAIL
covenantarc	TAKEN
raiseprism	AVAIL
swiftmeter	TAKEN
tensorprism	TAKEN
feedspark	TAKEN
mergereach	AVAIL
lenskeep	TAKEN
routespan	TAKEN
kindlepicket	AVAIL
reelyard	TAKEN
coindelta	TAKEN
hydroscope	TAKEN
pilotcompass	TAKEN
surgedesk	TAKEN
contextgauge	TAKEN
vectordial	AVAIL
routetide	AVAIL
launchroute	TAKEN
tracebench	TAKEN
pairkindle	AVAIL
agentport	TAKEN
siftsummit	AVAIL
renderpress	TAKEN
opensensor	TAKEN
meshforge	TAKEN
debitcape	AVAIL
trackcurrent	TAKEN
joinhaven	TAKEN
pairtrail	AVAIL
shieldgrid	TAKEN
floatquay	AVAIL
weavebraid	AVAIL
dockpanel	TAKEN
policyprobe	TAKEN
branchanchor	TAKEN
guardlanding	AVAIL
mergetruss	AVAIL
shipfabric	TAKEN
anchorcore	TAKEN
linkcadence	AVAIL
renewchannel	TAKEN
mintbay	TAKEN
statutelayer	AVAIL
northforge	TAKEN
freightbase	TAKEN
hydrocrest	TAKEN
warrantrails	AVAIL
bindbay	TAKEN
primegate	TAKEN
soundswitch	TAKEN
filingrecord	TAKEN
chartember	AVAIL
cleanpillar	TAKEN
quietdynamo	TAKEN
voltbeacon	TAKEN
quietflare	TAKEN
flowfoundry	TAKEN
gantrysensor	AVAIL
keendynamo	AVAIL
gaugekeep	TAKEN
tracedrift	TAKEN
fuseprobe	AVAIL
montagepeak	AVAIL
attestradar	AVAIL
montageweave	AVAIL
complygauge	TAKEN
haulstack	TAKEN
quietpanel	TAKEN
thermalkeep	TAKEN
raiseconduit	AVAIL
creditbrief	TAKEN
columnledger	AVAIL
identgauge	AVAIL
shiftpicket	AVAIL
framekeep	TAKEN
joinbasin	TAKEN
queuefoundry	AVAIL
cleartempo	TAKEN
yieldport	TAKEN
ledgerdesk	TAKEN
pilotsensor	AVAIL
rollbacklane	AVAIL
cognateatlas	AVAIL
tenderhaven	TAKEN
settlegraph	AVAIL
citadelgraph	AVAIL
prismchannel	AVAIL
buildledger	TAKEN
sparkcurrent	TAKEN
triagedelta	AVAIL
mergecore	TAKEN
patrolsurvey	TAKEN
gatelanding	AVAIL
swiftframe	TAKEN
mintatlas	TAKEN
bindroute	TAKEN
keendock	TAKEN
consigncove	AVAIL
moordepot	AVAIL
escrowcore	TAKEN
clearspark	TAKEN
actuateframe	AVAIL
rankdepot	TAKEN
settleyard	AVAIL
cellreach	TAKEN
pilotanchor	AVAIL
brightrecord	TAKEN
bedsidebay	AVAIL
alignhaven	TAKEN
pilotmeter	AVAIL
surgeindex	TAKEN
ladingbase	AVAIL
calmlookout	AVAIL
siftbeacon	AVAIL
synapsemap	TAKEN
groundstudio	TAKEN
relaychannel	TAKEN
fleetdossier	TAKEN
sequencegate	TAKEN
hydroworks	TAKEN
cleargraph	TAKEN
queuetrail	AVAIL
wardensignal	AVAIL
gantrysurvey	AVAIL
gaugefabric	AVAIL
groundprism	AVAIL
cobotstudio	TAKEN
mergesentry	AVAIL
synapsebench	AVAIL
framedrift	TAKEN
weavespine	AVAIL
signalrecord	TAKEN
dosageprism	AVAIL
primearc	TAKEN
boostreach	TAKEN
branchrail	TAKEN
freightdelta	TAKEN
launchamp	TAKEN
moorkeep	AVAIL
deployport	TAKEN
warrantworks	AVAIL
mergegrid	TAKEN
ledgerprism	AVAIL
reelworkshop	AVAIL
siftpillar	AVAIL
commitharbor	AVAIL
tabulargraph	AVAIL
picketengine	TAKEN
syncregister	TAKEN
crispbase	TAKEN
canvasroute	TAKEN
castlanding	AVAIL
paythread	TAKEN
craftstudio	TAKEN
cleankiln	TAKEN
rollbackmesh	AVAIL
traceatelier	TAKEN
cargoalmanac	AVAIL
tensoratlas	TAKEN
tokenpillar	TAKEN
triggerscope	TAKEN
wardenwatch	TAKEN
tempobraid	AVAIL
craftcodex	TAKEN
gridcove	TAKEN
primetrail	TAKEN
meshengine	TAKEN
drivekernel	TAKEN
corpusamp	AVAIL
registerkeep	AVAIL
haulbasin	AVAIL
groundbench	AVAIL
gridfoundry	TAKEN
plainbay	TAKEN
consentport	TAKEN
brightember	TAKEN
steeramp	AVAIL
claimatlas	TAKEN
joinamp	TAKEN
cobotharbor	TAKEN
dockdesk	TAKEN
cleanharbor	TAKEN
lidarprism	AVAIL
tiercircuit	AVAIL
corpusrecord	AVAIL
intakereach	AVAIL
cleancompass	TAKEN
remitkeep	AVAIL
assignrails	AVAIL
picketkernel	AVAIL
launchradar	TAKEN
matchradar	TAKEN
openfabric	TAKEN
tracevolt	TAKEN
tracecompass	TAKEN
shiftrecord	TAKEN
auditsentry	TAKEN
briskcompass	AVAIL
agentfabric	TAKEN
passportmesh	AVAIL
plainmap	TAKEN
openamp	TAKEN
primegauge	TAKEN
servobench	AVAIL
weaverail	AVAIL
scanthread	TAKEN
carboncape	AVAIL
agentsensor	TAKEN
intakepath	TAKEN
firstdynamo	AVAIL
cadenceboard	TAKEN
tracepulse	TAKEN
fuelguard	TAKEN
rampartatlas	AVAIL
shiftgate	TAKEN
fuelkernel	AVAIL
trimcircuit	AVAIL
picketbasin	AVAIL
flowtrail	TAKEN
reelrelay	TAKEN
kindledock	TAKEN
consentvault	TAKEN
cutlistloom	AVAIL
calmcharter	AVAIL
sharprail	TAKEN
emberpulse	TAKEN
trustdial	TAKEN
debitfolio	AVAIL
creditdepot	TAKEN
primekernel	TAKEN
emissionamp	AVAIL
weightkiln	AVAIL
linkflow	TAKEN
craftsensor	TAKEN
cadencearc	AVAIL
anchorplinth	AVAIL
actuatestack	AVAIL
solidwharf	AVAIL
remitchart	AVAIL
boostpath	TAKEN
mergeguard	TAKEN
indexrelay	TAKEN
crispfolio	TAKEN
identfabric	AVAIL
reasontrack	AVAIL
attestsignal	TAKEN
meshsonar	AVAIL
kindletide	AVAIL
releasekeep	AVAIL
lidargate	AVAIL
contextrail	TAKEN
approveindex	AVAIL
depotreach	TAKEN
policyhelm	TAKEN
recordbrief	TAKEN
lenscurrent	AVAIL
shieldharbor	TAKEN
sparkbraid	AVAIL
creditspine	AVAIL
policyframe	TAKEN
calmalmanac	AVAIL
spanrails	AVAIL
synclanding	TAKEN
dosagechart	TAKEN
joinengine	TAKEN
swiftforge	TAKEN
depotkeep	AVAIL
modelkindle	AVAIL
feedreactor	TAKEN
signetsensor	TAKEN
beamkiln	AVAIL
castwarden	AVAIL
draftengine	TAKEN
debitgraph	AVAIL
palletatlas	AVAIL
offsetreach	AVAIL
solidbasin	AVAIL
boostcrest	TAKEN
chargehaven	TAKEN
spanember	AVAIL
fleetlens	TAKEN
surgebase	TAKEN
synapsespine	TAKEN
northlane	TAKEN
sparkbay	TAKEN
signetharbor	AVAIL
steadybridge	TAKEN
firstpeak	TAKEN
statuterails	AVAIL
corpustower	AVAIL
boostdynamo	TAKEN
payloadreach	AVAIL
trimhelm	AVAIL
bedsidepeak	AVAIL
mintlattice	AVAIL
shieldscope	TAKEN
beamplinth	AVAIL
turbineframe	AVAIL
relaydesk	TAKEN
chargecape	AVAIL
debitbay	AVAIL
amperelayer	AVAIL
joingrid	TAKEN
settledocket	AVAIL
chartersonar	AVAIL
hardensentry	AVAIL
infertorch	AVAIL
palletpeak	TAKEN
sharpspine	TAKEN
modelframe	TAKEN
infergauge	TAKEN
launchvigil	AVAIL
sharpcore	TAKEN
linksurvey	TAKEN
cliniclane	TAKEN
carbonbay	TAKEN
releasevault	TAKEN
pairember	AVAIL
ledgerbeacon	TAKEN
fueltower	TAKEN
gaugepath	TAKEN
escrowdial	AVAIL
controltrace	TAKEN
dockloom	TAKEN
patchforge	TAKEN
buildpanel	TAKEN
cargohaven	TAKEN
linkvigil	TAKEN
hydrogrid	TAKEN
scanreactor	AVAIL
stagingtempo	AVAIL
guardreach	TAKEN
northdelta	TAKEN
tiergauge	TAKEN
temporoster	AVAIL
commitdesk	TAKEN
buildlane	TAKEN
streamwharf	AVAIL
badgecore	TAKEN
sortbasin	AVAIL
reckongauge	AVAIL
ladingspine	AVAIL
queuegrid	TAKEN
emissionquay	AVAIL
plainlantern	TAKEN
metricpanel	TAKEN
consentboard	TAKEN
plainrecord	TAKEN
framebase	TAKEN
tuneorbit	TAKEN
assignbeacon	AVAIL
shipsonar	AVAIL
fuserail	TAKEN
streamcape	AVAIL
complylayer	TAKEN
studiopath	TAKEN
cadenceworks	TAKEN
reasonprism	TAKEN
cohortreach	AVAIL
patrolatlas	TAKEN
palletmesh	TAKEN
rankmap	TAKEN
shieldtrack	TAKEN
anchorvigil	AVAIL
queuedrift	TAKEN
depotarc	AVAIL
citadelcrest	TAKEN
spatialsonar	AVAIL
corpusflare	AVAIL
beamlookout	AVAIL
meshvault	TAKEN
keenwave	TAKEN
bedsidereach	AVAIL
biomassgraph	AVAIL
liftmap	TAKEN
spangate	TAKEN
vaultgauge	TAKEN
gatebay	TAKEN
studiocrest	TAKEN
streamvigil	TAKEN
primeguard	TAKEN
linkengine	TAKEN
draftscope	TAKEN
turbinegraph	AVAIL
indexhelm	AVAIL
bindyard	AVAIL
coingraph	TAKEN
consentmesh	TAKEN
carbontrunk	AVAIL
scalegate	TAKEN
auditlookout	AVAIL
freightarc	TAKEN
joinflow	TAKEN
synapseframe	TAKEN
sparkpillar	TAKEN
tracetide	TAKEN
alignmill	TAKEN
debitanchor	AVAIL
scansummit	TAKEN
turbineworks	TAKEN
truearc	TAKEN
forgeamp	TAKEN
sortamp	AVAIL
raiselane	TAKEN
shieldwarden	TAKEN
vectorspark	TAKEN
triggerforge	TAKEN
releasearc	AVAIL
cohortarc	AVAIL
emberkindle	TAKEN
mergerail	TAKEN
renderboard	TAKEN
bindwave	TAKEN
cadenceforge	TAKEN
tensortrace	TAKEN
moortide	TAKEN
tracesurvey	AVAIL
lastmilebase	AVAIL
offsetatlas	TAKEN
reckonprism	AVAIL
studiothread	TAKEN
disclosearc	AVAIL
linkdocket	AVAIL
sorthelm	AVAIL
draftsignal	TAKEN
steadyflare	TAKEN
tierwharf	AVAIL
cohortcrest	AVAIL
remitsignal	TAKEN
thermaltrack	TAKEN
feedbridge	TAKEN
tensorpillar	TAKEN
attestframe	AVAIL
crispindex	AVAIL
pairpillar	AVAIL
pairmeter	TAKEN
relayfolio	AVAIL
emissionvolt	AVAIL
soundcodex	TAKEN
clearpress	TAKEN
scanengine	TAKEN
alignanchor	TAKEN
bindkiln	AVAIL
verifybridge	TAKEN
sparkroute	TAKEN
spancove	AVAIL
floatvault	TAKEN
raisepillar	AVAIL
bedsidescope	AVAIL
registercore	AVAIL
dispatchdesk	TAKEN
servotrack	TAKEN
cobotrails	AVAIL
vectorprobe	TAKEN
boostpatrol	TAKEN
tracethread	TAKEN
emblemsurvey	AVAIL
remitdrift	TAKEN
launchlens	TAKEN
briskloom	AVAIL
moorcompass	AVAIL
settlekernel	AVAIL
citadelport	AVAIL
sparkscope	TAKEN
approvespan	AVAIL
warrantarc	AVAIL
debitlattice	AVAIL
cipherwatch	TAKEN
cohortroute	AVAIL
recordprism	AVAIL
creditanchor	TAKEN
proberelay	AVAIL
auditplinth	AVAIL
recordbeacon	TAKEN
badgemeter	TAKEN
proofkernel	TAKEN
trimpillar	AVAIL
openlookout	AVAIL
forgewave	TAKEN
spanorbit	TAKEN
deployarc	TAKEN
freightdepot	TAKEN
consignloop	TAKEN
quietcore	TAKEN
clearsonar	TAKEN
beamvolt	TAKEN
tensorspan	TAKEN
anchortower	TAKEN
policyengine	TAKEN
raisemill	AVAIL
hydrofabric	TAKEN
remitcircuit	AVAIL
mandatewatch	TAKEN
weightdial	AVAIL
mintharbor	TAKEN
tokenfolio	TAKEN
bindlayer	TAKEN
weavearc	TAKEN
rollbackmill	AVAIL
paysummit	TAKEN
tokenframe	TAKEN
synapsevolt	TAKEN
spanchannel	AVAIL
brightpanel	TAKEN
attestprism	AVAIL
synapsescope	TAKEN
weavelane	TAKEN
vitalschart	TAKEN
prismledger	TAKEN
guardvault	TAKEN
siftregister	AVAIL
settlecape	AVAIL
primeconduit	TAKEN
mandateworks	TAKEN
offsetbasin	AVAIL
tendergraph	TAKEN
emblempicket	AVAIL
scanpillar	AVAIL
gatechart	AVAIL
proofhelm	TAKEN
renewcrest	TAKEN
cutlistbrief	AVAIL
compilelane	AVAIL
metrictower	TAKEN
palletengine	AVAIL
briskvigil	AVAIL
boostroute	TAKEN
intakeorbit	TAKEN
mergeprobe	AVAIL
depotloop	TAKEN
tiermill	AVAIL
briskdial	AVAIL
rankdelta	TAKEN
settletrace	TAKEN
tuneanchor	AVAIL
auditstack	TAKEN
cargoswitch	TAKEN
transitflow	TAKEN
hardenarc	AVAIL
vectorsurvey	TAKEN
spanvolt	AVAIL
castprobe	AVAIL
shipwave	TAKEN
scalebrief	TAKEN
primesignal	TAKEN
soundspan	TAKEN
buildrails	TAKEN
spanlookout	AVAIL
driverecord	TAKEN
metricrails	AVAIL
draftridge	TAKEN
clinicpeak	TAKEN
lensbridge	TAKEN
payoutindex	TAKEN
signetport	AVAIL
sentrymesh	TAKEN
linktrace	TAKEN
joinlayer	TAKEN
queueradar	TAKEN
mergebasin	AVAIL
keenbraid	AVAIL
vitalsindex	TAKEN
buildtempo	TAKEN
fleetkeep	TAKEN
picketvault	AVAIL
sealchart	TAKEN
payoutorbit	AVAIL
pairbraid	AVAIL
fleetbase	TAKEN
calmfolio	TAKEN
siftreactor	AVAIL
queuestack	TAKEN
chargeanchor	AVAIL
coinmap	TAKEN
haulmanifest	AVAIL
bindengine	TAKEN
canvasloop	TAKEN
swiftpeak	TAKEN
fuelboard	TAKEN
chartcompass	TAKEN
buildtower	TAKEN
levelflare	TAKEN
releaseboard	TAKEN
solarspark	TAKEN
calmport	TAKEN
creditframe	TAKEN
palletroster	AVAIL
quietgauge	TAKEN
surgehelm	TAKEN
calmvault	TAKEN
renewgate	TAKEN
northturbine	AVAIL
forgeworks	TAKEN
patrolchart	AVAIL
moorflare	AVAIL
identanchor	AVAIL
montageyard	AVAIL
keenpatrol	TAKEN
passportgate	TAKEN
cargoatlas	TAKEN
pilotbraid	AVAIL
compilestack	AVAIL
raisepath	TAKEN
feedmeter	TAKEN
emberdock	TAKEN
triagecrest	AVAIL
charterkeep	TAKEN
ladingtempo	AVAIL
levelmap	TAKEN
emissionkeep	AVAIL
relaygraph	TAKEN
prismfolio	TAKEN
schemapanel	AVAIL
mergelattice	AVAIL
identledger	AVAIL
agentledger	TAKEN
prismbase	TAKEN
scalevolt	TAKEN
drivesurvey	TAKEN
keenatelier	AVAIL
levelroute	TAKEN
fuelweave	TAKEN
flowflare	TAKEN
steadywave	TAKEN
auditport	TAKEN
creditgraph	TAKEN
metricgraph	TAKEN
alignchannel	TAKEN
levelgrid	TAKEN
beamkeep	AVAIL
branchboard	TAKEN
pilotcrest	TAKEN
indexbase	TAKEN
fusewharf	AVAIL
charterforge	TAKEN
deploybase	TAKEN
tunesignal	TAKEN
mergedossier	AVAIL
creditworks	TAKEN
datasetprism	AVAIL
shipsummit	TAKEN
boostcore	TAKEN
triggerbrief	TAKEN
castlattice	AVAIL
inboundpath	TAKEN
keencompass	TAKEN
craftbay	TAKEN
brisktrace	AVAIL
clearstream	TAKEN
tabulartrail	AVAIL
sharpcodex	TAKEN
sharpchannel	TAKEN
linkharbor	TAKEN
consentvigil	AVAIL
clinicsurvey	TAKEN
truestudio	TAKEN
auditcompass	TAKEN
plainmill	TAKEN
boostreactor	TAKEN
drivegauge	TAKEN
kindleindex	TAKEN
craftfoundry	TAKEN
yieldscope	TAKEN
rankguard	TAKEN
briskmap	TAKEN
tokenkernel	TAKEN
cognateamp	AVAIL
pilotdial	AVAIL
proberails	AVAIL
reckontower	AVAIL
moorcodex	AVAIL
haulstream	TAKEN
deploypillar	AVAIL
steerloop	TAKEN
ampereamp	AVAIL
sharparc	TAKEN
schemaroster	AVAIL
gatewatch	TAKEN
primetruss	TAKEN
complydial	TAKEN
auditbench	TAKEN
settlesensor	AVAIL
bindvolt	AVAIL
releaseloom	AVAIL
primegrid	TAKEN
tracesummit	AVAIL
solidarc	TAKEN
sparkhaven	TAKEN
gaugesonar	AVAIL
covenantport	AVAIL
castkernel	AVAIL
firstvigil	AVAIL
sparkpulse	TAKEN
statutespine	AVAIL
levelcrest	TAKEN
guardanchor	TAKEN
probeweave	AVAIL
boostprobe	TAKEN
rollbacktide	AVAIL
siftindex	AVAIL
guardspan	TAKEN
runtimespine	AVAIL
trueanvil	TAKEN
jointruss	TAKEN
transitspan	TAKEN
tierflare	AVAIL
studiodelta	TAKEN
sharpbasin	AVAIL
vitalspeak	TAKEN
renderforge	TAKEN
tempocircuit	AVAIL
launchseal	TAKEN
moorguard	TAKEN
pilotamp	TAKEN
flowbridge	TAKEN
lidardial	AVAIL
matchcircuit	TAKEN
auditanchor	TAKEN
sortharbor	AVAIL
routeatlas	TAKEN
rampartbase	AVAIL
patchkeep	TAKEN
picketindex	AVAIL
signetindex	AVAIL
tempofoundry	TAKEN
primecharter	TAKEN
tokenroster	TAKEN
anchorlane	TAKEN
wardenbase	TAKEN
mergethread	TAKEN
payloadscope	AVAIL
casthaven	TAKEN
brisktrail	TAKEN
bastionbasin	AVAIL
metricsonar	AVAIL
keenconduit	AVAIL
steercircuit	AVAIL
creditrail	TAKEN
tempotower	AVAIL
vaultsensor	TAKEN
joinpress	TAKEN
cleantrunk	AVAIL
liftbrief	AVAIL
guardstack	TAKEN
renewbay	TAKEN
reasonpulse	TAKEN
briskbay	TAKEN
solidbase	TAKEN
dockrelay	TAKEN
tensoranvil	AVAIL
tracedial	AVAIL
solarsensor	TAKEN
identwarden	AVAIL
plotatlas	TAKEN
weavesentry	AVAIL
vitalsprism	AVAIL
openvault	TAKEN
shipbridge	TAKEN
controlmesh	TAKEN
routedrift	TAKEN
soundspine	TAKEN
settleprobe	AVAIL
scheduledesk	TAKEN
bindspan	AVAIL
calmquay	TAKEN
offsetsonar	AVAIL
calmroster	TAKEN
indextruss	AVAIL
streamdynamo	AVAIL
offsetgrid	TAKEN
crispgate	TAKEN
primealmanac	AVAIL
invoicetrunk	AVAIL
commitatlas	AVAIL
joinlantern	TAKEN
renewatlas	TAKEN
haulpanel	AVAIL
spatialmesh	TAKEN
biomassquay	AVAIL
boostalmanac	AVAIL
mergelanding	AVAIL
offsetdial	AVAIL
floatbase	TAKEN
referraldesk	TAKEN
shiptide	TAKEN
releasedock	TAKEN
flowbay	TAKEN
emissiondial	AVAIL
spandesk	TAKEN
tenderdock	TAKEN
hydrogate	TAKEN
craftcadence	TAKEN
shipengine	TAKEN
sparkboard	TAKEN
servoarc	TAKEN
relaycadence	AVAIL
tunelayer	TAKEN
mergegraph	TAKEN
calmboard	TAKEN
briskrelay	TAKEN
framegauge	AVAIL
spatialprobe	AVAIL
routerail	TAKEN
trimbrief	TAKEN
tabularmap	AVAIL
tracereach	TAKEN
verifyprobe	AVAIL
moorpress	AVAIL
frametrack	TAKEN
servomill	TAKEN
reckonhelm	AVAIL
shipweave	TAKEN
driveharbor	TAKEN
scankernel	AVAIL
sharpember	AVAIL
charterprobe	AVAIL
amperekeep	AVAIL
liftprobe	AVAIL
crispreach	TAKEN
anchorspine	TAKEN
reasonember	AVAIL
wardenmesh	AVAIL
schemapulse	TAKEN
spanpicket	AVAIL
floatcodex	AVAIL
cobotpeak	AVAIL
drivecrest	TAKEN
cargohelm	TAKEN
dispatchwave	TAKEN
forgegauge	AVAIL
inboundcape	AVAIL
northfoundry	TAKEN
rankanvil	TAKEN
vaultforge	TAKEN
feedtruss	AVAIL
picketbay	AVAIL
weavecodex	AVAIL
vaultconduit	AVAIL
lastmilearc	AVAIL
anchorswitch	TAKEN
biomassradar	TAKEN
groundboard	TAKEN
gridvault	TAKEN
attestarc	AVAIL
syncpeak	TAKEN
reelbench	TAKEN
emberbay	TAKEN
solarhelm	TAKEN
vaultcore	TAKEN
clearwarden	TAKEN
sortweave	TAKEN
chartermesh	TAKEN
cohortorbit	AVAIL
kindlethread	AVAIL
anchorcodex	AVAIL
floatcrest	AVAIL
fuelforge	TAKEN
sentrygate	TAKEN
settleloop	TAKEN
gatebase	TAKEN
crispsignal	TAKEN
tenderport	TAKEN
mergeflare	AVAIL
linkrails	TAKEN
openhelm	TAKEN
covenantdial	AVAIL
payerorbit	TAKEN
signalroute	TAKEN
badgesignal	TAKEN
fusekiln	AVAIL
probecompass	AVAIL
yieldstack	TAKEN
tunerail	AVAIL
synchelm	AVAIL
plainbasin	AVAIL
handoffprism	AVAIL
dockguard	TAKEN
creditspan	TAKEN
bedsidelens	TAKEN
relaygauge	AVAIL
steadyarc	TAKEN
draftalmanac	AVAIL
raisetempo	AVAIL
raiseflare	AVAIL
chargerecord	AVAIL
freightmesh	TAKEN
lenshelm	AVAIL
linkmanifest	AVAIL
gantryspine	AVAIL
pilotwave	TAKEN
clearkindle	AVAIL
cellatlas	TAKEN
stagingtruss	TAKEN
inferlayer	TAKEN
bindlantern	AVAIL
hardenkernel	AVAIL
sealscope	TAKEN
debitbraid	AVAIL
bastionridge	TAKEN
emissionyard	AVAIL
palettebraid	AVAIL
sortvolt	AVAIL
escrowloop	TAKEN
palletorbit	AVAIL
ranklens	TAKEN
scanlayer	TAKEN
craftquay	TAKEN
forgetrunk	AVAIL
vaultdossier	AVAIL
canvasmill	TAKEN
buildtruss	TAKEN
launchmeter	TAKEN
depthfabric	AVAIL
joinmanifest	TAKEN
warrantradar	AVAIL
creditmap	TAKEN
truegate	TAKEN
branchkeep	AVAIL
levelhelm	AVAIL
hydroindex	TAKEN
keystonehelm	AVAIL
tunereactor	TAKEN
compileloop	AVAIL
streampanel	TAKEN
tenderdesk	TAKEN
quietkernel	TAKEN
claimframe	TAKEN
keenledger	TAKEN
voltmesh	TAKEN
emblemledger	AVAIL
canvasloom	TAKEN
facetsensor	AVAIL
matchatelier	TAKEN
calmpeak	TAKEN
matchdynamo	AVAIL
scalelanding	AVAIL
alignlattice	AVAIL
linkpillar	TAKEN
keentruss	AVAIL
hydroframe	TAKEN
solidember	AVAIL
scaleshield	TAKEN
inboundforge	TAKEN
amperearc	TAKEN
clearwatch	TAKEN
spanflare	AVAIL
gaugelens	TAKEN
ladingdocket	AVAIL
levelvault	TAKEN
chartprobe	AVAIL
trackcompass	TAKEN
badgesonar	AVAIL
emberhaven	TAKEN
servoscope	TAKEN
yieldfoundry	TAKEN
deploydock	TAKEN
signalsensor	TAKEN
trimsonar	AVAIL
drivespan	TAKEN
charterhelm	TAKEN
renewport	TAKEN
streambraid	AVAIL
charterguard	TAKEN
escrowtrack	TAKEN
proofsignal	TAKEN
chartercodex	AVAIL
crisptempo	AVAIL
syncdossier	AVAIL
steadygraph	AVAIL
compilekeep	AVAIL
signetmap	AVAIL
recordforge	TAKEN
reckonamp	AVAIL
anchordesk	TAKEN
fuseloop	TAKEN
routespine	AVAIL
tieratelier	AVAIL
tensorsurvey	AVAIL
verifyindex	TAKEN
calmwave	TAKEN
gatedesk	TAKEN
boostroster	AVAIL
feedtorch	AVAIL
joinvault	TAKEN
crispweave	AVAIL
routegauge	AVAIL
transitrail	TAKEN
forgelattice	TAKEN
joinlane	TAKEN
dosagetrack	AVAIL
solarwharf	AVAIL
deploystudio	TAKEN
chartmeter	TAKEN
fuelconduit	TAKEN
surgeguard	TAKEN
contextcore	TAKEN
deploymesh	TAKEN
keystoneseal	TAKEN
sentrydock	TAKEN
fusepicket	AVAIL
triggermap	TAKEN
emissionmesh	AVAIL
liftdock	TAKEN
tempostream	TAKEN
reasonmeter	TAKEN
invoicechart	AVAIL
soundsummit	TAKEN
cadencechart	TAKEN
thermalrail	TAKEN
modelhelm	TAKEN
linkanchor	TAKEN
linklane	TAKEN
surgeweave	AVAIL
framepanel	TAKEN
syncbraid	AVAIL
cargodelta	TAKEN
levelkeep	TAKEN
coinsonar	TAKEN
draftchannel	TAKEN
kineticgauge	AVAIL
plainweave	TAKEN
steerkernel	AVAIL
sortorbit	AVAIL
handofftower	AVAIL
gridspine	TAKEN
calmcape	TAKEN
spatialatlas	TAKEN
bastionkeep	TAKEN
escrowmap	TAKEN
gaugeorbit	TAKEN
opencape	TAKEN
metricvault	TAKEN
moorhelm	AVAIL
metricarc	TAKEN
frametrunk	TAKEN
invoiceloop	TAKEN
truereach	TAKEN
haulcharter	AVAIL
trimfoundry	TAKEN
approveport	AVAIL
solidpatrol	TAKEN
scalebasin	AVAIL
ciphercove	TAKEN
briskcodex	AVAIL
transitdrift	AVAIL
artifactgrid	TAKEN
signetradar	AVAIL
steadybase	TAKEN
chargekernel	AVAIL
cleanspan	TAKEN
matchforge	TAKEN
openanchor	TAKEN
levelbridge	TAKEN
cargocircuit	TAKEN
swiftbrief	TAKEN
trustdocket	TAKEN
streamlens	TAKEN
vitalsrecord	TAKEN
facetradar	AVAIL
draftlookout	AVAIL
framecurrent	AVAIL
clinicpath	TAKEN
linkpicket	AVAIL
emblemscope	AVAIL
fuelkindle	AVAIL
briskseal	AVAIL
settlespan	AVAIL
flowkindle	TAKEN
studioswitch	TAKEN
attestdesk	TAKEN
tenderscope	TAKEN
depotbrief	AVAIL
metricpillar	TAKEN
releaserail	TAKEN
joinlens	TAKEN
hydrokeep	TAKEN
citadelstack	TAKEN
tempotrail	TAKEN
feedsurvey	TAKEN
studiocodex	TAKEN
depotcircuit	AVAIL
servodial	AVAIL
bastionquay	AVAIL
hydroanchor	TAKEN
launchmill	TAKEN
streamtrail	TAKEN
probebase	TAKEN
tokenfoundry	TAKEN
infertower	AVAIL
beamprobe	TAKEN
palletforge	TAKEN
registrydesk	TAKEN
coinbridge	TAKEN
commitbench	AVAIL
badgepatrol	TAKEN
compiledock	AVAIL
vaultcompass	TAKEN
cellrail	TAKEN
relaysonar	AVAIL
gateflow	TAKEN
plothaven	TAKEN
chargepulse	TAKEN
feedlattice	TAKEN
depthcompass	TAKEN
alignworks	TAKEN
ampererails	AVAIL
tuneroute	TAKEN
synapsegauge	AVAIL
consignhaven	AVAIL
sortconduit	AVAIL
pilotkindle	AVAIL
raisebridge	TAKEN
settlegate	TAKEN
guardsonar	AVAIL
scalecompass	TAKEN
openrelay	TAKEN
remitchannel	TAKEN
consignarc	AVAIL
palletloop	TAKEN
moorspine	AVAIL
intakepulse	TAKEN
signalboard	TAKEN
scandynamo	AVAIL
triageorbit	AVAIL
raisearc	TAKEN
brightdynamo	TAKEN
tensormeter	TAKEN
spanbridge	TAKEN
steercove	AVAIL
identindex	AVAIL
emblemcodex	AVAIL
plotsentry	AVAIL
streampeak	TAKEN
temposwitch	AVAIL
dockflow	TAKEN
queuetower	TAKEN
plainbeacon	TAKEN
buildalmanac	AVAIL
forgesurvey	TAKEN
crispcompass	TAKEN
flowvault	TAKEN
trustcore	TAKEN
soundindex	TAKEN
probedossier	AVAIL
fleetharbor	TAKEN
steerdesk	TAKEN
plaincadence	AVAIL
agentkernel	TAKEN
queueworks	TAKEN
handoffdesk	TAKEN
handoffboard	TAKEN
lidartruss	AVAIL
crispcurrent	TAKEN
routecadence	TAKEN
cipherbay	TAKEN
castseal	TAKEN
crispyard	AVAIL
clearlayer	TAKEN
coinatlas	TAKEN
chargelane	TAKEN
gateprism	TAKEN
compiledesk	TAKEN
crispvault	TAKEN
scaledock	TAKEN
flowdynamo	TAKEN
facetpanel	AVAIL
bastiondelta	AVAIL
promptcore	TAKEN
sortdepot	AVAIL
patchcircuit	TAKEN
primeanvil	TAKEN
crisphaven	TAKEN
filingmeter	AVAIL
relayrail	TAKEN
draftlantern	AVAIL
plainsignal	TAKEN
guardindex	TAKEN
groundyard	TAKEN
triggerweave	AVAIL
filingdocket	TAKEN
payoutprism	AVAIL
badgevigil	AVAIL
queuedocket	AVAIL
gatemesh	TAKEN
sortpulse	TAKEN
attestsonar	AVAIL
swiftkernel	TAKEN
creditcape	TAKEN
lensalmanac	AVAIL
remitswitch	AVAIL
hydrometer	TAKEN
synapsetrunk	AVAIL
forgewatch	TAKEN
reelbraid	TAKEN
siftbraid	AVAIL
castworkshop	AVAIL
relaycore	TAKEN
plainradar	AVAIL
embedgauge	AVAIL
trustguard	TAKEN
handoffgate	AVAIL
feedwatch	TAKEN
sharpsurvey	TAKEN
tunedock	TAKEN
scalecodex	TAKEN
gaterail	TAKEN
vaultfolio	TAKEN
cobotlanding	AVAIL
parallaxdial	AVAIL
scanstream	TAKEN
cobotgauge	AVAIL
coinlanding	TAKEN
mintmanifest	TAKEN
plainvolt	TAKEN
emberforge	TAKEN
fleetcadence	TAKEN
spanmeter	AVAIL
launchdelta	TAKEN
raiseturbine	AVAIL
tracehelm	TAKEN
liftkeep	TAKEN
mintcore	TAKEN
solarcompass	TAKEN
anchoryard	TAKEN
rankcharter	TAKEN
escrowquay	AVAIL
clearcadence	TAKEN
stagingmesh	AVAIL
buildbrief	TAKEN
agentconduit	TAKEN
feedloop	TAKEN
actuatearc	AVAIL
swiftrails	TAKEN
keenatlas	TAKEN
relaybench	TAKEN
sentryprism	AVAIL
siftboard	TAKEN
commitroster	AVAIL
weavebeacon	AVAIL
jointrunk	TAKEN
bindtide	AVAIL
offsetprobe	AVAIL
swiftroster	TAKEN
bindbridge	TAKEN
turbinecore	TAKEN
inferchart	TAKEN
debitpeak	AVAIL
signaldesk	TAKEN
plainguard	TAKEN
verifytrunk	TAKEN
levelamp	AVAIL
tokenbench	TAKEN
brightmeter	TAKEN
linkbase	TAKEN
flowcircuit	TAKEN
openbench	TAKEN
sparkseal	TAKEN
syncsignal	TAKEN
syncdepot	TAKEN
cleanhelm	TAKEN
synclookout	AVAIL
crisplanding	AVAIL
wardenvigil	AVAIL
moorcrest	TAKEN
floatkeep	AVAIL
shipreactor	AVAIL
castreach	TAKEN
solidrecord	TAKEN
sealmanifest	AVAIL
openpillar	TAKEN
trimlanding	AVAIL
flowmap	TAKEN
moorfoundry	AVAIL
lidarchannel	AVAIL
quietmap	TAKEN
promptloom	TAKEN
identcompass	AVAIL
raisestudio	TAKEN
tunesensor	TAKEN
feedrails	AVAIL
charterspan	AVAIL
keenlayer	TAKEN
ledgerbase	TAKEN
anchorgrid	TAKEN
chartcircuit	TAKEN
paysonar	TAKEN
trustlattice	TAKEN
consigngrid	AVAIL
primerelay	TAKEN
guardvigil	AVAIL
trackpatrol	TAKEN
clearwharf	TAKEN
streamanchor	TAKEN
keenvault	TAKEN
prismgauge	TAKEN
remitharbor	AVAIL
vectorvolt	TAKEN
auditpicket	AVAIL
chargemesh	TAKEN
alignrelay	AVAIL
beamdynamo	TAKEN
quietyard	TAKEN
cellcore	TAKEN
aligngate	TAKEN
embedkernel	TAKEN
openrail	TAKEN
badgeindex	AVAIL
modelarc	TAKEN
steadypanel	TAKEN
triageroute	AVAIL
vaultbay	TAKEN
escrowbench	AVAIL
sortseal	TAKEN
feedprobe	AVAIL
compilemesh	TAKEN
drivesensor	TAKEN
intakewharf	AVAIL
framewarden	TAKEN
cargopath	TAKEN
surgeloom	AVAIL
plotpulse	TAKEN
carbonquay	TAKEN
vitalsbrief	AVAIL
trimalmanac	AVAIL
modelprism	TAKEN
liftkindle	AVAIL
tenderpanel	TAKEN
liftengine	TAKEN
briskindex	AVAIL
emberpillar	AVAIL
emblemengine	AVAIL
sparkstudio	TAKEN
solidweave	TAKEN
filingstack	TAKEN
signetpicket	AVAIL
tierbench	TAKEN
consentspine	AVAIL
agentember	TAKEN
floatchart	TAKEN
moordesk	AVAIL
cipherpeak	TAKEN
meshbridge	TAKEN
truesurvey	TAKEN
linkgrid	TAKEN
gantrystudio	TAKEN
haultempo	AVAIL
weightkindle	AVAIL
bastionbase	TAKEN
creditharbor	TAKEN
surgeworks	TAKEN
studiotide	TAKEN
prismkeep	TAKEN
creditquay	AVAIL
shieldtruss	AVAIL
flowdelta	TAKEN
quietpillar	TAKEN
bindstudio	TAKEN
northtide	TAKEN
dockcodex	AVAIL
forgetorch	TAKEN
payloadvault	AVAIL
weavevigil	AVAIL
hydrotrace	TAKEN
openprism	TAKEN
contextvault	TAKEN
drivecircuit	TAKEN
tempolens	TAKEN
shipmill	TAKEN
schemawave	TAKEN
signetshield	AVAIL
calmtide	TAKEN
tunebasin	AVAIL
rankregister	TAKEN
liftvigil	AVAIL
offsetsignal	AVAIL
remitpeak	AVAIL
dockspine	AVAIL
cleanforge	TAKEN
draftlattice	AVAIL
payertrail	AVAIL
inboundhelm	AVAIL
scanbay	TAKEN
filingworks	TAKEN
remitbrief	AVAIL
recordpicket	AVAIL
weaveguard	TAKEN
framebench	TAKEN
metricloop	TAKEN
calmdocket	TAKEN
trackbeacon	TAKEN
trustpanel	TAKEN
amperestack	TAKEN
reasonlens	TAKEN
routecore	TAKEN
columntide	AVAIL
surgesurvey	TAKEN
firstindex	TAKEN
cohortwharf	AVAIL
scanbase	TAKEN
siftlookout	AVAIL
referralwave	TAKEN
sealsignal	TAKEN
filingsurvey	AVAIL
columnorbit	AVAIL
citadelarc	TAKEN
sealvigil	AVAIL
soundtide	TAKEN
truewarden	TAKEN
prismdial	TAKEN
syncyard	TAKEN
kindleflare	AVAIL
cohortsonar	AVAIL
floatframe	TAKEN
swiftridge	TAKEN
fusefoundry	TAKEN
flowframe	TAKEN
policyanchor	TAKEN
swiftkindle	AVAIL
cleanflow	TAKEN
shipharbor	TAKEN
keenregister	AVAIL
groundwave	TAKEN
schemasurvey	AVAIL
prismsonar	AVAIL
tunedial	TAKEN
turbinebay	TAKEN
frametrail	TAKEN
cutlistpath	AVAIL
pilotplinth	AVAIL
primepicket	TAKEN
forgemill	TAKEN
shiftatelier	TAKEN
kindlewarden	AVAIL
wardenrail	AVAIL
relaykeep	TAKEN
handoffscope	AVAIL
picketrail	AVAIL
cargotower	TAKEN
hardenspan	AVAIL
probescope	TAKEN
anchorthread	TAKEN
castcore	TAKEN
pilotpulse	TAKEN
quietbeacon	TAKEN
feedcodex	AVAIL
rankcompass	TAKEN
sortcore	TAKEN
tensorbench	TAKEN
servotower	AVAIL
payloadhelm	AVAIL
fleetradar	TAKEN
beamkernel	TAKEN
vectorframe	TAKEN
cleandocket	AVAIL
trimpicket	AVAIL
mergeprism	AVAIL
pairgauge	TAKEN
columnrails	AVAIL
indexfoundry	TAKEN
relaymeter	AVAIL
coinbraid	TAKEN
haulgate	TAKEN
pairbasin	AVAIL
mergebraid	AVAIL
payoutatlas	TAKEN
hydrovault	TAKEN
deployrecord	AVAIL
flowtower	TAKEN
branchkernel	AVAIL
kineticprobe	AVAIL
lastmilerail	TAKEN
payoutspan	AVAIL
settleorbit	AVAIL
levelthread	TAKEN
stagingboard	TAKEN
driveroster	TAKEN
scanhelm	AVAIL
bedsidedrift	AVAIL
yieldpulse	TAKEN
voltspine	TAKEN
quietsurvey	AVAIL
anchorkiln	AVAIL
calmflow	TAKEN
cobotconduit	AVAIL
fleetsummit	TAKEN
discloselens	AVAIL
carbonrail	TAKEN
amperetrunk	AVAIL
briskatelier	AVAIL
columnatlas	AVAIL
craftvigil	AVAIL
groundwharf	AVAIL
briskcape	AVAIL
cadencegrid	TAKEN
buildmill	TAKEN
quietharbor	TAKEN
triagesignal	TAKEN
scancompass	TAKEN
debitcharter	AVAIL
streampath	TAKEN
releasepath	TAKEN
moorlens	AVAIL
payerpulse	TAKEN
bindvault	TAKEN
liftdial	TAKEN
jointempo	TAKEN
launchloop	TAKEN
inboundroute	TAKEN
fusestream	TAKEN
anchorgate	TAKEN
soundorbit	TAKEN
cleanbase	TAKEN
modeltrunk	AVAIL
flowstudio	TAKEN
firstanchor	TAKEN
linksentry	TAKEN
truecurrent	TAKEN
modelrails	TAKEN
ramparthelm	AVAIL
badgelens	AVAIL
debitplinth	AVAIL
contextvolt	TAKEN
cohortfolio	AVAIL
careteamdock	AVAIL
assignroute	AVAIL
lidargrid	TAKEN
ciphertrack	TAKEN
scanlookout	AVAIL
freighthaven	TAKEN
servoanvil	AVAIL
calmregister	AVAIL
floatkernel	AVAIL
dockpicket	AVAIL
driveloop	TAKEN
weaveorbit	AVAIL
stagingarc	TAKEN
siftscope	TAKEN
relaythread	TAKEN
castbase	TAKEN
tierbay	TAKEN
freightweave	AVAIL
treasurykeep	AVAIL
boostbrief	TAKEN
linkember	TAKEN
identpulse	AVAIL
contextgrid	TAKEN
payport	TAKEN
surgelattice	AVAIL
feedturbine	AVAIL
sealplinth	AVAIL
fusechart	TAKEN
sequencecore	TAKEN
solarmesh	TAKEN
traceconduit	AVAIL
pilotdesk	TAKEN
pairtrace	TAKEN
swiftindex	TAKEN
prismframe	TAKEN
emblemboard	AVAIL
payloadrail	AVAIL
mintvault	TAKEN
steerloom	AVAIL
briskcurrent	AVAIL
castconduit	AVAIL
ladingdrift	AVAIL
boostloom	TAKEN
schemasignal	TAKEN
renderyard	TAKEN
assigntrail	AVAIL
shiftcircuit	TAKEN
lenstower	AVAIL
vitalsbench	AVAIL
draftdial	AVAIL
picketatlas	AVAIL
tensorbase	TAKEN
remithelm	AVAIL
columntempo	AVAIL
tokendock	TAKEN
chargeledger	TAKEN
anchorfabric	TAKEN
sortquay	AVAIL
opendepot	TAKEN
castpeak	TAKEN
dockatelier	AVAIL
cellanvil	AVAIL
studiobasin	TAKEN
calmcircuit	TAKEN
palletdepot	TAKEN
pairindex	TAKEN
thermaltrunk	AVAIL
wardenyard	AVAIL
boostsummit	TAKEN
routelens	TAKEN
hydrobase	TAKEN
briskpicket	AVAIL
tierlookout	AVAIL
carbonbridge	TAKEN
offsetspan	AVAIL
studiocove	TAKEN
draftwave	TAKEN
flowkernel	TAKEN
trackfolio	TAKEN
craftalmanac	TAKEN
vitalsboard	TAKEN
tempolattice	AVAIL
scaleatelier	TAKEN
yieldgraph	TAKEN
steadysonar	AVAIL
claimtruss	AVAIL
creditdelta	TAKEN
calmrail	TAKEN
solidkindle	AVAIL
castport	TAKEN
sparkmap	TAKEN
tierflow	TAKEN
referralpath	TAKEN
tensorframe	TAKEN
reckonmesh	AVAIL
clearbridge	TAKEN
steerdepot	AVAIL
levelbay	TAKEN
surgeport	TAKEN
sentrykeep	TAKEN
shiftyard	TAKEN
sortmap	TAKEN
guardcape	AVAIL
keenember	TAKEN
haulplinth	AVAIL
trimweave	TAKEN
floatroute	AVAIL
matcharc	TAKEN
sparklanding	TAKEN
bindpeak	AVAIL
liftshield	TAKEN
rankharbor	TAKEN
syncroute	TAKEN
consignorbit	AVAIL
verifygauge	AVAIL
servodepot	TAKEN
rankprobe	TAKEN
anchorbraid	AVAIL
gaugeloop	TAKEN
quietcharter	AVAIL
offsetanchor	AVAIL
policyseal	TAKEN
debitdepot	TAKEN
truevigil	TAKEN
joinrelay	TAKEN
plainpatrol	AVAIL
chartradar	TAKEN
signalswitch	TAKEN
sparkwave	TAKEN
gatepillar	AVAIL
rankstudio	TAKEN
joinalmanac	TAKEN
gateradar	TAKEN
spanthread	AVAIL
solidroute	TAKEN
cohortrelay	AVAIL
verifylayer	TAKEN
escrowdepot	TAKEN
wardentrack	TAKEN
tempotruss	AVAIL
payerstream	TAKEN
launchpanel	TAKEN
depotledger	TAKEN
payeralmanac	AVAIL
steerharbor	AVAIL
truestream	TAKEN
embertorch	TAKEN
feedsonar	TAKEN
lenslane	TAKEN
sortflow	TAKEN
anchorloop	TAKEN
swiftpicket	AVAIL
trustgauge	TAKEN
opendock	TAKEN
gaugedocket	AVAIL
scalewatch	TAKEN
filingbrief	TAKEN
reasonspine	TAKEN
attestbench	AVAIL
hardenprism	AVAIL
signetscope	AVAIL
liftlookout	AVAIL
fusereach	TAKEN
bindkindle	AVAIL
remitdock	TAKEN
inferbeacon	AVAIL
vectorloom	TAKEN
sealgrid	TAKEN
cleancircuit	TAKEN
routegraph	TAKEN
raisebench	AVAIL
treasurybase	TAKEN
identspan	AVAIL
depotcape	AVAIL
northdepot	TAKEN
drivealmanac	AVAIL
craftloom	TAKEN
kineticstack	TAKEN
drivekeep	TAKEN
sortlens	TAKEN
weightanchor	AVAIL
offsetradar	AVAIL
rampartvault	TAKEN
charterindex	TAKEN
probeconduit	AVAIL
reckonledger	AVAIL
patrolshield	TAKEN
vaultwave	TAKEN
facetstack	TAKEN
tokensignal	TAKEN
launchbasin	TAKEN
tempoarc	TAKEN
debitprism	AVAIL
escrowplinth	AVAIL
hydroamp	TAKEN
plotrecord	TAKEN
openreach	TAKEN
solidlens	TAKEN
plaindynamo	AVAIL
traceyard	TAKEN
hydrohaven	TAKEN
siftridge	AVAIL
mintgrid	TAKEN
lidarchart	AVAIL
scalehelm	TAKEN
verifyspine	AVAIL
reckonflare	AVAIL
modelsurvey	TAKEN
tracetorch	TAKEN
plaincircuit	TAKEN
moorwarden	AVAIL
settlespine	AVAIL
corpusroute	AVAIL
creditbench	TAKEN
keystoneyard	TAKEN
vitalstrack	TAKEN
siftfabric	AVAIL
hydrochart	TAKEN
anchorflare	TAKEN
registerarc	TAKEN
scalespan	TAKEN
schemaswitch	AVAIL
soundwatch	TAKEN
pairmesh	TAKEN
dockpulse	TAKEN
thermalchart	AVAIL
lenstempo	AVAIL
shipkiln	AVAIL
anchordock	TAKEN
brightbase	TAKEN
spanmesh	TAKEN
crisproster	AVAIL
filingpanel	AVAIL
yieldsensor	AVAIL
fuseweave	TAKEN
citadelprobe	AVAIL
picketrails	AVAIL
reckongraph	AVAIL
artifactcore	TAKEN
identsonar	AVAIL
compileboard	AVAIL
traceturbine	AVAIL
linkcharter	TAKEN
agentgraph	TAKEN
mergedial	AVAIL
turbinetrace	AVAIL
indextrace	TAKEN
amperewharf	AVAIL
joindesk	TAKEN
haulkernel	AVAIL
groundindex	TAKEN
lidarspine	AVAIL
swiftharbor	TAKEN
complywarden	AVAIL
syncalmanac	AVAIL
steadyengine	TAKEN
assigntrunk	AVAIL
openatlas	TAKEN
studiocape	TAKEN
covenantcore	TAKEN
ledgerbay	TAKEN
swiftweave	TAKEN
feedember	AVAIL
freightridge	TAKEN
castbay	TAKEN
surgeyard	TAKEN
actuatetruss	AVAIL
plaindrift	TAKEN
liftconduit	AVAIL
primeamp	TAKEN
northrecord	AVAIL
charterdock	TAKEN
depotrecord	TAKEN
sealkeep	TAKEN
drivebench	TAKEN
trimfolio	AVAIL
groundcape	AVAIL
prismloop	TAKEN
gantryradar	AVAIL
soundloop	TAKEN
gantrydelta	AVAIL
yieldsurvey	AVAIL
controlframe	TAKEN
claimbase	TAKEN
kindlereach	TAKEN
castscope	TAKEN
spanengine	TAKEN
bindprobe	AVAIL
tierswitch	TAKEN
solaramp	TAKEN
feedrelay	TAKEN
calmrecord	AVAIL
surgepath	TAKEN
lidarsensor	TAKEN
embedgate	TAKEN
leveltrack	TAKEN
plotcadence	AVAIL
probeswitch	AVAIL
plotwave	TAKEN
triggerlayer	AVAIL
agentpillar	TAKEN
assigntower	AVAIL
feedlens	TAKEN
depthpulse	TAKEN
floatdocket	AVAIL
relaycodex	AVAIL
ledgerbasin	AVAIL
gatecrest	TAKEN
cohortspine	AVAIL
primehaven	TAKEN
alignorbit	TAKEN
steerchart	AVAIL
linkradar	TAKEN
siftledger	TAKEN
keenarc	TAKEN
matchmeter	TAKEN
gaugearc	AVAIL
firstradar	TAKEN
tracktrail	TAKEN
draftgauge	TAKEN
yieldcove	TAKEN
castvolt	TAKEN
debitquay	AVAIL
complylens	TAKEN
filingsonar	AVAIL
hydrolayer	TAKEN
briskyard	TAKEN
trimcove	AVAIL
triagedesk	TAKEN
servotruss	AVAIL
datasetprobe	AVAIL
forgedock	TAKEN
weavepulse	TAKEN
weavebasin	AVAIL
solarflare	TAKEN
settlestream	TAKEN
streamroster	TAKEN
levelrecord	AVAIL
consignflow	TAKEN
mergeyard	TAKEN
routefabric	TAKEN
patchcodex	TAKEN
syncspine	TAKEN
complystack	TAKEN
mintcharter	TAKEN
joinfabric	TAKEN
cobotcrest	AVAIL
primehelm	TAKEN
scalecurrent	TAKEN
cutlistflow	AVAIL
amperetorch	AVAIL
streamcore	TAKEN
beamdepot	TAKEN
offsetquay	AVAIL
sparkatelier	TAKEN
inboundbay	TAKEN
remitdial	AVAIL
tabularspine	AVAIL
patchloop	TAKEN
deploycodex	AVAIL
guardpeak	TAKEN
northseal	TAKEN
sentrysensor	TAKEN
buildmesh	TAKEN
fuelridge	TAKEN
pairorbit	TAKEN
opentempo	TAKEN
filingcore	TAKEN
scaleflare	TAKEN
truedial	TAKEN
gridkeep	TAKEN
firstquay	TAKEN
shieldbeacon	TAKEN
beamroute	TAKEN
identseal	AVAIL
trackhaven	TAKEN
disclosedock	AVAIL
deployorbit	TAKEN
consentdesk	TAKEN
bedsidemap	AVAIL
thermalcove	TAKEN
ledgerforge	TAKEN
trustrail	TAKEN
badgeseal	TAKEN
triggergate	TAKEN
keenbench	TAKEN
boostpillar	AVAIL
quietmill	TAKEN
cleansonar	AVAIL
levelcape	AVAIL
moordrift	TAKEN
pairflare	TAKEN
embedchart	TAKEN
shipbeacon	TAKEN
manifestarc	AVAIL
synckiln	AVAIL
beamspan	TAKEN
triggerpanel	TAKEN
biomasstruss	AVAIL
joinbraid	TAKEN
escrowroute	AVAIL
assigntrace	AVAIL
bedsideprobe	AVAIL
payoutkeep	AVAIL
rankmill	TAKEN
servospine	TAKEN
bastionyard	AVAIL
renderkiln	AVAIL
ladingharbor	AVAIL
traceanvil	AVAIL
rampartcore	TAKEN
montagecove	AVAIL
remitspan	AVAIL
tensortrack	TAKEN
kindlepatrol	AVAIL
filingharbor	TAKEN
warrantframe	AVAIL
trustbase	TAKEN
drivewatch	TAKEN
stagingkiln	AVAIL
levelsensor	TAKEN
tunewatch	TAKEN
solartruss	AVAIL
sharpkernel	TAKEN
shiporbit	TAKEN
frametempo	TAKEN
indexgraph	TAKEN
queuetruss	AVAIL
firstreactor	AVAIL
renewsignal	TAKEN
truedesk	TAKEN
gaugelattice	AVAIL
indexpanel	TAKEN
linkcompass	TAKEN
tierwarden	AVAIL
relayhelm	TAKEN
surgekindle	AVAIL
chargetide	AVAIL
matchfolio	TAKEN
truedocket	TAKEN
quietindex	TAKEN
relaytrunk	AVAIL
tierspan	AVAIL
feedcurrent	TAKEN
pairstudio	TAKEN
coinweave	TAKEN
drivevigil	TAKEN
plaintruss	AVAIL
bindledger	TAKEN
tokenwarden	TAKEN
steersentry	AVAIL
runtimeorbit	TAKEN
tempocharter	AVAIL
sealport	TAKEN
primetrace	TAKEN
anchorworks	TAKEN
cleanbeacon	TAKEN
bedsidecove	AVAIL
soundbraid	TAKEN
craftanvil	TAKEN
rankhaven	TAKEN
remitbay	TAKEN
carbonrails	TAKEN
yieldorbit	TAKEN
sharprelay	TAKEN
branchanvil	AVAIL
identbase	TAKEN
joindial	TAKEN
lensbase	TAKEN
cutlistpress	AVAIL
primevault	TAKEN
remitroute	TAKEN
vaultsonar	TAKEN
spatialdial	AVAIL
tokensentry	TAKEN
raisepatrol	AVAIL
settlecodex	AVAIL
joinridge	TAKEN
solidfolio	TAKEN
calmshield	TAKEN
reasonframe	TAKEN
raisemeter	TAKEN
spanalmanac	AVAIL
compilebraid	AVAIL
runtimebase	TAKEN
shipspan	TAKEN
gatekernel	AVAIL
gridsignal	TAKEN
plotchannel	AVAIL
lidarpillar	AVAIL
clearamp	AVAIL
pilotkernel	AVAIL
citadelgauge	AVAIL
thermalvolt	TAKEN
canvasledger	AVAIL
cellmesh	TAKEN
bastionlayer	TAKEN
weavelayer	TAKEN
cohortridge	AVAIL
tempofolio	TAKEN
palletdocket	AVAIL
filingledger	TAKEN
kilowattdock	AVAIL
quietguard	TAKEN
servobridge	TAKEN
kineticscope	TAKEN
claimforge	TAKEN
artifactdock	AVAIL
chartbeacon	TAKEN
weavegauge	AVAIL
voltforge	TAKEN
primeport	TAKEN
reelweave	TAKEN
chargetempo	AVAIL
quietwharf	AVAIL
carbonscope	TAKEN
reckonkindle	AVAIL
wardenwharf	TAKEN
cargostack	TAKEN
complytrack	TAKEN
alignledger	TAKEN
truewharf	TAKEN
cognatekiln	AVAIL
brisklayer	AVAIL
patchconduit	AVAIL
voltindex	TAKEN
feedhaven	TAKEN
trustforge	TAKEN
steadydocket	TAKEN
approvegraph	AVAIL
bedsidetrack	AVAIL
swiftwave	TAKEN
stagingfolio	TAKEN
fuelpillar	TAKEN
dockgate	TAKEN
sealrail	AVAIL
siftorbit	AVAIL
payloadrails	AVAIL
approvedial	AVAIL
renewdelta	TAKEN
charterwatch	TAKEN
anchorwatch	TAKEN
settlecrest	TAKEN
intakeprism	AVAIL
groundshield	TAKEN
badgelantern	AVAIL
forgecape	AVAIL
facetcodex	AVAIL
approveboard	AVAIL
groundvolt	TAKEN
gantrydock	AVAIL
lidarworks	TAKEN
weightvolt	AVAIL
steadypulse	TAKEN
ampereyard	AVAIL
claimprobe	TAKEN
statuteindex	AVAIL
frameshield	TAKEN
dispatchrail	TAKEN
triagetempo	AVAIL
biomassdelta	AVAIL
facetbridge	TAKEN
columnharbor	AVAIL
raisedepot	AVAIL
keentrace	TAKEN
patchalmanac	AVAIL
controlhelm	TAKEN
boostcove	TAKEN
coinloop	TAKEN
passportmap	TAKEN
tierhaven	TAKEN
briskpeak	TAKEN
calmdelta	AVAIL
voltquay	TAKEN
rankweave	TAKEN
inferanvil	AVAIL
inboundtempo	TAKEN
sentinelrail	TAKEN
commitmesh	AVAIL
tokenconduit	TAKEN
steerarc	AVAIL
hydrotrack	TAKEN
castbeacon	TAKEN
fusebrief	AVAIL
castspan	TAKEN
tempoalmanac	AVAIL
tracepanel	TAKEN
sparkquay	AVAIL
tunemeter	TAKEN
gatecircuit	AVAIL
pairgrid	TAKEN
tokenarc	TAKEN
routedocket	AVAIL
vectortower	TAKEN
embedfoundry	TAKEN
plainframe	TAKEN
pilotseal	TAKEN
indexforge	TAKEN
kindlegauge	AVAIL
identmeter	AVAIL
reckonloom	AVAIL
payprism	TAKEN
filingmap	AVAIL
picketscope	AVAIL
brightvault	TAKEN
reelcurrent	TAKEN
buildengine	TAKEN
scheduledial	AVAIL
sortreactor	AVAIL
steerworks	TAKEN
syncrails	TAKEN
tempobeacon	AVAIL
kindlestack	TAKEN
probeledger	AVAIL
payerfolio	AVAIL
steadyradar	AVAIL
streamdrift	TAKEN
feedyard	TAKEN
gridhaven	TAKEN
primeplinth	AVAIL
shiftconduit	AVAIL
plainamp	AVAIL
kindledesk	TAKEN
payoutport	TAKEN
ladingpath	AVAIL
tokenspan	TAKEN
primethread	TAKEN
triagecodex	AVAIL
launchcove	TAKEN
tunepicket	AVAIL
levelpanel	TAKEN
deployledger	AVAIL
verifywatch	TAKEN
modelanchor	TAKEN
chartdelta	TAKEN
launchlayer	TAKEN
tierworkshop	AVAIL
openrecord	TAKEN
chargegate	TAKEN
matchbay	TAKEN
quietsignal	TAKEN
sparktempo	TAKEN
rankcurrent	TAKEN
gateframe	TAKEN
remitcape	AVAIL
gateanchor	AVAIL
plainlattice	TAKEN
compilelayer	AVAIL
patrolvault	TAKEN
lensbeacon	TAKEN
mandategauge	AVAIL
kindletruss	AVAIL
hardentrace	AVAIL
cutlistcove	AVAIL
brightanchor	TAKEN
proofport	TAKEN
rollbackhelm	AVAIL
mergechart	TAKEN
queuegraph	TAKEN
cleanseal	TAKEN
coinharbor	TAKEN
plainanchor	AVAIL
escrowgrid	TAKEN
paycompass	TAKEN
chargedocket	AVAIL
escrowport	TAKEN
gridquay	AVAIL
plainfabric	TAKEN
spanboard	TAKEN
weaveframe	TAKEN
trimpatrol	AVAIL
reelorbit	TAKEN
thermalember	AVAIL
joinfolio	TAKEN
kineticdial	AVAIL
clinicharbor	TAKEN
draftcircuit	TAKEN
turbinerails	AVAIL
gaugestream	AVAIL
cutlistloop	AVAIL
triagepulse	TAKEN
gantrystack	TAKEN
feedlanding	AVAIL
matchrecord	TAKEN
contextamp	TAKEN
steadytrail	TAKEN
inboundkeep	AVAIL
voltanchor	TAKEN
scalepress	TAKEN
guardgate	TAKEN
steadypillar	TAKEN
prismcurrent	TAKEN
emberscope	TAKEN
wardenhaven	AVAIL
auditfabric	TAKEN
turbinetorch	AVAIL
cellengine	TAKEN
commitpanel	AVAIL
mintdial	TAKEN
citadelwharf	AVAIL
cobotbase	TAKEN
clinicrelay	TAKEN
raisetorch	AVAIL
scanhaven	TAKEN
tunepath	TAKEN
swiftprobe	TAKEN
minthaven	TAKEN
bastioncore	TAKEN
chargespan	TAKEN
raisedock	TAKEN
cutlistweave	AVAIL
reasonpress	TAKEN
scalekindle	AVAIL
dockradar	TAKEN
signetprism	TAKEN
meshkeep	TAKEN
chartermap	TAKEN
alignkindle	AVAIL
charterspine	AVAIL
coinbench	TAKEN
swiftcape	TAKEN
alignanvil	AVAIL
cohortpath	TAKEN
hardenpicket	AVAIL
swiftroute	TAKEN
reckonindex	TAKEN
metricflow	TAKEN
tensorsonar	AVAIL
consentgrid	TAKEN
floatmap	TAKEN
shipworkshop	TAKEN
escrowindex	AVAIL
beamchart	AVAIL
signalwave	TAKEN
lastmileport	AVAIL
gatecurrent	AVAIL
swiftrail	TAKEN
depotdocket	AVAIL
renewyard	TAKEN
renderorbit	TAKEN
drivereactor	AVAIL
cellsurvey	TAKEN
briskfabric	AVAIL
plotlanding	AVAIL
indexprobe	TAKEN
sortbraid	AVAIL
payloadframe	AVAIL
facetlens	TAKEN
tierkindle	AVAIL
gridpulse	TAKEN
lastmilelane	AVAIL
approvelayer	TAKEN
debitrails	AVAIL
gantryvault	AVAIL
probearc	TAKEN
biomassgrid	TAKEN
ledgerorbit	TAKEN
pairfabric	AVAIL
surgerecord	AVAIL
metricport	TAKEN
patcharc	TAKEN
cohortscope	AVAIL
sharpsensor	TAKEN
complyledger	TAKEN
steerfabric	AVAIL
drivelayer	TAKEN
sortlookout	AVAIL
cohortmeter	AVAIL
sequencedock	AVAIL
moorprism	AVAIL
spanledger	TAKEN
steerspan	AVAIL
openshield	TAKEN
studiorecord	TAKEN
kindlerelay	AVAIL
cellatelier	AVAIL
forgeturbine	TAKEN
primeprobe	TAKEN
vaultindex	TAKEN
servostack	TAKEN
queuesensor	AVAIL
cohortsensor	AVAIL
trustfolio	TAKEN
offsetsummit	AVAIL
plainkiln	AVAIL
tabulartide	AVAIL
columnwave	AVAIL
northvigil	TAKEN
clinicwharf	AVAIL
embedrails	TAKEN
indexlattice	AVAIL
floatport	TAKEN
canvasdocket	AVAIL
emblemroster	AVAIL
anchorstream	TAKEN
charterbrief	TAKEN
reckonsignal	AVAIL
scanbraid	AVAIL
sparklantern	TAKEN
floatcircuit	AVAIL
chargethread	AVAIL
pairatelier	AVAIL
pairpeak	TAKEN
dosagepeak	AVAIL
syncpath	TAKEN
trimhaven	TAKEN
weavemeter	AVAIL
metricmesh	TAKEN
brightpatrol	TAKEN
columnrecord	AVAIL
cipherforge	TAKEN
shieldsensor	TAKEN
tensorloom	TAKEN
mintrelay	TAKEN
quietember	TAKEN
mandatebase	TAKEN
clearweave	TAKEN
turbinemap	AVAIL
castdock	TAKEN
raiseatlas	TAKEN
lastmileloop	AVAIL
craftcharter	TAKEN
draftpillar	AVAIL
clearvigil	TAKEN
studiokiln	TAKEN
chartwarden	TAKEN
solidindex	TAKEN
weavesensor	AVAIL
linkfoundry	TAKEN
primelantern	TAKEN
temposcope	TAKEN
pilotflow	TAKEN
treasurygrid	TAKEN
hardenvault	TAKEN
mergegate	TAKEN
promptsensor	TAKEN
warrantforge	TAKEN
proofseal	TAKEN
trimgauge	TAKEN
synapseatlas	TAKEN
gridreach	TAKEN
vaultcape	TAKEN
boostbasin	AVAIL
thermalspine	AVAIL
releasestack	TAKEN
triageroster	AVAIL
signetlayer	TAKEN
statutedesk	TAKEN
payloadpulse	AVAIL
northamp	TAKEN
buildrecord	TAKEN
paygraph	TAKEN
coinpeak	TAKEN
clinicscope	TAKEN
carbonsurvey	TAKEN
rankgrid	TAKEN
paybase	TAKEN
reckonvault	TAKEN
brightsummit	TAKEN
gridframe	TAKEN
emblemkeep	AVAIL
firstlookout	AVAIL
depthsonar	AVAIL
clinicbay	TAKEN
cellbasin	AVAIL
studiopanel	TAKEN
pairsentry	AVAIL
ledgerpanel	TAKEN
attestbridge	TAKEN
metricpulse	TAKEN
linkpeak	TAKEN
modelmap	TAKEN
stagingflow	TAKEN
corpusloom	AVAIL
intakemap	TAKEN
fusekeep	AVAIL
fleetgraph	TAKEN
tabularbrief	AVAIL
levelbrief	TAKEN
disclosespan	AVAIL
trimfabric	TAKEN
feedroster	AVAIL
indexfolio	TAKEN
routealmanac	AVAIL
draftdelta	TAKEN
solidmill	TAKEN
contextmesh	TAKEN
flowdock	TAKEN
forgeharbor	TAKEN
keenbay	TAKEN
charterpulse	TAKEN
keenbase	TAKEN
haulfabric	AVAIL
tempograph	TAKEN
truetruss	TAKEN
meshdial	AVAIL
wardengate	TAKEN
sparkcape	AVAIL
fleetrail	TAKEN
sentrylayer	TAKEN
forgesummit	TAKEN
gantrypillar	AVAIL
weightforge	TAKEN
weavehelm	AVAIL
crispbeacon	AVAIL
wardengauge	AVAIL
craftpatrol	TAKEN
compilewave	TAKEN
embersummit	TAKEN
ledgertrail	TAKEN
shieldkernel	TAKEN
sortgauge	AVAIL
canvasharbor	TAKEN
inboundtruss	AVAIL
columngrid	TAKEN
branchcore	TAKEN
compileroute	AVAIL
indexdocket	AVAIL
fuelwatch	TAKEN
steadywarden	AVAIL
cellcape	AVAIL
badgetower	AVAIL
draftvault	TAKEN
briskgate	TAKEN
swiftmap	TAKEN
guardmap	TAKEN
siftweave	AVAIL
chargeridge	AVAIL
liftgauge	TAKEN
vaultorbit	TAKEN
launchdesk	TAKEN
cointrunk	TAKEN
fuelchannel	TAKEN
clearbase	TAKEN
anchorprism	TAKEN
joinpillar	TAKEN
crisplayer	AVAIL
levelfoundry	TAKEN
coinstack	TAKEN
raisepress	TAKEN
chargecore	TAKEN
scaledesk	TAKEN
renewmap	TAKEN
chargereach	TAKEN
levelpulse	TAKEN
kindlechart	AVAIL
tokenmeter	TAKEN
hydroledger	TAKEN
fusesonar	AVAIL
payerdocket	AVAIL
forgeconduit	AVAIL
tempoboard	TAKEN
corpusmap	TAKEN
flowconduit	TAKEN
coinmesh	TAKEN
trimcadence	TAKEN
consigndesk	TAKEN
surgecharter	AVAIL
depotgrid	TAKEN
fuelmesh	TAKEN
ladingbay	AVAIL
citadelrails	AVAIL
deploytrail	TAKEN
kindlesummit	AVAIL
beamdial	TAKEN
draftsurvey	TAKEN
shieldsurvey	TAKEN
craftguard	TAKEN
siftdepot	AVAIL
mergedepot	AVAIL
floatlattice	AVAIL
cleanroute	TAKEN
fleetroute	TAKEN
cargocrest	TAKEN
settlegauge	AVAIL
kindlegraph	TAKEN
hardenreach	AVAIL
cognateprobe	AVAIL
coinrecord	TAKEN
draftcadence	AVAIL
rampartbasin	AVAIL
servopillar	AVAIL
tokenspine	AVAIL
inboundreach	TAKEN
promptkernel	TAKEN
triggerspine	AVAIL
cohortpillar	AVAIL
clinicdock	TAKEN
biomassbase	AVAIL
promptgauge	TAKEN
renewlanding	AVAIL
chartbrief	TAKEN
intakequay	AVAIL
sharptrace	TAKEN
vitalstrail	AVAIL
ladingtrunk	AVAIL
manifestkeep	AVAIL
meshmap	TAKEN
tuneweave	TAKEN
vectorpress	TAKEN
compilespan	AVAIL
boostrecord	TAKEN
mergehaven	TAKEN
vectorforge	TAKEN
trackarc	TAKEN
floatcompass	AVAIL
cipherquay	TAKEN
patrolspine	AVAIL
deployanvil	AVAIL
kindlesensor	AVAIL
palletharbor	AVAIL
thermalport	TAKEN
cutlistanvil	AVAIL
manifestport	AVAIL
mergeworks	TAKEN
trackscope	TAKEN
matchvigil	AVAIL
attestshield	TAKEN
gatetrunk	AVAIL
biomassdock	AVAIL
plaintrail	TAKEN
swiftatelier	AVAIL
flowmeter	TAKEN
attestmap	AVAIL
trackprobe	TAKEN
truebase	TAKEN
framedelta	TAKEN
ladingpanel	AVAIL
plaincore	TAKEN
metricboard	TAKEN
mintbeacon	TAKEN
feedvigil	AVAIL
moorvigil	AVAIL
spanrecord	AVAIL
mergetrail	TAKEN
liftdocket	AVAIL
linkprobe	TAKEN
remitdepot	TAKEN
commitworks	TAKEN
auditboard	TAKEN
vectorengine	TAKEN
commitdock	AVAIL
boostspine	AVAIL
datasetrail	AVAIL
weaveroster	AVAIL
surgelanding	AVAIL
prismpillar	AVAIL
depotdrift	AVAIL
fleetdesk	TAKEN
castdynamo	TAKEN
studioloom	TAKEN
kilowattbase	AVAIL
chargebridge	TAKEN
coinport	TAKEN
trimturbine	AVAIL
framestream	TAKEN
warrantprism	AVAIL
leveltide	TAKEN
sentryrails	AVAIL
northpatrol	TAKEN
canvaspath	TAKEN
quietplinth	AVAIL
scalecrest	TAKEN
quietworks	TAKEN
infermesh	TAKEN
rankengine	TAKEN
inboundbase	TAKEN
pilotgate	TAKEN
steadyrails	TAKEN
claimindex	TAKEN
guardtrace	TAKEN
escrowdrift	AVAIL
reasonhelm	AVAIL
fusedrift	TAKEN
cobotsignal	AVAIL
docktide	TAKEN
offsetrail	AVAIL
drivechannel	TAKEN
dockdossier	AVAIL
brisksensor	AVAIL
reasonsignal	TAKEN
reelcodex	TAKEN
reasonanvil	AVAIL
metricdock	TAKEN
treasurytide	AVAIL
cellbay	TAKEN
complydock	TAKEN
clearquay	TAKEN
sortbay	TAKEN
triggerflow	TAKEN
floatdossier	AVAIL
crispcharter	AVAIL
settleroster	AVAIL
tracksensor	TAKEN
launchdocket	AVAIL
raiseledger	AVAIL
pilotanvil	AVAIL
firstamp	TAKEN
mintlane	TAKEN
contextgraph	TAKEN
truepress	TAKEN
recordvigil	AVAIL
metricrail	AVAIL
embedprobe	AVAIL
voltkernel	AVAIL
releasedrift	AVAIL
canvasdepot	TAKEN
shieldradar	TAKEN
tiertrack	TAKEN
liftcove	TAKEN
northember	TAKEN
opentide	TAKEN
buildrail	TAKEN
releasetrail	TAKEN
sortpeak	TAKEN
biomassatlas	TAKEN
remitscope	TAKEN
embedledger	TAKEN
plainwharf	AVAIL
kilowatthelm	AVAIL
primesensor	TAKEN
picketsurvey	AVAIL
triagepeak	TAKEN
complytrace	TAKEN
biomasstrunk	AVAIL
firstpillar	TAKEN
guardrails	TAKEN
statutemap	TAKEN
citadelpulse	TAKEN
columnchart	TAKEN
guardtrack	TAKEN
guardlattice	TAKEN
beamcircuit	AVAIL
guardcove	TAKEN
solidturbine	AVAIL
rankspine	AVAIL
anchorscope	TAKEN
compilebench	TAKEN
alignport	TAKEN
ladingdock	TAKEN
cargocharter	TAKEN
triggerindex	TAKEN
payerloop	TAKEN
policydock	TAKEN
prismfoundry	TAKEN
haultower	AVAIL
ladingvault	AVAIL
amperespark	TAKEN
ciphersignal	TAKEN
solidgrid	TAKEN
sharpcape	AVAIL
groundtrunk	AVAIL
payoutpeak	TAKEN
settlebasin	AVAIL
inferindex	TAKEN
cohortbench	TAKEN
embedspine	AVAIL
metricbeacon	TAKEN
groundanvil	AVAIL
sparkcircuit	TAKEN
gantrycrest	AVAIL
spanwarden	AVAIL
sparkchannel	TAKEN
tracecharter	TAKEN
lidargraph	TAKEN
weavevolt	AVAIL
mergedesk	TAKEN
truebrief	TAKEN
cohortcodex	AVAIL
trackframe	TAKEN
alignwave	TAKEN
keenalmanac	AVAIL
datasetgauge	AVAIL
fleethaven	TAKEN
steersummit	AVAIL
syncspan	TAKEN
spatialframe	TAKEN
openlantern	TAKEN
probepulse	TAKEN
intakedial	AVAIL
reasontruss	AVAIL
tierguard	TAKEN
shiprails	TAKEN
bastiontrace	TAKEN
openmap	TAKEN
embertrace	TAKEN
sortkeep	AVAIL
registrygate	TAKEN
facetkeep	AVAIL
linkconduit	TAKEN
cleanboard	TAKEN
probesonar	AVAIL
matchlane	TAKEN
signalstream	TAKEN
vitalsharbor	AVAIL
shiftbasin	AVAIL
payoutdocket	AVAIL
sentryreach	TAKEN
citadelkeep	TAKEN
alignpress	TAKEN
mergemeter	TAKEN
cohortbrief	TAKEN
tracklanding	TAKEN
quietdesk	TAKEN
gatelattice	AVAIL
steadyspan	TAKEN
shiftframe	TAKEN
transitfolio	AVAIL
compileport	AVAIL
routesonar	TAKEN
cadencebench	TAKEN
pilotprobe	AVAIL
proofengine	TAKEN
boostmesh	TAKEN
meshlens	TAKEN
columnpanel	AVAIL
flowport	TAKEN
mergelookout	AVAIL
tracepath	TAKEN
sortloom	AVAIL
artifacthelm	AVAIL
forgereactor	TAKEN
corpusorbit	AVAIL
surgesentry	TAKEN
citadelhelm	AVAIL
columnlens	TAKEN
tabularlane	AVAIL
facetdial	AVAIL
trueworks	TAKEN
groundrail	TAKEN
trackflare	TAKEN
inboundworks	TAKEN
ladingbeacon	AVAIL
hydrodelta	TAKEN
vaulthaven	TAKEN
brightrails	TAKEN
schemabase	TAKEN
castloom	TAKEN
weaveyard	TAKEN
sortmill	TAKEN
gatescope	TAKEN
scalereactor	TAKEN
renewlayer	AVAIL
buildlayer	TAKEN
servograph	AVAIL
cadencegraph	AVAIL
tempodial	TAKEN
verifyshield	TAKEN
anchorbench	TAKEN
probeanchor	AVAIL
siftrails	AVAIL
truekernel	TAKEN
moorlantern	AVAIL
truemanifest	TAKEN
yieldcircuit	AVAIL
swiftrecord	TAKEN
approveprobe	AVAIL
reckonstack	AVAIL
manifestgrid	TAKEN
beampulse	TAKEN
contextport	TAKEN
warrantspan	AVAIL
lidarmill	TAKEN
creditcore	TAKEN
tempobridge	TAKEN
coinscope	TAKEN
sequencepath	TAKEN
ladingbraid	AVAIL
soundpeak	TAKEN
bastionscope	AVAIL
hardenindex	AVAIL
frameledger	TAKEN
modeltower	TAKEN
citadelguard	TAKEN
streamengine	TAKEN
tendermeter	AVAIL
consentseal	TAKEN
surgeradar	TAKEN
reckonkernel	AVAIL
emberdial	TAKEN
approverails	AVAIL
fleetsignal	TAKEN
mergequay	AVAIL
tensorlayer	TAKEN
statuteseal	AVAIL
policybench	TAKEN
cleanlattice	AVAIL
auditfoundry	TAKEN
alignboard	TAKEN
gatemill	TAKEN
siftcircuit	AVAIL
auditgraph	TAKEN
mergebay	TAKEN
northlantern	TAKEN
debitdrift	AVAIL
traceloop	TAKEN
trimlookout	AVAIL
signetchart	AVAIL
modelsensor	TAKEN
joinkernel	TAKEN
emberturbine	AVAIL
chargeprobe	TAKEN
claimfoundry	TAKEN
gantryloom	AVAIL
forgeprobe	AVAIL
liftpicket	AVAIL
cipherframe	TAKEN
craftsentry	AVAIL
steadytrace	TAKEN
solarhaven	TAKEN
indexorbit	TAKEN
opensentry	TAKEN
fuelkeep	TAKEN
reeldrift	TAKEN
tiersummit	AVAIL
triagedepot	AVAIL
staginghelm	AVAIL
haulboard	TAKEN
craftcove	TAKEN
openlens	TAKEN
proofroster	TAKEN
agentsignal	TAKEN
approvetrace	AVAIL
contextframe	TAKEN
cargoworks	TAKEN
claimworks	TAKEN
modeldock	TAKEN
castcircuit	AVAIL
spanworkshop	AVAIL
deployengine	TAKEN
claimguard	TAKEN
handoffdial	AVAIL
docklens	TAKEN
primereactor	TAKEN
cellforge	TAKEN
badgespan	AVAIL
tierthread	AVAIL
facetatlas	AVAIL
cellgrid	TAKEN
dosagepath	AVAIL
payerindex	TAKEN
approvelens	AVAIL
signetcodex	AVAIL
scalemeter	TAKEN
steadyridge	TAKEN
shiftseal	TAKEN
anchorboard	TAKEN
anchortempo	AVAIL
fleethelm	TAKEN
pairport	TAKEN
renewflare	TAKEN
joinstudio	TAKEN
beamalmanac	AVAIL
trustboard	TAKEN
shipfolio	TAKEN
vaultbridge	TAKEN
mergelayer	TAKEN
canvaslane	TAKEN
palettewave	TAKEN
handoffstack	TAKEN
gaugeroute	TAKEN
dockwarden	TAKEN
kindleframe	AVAIL
tracepress	TAKEN
firstsurvey	TAKEN
drivespark	TAKEN
picketbeacon	AVAIL
bindloop	TAKEN
matchbeacon	TAKEN
boostcadence	AVAIL
payloadtrack	TAKEN
schemacore	TAKEN
recordgrid	TAKEN
alignkiln	AVAIL
ladingroster	AVAIL
hardenfabric	TAKEN
boostchannel	TAKEN
intakescope	TAKEN
floatprism	TAKEN
yieldworks	TAKEN
facetboard	TAKEN
careteamlens	AVAIL
cadencescope	TAKEN
complykeep	TAKEN
studiobraid	TAKEN
prismtempo	AVAIL
dockcharter	AVAIL
pilotflare	TAKEN
tabularpath	AVAIL
bindlanding	AVAIL
soundcove	TAKEN
liftrails	TAKEN
commitanvil	AVAIL
northtower	TAKEN
guardbay	TAKEN
queuescope	TAKEN
spantrace	TAKEN
attestcore	TAKEN
agentlens	TAKEN
probebridge	AVAIL
tierchart	TAKEN
keenflare	TAKEN
driveplinth	AVAIL
liftdepot	TAKEN
swiftcircuit	TAKEN
clinicdrift	TAKEN
studioflow	TAKEN
northalmanac	AVAIL
openworks	TAKEN
chartlantern	AVAIL
pairloop	TAKEN
biomasscrest	AVAIL
surgepicket	AVAIL
draftharbor	TAKEN
sortboard	TAKEN
joindock	TAKEN
levelport	TAKEN
biomasswharf	AVAIL
primelane	TAKEN
approvedrift	AVAIL
recordchart	TAKEN
approvebraid	AVAIL
firstyard	TAKEN
palettecrest	AVAIL
settlelane	TAKEN
kilowattcape	AVAIL
wardenprism	AVAIL
joinvigil	TAKEN
beamanchor	TAKEN
gatepress	TAKEN
deployflow	TAKEN
groundrecord	TAKEN
haulcape	AVAIL
liftpath	TAKEN
clearpath	TAKEN
stagingloop	TAKEN
emberstack	TAKEN
liftwave	TAKEN
amperemap	TAKEN
liftcharter	AVAIL
renewrail	TAKEN
framesurvey	AVAIL
solardial	TAKEN
paymap	TAKEN
vectorspan	TAKEN
escrowlane	TAKEN
pilotrails	AVAIL
renewlattice	AVAIL
yieldforge	TAKEN
celldock	TAKEN
ledgergauge	TAKEN
amperespine	AVAIL
trimharbor	AVAIL
ladingswitch	AVAIL
bedsideweave	AVAIL
payerdock	TAKEN
gaugeatlas	AVAIL
routescope	TAKEN
commitrail	TAKEN
mintprobe	TAKEN
depthatlas	TAKEN
steergate	TAKEN
escrowbeacon	AVAIL
fuselane	TAKEN
remitbridge	TAKEN
quietrails	AVAIL
weaveindex	AVAIL
vaultspan	TAKEN
deptharc	TAKEN
siftloop	TAKEN
complypulse	TAKEN
relaydial	TAKEN
cargoanchor	TAKEN
fleetbraid	AVAIL
crisproute	TAKEN
settlepanel	AVAIL
weavekindle	AVAIL
ledgerworks	TAKEN
haulreach	TAKEN
weightmap	TAKEN
brightengine	TAKEN
primecove	TAKEN
syncpanel	TAKEN
guardbeacon	TAKEN
liftcodex	TAKEN
cohortindex	AVAIL
ciphertrunk	AVAIL
depotstack	TAKEN
scaleamp	TAKEN
clinicrecord	TAKEN
briskgauge	AVAIL
alignreach	TAKEN
tenderchart	AVAIL
runtimelayer	TAKEN
linkbraid	AVAIL
levelengine	TAKEN
forgebraid	AVAIL
cobotanchor	AVAIL
reckonpress	TAKEN
weavecircuit	AVAIL
signetprobe	AVAIL
lensfolio	TAKEN
transitrails	TAKEN
attestrecord	AVAIL
branchtide	TAKEN
solarfoundry	TAKEN
boostharbor	TAKEN
paircharter	AVAIL
identbench	AVAIL
settlesurvey	AVAIL
hardentower	AVAIL
depotbasin	AVAIL
craftamp	TAKEN
fueltrunk	AVAIL
tenderatlas	TAKEN
gridrail	TAKEN
settletruss	AVAIL
truechart	TAKEN
debitcore	TAKEN
cohortflow	TAKEN
feedworkshop	AVAIL
indextide	AVAIL
debitradar	TAKEN
tendercore	TAKEN
fleetatlas	TAKEN
alignbase	TAKEN
moormesh	TAKEN
tabularstack	AVAIL
flowthread	TAKEN
cleanfoundry	TAKEN
drivechart	TAKEN
gaugebridge	AVAIL
trackloom	TAKEN
facetdrift	AVAIL
tunelane	TAKEN
trimworkshop	AVAIL
queueorbit	AVAIL
cipheranchor	TAKEN
probepanel	AVAIL
tiercadence	AVAIL
cadencedial	AVAIL
cohortgauge	AVAIL
mergealmanac	AVAIL
charterframe	TAKEN
consignspine	AVAIL
chartweave	TAKEN
remitfolio	TAKEN
yieldradar	TAKEN
chartercore	TAKEN
crispkindle	TAKEN
spandial	TAKEN
bindcore	TAKEN
reasonrails	TAKEN
relayprism	TAKEN
queuecodex	AVAIL
tempogrid	TAKEN
tiersignal	TAKEN
charterpanel	TAKEN
trustsensor	TAKEN
feedwave	TAKEN
firstpanel	TAKEN
anchorprobe	TAKEN
anchorpanel	TAKEN
biomassamp	AVAIL
complyforge	TAKEN
shiftroster	TAKEN
fuelhelm	AVAIL
siftroute	AVAIL
metricsensor	TAKEN
claimdesk	TAKEN
siftatelier	TAKEN
siftfoundry	AVAIL
steadytrunk	AVAIL
flowcurrent	TAKEN
yieldrails	TAKEN
mergepatrol	AVAIL
floatlens	TAKEN
northlattice	TAKEN
ledgersensor	AVAIL
escrowarc	AVAIL
frameridge	TAKEN
clearvolt	TAKEN
remitworks	TAKEN
coinarc	TAKEN
framewatch	TAKEN
pairshield	AVAIL
pilotstream	TAKEN
swiftvigil	AVAIL
coinbay	TAKEN
surgeamp	AVAIL
trimlantern	AVAIL
branchlayer	TAKEN
relaytrail	TAKEN
assignbridge	TAKEN
flowshield	TAKEN
amperehelm	AVAIL
facetbrief	AVAIL
feedmesh	TAKEN
scalesensor	TAKEN
tokenprism	TAKEN
vaultpillar	TAKEN
tracebeacon	TAKEN
actuategraph	AVAIL
pilotdossier	AVAIL
buildfabric	TAKEN
levelradar	TAKEN
fuselanding	AVAIL
shiftstudio	TAKEN
statutearc	AVAIL
weaveflow	TAKEN
picketfabric	AVAIL
signalcodex	TAKEN
fleetarc	TAKEN
embedplinth	AVAIL
coinbrief	TAKEN
keencircuit	TAKEN
shipsensor	TAKEN
fleetengine	TAKEN
crispdynamo	AVAIL
mergemesh	TAKEN
reelharbor	TAKEN
deployatlas	TAKEN
shieldridge	TAKEN
turbinegate	AVAIL
floatharbor	AVAIL
fleetdrift	TAKEN
solidhelm	TAKEN
payoutlane	TAKEN
beamcape	AVAIL
spatialpress	TAKEN
queueharbor	TAKEN
bedsidepulse	AVAIL
brightwarden	TAKEN
paywave	TAKEN
palletpath	TAKEN
pickethelm	AVAIL
picketgraph	AVAIL
cargogrid	TAKEN
siftcodex	AVAIL
depthmeter	TAKEN
steadyscope	TAKEN
approveroute	AVAIL
creditridge	TAKEN
synapseprism	TAKEN
emblempillar	AVAIL
hydrosonar	TAKEN
canvasboard	TAKEN
primewatch	TAKEN
badgelattice	AVAIL
anchorshield	TAKEN
steadycrest	TAKEN
cleanguard	TAKEN
drivecove	TAKEN
warehousearc	TAKEN
fuelsurvey	TAKEN
embergrid	TAKEN
launchbench	TAKEN
warrantdial	AVAIL
triggercore	TAKEN
cadencestack	TAKEN
beamwave	TAKEN
steadymap	TAKEN
anchormill	TAKEN
scalesonar	TAKEN
treasurylens	TAKEN
fleetpulse	TAKEN
modelbase	TAKEN
inferkeep	AVAIL
kineticloom	TAKEN
complykernel	AVAIL
bedsideridge	AVAIL
weightport	AVAIL
vaultmap	TAKEN
voltbridge	TAKEN
calmreactor	AVAIL
brightfolio	TAKEN
soundvigil	AVAIL
citadeldial	AVAIL
levelatlas	TAKEN
bindamp	AVAIL
drivemeter	TAKEN
settlemesh	TAKEN
warrantkeep	AVAIL
payersummit	TAKEN
patrolmap	TAKEN
solarsonar	TAKEN
primecrest	TAKEN
reasongrid	TAKEN
tierindex	TAKEN
ladinganchor	AVAIL
mergestack	TAKEN
swiftsurvey	TAKEN
queueforge	TAKEN
gatesensor	TAKEN
siftport	AVAIL
bedsidetide	AVAIL
streamdesk	TAKEN
shiftcharter	AVAIL
cipherprism	AVAIL
brightsignal	TAKEN
scankeep	TAKEN
signetwatch	AVAIL
northorbit	TAKEN
siftbay	TAKEN
keenrail	AVAIL
raiseguard	TAKEN
tuneshield	TAKEN
siftroster	AVAIL
cognatebench	AVAIL
forgereach	TAKEN
sharpreactor	AVAIL
remitvault	TAKEN
levelcurrent	AVAIL
facetcompass	AVAIL
renewstack	TAKEN
solarengine	TAKEN
truescope	TAKEN
surgeforge	TAKEN
vaultquay	AVAIL
trackreactor	AVAIL
sealdock	TAKEN
raisefabric	AVAIL
consentpulse	TAKEN
citadelreach	AVAIL
solidpeak	TAKEN
fuelember	TAKEN
inferloom	TAKEN
primepeak	TAKEN
solidcore	TAKEN
gaugetower	AVAIL
briskbrief	TAKEN
forgevigil	AVAIL
vaultprobe	TAKEN
spanloop	TAKEN
voltarc	TAKEN
pairdrift	AVAIL
cobotquay	AVAIL
dosagecape	AVAIL
pairlantern	AVAIL
cleantorch	TAKEN
solidradar	AVAIL
transitpeak	TAKEN
castmeter	TAKEN
plotfolio	TAKEN
montagetrail	AVAIL
palletbrief	AVAIL
assignrecord	AVAIL
weavedossier	AVAIL
spatialbench	TAKEN
patrolquay	AVAIL
guardworks	TAKEN
pairhaven	TAKEN
badgemesh	TAKEN
kindlemeter	AVAIL
debitgrid	TAKEN
firstwarden	AVAIL
boostbridge	TAKEN
framebasin	AVAIL
siftmeter	AVAIL
carboncove	TAKEN
filingprobe	AVAIL
lidarfabric	AVAIL
remitradar	TAKEN
signalmeter	TAKEN
primefolio	TAKEN
schematrack	TAKEN
solidpulse	TAKEN
castdial	AVAIL
bedsideorbit	AVAIL
tokenbeacon	TAKEN
plotdepot	TAKEN
solarmeter	TAKEN
corpusplinth	AVAIL
sentrytrace	TAKEN
dosagedesk	AVAIL
beamdossier	AVAIL
plotorbit	AVAIL
fleetsurvey	TAKEN
voltcape	AVAIL
invoicemesh	TAKEN
schemaspine	AVAIL
clinicroute	TAKEN
coinkeep	TAKEN
policyatlas	TAKEN
beamlattice	AVAIL
spatialradar	TAKEN
consigntrail	AVAIL
proofscope	TAKEN
routedial	TAKEN
intakebraid	AVAIL
spatialbase	TAKEN
boostkindle	AVAIL
surgegate	TAKEN
draftprobe	AVAIL
sparkspine	TAKEN
launchvolt	TAKEN
fusereactor	AVAIL
triageledger	AVAIL
dockframe	TAKEN
probecore	TAKEN
shiftfoundry	TAKEN
filingbench	AVAIL
hardenspine	AVAIL
paletteforge	TAKEN
routearc	TAKEN
signetdial	AVAIL
rampartpulse	TAKEN
weavetruss	AVAIL
joinport	TAKEN
citadeltrack	AVAIL
anchortorch	TAKEN
verifyatlas	TAKEN
fleetspan	TAKEN
sentryprobe	TAKEN
chartvigil	AVAIL
recordbase	TAKEN
mergeswitch	AVAIL
attestledger	TAKEN
gateloop	TAKEN
quietprobe	AVAIL
shiftharbor	TAKEN
releasespan	AVAIL
debitlens	TAKEN
paircrest	AVAIL
releaseforge	TAKEN
raisewave	TAKEN
synclayer	TAKEN
handoffbrief	TAKEN
drivesonar	TAKEN
routesignal	TAKEN
ladingbrief	AVAIL
shiftbrief	TAKEN
routebraid	AVAIL
linkdial	TAKEN
bindcodex	AVAIL
sentryscope	TAKEN
swiftdocket	TAKEN
steadyshield	TAKEN
triageyard	AVAIL
keensonar	AVAIL
shiplantern	TAKEN
hardenpillar	AVAIL
craftpillar	TAKEN
weightbeacon	AVAIL
payalmanac	TAKEN
scansentry	TAKEN
scanloop	TAKEN
mergefabric	AVAIL
quietpath	TAKEN
cognateflare	AVAIL
renewgraph	AVAIL
vitalsweave	AVAIL
tunewharf	AVAIL
depthrails	AVAIL
frameport	TAKEN
clearfolio	TAKEN
streamhelm	TAKEN
treasuryquay	AVAIL
remitcurrent	AVAIL
fuelspan	TAKEN
lidartrunk	AVAIL
carbontrack	TAKEN
chargeorbit	TAKEN
feedrail	TAKEN
streambay	TAKEN
groundember	AVAIL
paypillar	TAKEN
gateweave	TAKEN
carbondial	AVAIL
groundpeak	TAKEN
boostarc	TAKEN
weaveloop	TAKEN
routetrunk	AVAIL
drivetrail	TAKEN
dosagestream	AVAIL
triagesummit	AVAIL
syncturbine	AVAIL
crispforge	TAKEN
cipherledger	TAKEN
scalestack	TAKEN
syncbrief	TAKEN
filingrails	AVAIL
chargesummit	TAKEN
openseal	TAKEN
joincadence	TAKEN
gaugedock	TAKEN
patchatlas	TAKEN
ladinglane	AVAIL
cobotvault	AVAIL
rampartradar	AVAIL
cohortbase	TAKEN
reasonkiln	AVAIL
controlindex	TAKEN
shieldtrace	TAKEN
draftbasin	AVAIL
guardhelm	TAKEN
runtimespan	TAKEN
driveloom	TAKEN
linkatelier	TAKEN
agentplinth	AVAIL
recordradar	TAKEN
primedrift	TAKEN
reelpeak	TAKEN
kindlecove	TAKEN
consentfolio	TAKEN
primechannel	TAKEN
clearloom	TAKEN
facetbeacon	AVAIL
chargegraph	TAKEN
payradar	TAKEN
bindsentry	AVAIL
kindleport	TAKEN
kineticdock	TAKEN
contextsonar	AVAIL
stagingcodex	AVAIL
calmloop	TAKEN
gridflare	TAKEN
weightsignal	AVAIL
depotswitch	AVAIL
soundforge	TAKEN
transithelm	AVAIL
vaultgate	TAKEN
patchcore	TAKEN
framewave	TAKEN
triggerkeep	AVAIL
groundworks	TAKEN
tunealmanac	TAKEN
gateindex	TAKEN
palletbase	TAKEN
shiftfabric	TAKEN
haulmesh	TAKEN
schematrunk	AVAIL
rankridge	TAKEN
sifthaven	AVAIL
deployfolio	AVAIL
schemaplinth	AVAIL
turbinepulse	AVAIL
drivesentry	TAKEN
weightsurvey	TAKEN
pairspine	AVAIL
vitalscrest	AVAIL
calmtower	AVAIL
levelwarden	AVAIL
mintrails	TAKEN
solartrack	TAKEN
crispkeep	TAKEN
assignsurvey	AVAIL
solidengine	TAKEN
reckonstudio	AVAIL
mintchannel	TAKEN
keendocket	AVAIL
freightboard	TAKEN
spatialindex	TAKEN
launchsurvey	TAKEN
assignrelay	AVAIL
castdesk	TAKEN
canvasfolio	AVAIL
cutlistpeak	AVAIL
solarmap	TAKEN
trackorbit	TAKEN
transitreach	TAKEN
ledgerframe	TAKEN
payridge	TAKEN
joincrest	TAKEN
depotbay	TAKEN
auditwatch	TAKEN
relayfoundry	TAKEN
indexcadence	AVAIL
rampartrails	AVAIL
lensledger	TAKEN
cleanfolio	TAKEN
inboundcrest	AVAIL
payerlens	TAKEN
raisegauge	TAKEN
queuehelm	AVAIL
montagedock	TAKEN
promptanchor	TAKEN
plainchannel	AVAIL
surgespan	TAKEN
fleetplinth	AVAIL
beamdrift	TAKEN
claimgate	TAKEN
kindleweave	AVAIL
joindocket	TAKEN
claimanchor	TAKEN
linkscope	TAKEN
escrowfolio	TAKEN
sentrypeak	TAKEN
lidarplinth	AVAIL
recordrails	AVAIL
moorbraid	AVAIL
cobotspine	AVAIL
gaugesignal	AVAIL
liftsignal	TAKEN
approvetrunk	AVAIL
assignstack	AVAIL
indexgrid	TAKEN
approveorbit	AVAIL
ledgerlayer	TAKEN
openchannel	TAKEN
bastionpeak	TAKEN
controlcodex	TAKEN
turbinecrest	AVAIL
raisekindle	AVAIL
solidtrack	TAKEN
covenantgate	TAKEN
claimengine	TAKEN
framedossier	AVAIL
debitwave	TAKEN
beamcove	TAKEN
attesthelm	AVAIL
queueboard	TAKEN
emblemspan	AVAIL
alignkeep	AVAIL
sealdocket	TAKEN
gantrykiln	AVAIL
agentradar	TAKEN
compileframe	AVAIL
boostchart	TAKEN
payoutsensor	AVAIL
emissionspan	AVAIL
flowsignal	TAKEN
forgekernel	TAKEN
sortalmanac	AVAIL
fuelfoundry	TAKEN
columndock	AVAIL
payerharbor	TAKEN
guardtrunk	AVAIL
sequencerail	AVAIL
craftcircuit	TAKEN
manifestspan	AVAIL
coinwave	TAKEN
inferpress	AVAIL
sparkcharter	TAKEN
synapsebase	TAKEN
badgepicket	AVAIL
rampartcrest	AVAIL
spatialstack	TAKEN
trustpulse	TAKEN
groundscope	TAKEN
clearpeak	TAKEN
agentprobe	TAKEN
pilotpatrol	TAKEN
spanreach	TAKEN
northcircuit	TAKEN
paygate	TAKEN
spansensor	AVAIL
auditfolio	TAKEN
scalestream	TAKEN
debitcircuit	AVAIL
hydroharbor	TAKEN
surgehaven	TAKEN
soundtrack	TAKEN
linklantern	TAKEN
sparkrelay	TAKEN
cointempo	TAKEN
pilotloom	TAKEN
rankatlas	TAKEN
scanflare	TAKEN
branchlane	TAKEN
tokengauge	TAKEN
filingwatch	TAKEN
solidflow	TAKEN
shipshield	TAKEN
sharpledger	TAKEN
relaykernel	TAKEN
settlescope	TAKEN
contextprobe	AVAIL
inboundloop	TAKEN
assignbench	TAKEN
plainhelm	AVAIL
forgegrid	TAKEN
crispscope	AVAIL
chartframe	TAKEN
surgekernel	TAKEN
verifykeep	AVAIL
spanrail	TAKEN
cellsensor	TAKEN
syncradar	TAKEN
bastionradar	AVAIL
payloadtruss	AVAIL
signetgraph	AVAIL
pilotrail	AVAIL
synapsespark	TAKEN
chartlanding	AVAIL
stagingspan	AVAIL
swiftsonar	AVAIL
trackdial	TAKEN
firstalmanac	AVAIL
hydroquay	AVAIL
tiergrid	TAKEN
scalecadence	TAKEN
routesensor	TAKEN
deployworks	TAKEN
cleanthread	TAKEN
keenrails	AVAIL
spantrail	AVAIL
escrowhaven	TAKEN
contextloom	TAKEN
sparkwarden	AVAIL
consigntrunk	AVAIL
calmamp	AVAIL
cipheratlas	TAKEN
promptharbor	TAKEN
siftsonar	AVAIL
signalgraph	TAKEN
deploythread	AVAIL
paysignal	TAKEN
agentdock	TAKEN
solaranchor	TAKEN
thermalbay	TAKEN
steerdelta	AVAIL
studiowharf	TAKEN
levelrelay	TAKEN
fuelsentry	TAKEN
linkhelm	TAKEN
solarpillar	TAKEN
lensrail	AVAIL
releaserails	AVAIL
datasetworks	AVAIL
mandateprobe	AVAIL
joinbrief	TAKEN
transitbase	TAKEN
firstrails	TAKEN
depotworks	TAKEN
kindleloop	AVAIL
cleartrace	TAKEN
coindial	TAKEN
clinicdocket	AVAIL
groundatlas	TAKEN
traceport	TAKEN
siftkernel	AVAIL
trimrecord	AVAIL
trimroute	TAKEN
fusemap	TAKEN
levelbeacon	AVAIL
framecrest	TAKEN
ampereprism	AVAIL
steadysentry	TAKEN
payoutreach	AVAIL
fuelgrid	TAKEN
facetrelay	AVAIL
wardenscope	TAKEN
gridbay	TAKEN
badgecharter	AVAIL
gantrygraph	TAKEN
solaryard	TAKEN
tierkiln	AVAIL
debitkeep	AVAIL
carbonsummit	TAKEN
carbonharbor	TAKEN
flowsensor	TAKEN
steerkiln	AVAIL
pairpanel	TAKEN
steerwatch	AVAIL
infermap	TAKEN
boostbase	TAKEN
draftorbit	TAKEN
renderbay	TAKEN
gaugeprism	AVAIL
queuespine	AVAIL
gaugehelm	AVAIL
primeweave	TAKEN
tempogate	TAKEN
shipridge	TAKEN
clearmeter	TAKEN
plotanvil	TAKEN
emblembrief	AVAIL
draftconduit	AVAIL
levelrails	AVAIL
firstmap	TAKEN
signetvigil	AVAIL
synctempo	TAKEN
ledgerfolio	TAKEN
shieldtrunk	AVAIL
routetrack	TAKEN
sparkreach	TAKEN
tunestack	TAKEN
meshloom	TAKEN
cleartower	TAKEN
corpustorch	AVAIL
cargospine	AVAIL
routeforge	TAKEN
forgepicket	AVAIL
solidbeacon	TAKEN
weavepatrol	AVAIL
payerswitch	AVAIL
sequencedesk	AVAIL
moormanifest	AVAIL
manifestdock	AVAIL
framebridge	TAKEN
quietledger	TAKEN
cleanvault	TAKEN
cognatedial	AVAIL
fusebasin	AVAIL
sparkledger	TAKEN
vitalsmeter	TAKEN
driveindex	TAKEN
matchquay	AVAIL
contextember	AVAIL
yieldhelm	AVAIL
tensorplinth	AVAIL
liftarc	TAKEN
crispframe	TAKEN
cellprobe	TAKEN
depotpeak	TAKEN
sparkengine	TAKEN
synapseanvil	AVAIL
identforge	AVAIL
cohortrail	AVAIL
streamridge	TAKEN
attestrails	TAKEN
solidtower	TAKEN
auditrails	TAKEN
groundhelm	AVAIL
yieldyard	TAKEN
soundalmanac	AVAIL
sortpath	TAKEN
chargebrief	TAKEN
bedsidebench	AVAIL
runtimeroute	TAKEN
shiftradar	TAKEN
openfolio	TAKEN
probethread	AVAIL
statutegraph	TAKEN
tensorworks	TAKEN
stagingbench	TAKEN
lensmeter	TAKEN
assignmap	TAKEN
scanturbine	AVAIL
lidarspan	AVAIL
wardencape	AVAIL
swiftbeacon	TAKEN
fusetrunk	AVAIL
fleetbeacon	TAKEN
plainlanding	TAKEN
chartdepot	TAKEN
trimpanel	TAKEN
tunebench	TAKEN
truethread	TAKEN
clinicthread	AVAIL
clinicreach	TAKEN
raisevolt	AVAIL
dockport	TAKEN
framerail	TAKEN
keendial	AVAIL
columnspine	AVAIL
linkpath	TAKEN
quietrelay	TAKEN
soundquay	AVAIL
drivedepot	TAKEN
scanscope	TAKEN
patroldepot	AVAIL
cleankindle	AVAIL
siftsentry	AVAIL
trimstudio	TAKEN
signalpulse	TAKEN
vaultdepot	TAKEN
relayloop	TAKEN
brightindex	TAKEN
calmframe	TAKEN
quietconduit	TAKEN
payoutkernel	AVAIL
castfolio	TAKEN
careteamflow	AVAIL
streamcrest	TAKEN
tierframe	AVAIL
openanvil	TAKEN
fueltruss	AVAIL
inferfabric	TAKEN
floatbridge	TAKEN
anchorlayer	TAKEN
emberlanding	TAKEN
renewframe	TAKEN
lensweave	TAKEN
sealanchor	AVAIL
trackpulse	TAKEN
cleancore	TAKEN
corpusgrid	TAKEN
linkvolt	TAKEN
carbonvolt	TAKEN
mandateframe	TAKEN
guardlens	TAKEN
signalprism	TAKEN
cleantempo	TAKEN
spanbay	TAKEN
embedpress	TAKEN
fuelflow	TAKEN
lastmilecove	AVAIL
carbonhaven	TAKEN
embedtrace	TAKEN
routeframe	TAKEN
remitforge	TAKEN
shieldforge	TAKEN
siftalmanac	AVAIL
clearcodex	TAKEN
payflow	TAKEN
embedkiln	AVAIL
creditdocket	TAKEN
framelane	TAKEN
fusecircuit	TAKEN
tracksurvey	TAKEN
columnframe	TAKEN
biomassbasin	AVAIL
scanbridge	TAKEN
paycrest	TAKEN
carbonridge	TAKEN
truekindle	AVAIL
craftsurvey	TAKEN
scheduleloop	TAKEN
offsetprism	AVAIL
syncwave	TAKEN
launchkeep	TAKEN
buildanvil	TAKEN
groundwarden	TAKEN
fuelvolt	TAKEN
chargesensor	TAKEN
surgerails	AVAIL
crisprecord	AVAIL
manifestquay	AVAIL
cutlistquay	AVAIL
synapsemesh	TAKEN
plainworks	TAKEN
levelanchor	TAKEN
cipherworks	TAKEN
ciphergate	TAKEN
pairsurvey	AVAIL
matchroute	TAKEN
auditpulse	TAKEN
embermesh	TAKEN
quietbraid	AVAIL
primeturbine	TAKEN
depotfabric	AVAIL
joinbase	TAKEN
columnindex	AVAIL
forgeframe	TAKEN
surgepillar	TAKEN
floatpath	TAKEN
bastionchart	AVAIL
cipherseal	TAKEN
cutlistpanel	AVAIL
scantempo	TAKEN
launchwatch	TAKEN
docklayer	TAKEN
soundember	TAKEN
spanmill	AVAIL
biomasstrack	TAKEN
picketradar	AVAIL
matchturbine	AVAIL
ampereframe	AVAIL
feedprism	TAKEN
calmcompass	TAKEN
voltpeak	TAKEN
modelbeacon	TAKEN
trustfabric	TAKEN
spancape	AVAIL
triagefolio	AVAIL
launchpath	TAKEN
plotspine	AVAIL
plainforge	TAKEN
depotbridge	TAKEN
sentrywharf	AVAIL
reasonchart	TAKEN
probeforge	TAKEN
keenspark	TAKEN
treasurybay	AVAIL
registerseal	AVAIL
steervolt	AVAIL
fleetcompass	TAKEN
chartspine	AVAIL
surgesensor	AVAIL
shipember	AVAIL
spanatelier	AVAIL
sentryplinth	AVAIL
relaypanel	TAKEN
steadyguard	TAKEN
tierfoundry	AVAIL
syncfolio	TAKEN
offsetmesh	TAKEN
canvasridge	TAKEN
synapsemill	AVAIL
corpuscodex	TAKEN
depotframe	AVAIL
soundfoundry	TAKEN
fuelspine	TAKEN
trackchannel	TAKEN
scaledial	TAKEN
freightlane	TAKEN
spanbeacon	AVAIL
payoutworks	TAKEN
syncscope	TAKEN
keystonebase	TAKEN
signalchart	TAKEN
relayfabric	TAKEN
lensloop	TAKEN
spanrelay	AVAIL
cohortdesk	TAKEN
crisplane	TAKEN
facetlattice	AVAIL
craftconduit	AVAIL
agentspan	TAKEN
brisklattice	AVAIL
cleanwharf	AVAIL
approvegauge	AVAIL
forgepulse	TAKEN
craftbeacon	TAKEN
patchcompass	TAKEN
branchorbit	TAKEN
sentryport	TAKEN
metriclane	TAKEN
badgebench	TAKEN
claimpicket	AVAIL
shieldwharf	AVAIL
ranksonar	TAKEN
driveorbit	TAKEN
floworbit	TAKEN
quietvigil	TAKEN
tierprism	AVAIL
studiobrief	TAKEN
cleanbridge	TAKEN
queuecompass	TAKEN
syncmill	TAKEN
patrolkeep	AVAIL
ladingtower	AVAIL
truerail	TAKEN
routeflow	TAKEN
firstarc	TAKEN
vaultgrid	TAKEN
cobotatlas	AVAIL
quietfabric	TAKEN
freightworks	TAKEN
emblemdial	AVAIL
thermalspan	TAKEN
alignshield	TAKEN
thermaltruss	AVAIL
columnvault	AVAIL
tempostack	TAKEN
attestkeep	AVAIL
fuelwharf	TAKEN
trackturbine	AVAIL
tenderdelta	AVAIL
modeldial	TAKEN
charterlayer	TAKEN
meshbase	TAKEN
sealarc	AVAIL
beamstack	TAKEN
chargeframe	TAKEN
castflare	TAKEN
vectoranchor	TAKEN
tokenbrief	TAKEN
thermalatlas	TAKEN
feedorbit	TAKEN
handoffspine	AVAIL
sparkcore	TAKEN
cleardock	TAKEN
weaveloom	TAKEN
syncgate	TAKEN
lenslayer	TAKEN
linkgauge	TAKEN
groundgrid	TAKEN
mandatespan	TAKEN
turbinedock	AVAIL
tensoramp	TAKEN
boostworks	TAKEN
dosageloop	AVAIL
opensignal	TAKEN
gaugecircuit	AVAIL
gantryhelm	AVAIL
tempodesk	TAKEN
columnsurvey	AVAIL
launchgate	TAKEN
quietstack	TAKEN
paydocket	TAKEN
trackdossier	TAKEN
shiftwarden	TAKEN
framearc	TAKEN
sparkdelta	TAKEN
tracedock	TAKEN
voltprobe	TAKEN
primespark	TAKEN
trimbasin	AVAIL
consignrelay	AVAIL
plotworkshop	TAKEN
forgelayer	TAKEN
rankloom	TAKEN
solidflare	TAKEN
rankvolt	TAKEN
plainpicket	AVAIL
intakeswitch	AVAIL
cargoreach	TAKEN
brightkeep	TAKEN
trimregister	AVAIL
registryflow	TAKEN
registermap	TAKEN
draftdepot	TAKEN
pilotdock	TAKEN
mergeanvil	AVAIL
craftweave	TAKEN
verifymesh	TAKEN
triagebrief	AVAIL
raiseplinth	AVAIL
shopfloorbay	AVAIL
routedesk	TAKEN
keenridge	TAKEN
forgepanel	TAKEN
solidcove	TAKEN
gridsurvey	TAKEN
picketpeak	AVAIL
scanfolio	TAKEN
statutescope	AVAIL
fueldial	TAKEN
weightpillar	AVAIL
tenderspine	AVAIL
surgeseal	TAKEN
tensorkeep	AVAIL
gaugemesh	AVAIL
wardenpicket	AVAIL
gateyard	TAKEN
deploytempo	AVAIL
meshanvil	TAKEN
triggerworks	TAKEN
trueatlas	TAKEN
weaveflare	TAKEN
patchlane	TAKEN
linkroster	TAKEN
beamframe	TAKEN
picketwharf	AVAIL
tenderspan	TAKEN
stagingdesk	TAKEN
lidarharbor	AVAIL
servosurvey	AVAIL
soundstack	TAKEN
solidmeter	AVAIL
recordledger	TAKEN
renewledger	AVAIL
levelvigil	AVAIL
clearcircuit	TAKEN
chartguard	TAKEN
stagingroute	AVAIL
tracegraph	TAKEN
quietpatrol	AVAIL
tuneworks	TAKEN
cellspine	TAKEN
brightledger	TAKEN
draftsentry	AVAIL
badgepulse	TAKEN
vectorspine	TAKEN
northrails	TAKEN
floatmesh	AVAIL
payoutridge	AVAIL
shieldanchor	TAKEN
turbinekeep	AVAIL
bastionmesh	TAKEN
tensorscope	TAKEN
anchoratlas	TAKEN
controlgauge	AVAIL
siftlattice	AVAIL
trackanvil	AVAIL
fleetledger	TAKEN
ladingflow	TAKEN
infertruss	AVAIL
solidmap	TAKEN
patchdossier	AVAIL
plaingate	TAKEN
yieldconduit	AVAIL
sentinelarc	TAKEN
sealindex	TAKEN
matchcodex	AVAIL
prismsignal	TAKEN
trimtide	TAKEN
dockalmanac	AVAIL
ladingpeak	AVAIL
scalebridge	TAKEN
mintdelta	TAKEN
payloadworks	AVAIL
raiseridge	AVAIL
depthbeacon	AVAIL
depotlanding	AVAIL
quietarc	TAKEN
cleantruss	AVAIL
draftspine	TAKEN
payoutyard	AVAIL
framepillar	AVAIL
soundguard	TAKEN
cutlistboard	AVAIL
compilerails	AVAIL
offsetdelta	AVAIL
kineticwharf	AVAIL
coinstream	TAKEN
solidspine	TAKEN
cognateworks	TAKEN
mergevigil	AVAIL
attestport	TAKEN
debitmeter	AVAIL
sparkharbor	TAKEN
tieralmanac	AVAIL
proberoster	AVAIL
clearchart	TAKEN
handoffrails	AVAIL
payloadcape	AVAIL
columnkernel	AVAIL
openmill	TAKEN
brightroster	TAKEN
reasonstack	TAKEN
gantrysignal	AVAIL
calmchannel	TAKEN
clinictide	TAKEN
framechannel	TAKEN
amperequay	AVAIL
weavegate	TAKEN
linkhaven	TAKEN
truerelay	TAKEN
spatialmap	TAKEN
modelbridge	TAKEN
fusesurvey	AVAIL
moorpeak	AVAIL
crafthaven	TAKEN
hydroport	TAKEN
joindrift	TAKEN
mintfabric	TAKEN
drivehaven	TAKEN
solidpillar	TAKEN
sortfabric	AVAIL
metricbraid	AVAIL
claimdock	TAKEN
metricweave	TAKEN
matchtempo	TAKEN
scalefolio	TAKEN
surgedrift	TAKEN
contextchart	TAKEN
tunetide	TAKEN
trustpillar	TAKEN
triagewave	TAKEN
streamweave	TAKEN
invoicegraph	AVAIL
firstkindle	AVAIL
soundscope	TAKEN
weavestream	TAKEN
primebasin	TAKEN
offsetforge	AVAIL
actuategauge	AVAIL
weavecadence	AVAIL
emblemhelm	AVAIL
plainlens	TAKEN
verifyrails	AVAIL
tenderpath	TAKEN
syncanvil	TAKEN
warrantgrid	AVAIL
plainpeak	TAKEN
artifactarc	AVAIL
pilotreach	TAKEN
cobotchart	AVAIL
contextindex	TAKEN
temporail	TAKEN
mintcurrent	TAKEN
prismrelay	TAKEN
paletteridge	AVAIL
pairframe	TAKEN
lifthaven	TAKEN
corpushelm	AVAIL
complyplinth	AVAIL
signetsonar	AVAIL
streamrail	TAKEN
surgeplinth	AVAIL
rankbay	TAKEN
warrantmap	AVAIL
lensrails	AVAIL
shiftloop	TAKEN
ampereprobe	AVAIL
sparkmeter	TAKEN
thermalcore	TAKEN
complyworks	TAKEN
craftlattice	TAKEN
prooflookout	AVAIL
dispatchkeep	AVAIL
triggerpulse	TAKEN
tunebraid	AVAIL
debitlane	AVAIL
joinpulse	TAKEN
tabulardock	AVAIL
truetide	TAKEN
feedgrid	TAKEN
levelbase	TAKEN
sharpbraid	AVAIL
paycore	TAKEN
sharpcadence	AVAIL
tokentrunk	TAKEN
anchorvault	TAKEN
kindlekiln	AVAIL
claimport	TAKEN
alignlookout	AVAIL
frameroute	TAKEN
signetmesh	AVAIL
invoicetide	TAKEN
tokengraph	TAKEN
shiftrails	AVAIL
cargorecord	TAKEN
keenturbine	AVAIL
trimradar	AVAIL
citadelbase	TAKEN
plotmeter	TAKEN
rankbeacon	TAKEN
assignsensor	AVAIL
trackalmanac	AVAIL
opencurrent	TAKEN
corpustrunk	AVAIL
northloom	TAKEN
infergraph	TAKEN
dosagedock	AVAIL
badgegrid	TAKEN
linkwave	TAKEN
hydroflare	TAKEN
forgestream	TAKEN
driveprism	AVAIL
filingshield	TAKEN
prismcircuit	TAKEN
payertrace	TAKEN
plaindepot	AVAIL
contextrails	TAKEN
reckontrack	AVAIL
tracebridge	TAKEN
gatelantern	AVAIL
identplinth	AVAIL
dosagemap	AVAIL
inboundmesh	AVAIL
forgepress	TAKEN
sentrybase	TAKEN
cipherbeacon	TAKEN
probetempo	AVAIL
queueindex	TAKEN
approvechart	AVAIL
fuelmill	TAKEN
celldelta	TAKEN
renewsurvey	AVAIL
joinwarden	TAKEN
facetbench	AVAIL
schemafabric	TAKEN
steadyvault	TAKEN
vectorplinth	TAKEN
identradar	AVAIL
gatealmanac	AVAIL
filingplinth	AVAIL
quietdossier	AVAIL
covenantkeep	TAKEN
guardpillar	TAKEN
scantower	TAKEN
surgetide	TAKEN
intakebench	AVAIL
tunepanel	TAKEN
badgealmanac	AVAIL
siftvault	TAKEN
paycodex	TAKEN
renewturbine	AVAIL
spanwave	TAKEN
fuelreach	TAKEN
fusescope	AVAIL
framereach	TAKEN
indexmesh	TAKEN
cutlistwharf	AVAIL
reckonprobe	AVAIL
clearsignal	TAKEN
forgedepot	TAKEN
scanprobe	TAKEN
montagewave	AVAIL
soundsonar	TAKEN
creditreach	TAKEN
traceplinth	AVAIL
badgerail	AVAIL
plotcurrent	AVAIL
payerbench	TAKEN
pairdossier	AVAIL
reckonbase	AVAIL
spanport	TAKEN
claimgrid	TAKEN
flowcodex	TAKEN
emberyard	TAKEN
chargedelta	TAKEN
craftgate	TAKEN
datasetflow	TAKEN
cellbeacon	TAKEN
calmtrail	TAKEN
vectorindex	TAKEN
feedsensor	TAKEN
floatarc	AVAIL
firstcircuit	TAKEN
consentlayer	TAKEN
scanrelay	TAKEN
streamindex	TAKEN
signetatlas	AVAIL
servostudio	TAKEN
dockvault	TAKEN
wardenquay	AVAIL
swiftbasin	AVAIL
embersensor	TAKEN
trackreach	TAKEN
yieldlattice	AVAIL
agentrails	TAKEN
craftcompass	TAKEN
forgespine	TAKEN
sharpframe	TAKEN
tuneboard	TAKEN
dockvigil	TAKEN
wardenseal	AVAIL
clinicwave	TAKEN
cognateanvil	AVAIL
coingauge	TAKEN
beamboard	TAKEN
contextbase	TAKEN
settlethread	AVAIL
joinwave	TAKEN
sharprecord	TAKEN
clinicridge	AVAIL
spanstudio	TAKEN
offsetbridge	TAKEN
pilotyard	TAKEN
bindtrail	AVAIL
freightport	TAKEN
soundsensor	TAKEN
invoicescope	TAKEN
mergebrief	TAKEN
proberecord	AVAIL
docksentry	TAKEN
surgeloop	TAKEN
firstbase	TAKEN
probecadence	AVAIL
siftharbor	TAKEN
compiletruss	AVAIL
probebrief	AVAIL
surgecompass	TAKEN
siftworkshop	AVAIL
kindleguard	TAKEN
payloadforge	TAKEN
badgegate	TAKEN
briskanvil	AVAIL
verifytrace	TAKEN
canvasthread	TAKEN
openpatrol	TAKEN
schedulecore	TAKEN
prismwave	TAKEN
plotshield	TAKEN
synchaven	TAKEN
vitalsyard	AVAIL
spanindex	AVAIL
meshworkshop	TAKEN
keenworks	TAKEN
trimscope	TAKEN
pilotfolio	TAKEN
draftseal	TAKEN
reelthread	TAKEN
proofchart	TAKEN
dosageswitch	AVAIL
clearanvil	AVAIL
drivekindle	AVAIL
bindbasin	AVAIL
matchkernel	TAKEN
renewreach	TAKEN
groundorbit	TAKEN
recordseal	TAKEN
shipsignal	TAKEN
weavedial	TAKEN
statutetruss	AVAIL
shipdossier	AVAIL
mintridge	TAKEN
consentbrief	AVAIL
paymesh	TAKEN
commitlane	TAKEN
truepeak	TAKEN
chargedesk	TAKEN
cohortfabric	AVAIL
jointhread	TAKEN
shiprelay	TAKEN
aligncircuit	AVAIL
freightyard	TAKEN
gantryframe	TAKEN
corpusrail	AVAIL
indexcompass	TAKEN
complygraph	TAKEN
bindhelm	AVAIL
schemafolio	AVAIL
cadencespine	AVAIL
sparkshield	TAKEN
briskpanel	AVAIL
payertide	AVAIL
stagingweave	AVAIL
quietdial	TAKEN
careteamdesk	AVAIL
mergeridge	TAKEN
spanlattice	AVAIL
hydrotrunk	AVAIL
craftdepot	TAKEN
trustradar	TAKEN
cobotbasin	AVAIL
attestdocket	AVAIL
schemaflow	TAKEN
gaugescope	TAKEN
recordhelm	AVAIL
hydroatlas	TAKEN
embedprism	AVAIL
thermalpulse	TAKEN
soundcadence	AVAIL
identrails	AVAIL
assigndocket	AVAIL
pairfolio	TAKEN
cleansummit	TAKEN
scandial	TAKEN
creditkernel	TAKEN
liftyard	TAKEN
datasetcore	TAKEN
forgescope	TAKEN
trimsurvey	AVAIL
picketsentry	AVAIL
trackpicket	AVAIL
tenderswitch	TAKEN
depotdesk	TAKEN
trueprism	TAKEN
filingspan	AVAIL
gantrybench	TAKEN
prismlayer	TAKEN
scalevault	TAKEN
badgetrack	TAKEN
amperechart	AVAIL
signalharbor	TAKEN
frameloom	TAKEN
bastionhaven	TAKEN
pilotember	AVAIL
verifyprism	TAKEN
vaultcodex	TAKEN
brightpicket	AVAIL
levelchannel	AVAIL
facetorbit	AVAIL
feedconduit	TAKEN
temporoute	AVAIL
cleartrail	TAKEN
assignscope	AVAIL
flowgauge	TAKEN
reckontruss	AVAIL
sharpcove	TAKEN
reasonflare	AVAIL
agentlattice	TAKEN
trimkeep	AVAIL
offsetstack	AVAIL
schemarecord	AVAIL
matchroster	TAKEN
kilowattmesh	AVAIL
boosthelm	AVAIL
actuatescope	AVAIL
calmorbit	TAKEN
feedatelier	AVAIL
launchfolio	TAKEN
metricstream	TAKEN
trackdocket	TAKEN
creditcrest	TAKEN
kineticlens	TAKEN
anchorspan	TAKEN
sortdossier	AVAIL
groundcove	AVAIL
mergeloop	TAKEN
surgewave	TAKEN
amperegraph	AVAIL
datasetstack	TAKEN
rankroute	TAKEN
routegate	TAKEN
warrantlayer	AVAIL
ladinghaven	AVAIL
lensarc	TAKEN
quietmesh	TAKEN
feedpatrol	TAKEN
clearcharter	TAKEN
matchwarden	AVAIL
clearhaven	TAKEN
inferlens	TAKEN
sentryseal	TAKEN
clearbeacon	TAKEN
forgeridge	TAKEN
cognatebase	AVAIL
fuelbeacon	TAKEN
paymanifest	AVAIL
controlkeep	TAKEN
steercadence	AVAIL
beamsignal	TAKEN
signetstack	TAKEN
triagebay	TAKEN
gatepatrol	TAKEN
inferflare	AVAIL
syncbay	TAKEN
northkernel	TAKEN
levelsentry	TAKEN
warrantatlas	AVAIL
sortyard	TAKEN
anchorpatrol	TAKEN
fusetrace	TAKEN
verifyrail	TAKEN
buildkiln	TAKEN
traceindex	TAKEN
escrowreach	AVAIL
quiethelm	TAKEN
sentinelmap	TAKEN
openport	TAKEN
beamtower	TAKEN
renewvault	TAKEN
coinfabric	TAKEN
probetruss	AVAIL
reckontrace	TAKEN
releasetruss	AVAIL
facetroster	AVAIL
cadencespan	AVAIL
scanforge	TAKEN
patchtower	TAKEN
northengine	TAKEN
queuepulse	TAKEN
tabularbraid	AVAIL
complypanel	TAKEN
sealworks	TAKEN
registerspan	AVAIL
shiptower	TAKEN
thermaltower	AVAIL
commitspan	AVAIL
surgeatlas	TAKEN
inboundcove	AVAIL
fleetprobe	TAKEN
openstack	TAKEN
modelspan	TAKEN
remitfabric	AVAIL
promptkeep	TAKEN
hardenmap	AVAIL
rendersummit	AVAIL
handoffweave	AVAIL
agentgauge	TAKEN
floatgauge	AVAIL
boostcape	TAKEN
vectortruss	TAKEN
forgemeter	TAKEN
openkindle	TAKEN
emblemvigil	AVAIL
assigndock	TAKEN
pairalmanac	AVAIL
relaysurvey	AVAIL
joinfoundry	TAKEN
spanmap	TAKEN
shieldfabric	TAKEN
verifytruss	AVAIL
amperescope	AVAIL
weavestudio	TAKEN
floatspine	AVAIL
spanflow	TAKEN
shiplens	TAKEN
gaugethread	AVAIL
payloop	TAKEN
pilotgraph	TAKEN
modelworks	TAKEN
assignframe	AVAIL
shieldlayer	TAKEN
dockanchor	TAKEN
bastionmap	AVAIL
trueshield	TAKEN
amperebase	AVAIL
sortreach	AVAIL
gantryanvil	AVAIL
statutetrunk	AVAIL
sortbase	TAKEN
quietatelier	TAKEN
payerprism	AVAIL
siftpicket	AVAIL
remitridge	AVAIL
spanguard	TAKEN
cutlistcape	AVAIL
fuelvault	TAKEN
chargetrail	TAKEN
carbonkindle	TAKEN
quietgrid	TAKEN
approvetrail	TAKEN
beamfolio	TAKEN
raisebeacon	TAKEN
recordatlas	TAKEN
schemascope	TAKEN
releasewave	TAKEN
tabularforge	AVAIL
solidscope	TAKEN
cobotlayer	TAKEN
temposignal	TAKEN
opentrail	TAKEN
cointruss	TAKEN
metrictrunk	AVAIL
emberlayer	TAKEN
raiselattice	AVAIL
assigndrift	AVAIL
fleetkernel	TAKEN
chargecodex	AVAIL
paybench	TAKEN
transitlayer	TAKEN
fusetruss	AVAIL
mintdepot	TAKEN
hardensurvey	AVAIL
framebeacon	TAKEN
settlemap	TAKEN
linkspan	TAKEN
plotfabric	TAKEN
crispdepot	AVAIL
deploylayer	TAKEN
trimlens	TAKEN
gridhelm	TAKEN
trimtower	TAKEN
feedbench	AVAIL
quietweave	TAKEN
cohortlane	TAKEN
signetrail	AVAIL
scanshield	TAKEN
turbinetrunk	AVAIL
warrantcore	AVAIL
traceharbor	TAKEN
sortkiln	AVAIL
controltrunk	AVAIL
scaleharbor	TAKEN
payermap	TAKEN
reckonplinth	AVAIL
feedpillar	TAKEN
tierorbit	AVAIL
alignsummit	TAKEN
joinanvil	TAKEN
invoicelayer	TAKEN
complyprobe	TAKEN
voltrails	TAKEN
columnarc	AVAIL
freightkeep	TAKEN
cobotanvil	AVAIL
anchorwharf	TAKEN
policyprism	TAKEN
gatespark	TAKEN
tierdock	AVAIL
tuneworkshop	TAKEN
yieldboard	TAKEN
schemalayer	TAKEN
traceridge	TAKEN
cellmeter	TAKEN
fuelregister	TAKEN
escrowtruss	AVAIL
credithaven	TAKEN
payersignal	TAKEN
sortridge	AVAIL
indexchannel	TAKEN
agentdial	TAKEN
patchengine	TAKEN
patrolbase	TAKEN
dispatchloop	TAKEN
fuelpanel	TAKEN
framesensor	AVAIL
datasetdrift	AVAIL
canvasrecord	AVAIL
cleanmesh	TAKEN
renderloop	TAKEN
raisedrift	AVAIL
trimdynamo	AVAIL
draftloom	TAKEN
northanchor	TAKEN
draftcompass	TAKEN
amperespan	AVAIL
thermalsonar	AVAIL
biomassrails	AVAIL
chartboard	TAKEN
sortcodex	AVAIL
rampartgraph	AVAIL
infergrid	TAKEN
palletbasin	AVAIL
scanbrief	TAKEN
calmgate	TAKEN
complyhelm	AVAIL
servolayer	TAKEN
transitwharf	AVAIL
facetmeter	AVAIL
triagelens	AVAIL
cleanreach	TAKEN
shipmesh	TAKEN
coinledger	TAKEN
firstorbit	TAKEN
dosagedrift	AVAIL
feedkindle	TAKEN
payloadhaven	AVAIL
verifystack	TAKEN
primesonar	AVAIL
proofprobe	TAKEN
cipherpicket	AVAIL
carbonpillar	TAKEN
meshgrid	TAKEN
draftshield	TAKEN
soundroute	TAKEN
shiftflare	TAKEN
compilehelm	AVAIL
payhelm	TAKEN
tenderdial	AVAIL
hardenyard	AVAIL
queueport	TAKEN
soundchart	TAKEN
alignsensor	AVAIL
trimseal	TAKEN
assignkernel	AVAIL
referralquay	AVAIL
paytrail	TAKEN
gaugetrace	TAKEN
shipatlas	TAKEN
patrolspan	AVAIL
weavebench	TAKEN
depotdock	TAKEN
feedvolt	TAKEN
biomasslens	AVAIL
montagebrief	AVAIL
frametruss	TAKEN
openlanding	TAKEN
scaleradar	TAKEN
shiftbeacon	TAKEN
northarc	TAKEN
datasethelm	AVAIL
siftpatrol	AVAIL
tunechannel	TAKEN
contextmap	TAKEN
northatlas	TAKEN
metricbridge	TAKEN
referraldock	TAKEN
turbinereach	AVAIL
facetlayer	AVAIL
steadypeak	TAKEN
embedengine	TAKEN
boostquay	AVAIL
claimtrunk	AVAIL
craftanchor	TAKEN
auditscope	TAKEN
siftyard	TAKEN
mergesurvey	AVAIL
driveamp	TAKEN
mesharc	TAKEN
weavecurrent	AVAIL
weaveplinth	AVAIL
palettepath	TAKEN
gantryspan	AVAIL
escrowharbor	AVAIL
sentrybridge	TAKEN
firstdelta	TAKEN
stagingbraid	AVAIL
mergerecord	TAKEN
tendertide	TAKEN
levelcharter	AVAIL
vaultloop	TAKEN
moorframe	AVAIL
plaintrack	TAKEN
spanroster	AVAIL
montagereach	AVAIL
alignmeter	AVAIL
signalhelm	TAKEN
assigntempo	AVAIL
schemagate	TAKEN
tracedesk	TAKEN
complyguard	TAKEN
aligncurrent	AVAIL
inferforge	TAKEN
depotcove	AVAIL
signetledger	TAKEN
hydroforge	TAKEN
craftmap	TAKEN
verifyspan	TAKEN
complymap	TAKEN
tensorkernel	TAKEN
syncgauge	AVAIL
dockreactor	AVAIL
groundtrace	TAKEN
embedfabric	TAKEN
trimtrace	AVAIL
steerquay	AVAIL
boostsentry	AVAIL
levelorbit	TAKEN
relaychart	TAKEN
matchridge	TAKEN
scantide	TAKEN
guardmeter	TAKEN
assignprobe	AVAIL
coinboard	TAKEN
clinictrace	TAKEN
palletrail	TAKEN
keenstream	TAKEN
plotdossier	AVAIL
tracecrest	TAKEN
rendercodex	TAKEN
quietkeep	TAKEN
quietridge	TAKEN
deploybeacon	TAKEN
moorport	AVAIL
offsetbeacon	AVAIL
hydrogauge	TAKEN
emberchart	TAKEN
corpusvolt	AVAIL
patrolrail	AVAIL
picketwatch	AVAIL
frameharbor	TAKEN
lidarbench	TAKEN
shiftdial	TAKEN
beamspine	AVAIL
metrictide	TAKEN
hydrofoundry	TAKEN
tierkeep	AVAIL
primebraid	AVAIL
boostpulse	TAKEN
servodock	AVAIL
reckonpulse	AVAIL
forgetide	TAKEN
keenshield	TAKEN
pairbase	TAKEN
tensorgauge	AVAIL
shiftprobe	TAKEN
tempothread	AVAIL
craftbase	TAKEN
synapsedock	TAKEN
quietalmanac	AVAIL
inboundyard	AVAIL
contextflare	TAKEN
swiftfoundry	TAKEN
settlearc	TAKEN
canvasdelta	TAKEN
gateanvil	AVAIL
linktempo	TAKEN
metricbench	TAKEN
embercape	TAKEN
sealroster	AVAIL
renderbrief	TAKEN
handoffkeep	AVAIL
cleanchannel	TAKEN
joinconduit	TAKEN
plotmill	TAKEN
weightdynamo	AVAIL
lidarsurvey	TAKEN
signetbrief	AVAIL
infersignal	TAKEN
queuekernel	TAKEN
surgefoundry	TAKEN
beamrails	TAKEN
shiftdossier	AVAIL
gatesummit	TAKEN
columnrelay	AVAIL
auditgauge	TAKEN
dosageroute	AVAIL
keencore	TAKEN
badgeboard	TAKEN
primeshield	TAKEN
chartermeter	AVAIL
fuelbridge	TAKEN
joinspine	TAKEN
claimgraph	TAKEN
beamwatch	TAKEN
reelmanifest	TAKEN
dockfoundry	AVAIL
primedock	TAKEN
guardpatrol	TAKEN
tabularmesh	AVAIL
chargebase	TAKEN
shiphaven	TAKEN
primewarden	TAKEN
driveyard	TAKEN
tenderbench	TAKEN
flowtide	TAKEN
tokenbridge	TAKEN
crispreactor	AVAIL
plainreach	TAKEN
flowbase	TAKEN
joinbeacon	TAKEN
inboundflow	TAKEN
depthsensor	TAKEN
vaultledger	TAKEN
syncharbor	TAKEN
matchatlas	TAKEN
payerdesk	TAKEN
cellchannel	TAKEN
signetdesk	AVAIL
linkatlas	TAKEN
sealbrief	TAKEN
signetworks	TAKEN
feedpeak	TAKEN
passportarc	AVAIL
alignguard	TAKEN
registrymesh	AVAIL
vitalsdepot	AVAIL
voltmap	TAKEN
bindcadence	AVAIL
streamsonar	TAKEN
rampartarc	AVAIL
settlepath	TAKEN
synapsevault	TAKEN
trackforge	TAKEN
linkbrief	TAKEN
cargoboard	TAKEN
compilekiln	AVAIL
joinanchor	TAKEN
complycore	TAKEN
transitkeep	TAKEN
rampartdial	AVAIL
groundlayer	TAKEN
embedspan	AVAIL
pairtrunk	AVAIL
gaugewave	AVAIL
signethelm	AVAIL
gaugebeacon	TAKEN
feedlantern	AVAIL
debitbench	AVAIL
gantrybeacon	AVAIL
reckonbench	AVAIL
truemap	TAKEN
agentbridge	TAKEN
weightcore	TAKEN
pilotsentry	TAKEN
framedepot	TAKEN
consigncodex	AVAIL
flowlookout	AVAIL
feedregister	TAKEN
fuelbraid	AVAIL
shiftsignal	TAKEN
payoutgraph	AVAIL
calmtrace	TAKEN
haulthread	AVAIL
relayframe	TAKEN
montagemill	AVAIL
gridport	TAKEN
embedstack	TAKEN
ciphergauge	AVAIL
bastionprobe	AVAIL
openprobe	TAKEN
cutlistbasin	AVAIL
firstanvil	AVAIL
cleanpath	TAKEN
shiftpulse	TAKEN
actuatetrace	AVAIL
studiodepot	TAKEN
indexbridge	TAKEN
fuseharbor	TAKEN
kindlehaven	TAKEN
liftport	TAKEN
claimcodex	TAKEN
keystonecore	TAKEN
ledgerdock	TAKEN
scanpanel	TAKEN
weightatlas	AVAIL
keencape	AVAIL
controlmap	TAKEN
craftspine	AVAIL
tracepicket	AVAIL
mandatetrace	AVAIL
payloadprism	AVAIL
montagetide	AVAIL
forgeprism	TAKEN
lensfabric	TAKEN
signetsignal	AVAIL
yieldengine	TAKEN
vaultfabric	TAKEN
surgecodex	AVAIL
anchortide	TAKEN
bastiondial	AVAIL
coinregister	TAKEN
scansignal	TAKEN
brightsensor	TAKEN
corpuspath	TAKEN
pilotquay	AVAIL
facetarc	AVAIL
ledgerkeep	TAKEN
patrolharbor	TAKEN
offsetridge	AVAIL
frameanvil	AVAIL
drivepanel	TAKEN
linkpanel	TAKEN
proofguard	TAKEN
frametide	TAKEN
sentrypillar	TAKEN
payercove	AVAIL
turbinelayer	AVAIL
meshfabric	TAKEN
chartpeak	TAKEN
weaveamp	AVAIL
chartbridge	TAKEN
commitforge	TAKEN
plotdynamo	AVAIL
tierstudio	TAKEN
framekiln	TAKEN
remitspine	AVAIL
creditpanel	TAKEN
relayorbit	TAKEN
canvasbraid	AVAIL
spanamp	AVAIL
sealshield	TAKEN
settletide	TAKEN
moorflow	TAKEN
pairkernel	AVAIL
intakedrift	AVAIL
payoutstream	TAKEN
reelrecord	TAKEN
inferkiln	AVAIL
sentinelquay	AVAIL
debitprobe	AVAIL
fleetdepot	TAKEN
bedsidegauge	AVAIL
calmcore	TAKEN
prismcore	TAKEN
queuetrace	TAKEN
voltcore	TAKEN
servohelm	AVAIL
thermalarc	TAKEN
linkcape	TAKEN
traceflare	TAKEN
trimorbit	TAKEN
craftatelier	TAKEN
soundharbor	TAKEN
syncorbit	TAKEN
embedpillar	AVAIL
sparktower	TAKEN
groundpillar	TAKEN
linkfolio	TAKEN
tiersurvey	AVAIL
warrantspine	AVAIL
siftwarden	AVAIL
tunelanding	AVAIL
settlecove	TAKEN
kindleprism	TAKEN
auditspine	TAKEN
pilotindex	TAKEN
renewember	AVAIL
quietpulse	TAKEN
consentkeep	TAKEN
scaleroster	TAKEN
liftcompass	TAKEN
triagecove	AVAIL
policyspan	TAKEN
beamforge	TAKEN
gantrymeter	AVAIL
indexradar	TAKEN
rendercove	TAKEN
rankpath	TAKEN
inboundbasin	AVAIL
northcore	TAKEN
gaugetruss	AVAIL
trimthread	AVAIL
tracecape	AVAIL
badgegauge	AVAIL
clearalmanac	AVAIL
trustscope	TAKEN
trimpeak	TAKEN
shipregister	TAKEN
soundkernel	TAKEN
complyport	TAKEN
cognatetruss	AVAIL
canvastide	AVAIL
keenindex	TAKEN
vectorprism	TAKEN
liftamp	AVAIL
routefoundry	TAKEN
treasurymesh	TAKEN
forgeledger	TAKEN
pilotpicket	AVAIL
statutekeep	AVAIL
emblemshield	TAKEN
inboundatlas	TAKEN
briskalmanac	AVAIL
yieldchart	TAKEN
intakeweave	AVAIL
stagingrail	TAKEN
wardendepot	AVAIL
paypath	TAKEN
synapserails	AVAIL
tensorhelm	TAKEN
payerledger	TAKEN
anchorpeak	TAKEN
lensboard	TAKEN
joinledger	TAKEN
kindlevigil	AVAIL
tabularkeep	AVAIL
soundtrace	TAKEN
brisklantern	TAKEN
mintquay	TAKEN
lensdocket	TAKEN
cohortdock	TAKEN
sortlantern	AVAIL
deploykiln	AVAIL
bedsidewharf	AVAIL
tiermeter	TAKEN
chargeradar	TAKEN
kineticyard	TAKEN
syncbeacon	TAKEN
prooftrace	TAKEN
quietanvil	TAKEN
assignpanel	AVAIL
raiseport	AVAIL
claimwatch	TAKEN
tierturbine	AVAIL
coinlayer	TAKEN
frameprism	AVAIL
tempodocket	AVAIL
cellarc	TAKEN
pairsignal	TAKEN
kindleswitch	AVAIL
tabularwave	AVAIL
cohortprism	AVAIL
cobotdial	AVAIL
lidarscope	TAKEN
fuselantern	AVAIL
soundreach	TAKEN
ledgeryard	TAKEN
shieldreach	TAKEN
vaultport	TAKEN
feedtrace	TAKEN
consentprism	AVAIL
bindcove	AVAIL
kineticframe	TAKEN
paletteflow	TAKEN
bindbeacon	AVAIL
picketdial	AVAIL
shiftreach	TAKEN
moorloop	TAKEN
weaverecord	AVAIL
tensorspark	TAKEN
keentide	TAKEN
probeworks	TAKEN
compileatlas	TAKEN
clinicboard	TAKEN
sentrypatrol	TAKEN
consentguard	TAKEN
solidpanel	TAKEN
remitcharter	AVAIL
beamanvil	AVAIL
policyboard	TAKEN
thermalgate	TAKEN
castdossier	AVAIL
scanflow	TAKEN
prismalmanac	AVAIL
truemesh	TAKEN
plainreactor	AVAIL
moorpatrol	AVAIL
steerscope	AVAIL
castlens	TAKEN
cargorelay	TAKEN
offsetharbor	AVAIL
recordpulse	TAKEN
fleetcrest	TAKEN
kilowattgate	AVAIL
coinfolio	TAKEN
identbeacon	AVAIL
tunereach	TAKEN
tensorport	TAKEN
bedsidequay	AVAIL
pairgate	TAKEN
solidroster	TAKEN
settlesignal	TAKEN
paletteorbit	AVAIL
solidstudio	TAKEN
tracedelta	TAKEN
hydrocove	TAKEN
ciphersonar	AVAIL
framespark	TAKEN
shiftpatrol	TAKEN
tensorprobe	TAKEN
solarquay	AVAIL
leveltrail	AVAIL
trackengine	TAKEN
studioloop	TAKEN
triagequay	AVAIL
vaultlane	TAKEN
shiftcadence	TAKEN
tokentower	TAKEN
kindlestudio	TAKEN
assignledger	AVAIL
sortanchor	AVAIL
keystonemap	TAKEN
tracepatrol	TAKEN
remitbasin	AVAIL
shiftforge	TAKEN
tempoplinth	AVAIL
pilotbrief	TAKEN
turbinearc	AVAIL
contextspark	TAKEN
cleardepot	TAKEN
forgetempo	TAKEN
cleanlookout	AVAIL
kindledepot	AVAIL
shiftreactor	AVAIL
framesentry	TAKEN
briskrails	AVAIL
attestboard	AVAIL
fusewatch	AVAIL
streamtempo	TAKEN
artifactkiln	AVAIL
scalesurvey	TAKEN
deployrelay	TAKEN
indexsonar	AVAIL
renewkernel	AVAIL
chartbraid	AVAIL
groundcore	TAKEN
lensroster	TAKEN
chargelayer	TAKEN
truesensor	TAKEN
fleetdial	TAKEN
warrantvigil	AVAIL
reasonbridge	TAKEN
picketgrid	AVAIL
gantrypress	TAKEN
scaleatlas	TAKEN
escrowkernel	AVAIL
cognateport	AVAIL
briskdelta	TAKEN
metriclayer	TAKEN
steercompass	TAKEN
steadykeep	TAKEN
bindquay	AVAIL
soundridge	TAKEN
castroute	TAKEN
castgate	TAKEN
voltkindle	AVAIL
artifactmill	AVAIL
sealprism	AVAIL
patrolforge	TAKEN
triagetrail	AVAIL
tunetrack	TAKEN
tendervault	TAKEN
reasonkernel	TAKEN
depthledger	AVAIL
tiertempo	AVAIL
policyport	TAKEN
identgrid	AVAIL
scalestudio	TAKEN
opendocket	TAKEN
cellstudio	TAKEN
debitchannel	TAKEN
cobotwharf	AVAIL
tracewatch	TAKEN
emberdepot	AVAIL
trimledger	TAKEN
cohortchart	TAKEN
embedmill	AVAIL
draftrails	AVAIL
groundradar	TAKEN
columndrift	AVAIL
quietbridge	TAKEN
soundloom	TAKEN
trueworkshop	TAKEN
voltengine	TAKEN
charterport	TAKEN
tendertempo	AVAIL
bedsidedial	AVAIL
openpress	TAKEN
tiersonar	AVAIL
driveanchor	TAKEN
picketchart	AVAIL
offsetport	AVAIL
solarbay	TAKEN
cobotplinth	AVAIL
mergebase	TAKEN
tuneatlas	TAKEN
keenforge	TAKEN
intakelane	TAKEN
citadelchart	AVAIL
policygrid	TAKEN
kindlestream	TAKEN
mergecodex	AVAIL
keengraph	AVAIL
creditlane	TAKEN
kindleprobe	AVAIL
modelsonar	TAKEN
thermalscope	TAKEN
driveflow	TAKEN
boostdesk	TAKEN
lensgauge	AVAIL
pairbeacon	AVAIL
vitalswave	TAKEN
synapseforge	TAKEN
scanpulse	TAKEN
emberspan	TAKEN
fuelhaven	TAKEN
sealstack	TAKEN
amperedock	AVAIL
guardatlas	TAKEN
wardengraph	AVAIL
ledgertrunk	AVAIL
badgesentry	TAKEN
kindlebeacon	AVAIL
steadywatch	TAKEN
rampartworks	AVAIL
tunestream	TAKEN
bastiontruss	AVAIL
gridcompass	TAKEN
northrail	TAKEN
modelmesh	TAKEN
rankdesk	TAKEN
solidledger	TAKEN
picketworks	AVAIL
manifesthelm	AVAIL
plotpanel	TAKEN
liftlanding	TAKEN
boostvault	TAKEN
fleetfoundry	TAKEN
triggerdrift	AVAIL
sparkanvil	TAKEN
boostamp	TAKEN
fusepatrol	AVAIL
voltbasin	TAKEN
swiftcodex	TAKEN
cliniclens	TAKEN
mandatelayer	TAKEN
cobotcape	AVAIL
recordplinth	AVAIL
forgelane	TAKEN
synapsepress	TAKEN
filingroster	AVAIL
launchbeacon	TAKEN
clinicpanel	TAKEN
gatedossier	AVAIL
linkyard	TAKEN
streamfabric	TAKEN
moortrack	AVAIL
dockvolt	TAKEN
embedworks	TAKEN
chartcore	TAKEN
mintalmanac	TAKEN
pairspark	TAKEN
fusepulse	TAKEN
fleetloop	TAKEN
cargopillar	TAKEN
scaledepot	TAKEN
draftweave	TAKEN
gaugepillar	AVAIL
thermalhaven	TAKEN
spanbase	TAKEN
siftbridge	TAKEN
cleanlens	TAKEN
forgekeep	TAKEN
indexkeep	AVAIL
northloop	TAKEN
keenloop	TAKEN
modelforge	TAKEN
quietamp	AVAIL
datasetkeep	AVAIL
treasurycape	AVAIL
framelens	TAKEN
sealgauge	AVAIL
creditvault	TAKEN
feedtempo	AVAIL
offsetvault	TAKEN
consignstack	TAKEN
primeradar	TAKEN
tiergraph	TAKEN
warrantlens	AVAIL
firstcadence	TAKEN
sparkgauge	TAKEN
cargobraid	AVAIL
siftmill	TAKEN
siftlantern	AVAIL
haulrecord	TAKEN
vaultlayer	TAKEN
rampartprobe	AVAIL
modelgraph	TAKEN
chartrelay	TAKEN
columnplinth	AVAIL
traceanchor	TAKEN
plotlens	TAKEN
plainpillar	AVAIL
crispfabric	AVAIL
kindlecape	AVAIL
creditgauge	TAKEN
trackcore	TAKEN
scaleindex	TAKEN
castamp	TAKEN
rampartindex	AVAIL
actuateyard	AVAIL
beamtrail	TAKEN
sealconduit	AVAIL
signalarc	TAKEN
solidthread	TAKEN
soundledger	TAKEN
debitflow	TAKEN
beamlane	TAKEN
creditcodex	TAKEN
sealpillar	AVAIL
solidprism	AVAIL
swiftrelay	TAKEN
plotforge	TAKEN
cobotmap	AVAIL
surgebasin	AVAIL
tempopanel	AVAIL
voltgrid	TAKEN
routecodex	AVAIL
weaveworks	TAKEN
spatialscope	TAKEN
deploycore	TAKEN
soundtrail	TAKEN
consignquay	AVAIL
routekeep	TAKEN
carbonember	AVAIL
consentgate	TAKEN
corpusfabric	TAKEN
steadymeter	AVAIL
hardengrid	TAKEN
escrowfabric	AVAIL
surgewatch	TAKEN
complyengine	TAKEN
pilotsurvey	TAKEN
badgelookout	AVAIL
flowkeep	TAKEN
northboard	TAKEN
schedulemap	TAKEN
mintpillar	TAKEN
escrowbraid	AVAIL
contextpulse	TAKEN
chartertrack	TAKEN
forgebeacon	TAKEN
beamdesk	TAKEN
soundpanel	TAKEN
craftroute	TAKEN
briskvault	TAKEN
swiftgate	TAKEN
moorstudio	TAKEN
solarscope	TAKEN
approvedock	TAKEN
solidtrunk	AVAIL
weavecrest	TAKEN
embedforge	TAKEN
proofindex	TAKEN
forgeatlas	TAKEN
shipmap	TAKEN
cobotsummit	AVAIL
ampererail	AVAIL
signalanchor	TAKEN
launchforge	TAKEN
mintpath	TAKEN
alignflare	AVAIL
payoutswitch	AVAIL
casthelm	AVAIL
beampeak	TAKEN
steertrack	TAKEN
truekeep	TAKEN
modelember	AVAIL
haulwharf	AVAIL
cohortgraph	TAKEN
palettekiln	AVAIL
flowcadence	TAKEN
palletkernel	AVAIL
citadelvault	TAKEN
offsetarc	AVAIL
gantryatlas	AVAIL
northquay	TAKEN
beamdelta	TAKEN
castpatrol	AVAIL
bastionseal	AVAIL
transitcove	TAKEN
recordscope	TAKEN
vectorpillar	TAKEN
sparkfolio	TAKEN
handoffbase	TAKEN
remitbench	TAKEN
complyshield	TAKEN
fusemesh	TAKEN
framescope	TAKEN
liftatelier	TAKEN
chartledger	TAKEN
actuatespine	AVAIL
sparktrace	TAKEN
spansonar	AVAIL
signalpath	TAKEN
shipframe	TAKEN
spatialtower	TAKEN
vaultflow	TAKEN
hardencrest	AVAIL
tokenanchor	TAKEN
solarforge	TAKEN
hardenvigil	AVAIL
picketbridge	AVAIL
yieldtrace	TAKEN
verifyport	TAKEN
castflow	TAKEN
dosagetide	AVAIL
shiftlane	TAKEN
fusepillar	TAKEN
solidcape	AVAIL
parallaxspan	AVAIL
beamloop	TAKEN
sentrycape	AVAIL
settlepeak	AVAIL
dispatchbay	TAKEN
agentsurvey	TAKEN
handoffroute	TAKEN
hydrochannel	TAKEN
clearguard	TAKEN
coinlens	TAKEN
filingbridge	TAKEN
payoutsonar	AVAIL
gateplinth	AVAIL
castsentry	AVAIL
soundboard	TAKEN
agentstack	TAKEN
ladingdelta	AVAIL
plainstudio	TAKEN
triggergrid	TAKEN
craftindex	TAKEN
relaytower	TAKEN
chartloom	TAKEN
filingfolio	TAKEN
offsetember	AVAIL
cohortwave	TAKEN
depotridge	AVAIL
floatanchor	TAKEN
complymesh	TAKEN
datasetpulse	AVAIL
cohortcove	TAKEN
ledgerwharf	AVAIL
flowindex	TAKEN
mergegauge	AVAIL
inferbench	TAKEN
swiftquay	AVAIL
creditrecord	TAKEN
emblemdock	AVAIL
shipvolt	TAKEN
remitlane	TAKEN
crispember	TAKEN
cipherspan	TAKEN
dosagetrail	AVAIL
boostcompass	AVAIL
alignmesh	TAKEN
indexbeacon	TAKEN
vectorworks	TAKEN
soundmeter	TAKEN
steadyindex	AVAIL
releasespine	AVAIL
consignroute	TAKEN
actuateanvil	AVAIL
vitalsmap	TAKEN
rampartdock	AVAIL
clearkeep	TAKEN
trueflare	TAKEN
paylens	TAKEN
relayswitch	TAKEN
gatestream	TAKEN
gantrybase	AVAIL
anchorcove	TAKEN
payoutframe	AVAIL
draftrecord	TAKEN
shipdocket	TAKEN
tenderflow	TAKEN
shipcape	TAKEN
offsetindex	TAKEN
beamcurrent	TAKEN
sealtrace	TAKEN
indexscope	TAKEN
pairkeep	TAKEN
scanport	TAKEN
gateboard	TAKEN
northledger	TAKEN
sentrygauge	TAKEN
recordframe	TAKEN
surgevolt	TAKEN
warrantboard	AVAIL
clearatelier	AVAIL
beamlanding	AVAIL
cellyard	TAKEN
primepatrol	TAKEN
launchsonar	TAKEN
reelkiln	TAKEN
gantrycove	AVAIL
shiftdynamo	AVAIL
matchloop	TAKEN
gridridge	TAKEN
gantryprobe	AVAIL
proofsonar	TAKEN
renderdepot	TAKEN
streamreach	TAKEN
branchforge	TAKEN
tempoflow	TAKEN
primesentry	TAKEN
buildforge	TAKEN
rampartguard	TAKEN
scanwave	TAKEN
claimlens	TAKEN
carbonreach	TAKEN
plainbridge	TAKEN
soundchannel	TAKEN
drivefoundry	TAKEN
fleetmeter	TAKEN
transitpath	TAKEN
steergrid	TAKEN
primestudio	TAKEN
shipradar	TAKEN
launchpicket	AVAIL
servoatlas	TAKEN
queueconduit	AVAIL
shipmanifest	TAKEN
vaultrails	TAKEN
identgraph	AVAIL
tempochart	TAKEN
policystack	TAKEN
solardock	TAKEN
wardenvault	TAKEN
crispcircuit	AVAIL
shipanvil	TAKEN
payouthaven	AVAIL
weavetrunk	AVAIL
facetcharter	AVAIL
launchwave	TAKEN
clinicdesk	TAKEN
bindseal	AVAIL
commitdocket	AVAIL
fusebridge	TAKEN
schemavault	TAKEN
liftrail	TAKEN
sentrytruss	AVAIL
cognatekeep	AVAIL
moormeter	AVAIL
leveldesk	TAKEN
approvepulse	AVAIL
fusewave	TAKEN
patrolprism	AVAIL
fuelshield	TAKEN
draftdynamo	AVAIL
cleanrails	TAKEN
artifactwave	AVAIL
lidarloom	AVAIL
tenderkeep	TAKEN
tempolane	TAKEN
patroldelta	AVAIL
probesensor	AVAIL
lensharbor	TAKEN
synapsecore	TAKEN
identlattice	AVAIL
warrantmeter	AVAIL
trackbrief	TAKEN
joincurrent	TAKEN
matchcore	TAKEN
metrichelm	TAKEN
alignhelm	AVAIL
solidharbor	TAKEN
ledgerbraid	AVAIL
controlmeter	TAKEN
drivehelm	AVAIL
sealmeter	TAKEN
anchormesh	TAKEN
alignlane	TAKEN
reckonsonar	AVAIL
scalereach	TAKEN
tunekernel	AVAIL
joinspan	AVAIL
sharpshield	TAKEN
tierdynamo	AVAIL
clearfabric	TAKEN
disclosehelm	AVAIL
groundloop	TAKEN
payloadport	TAKEN
depthgate	TAKEN
debitboard	TAKEN
matchpanel	TAKEN
scancape	TAKEN
sentryradar	TAKEN
pilotreactor	AVAIL
promptdial	TAKEN
reasonanchor	TAKEN
gaugeindex	AVAIL
pairwatch	TAKEN
statuteatlas	AVAIL
quietcrest	TAKEN
carbonradar	TAKEN
framedocket	AVAIL
ledgersummit	TAKEN
vectorbridge	TAKEN
steadybeacon	TAKEN
cobothaven	AVAIL
rendertrail	TAKEN
cellpeak	TAKEN
sealdossier	AVAIL
brightyard	TAKEN
shiplayer	TAKEN
groundsurvey	TAKEN
beamreactor	TAKEN
floathelm	TAKEN
schemagraph	TAKEN
plainridge	TAKEN
inboundport	AVAIL
trimcape	AVAIL
steersonar	AVAIL
anchordepot	TAKEN
ledgerloop	TAKEN
embedvault	TAKEN
transitdepot	TAKEN
keenpillar	AVAIL
rollbackcore	AVAIL
payoutmap	TAKEN
tempoframe	TAKEN
citadelmesh	AVAIL
consigndepot	TAKEN
paypeak	TAKEN
vaultroster	TAKEN
claimspan	TAKEN
turbinescope	AVAIL
sealtrunk	AVAIL
warrantguard	TAKEN
columnbeacon	AVAIL
yieldlane	TAKEN
payoutbrief	TAKEN
reelroster	TAKEN
stagingpath	TAKEN
stagingwave	TAKEN
briskamp	AVAIL
debitroster	AVAIL
syncquay	AVAIL
picketreach	AVAIL
trimgate	TAKEN
shiftfolio	TAKEN
emberfoundry	TAKEN
vectorharbor	TAKEN
proofcodex	TAKEN
mooratlas	AVAIL
picketstack	AVAIL
manifestcore	TAKEN
depthlattice	AVAIL
gantryquay	AVAIL
trackdelta	TAKEN
agentscope	TAKEN
beamarc	TAKEN
cognatescope	AVAIL
citadelspan	AVAIL
cadencevault	TAKEN
ledgercove	TAKEN
citadelyard	AVAIL
mandatestack	TAKEN
depothelm	AVAIL
mandateprism	AVAIL
cleanvigil	AVAIL
vaultlattice	TAKEN
thermalgraph	TAKEN
gantrypeak	AVAIL
alignbraid	AVAIL
signalprobe	TAKEN
dockgauge	AVAIL
claimlayer	TAKEN
kilowattdial	AVAIL
reasonloom	TAKEN
patchrails	TAKEN
tracksentry	TAKEN
actuatespan	AVAIL
draftbridge	TAKEN
tracepeak	TAKEN
scanspan	TAKEN
feedcore	TAKEN
tabularflow	AVAIL
gantrymap	AVAIL
paircircuit	AVAIL
sparkember	TAKEN
sparkarc	TAKEN
plainbench	TAKEN
steadyhaven	TAKEN
reelhaven	TAKEN
boostdocket	AVAIL
minthelm	TAKEN
shipsentry	TAKEN
yieldrelay	TAKEN
mintdossier	AVAIL
cadenceframe	AVAIL
buildarc	TAKEN
verifypulse	TAKEN
fusetrack	TAKEN
gatewave	TAKEN
framepicket	AVAIL
brightfabric	TAKEN
gantrygate	AVAIL
embertrack	TAKEN
reasonkeep	AVAIL
reelcove	TAKEN
cargokernel	AVAIL
facetledger	TAKEN
truedynamo	AVAIL
sortbeacon	AVAIL
flowmill	TAKEN
freightwave	TAKEN
anchorgraph	TAKEN
flowcharter	TAKEN
joinmill	AVAIL
tunepeak	TAKEN
solarvault	TAKEN
lastmilehelm	AVAIL
ledgercodex	AVAIL
trackamp	TAKEN
corpusgraph	TAKEN
soundbasin	TAKEN
launchpeak	TAKEN
payoutdrift	TAKEN
creditsurvey	TAKEN
scalepatrol	AVAIL
assignradar	AVAIL
escrowforge	TAKEN
buildfoundry	TAKEN
primeboard	TAKEN
kindlefabric	AVAIL
scaleorbit	TAKEN
claimdial	AVAIL
transitbraid	AVAIL
openvigil	TAKEN
liftspan	TAKEN
tiervigil	AVAIL
ledgertrace	TAKEN
scaleanvil	TAKEN
queuetrunk	AVAIL
alignpeak	TAKEN
yieldbridge	TAKEN
steergauge	AVAIL
cobotchannel	AVAIL
sharpcharter	AVAIL
scalepath	TAKEN
debitpath	TAKEN
consentradar	AVAIL
solarledger	TAKEN
sharpgate	TAKEN
anchorforge	TAKEN
trimdesk	TAKEN
drivebeacon	TAKEN
solarember	TAKEN
pilotpillar	AVAIL
soundwharf	TAKEN
tempovault	TAKEN
scanmanifest	AVAIL
shipseal	TAKEN
tempoengine	TAKEN
shieldvault	TAKEN
solidtruss	TAKEN
steerhelm	TAKEN
tenderwharf	AVAIL
paletteweave	AVAIL
steersurvey	AVAIL
linkledger	TAKEN
driverelay	TAKEN
kindletempo	AVAIL
tunearc	TAKEN
solidworks	TAKEN
briskbridge	TAKEN
scanember	AVAIL
spanpillar	AVAIL
fuelseal	TAKEN
briskroute	TAKEN
depotcompass	AVAIL
boostsensor	TAKEN
schemagauge	TAKEN
pilotdrift	TAKEN
rollbackdesk	AVAIL
mandatescope	TAKEN
plaingrid	TAKEN
pairlane	TAKEN
buildwave	TAKEN
draftrelay	TAKEN
hydrohelm	TAKEN
tierdossier	AVAIL
fleetgrid	TAKEN
boostlayer	TAKEN
linkbasin	TAKEN
trustsentry	TAKEN
attestwatch	AVAIL
handoffhelm	AVAIL
modelturbine	TAKEN
alignpanel	AVAIL
sharplattice	AVAIL
schedulepath	TAKEN
recordcodex	AVAIL
plotdesk	TAKEN
approvewave	AVAIL
settlewharf	AVAIL
liftgate	TAKEN
recordindex	TAKEN
modelkernel	TAKEN
settlefolio	AVAIL
dispatchmap	TAKEN
cobotforge	TAKEN
registerlens	AVAIL
levelflow	TAKEN
trustvault	TAKEN
intakelens	TAKEN
gridlayer	TAKEN
primeanchor	TAKEN
routekernel	TAKEN
groundspine	AVAIL
matchtower	TAKEN
openpanel	TAKEN
cleancove	TAKEN
steerhaven	TAKEN
hardendepot	AVAIL
boostrail	TAKEN
openloop	TAKEN
payloadmill	AVAIL
dockmeter	TAKEN
shieldindex	TAKEN
complyseal	TAKEN
thermalspark	TAKEN
datasetgrid	AVAIL
vectorstack	TAKEN
gridbridge	TAKEN
tuneridge	AVAIL
mandatespine	AVAIL
covenantspan	AVAIL
cobotlattice	AVAIL
patrolpillar	AVAIL
indexconduit	AVAIL
indexvault	TAKEN
payloadcrest	AVAIL
chartergauge	AVAIL
truetrail	TAKEN
signetguard	TAKEN
carbontorch	AVAIL
castgauge	AVAIL
primetrunk	TAKEN
groundforge	TAKEN
drivetempo	TAKEN
kindlecodex	TAKEN
branchengine	TAKEN
tracklattice	AVAIL
auditpillar	AVAIL
tempopulse	TAKEN
matchorbit	TAKEN
keencadence	AVAIL
attestlayer	TAKEN
mintbase	TAKEN
wardenspine	AVAIL
streamcodex	TAKEN
rankbrief	TAKEN
creditroute	TAKEN
claimharbor	TAKEN
aligncharter	AVAIL
signalindex	TAKEN
draftdocket	TAKEN
mintengine	TAKEN
mergecrest	TAKEN
promptforge	TAKEN
mergepress	TAKEN
coindossier	TAKEN
soundsurvey	TAKEN
pairdynamo	AVAIL
weaveswitch	AVAIL
corpusprobe	AVAIL
fleetswitch	TAKEN
rampartlens	AVAIL
paytower	TAKEN
yieldswitch	TAKEN
filingboard	TAKEN
badgesurvey	AVAIL
servosignal	TAKEN
raisedesk	TAKEN
draftbeacon	TAKEN
probevault	TAKEN
truedepot	TAKEN
cellhaven	TAKEN
signetwarden	AVAIL
surgeatelier	AVAIL
reckonspark	AVAIL
probespan	AVAIL
keenprism	TAKEN
sparktide	TAKEN
primelattice	TAKEN
levelspark	TAKEN
bindloom	AVAIL
chartyard	TAKEN
studiopress	TAKEN
payergraph	AVAIL
truetrunk	TAKEN
assigntrack	TAKEN
wardendelta	AVAIL
remitpillar	AVAIL
dockconduit	AVAIL
craftprobe	TAKEN
bindlattice	AVAIL
clearvault	TAKEN
rankcircuit	TAKEN
craftshield	TAKEN
beamreach	TAKEN
forgeroute	TAKEN
quietvault	TAKEN
payoutroster	AVAIL
sortsentry	AVAIL
plaindesk	TAKEN
emblemwatch	AVAIL
streamlayer	TAKEN
pairboard	TAKEN
rankseal	TAKEN
deploylane	TAKEN
floatdelta	AVAIL
clinicgauge	TAKEN
handofftrace	AVAIL
weavechannel	AVAIL
claimbeacon	TAKEN
sparkpeak	TAKEN
indexrails	AVAIL
hydrorail	TAKEN
mandateindex	AVAIL
linkwarden	TAKEN
vitalsfolio	AVAIL
drivecodex	TAKEN
rankdock	TAKEN
fuelcurrent	AVAIL
truebay	TAKEN
complytower	TAKEN
crispsurvey	AVAIL
compilepress	TAKEN
sealengine	TAKEN
clinicbraid	AVAIL
cipherplinth	AVAIL
anchormeter	TAKEN
hardenforge	TAKEN
infersurvey	AVAIL
ladingstack	AVAIL
cobotpulse	AVAIL
hydroturbine	TAKEN
cleanstudio	TAKEN
payoutgrid	TAKEN
sparksignal	TAKEN
launchweave	TAKEN
soundpicket	AVAIL
raisebrief	TAKEN
palletbench	TAKEN
shieldport	TAKEN
thermalquay	AVAIL
cohortatlas	TAKEN
tunekiln	AVAIL
hardenlayer	AVAIL
groundbasin	AVAIL
brightrail	TAKEN
brisklookout	AVAIL
solidplinth	AVAIL
haulweave	AVAIL
guardbase	TAKEN
creditbay	TAKEN
primerails	TAKEN
ciphertrace	TAKEN
pilotconduit	AVAIL
siftbase	TAKEN
columncore	TAKEN
primetempo	TAKEN
primeflow	TAKEN
mergestream	TAKEN
vectoranvil	AVAIL
firstpicket	AVAIL
reckonrail	AVAIL
contextmill	TAKEN
keystonedial	AVAIL
fleetbrief	TAKEN
badgespine	AVAIL
flowguard	TAKEN
firstvault	TAKEN
meshpulse	TAKEN
calmhelm	AVAIL
badgebase	TAKEN
brisklanding	AVAIL
draftatlas	TAKEN
policyguard	TAKEN
modelatlas	TAKEN
plainember	AVAIL
agentmill	TAKEN
briskarc	TAKEN
flowember	TAKEN
cadenceatlas	TAKEN
depotfoundry	AVAIL
hydrolens	TAKEN
relaymap	TAKEN
tracelayer	TAKEN
sentryforge	TAKEN
cobotgrid	TAKEN
servosensor	TAKEN
hardendial	AVAIL
moorconduit	AVAIL
vaultbase	TAKEN
buildgrid	TAKEN
renewbase	TAKEN
offsetchart	AVAIL
emblembench	AVAIL
calmgauge	AVAIL
siftbrief	TAKEN
yieldtempo	AVAIL
soundworks	TAKEN
mintfoundry	TAKEN
relayforge	TAKEN
tierbeacon	TAKEN
trimgrid	TAKEN
handoffdock	AVAIL
groundpulse	TAKEN
guardkernel	TAKEN
branchatlas	TAKEN
matchsummit	TAKEN
tracklantern	AVAIL
forgebridge	TAKEN
levelvolt	TAKEN
prismconduit	AVAIL
floatforge	TAKEN
bindfabric	AVAIL
mooranchor	AVAIL
pairchart	TAKEN
shieldspan	TAKEN
picketpillar	AVAIL
siftamp	AVAIL
dosagepulse	AVAIL
jointide	TAKEN
dockcadence	AVAIL
pilotcircuit	TAKEN
bindlookout	AVAIL
palletquay	AVAIL
raisecurrent	AVAIL
calmpath	TAKEN
groundtide	TAKEN
handoffwave	TAKEN
cadencelens	AVAIL
renderhaven	TAKEN
datasetwave	AVAIL
surgebrief	TAKEN
mandatelens	TAKEN
raisesurvey	AVAIL
boostsonar	AVAIL
patchfolio	TAKEN
sharpbeacon	TAKEN
rankdocket	AVAIL
cleandock	TAKEN
draftarc	TAKEN
trueregister	TAKEN
releaseworks	TAKEN
chargehelm	AVAIL
matchrelay	TAKEN
prismbridge	TAKEN
montagepath	AVAIL
drivelane	TAKEN
auditroster	AVAIL
metricledger	TAKEN
payoutledger	TAKEN
gatekeep	TAKEN
gaugelayer	AVAIL
warrantchart	AVAIL
bindalmanac	AVAIL
voltdynamo	TAKEN
feedsentry	TAKEN
staginganvil	AVAIL
syncvigil	AVAIL
disclosebase	AVAIL
sortforge	TAKEN
tracerail	TAKEN
vectorkeep	AVAIL
flowgrid	TAKEN
palletswitch	AVAIL
chartpulse	TAKEN
streamtrunk	AVAIL
signalkernel	TAKEN
picketpulse	AVAIL
offsetplinth	AVAIL
filingseal	TAKEN
sealkernel	AVAIL
openstudio	TAKEN
scalefabric	TAKEN
surgesonar	AVAIL
rampartkeep	AVAIL
stagingcore	TAKEN
spatialgrid	TAKEN
tokenworks	TAKEN
mergeharbor	AVAIL
debitridge	AVAIL
tokenledger	TAKEN
shipcompass	TAKEN
pilotforge	TAKEN
gatekiln	AVAIL
emberplinth	AVAIL
ranklattice	TAKEN
kindlewharf	AVAIL
escrowdock	TAKEN
steerlane	TAKEN
soundamp	TAKEN
mintframe	TAKEN
consentscope	TAKEN
spanlanding	TAKEN
indexsensor	TAKEN
calmbrief	TAKEN
tokensurvey	TAKEN
tunecircuit	TAKEN
crispsummit	TAKEN
emberframe	TAKEN
craftrails	TAKEN
flowroster	TAKEN
shipcadence	TAKEN
fuelvigil	AVAIL
kinetictrace	TAKEN
liftsensor	TAKEN
emblemkernel	AVAIL
tierfabric	AVAIL
columnlayer	AVAIL
steergraph	TAKEN
compileflow	TAKEN
recordkernel	AVAIL
joinbridge	TAKEN
moortrail	AVAIL
payoutcove	AVAIL
settlestack	TAKEN
lensroute	TAKEN
solidcadence	AVAIL
settlevault	TAKEN
sentryanchor	AVAIL
turbineforge	TAKEN
tendertrunk	AVAIL
steerdocket	AVAIL
triggercodex	TAKEN
bindbraid	AVAIL
agentspark	TAKEN
trackanchor	TAKEN
briskforge	TAKEN
emberchannel	TAKEN
citadelframe	TAKEN
haulcore	TAKEN
plotloom	TAKEN
canvascodex	AVAIL
invoiceroute	TAKEN
settlebridge	TAKEN
reasonbase	TAKEN
scanpicket	AVAIL
streamsignal	TAKEN
pilotkiln	AVAIL
driveturbine	AVAIL
modelindex	TAKEN
consignkeep	AVAIL
solarworks	TAKEN
proofplinth	AVAIL
moorspark	AVAIL
palletfabric	AVAIL
chargesonar	AVAIL
columnengine	AVAIL
signalport	TAKEN
complysurvey	AVAIL
payoutsummit	AVAIL
haulspan	TAKEN
aligngrid	TAKEN
castdocket	AVAIL
kindleforge	TAKEN
castpulse	TAKEN
vaultcharter	AVAIL
emberbridge	TAKEN
draftbase	TAKEN
flowlattice	TAKEN
soundrelay	TAKEN
palletport	TAKEN
dockbeacon	TAKEN
docklookout	AVAIL
streampulse	TAKEN
tracefolio	TAKEN
calmanchor	TAKEN
surgecrest	TAKEN
craftbasin	AVAIL
buildworks	TAKEN
matchseal	TAKEN
payfabric	TAKEN
floatsonar	AVAIL
fleetatelier	TAKEN
servomesh	TAKEN
plaintrace	TAKEN
shiftsonar	AVAIL
sparkpanel	TAKEN
openpeak	TAKEN
freightbay	TAKEN
moorharbor	AVAIL
scanchannel	TAKEN
bindsensor	AVAIL
payoutcore	TAKEN
depotquay	AVAIL
clearharbor	TAKEN
trimatlas	TAKEN
controlpanel	TAKEN
craftbrief	TAKEN
intakegraph	AVAIL
badgepanel	AVAIL
plotloop	TAKEN
biomasskeep	AVAIL
invoicedial	AVAIL
deploytrunk	AVAIL
badgekeep	TAKEN
gaugefoundry	AVAIL
deployspan	TAKEN
cobotgate	AVAIL
inferstudio	TAKEN
payloadatlas	AVAIL
sparkgate	TAKEN
columnbrief	TAKEN
beamledger	TAKEN
gridradar	TAKEN
consentspan	AVAIL
bindharbor	AVAIL
plotwarden	TAKEN
creditbraid	AVAIL
commitbeacon	AVAIL
contextarc	TAKEN
tempofabric	AVAIL
bindguard	TAKEN
framevolt	TAKEN
assigndesk	TAKEN
schemaprobe	AVAIL
matchdelta	TAKEN
steertide	AVAIL
craftatlas	TAKEN
moorcircuit	AVAIL
ranksentry	TAKEN
claimdossier	AVAIL
schemabrief	AVAIL
sparksonar	AVAIL
runtimeatlas	TAKEN
invoicevault	TAKEN
joinprobe	TAKEN
dockbrief	TAKEN
hardensummit	AVAIL
probepath	TAKEN
draftkindle	AVAIL
lidarkernel	AVAIL
raisecore	TAKEN
keenlattice	AVAIL
actuateatlas	AVAIL
bedsidegraph	AVAIL
ledgersignal	TAKEN
yieldridge	TAKEN
rankcadence	TAKEN
reelatelier	AVAIL
ciphersurvey	AVAIL
identport	AVAIL
mergeroster	AVAIL
filingsignal	TAKEN
joingauge	AVAIL
reasonindex	AVAIL
vectormill	TAKEN
fusehelm	AVAIL
settlerail	TAKEN
patrolplinth	AVAIL
fueldocket	TAKEN
alignfolio	TAKEN
aligncrest	TAKEN
floatpillar	AVAIL
indexpillar	AVAIL
auditlantern	TAKEN
solidvolt	TAKEN
steersignal	TAKEN
inferanchor	AVAIL
shieldhaven	TAKEN
reasonharbor	TAKEN
vaultdial	TAKEN
payoutbase	TAKEN
truedossier	TAKEN
surgelens	TAKEN
weavereactor	AVAIL
tenderfolio	TAKEN
emblemarc	AVAIL
steadyframe	TAKEN
queuesonar	AVAIL
haulcodex	AVAIL
moorlookout	AVAIL
plotyard	TAKEN
approvescope	TAKEN
weavefabric	TAKEN
gaugeflow	TAKEN
launchkindle	AVAIL
servovault	TAKEN
sealharbor	TAKEN
pairplinth	AVAIL
weavedesk	TAKEN
floatsignal	TAKEN
emblemdesk	TAKEN
opentruss	TAKEN
siftlane	TAKEN
northwarden	TAKEN
rankamp	TAKEN
bastionindex	AVAIL
lastmilecore	AVAIL
shiptrace	TAKEN
dosagescope	AVAIL
solartrunk	TAKEN
scalekiln	AVAIL
schemaengine	TAKEN
yieldbraid	AVAIL
northpulse	TAKEN
branchpanel	AVAIL
transitbay	TAKEN
creditboard	TAKEN
tierfolio	TAKEN
boostpanel	TAKEN
aligntrace	TAKEN
treasurymap	TAKEN
tunetrunk	TAKEN
corpuspress	TAKEN
corpustrail	AVAIL
agentcore	TAKEN
crispcodex	AVAIL
weavespark	TAKEN
clearsensor	TAKEN
guardcore	TAKEN
boostfabric	TAKEN
weightbench	TAKEN
beamkindle	AVAIL
scalelane	TAKEN
patchdocket	AVAIL
handoffprobe	AVAIL
fuelfolio	TAKEN
castguard	TAKEN
sealsonar	AVAIL
reckonspine	AVAIL
promptindex	TAKEN
coinprism	TAKEN
quietframe	TAKEN
boostdelta	TAKEN
pilotfoundry	TAKEN
lastmilepeak	AVAIL
chartlookout	AVAIL
cargobrief	TAKEN
openfoundry	TAKEN
briskbase	TAKEN
studiobench	TAKEN
dockdynamo	AVAIL
keystonerail	TAKEN
dosagebraid	AVAIL
alignlayer	TAKEN
vaultswitch	TAKEN
vitalspath	AVAIL
facetcurrent	AVAIL
offsetcore	AVAIL
trackmeter	TAKEN
payloadgraph	AVAIL
chartstudio	TAKEN
swiftpanel	TAKEN
traceframe	TAKEN
drivepulse	TAKEN
policyvault	TAKEN
tunedossier	AVAIL
trackcodex	TAKEN
cargobasin	AVAIL
tenderprobe	AVAIL
streamtrack	TAKEN
sortregister	AVAIL
spandock	TAKEN
bindtower	AVAIL
hauldelta	AVAIL
scalecape	AVAIL
parallaxmill	AVAIL
tracedocket	TAKEN
reelregister	AVAIL
primebridge	TAKEN
cobotbeacon	TAKEN
prooftrack	TAKEN
facetprobe	AVAIL
renderloom	TAKEN
triggerprism	AVAIL
cleanlane	TAKEN
sealguard	TAKEN
spanregister	AVAIL
guardscope	TAKEN
ladingcodex	AVAIL
transithaven	TAKEN
triggerpath	TAKEN
columngraph	AVAIL
actuateport	TAKEN
payoutpillar	AVAIL
clinicfolio	TAKEN
triageboard	TAKEN
primedocket	TAKEN
policylayer	TAKEN
plainplinth	AVAIL
yieldlens	TAKEN
spanscope	TAKEN
relayspine	AVAIL
reasonforge	TAKEN
primebase	TAKEN
plainstream	TAKEN
scanvigil	TAKEN
anchorsonar	AVAIL
spanyard	TAKEN
gatevault	TAKEN
scaledossier	TAKEN
policybridge	TAKEN
inferspine	AVAIL
escrowyard	TAKEN
shipyard	TAKEN
launchbase	TAKEN
rankanchor	TAKEN
tenderdocket	AVAIL
mergeatelier	AVAIL
liftalmanac	AVAIL
tuneradar	TAKEN
sortstudio	TAKEN
firstbay	TAKEN
consentatlas	TAKEN
shipcurrent	TAKEN
lenscompass	TAKEN
charterstack	TAKEN
pilotcodex	AVAIL
linktower	TAKEN
weightdock	AVAIL
steerfoundry	AVAIL
picketlens	AVAIL
raisefoundry	AVAIL
spatialhelm	TAKEN
sequenceport	TAKEN
contexthelm	TAKEN
drivecharter	AVAIL
linkweave	TAKEN
servobay	TAKEN
amperecove	AVAIL
embedloom	AVAIL
cadencelayer	TAKEN
streamrails	TAKEN
coinhaven	TAKEN
payharbor	TAKEN
haulcurrent	AVAIL
lenscadence	AVAIL
anchorarc	TAKEN
complygrid	TAKEN
scankiln	AVAIL
rankpicket	AVAIL
northlayer	TAKEN
fuseorbit	AVAIL
columnhelm	AVAIL
scalefoundry	TAKEN
coindrift	TAKEN
hydrobridge	TAKEN
fusefolio	TAKEN
craftlane	TAKEN
quietlattice	TAKEN
montagedrift	AVAIL
dosageflow	AVAIL
feedhelm	TAKEN
sharpquay	AVAIL
relayengine	TAKEN
trustatlas	TAKEN
lidarmeter	AVAIL
streamsummit	TAKEN
truegraph	TAKEN
soundmill	TAKEN
steerwave	TAKEN
staginglane	TAKEN
cargotruss	AVAIL
anchorhaven	TAKEN
montagelane	TAKEN
patchanvil	AVAIL
approvetruss	AVAIL
palettetrail	TAKEN
claimvault	TAKEN
schemasensor	AVAIL
facetmesh	AVAIL
solidcodex	AVAIL
yieldbasin	AVAIL
commitbridge	TAKEN
gaugecore	TAKEN
embedindex	AVAIL
boostscope	TAKEN
registrypath	TAKEN
levelpeak	TAKEN
signalspine	TAKEN
aligntorch	AVAIL
tracemap	TAKEN
voltgauge	TAKEN
tracecodex	TAKEN
bindlens	AVAIL
embergraph	TAKEN
metrictruss	AVAIL
prismprobe	AVAIL
lastmilekeep	AVAIL
servoreach	TAKEN
flowlens	TAKEN
thermaltrace	TAKEN
steadypatrol	AVAIL
sparkcove	TAKEN
triggerhelm	AVAIL
manifestlane	TAKEN
vitalsradar	TAKEN
signalrails	TAKEN
shiftlattice	AVAIL
boostdock	TAKEN
sharplantern	AVAIL
canvasroster	AVAIL
bastionspine	AVAIL
relaydrift	TAKEN
weightloom	TAKEN
trackindex	TAKEN
emblempulse	AVAIL
gatewharf	AVAIL
tracerelay	TAKEN
tierloom	TAKEN
sentrycore	TAKEN
lensoffset	AVAIL
probetrack	TAKEN
contextlayer	TAKEN
rampartdelta	AVAIL
palettedrift	AVAIL
proofboard	TAKEN
kilnsync	AVAIL
depotsift	AVAIL
wardenmoor	AVAIL
trussdepot	TAKEN
sealrampart	AVAIL
prismwarrant	AVAIL
weavecrisp	AVAIL
workshopfuel	TAKEN
gatemerge	AVAIL
codexfacet	AVAIL
beaconsharp	AVAIL
reckondial	AVAIL
signaltoken	TAKEN
indexlift	TAKEN
sentryaudit	TAKEN
anchorsort	AVAIL
harborgate	TAKEN
braidtrigger	AVAIL
bridgesharp	TAKEN
foliogauge	AVAIL
tracklevel	TAKEN
graphreckon	AVAIL
plinthgantry	AVAIL
portgauge	TAKEN
embercorpus	AVAIL
portoffset	AVAIL
almanacrank	AVAIL
corpusrelay	AVAIL
sealwatch	TAKEN
circuitclear	TAKEN
radarampere	AVAIL
bridgefloat	TAKEN
routespark	TAKEN
corebiomass	AVAIL
flowplain	TAKEN
depotlattice	AVAIL
pulsethermal	TAKEN
conduitforge	TAKEN
helmbastion	AVAIL
cognatespan	AVAIL
tracetrust	TAKEN
cellcove	TAKEN
statutespan	AVAIL
yardsentinel	TAKEN
renderswitch	AVAIL
channelcrisp	AVAIL
plotbase	TAKEN
cleargate	TAKEN
gridhydro	TAKEN
manifestmoor	AVAIL
indexbeam	TAKEN
arcscale	TAKEN
shiptrail	TAKEN
scopeforge	TAKEN
baseplot	TAKEN
harborvolt	TAKEN
bindarc	TAKEN
kineticpeak	TAKEN
stackvault	TAKEN
sequencebase	TAKEN
havenboost	TAKEN
trackcolumn	AVAIL
corepayout	TAKEN
cargodock	TAKEN
stackpayload	AVAIL
prismassign	AVAIL
sensoralign	AVAIL
currentpay	TAKEN
anvilbeam	TAKEN
weavecorpus	AVAIL
reachbrisk	TAKEN
benchvector	AVAIL
anchorfacet	AVAIL
boardroute	TAKEN
depotrampart	AVAIL
coreschedule	TAKEN
layerattest	AVAIL
railcoin	TAKEN
meterbiomass	AVAIL
plinthsignet	AVAIL
guardlevel	TAKEN
pathsort	TAKEN
panelclinic	TAKEN
plinthqueue	AVAIL
switchsurge	TAKEN
probekindle	AVAIL
baseframe	TAKEN
gaugestatute	AVAIL
fabricbright	AVAIL
docketchart	AVAIL
loomsharp	AVAIL
crestclinic	TAKEN
gaugetrim	AVAIL
relaysift	AVAIL
trunkclear	AVAIL
beaconharden	AVAIL
switchdepot	TAKEN
arcrollback	AVAIL
chartertune	AVAIL
braidreel	TAKEN
spinefloat	AVAIL
stackpilot	TAKEN
vaultclean	TAKEN
guardtoken	TAKEN
harborspark	TAKEN
framesharp	TAKEN
loomflow	TAKEN
baseharden	AVAIL
railstransit	AVAIL
archydro	AVAIL
atlasfleet	TAKEN
gridinfer	TAKEN
towerforge	TAKEN
millquiet	AVAIL
scopefuse	TAKEN
rostertune	AVAIL
relaycalm	AVAIL
bridgecalm	TAKEN
beaconprime	TAKEN
railsreckon	AVAIL
forgesharp	TAKEN
graphcontrol	TAKEN
sentrytune	AVAIL
sonaremblem	AVAIL
circuitmerge	TAKEN
radarcognate	AVAIL
railapprove	AVAIL
gridpay	TAKEN
meterfeed	TAKEN
trailintake	AVAIL
atelierbrisk	AVAIL
dockplain	AVAIL
prismtriage	TAKEN
railsproof	AVAIL
yardbeam	TAKEN
helmtrace	TAKEN
atlasrank	TAKEN
lanechart	TAKEN
fabricmoor	AVAIL
railsclear	AVAIL
pressground	TAKEN
routeyield	TAKEN
watchboost	TAKEN
enginesurge	TAKEN
framedepth	TAKEN
recordclinic	TAKEN
dossierdrive	AVAIL
trackvector	TAKEN
patrolsignet	AVAIL
railsbuild	AVAIL
foliotrigger	AVAIL
flowbedside	AVAIL
trackcharge	TAKEN
brieftempo	AVAIL
signalbeam	TAKEN
frametrigger	AVAIL
deltasurge	TAKEN
codexcrisp	AVAIL
proberampart	AVAIL
braidmontage	AVAIL
harborpair	AVAIL
vaultcraft	TAKEN
voltground	TAKEN
arctrust	TAKEN
layercraft	TAKEN
railsdataset	AVAIL
meterhydro	AVAIL
pulseharden	AVAIL
loopforge	TAKEN
gatelink	TAKEN
folioraise	AVAIL
tracetrim	AVAIL
beaconsurge	AVAIL
wharfcredit	AVAIL
sparksynapse	TAKEN
dossiersync	TAKEN
lanternjoin	AVAIL
pathescrow	AVAIL
ridgefleet	TAKEN
engineroute	TAKEN
codexruntime	TAKEN
boardsteer	AVAIL
conduitrenew	AVAIL
graphtune	TAKEN
channelgauge	TAKEN
trussbeam	AVAIL
kilnrank	AVAIL
sonarclaim	AVAIL
circuitfuse	TAKEN
conduitprobe	AVAIL
flowalign	TAKEN
meshplain	AVAIL
swiftsentry	TAKEN
threadkeen	AVAIL
depotkindle	AVAIL
orbitqueue	AVAIL
sentryrecord	AVAIL
meshmandate	AVAIL
anvilembed	AVAIL
harborescrow	TAKEN
benchrelay	TAKEN
lenspolicy	AVAIL
threadschema	AVAIL
weaveship	AVAIL
voltcognate	AVAIL
ridgenorth	TAKEN
relaylevel	AVAIL
spanlading	AVAIL
quaysteady	AVAIL
keepinbound	AVAIL
helmproof	AVAIL
waveprobe	TAKEN
coreguard	TAKEN
lanternboost	TAKEN
chartercargo	TAKEN
plinthguard	AVAIL
probeclear	TAKEN
yardkindle	AVAIL
vaultbind	TAKEN
dossiertoken	AVAIL
foundrycargo	AVAIL
vigilplain	AVAIL
dossierfuse	AVAIL
driftqueue	TAKEN
dynamoship	AVAIL
lensinfer	AVAIL
atelierdrive	AVAIL
codexclinic	AVAIL
indexturbine	AVAIL
frametrust	TAKEN
docketflow	TAKEN
sonarfacet	AVAIL
forgecompile	TAKEN
foundrybrisk	AVAIL
tenderkernel	AVAIL
railsinvoice	AVAIL
gaugecraft	TAKEN
quayconsign	AVAIL
channelagent	TAKEN
looplaunch	TAKEN
gridtrigger	TAKEN
surveyrelay	AVAIL
dossierhaul	AVAIL
basinscan	AVAIL
towerboost	TAKEN
embersolar	TAKEN
enginejoin	AVAIL
helmbeam	TAKEN
pathkeen	AVAIL
pulseident	AVAIL
gateruntime	AVAIL
sealdrive	TAKEN
kilntrace	AVAIL
keepident	AVAIL
fabricindex	TAKEN
beaconcharge	AVAIL
waveinvoice	TAKEN
codexremit	AVAIL
picketmerge	AVAIL
boardintake	AVAIL
shieldtune	TAKEN
meshconsign	AVAIL
forgeprime	TAKEN
scopefleet	TAKEN
meshcovenant	AVAIL
lanevitals	AVAIL
lanerelease	AVAIL
tracklidar	AVAIL
basemerge	TAKEN
dialscale	TAKEN
trunkpay	TAKEN
kilnembed	AVAIL
foliomoor	AVAIL
switchtender	TAKEN
keepcharge	TAKEN
dockapprove	AVAIL
relayscan	TAKEN
surveyintake	AVAIL
bridgefuel	TAKEN
ledgertune	AVAIL
radarsound	TAKEN
foliobright	TAKEN
trackdataset	AVAIL
foliosignet	AVAIL
anvilagent	TAKEN
ampkindle	AVAIL
loomnorth	TAKEN
switchvault	TAKEN
peakdispatch	TAKEN
sensorscan	TAKEN
ampbind	AVAIL
ledgerschema	AVAIL
meshlink	TAKEN
covesteady	AVAIL
quaylaunch	AVAIL
rosterstream	TAKEN
dialyield	AVAIL
trunksolar	AVAIL
looproute	TAKEN
dialsift	AVAIL
surveydepth	AVAIL
ledgercargo	AVAIL
sensorbeam	TAKEN
dockground	AVAIL
millembed	AVAIL
voltreckon	AVAIL
corerank	TAKEN
forgecomply	TAKEN
docktriage	AVAIL
registerfuel	AVAIL
framecognate	AVAIL
conduitpair	AVAIL
keepwarden	TAKEN
meshemission	AVAIL
depotrank	AVAIL
codexdosage	AVAIL
covewarden	TAKEN
lenshydro	AVAIL
threadlink	TAKEN
atlaswarden	TAKEN
layerinfer	TAKEN
towerfreight	TAKEN
dossiercraft	AVAIL
pathmint	TAKEN
dockcanvas	TAKEN
workshandoff	AVAIL
anchorcobot	AVAIL
vaultswift	TAKEN
pathrank	TAKEN
capeturbine	AVAIL
coreswift	TAKEN
panelassign	AVAIL
pulsetempo	TAKEN
arcident	TAKEN
flowsift	TAKEN
helmlens	TAKEN
tracesurge	AVAIL
vaultground	AVAIL
indexcontext	TAKEN
patrolopen	AVAIL
stacktier	TAKEN
weavefuse	AVAIL
emberalign	TAKEN
pulseprobe	TAKEN
loopcalm	AVAIL
dockhandoff	AVAIL
baselading	AVAIL
temposchema	AVAIL
radarclear	AVAIL
emberlift	TAKEN
orbitvitals	TAKEN
enginesound	TAKEN
ampalign	TAKEN
studioanchor	TAKEN
arcship	TAKEN
signalpicket	AVAIL
helmalign	AVAIL
spancarbon	TAKEN
loomswift	TAKEN
dialclaim	AVAIL
summitpayer	AVAIL
layercharge	AVAIL
radarfeed	TAKEN
meterhandoff	AVAIL
foliocorpus	AVAIL
yardfreight	AVAIL
spinecommit	AVAIL
summitservo	AVAIL
kindlecalm	TAKEN
dynamogrid	TAKEN
reachampere	AVAIL
sealsteady	AVAIL
lensident	AVAIL
basechart	TAKEN
landingsync	AVAIL
portkindle	AVAIL
gateharden	AVAIL
mapcognate	AVAIL
trailhaul	TAKEN
yardreel	TAKEN
gaugesettle	AVAIL
ridgebright	TAKEN
ampcraft	TAKEN
anvilmontage	AVAIL
arcraise	TAKEN
engineshift	TAKEN
harbortrim	AVAIL
vigilpilot	TAKEN
briefbind	TAKEN
deltapallet	TAKEN
gaugeschema	AVAIL
paneltrust	TAKEN
watchtier	TAKEN
driftfeed	TAKEN
embercalm	TAKEN
fabricdepot	TAKEN
dialvitals	AVAIL
kernelhaul	AVAIL
pulsetrack	TAKEN
prismshield	TAKEN
mapchart	TAKEN
graphember	AVAIL
signalclean	TAKEN
circuitpayer	AVAIL
patroljoin	AVAIL
trunkframe	AVAIL
stackcommit	TAKEN
briefcohort	AVAIL
kernelampere	AVAIL
surveysound	TAKEN
forgefacet	AVAIL
trailframe	TAKEN
anchorkeen	TAKEN
voltfeed	TAKEN
loopartifact	AVAIL
kernelkeen	AVAIL
peakground	TAKEN
switchbuild	TAKEN
gridbuild	TAKEN
reactorchart	AVAIL
kernelassign	AVAIL
keepservo	AVAIL
pathmanifest	AVAIL
gridsift	TAKEN
deltaflow	TAKEN
threadsift	TAKEN
presstensor	AVAIL
routecompile	AVAIL
flowhandoff	TAKEN
folioinvoice	AVAIL
weavecharge	AVAIL
bridgerecord	TAKEN
cadencesort	AVAIL
recordsignet	AVAIL
spinemoor	AVAIL
baseledger	TAKEN
briefstudio	TAKEN
metercorpus	AVAIL
reactorbrisk	AVAIL
keepscan	TAKEN
reachshift	TAKEN
vaultcrisp	AVAIL
currentforge	TAKEN
bayemission	AVAIL
tideinvoice	AVAIL
trailindex	TAKEN
briefcolumn	AVAIL
dialframe	TAKEN
framecrisp	AVAIL
forgesift	AVAIL
lanebind	TAKEN
trunkcipher	AVAIL
fabrictune	AVAIL
pillartrace	AVAIL
orbitcraft	TAKEN
reachthermal	AVAIL
flarebeam	TAKEN
sonardraft	AVAIL
railkindle	AVAIL
probetoken	AVAIL
atlasfreight	TAKEN
conduitfuse	AVAIL
keepsolid	TAKEN
vaultruntime	TAKEN
dossiertempo	AVAIL
ridgedepot	TAKEN
vaultsentry	TAKEN
ridgefreight	TAKEN
meshcobot	AVAIL
portcharge	TAKEN
manifestseal	AVAIL
dialraise	AVAIL
recordfleet	TAKEN
pulsegrid	TAKEN
manifestsync	TAKEN
indexdepth	TAKEN
tideraise	TAKEN
cadencesync	TAKEN
crestprime	TAKEN
deskmontage	AVAIL
radartune	TAKEN
bayledger	TAKEN
gaugebedside	AVAIL
stackcipher	TAKEN
benchsynapse	AVAIL
foundryfacet	AVAIL
workshoprank	AVAIL
layertrigger	TAKEN
wharfgate	TAKEN
mapmerge	TAKEN
bridgeharden	AVAIL
lanternplot	AVAIL
graphkindle	AVAIL
dialampere	AVAIL
millplain	TAKEN
harborpatch	AVAIL
indexprime	TAKEN
codexflow	TAKEN
compasslevel	AVAIL
dockpay	TAKEN
spinevector	AVAIL
gatesync	TAKEN
conduitlift	AVAIL
briefpatch	AVAIL
indexembed	AVAIL
atlasmodel	TAKEN
basegrid	TAKEN
boardstaging	AVAIL
towernorth	TAKEN
dossierprime	TAKEN
basindraft	AVAIL
boardinbound	AVAIL
stackcompile	AVAIL
maptune	TAKEN
reactorinfer	AVAIL
pulsecredit	TAKEN
briefrender	AVAIL
circuitfloat	AVAIL
basecredit	TAKEN
plinthreason	AVAIL
mapregister	TAKEN
panelcharge	TAKEN
beacontune	AVAIL
scopecobot	AVAIL
forgeweight	AVAIL
embercrisp	AVAIL
wharfguard	TAKEN
yardcanvas	TAKEN
keepfeed	TAKEN
currentmatch	TAKEN
currentclean	TAKEN
forgetransit	TAKEN
scopebastion	AVAIL
codexfirst	TAKEN
foundrydraft	AVAIL
channeldebit	AVAIL
depotsort	AVAIL
latticecalm	AVAIL
channelfacet	AVAIL
picketclaim	AVAIL
gateattest	AVAIL
millkinetic	AVAIL
dockcredit	TAKEN
railscolumn	AVAIL
arcpolicy	TAKEN
basinledger	TAKEN
railcipher	AVAIL
towerbright	TAKEN
fabricpallet	AVAIL
pathprime	TAKEN
trunkconsign	AVAIL
deskprobe	TAKEN
capestream	TAKEN
spinegauge	TAKEN
crestbastion	AVAIL
coreplain	TAKEN
threadshift	TAKEN
meshcontrol	TAKEN
channelpair	TAKEN
dialschedule	AVAIL
docketcredit	AVAIL
vaultplain	AVAIL
dockcognate	AVAIL
manifestfeed	AVAIL
turbinecrisp	AVAIL
routeswift	TAKEN
indexservo	AVAIL
orbitapprove	AVAIL
ateliermatch	TAKEN
corestream	TAKEN
plinthmetric	AVAIL
codexdrive	TAKEN
metervault	TAKEN
vigilspan	AVAIL
studionorth	TAKEN
voltraise	AVAIL
docketraise	AVAIL
crestfuse	TAKEN
capecast	TAKEN
baseoffset	AVAIL
lenspilot	TAKEN
wavealign	TAKEN
spanartifact	AVAIL
probedebit	AVAIL
scopeanchor	TAKEN
anchordraft	TAKEN
yardlift	TAKEN
spansteady	AVAIL
flowmerge	TAKEN
summitpallet	TAKEN
havenmontage	AVAIL
trusspilot	TAKEN
guardrecord	TAKEN
trunkjoin	AVAIL
summitescrow	TAKEN
dialembed	AVAIL
meshcipher	TAKEN
kilndock	AVAIL
pulseschema	AVAIL
keepcompile	AVAIL
mapsharp	TAKEN
guardmoor	AVAIL
relaysteer	AVAIL
traildrive	TAKEN
millweight	AVAIL
patrolclean	AVAIL
depotactuate	AVAIL
railbrisk	AVAIL
boardfacet	AVAIL
flareplain	AVAIL
anchorfleet	TAKEN
threadplot	TAKEN
panelbeam	AVAIL
kernelpayout	AVAIL
harborvault	TAKEN
trunkrenew	AVAIL
summitmatch	TAKEN
threadsolid	AVAIL
orbitindex	TAKEN
yardbind	AVAIL
currentframe	TAKEN
probeprompt	AVAIL
fabricoffset	AVAIL
baysentry	TAKEN
lanejoin	AVAIL
flarefuse	TAKEN
trunkreckon	AVAIL
traceyield	TAKEN
harborpayout	AVAIL
gaugelaunch	AVAIL
panelreel	AVAIL
deltagantry	AVAIL
loominfer	AVAIL
spinecharter	AVAIL
loomreel	TAKEN
anchorfeed	TAKEN
signalnorth	TAKEN
surveyweight	AVAIL
switchfacet	AVAIL
arcmoor	TAKEN
railguard	TAKEN
peakclear	TAKEN
depotsurge	AVAIL
stacksignet	AVAIL
basefuse	TAKEN
ledgercraft	TAKEN
arcgate	TAKEN
havenchart	TAKEN
latticemerge	AVAIL
graphsettle	AVAIL
lanetransit	TAKEN
foundryfuse	AVAIL
capeprime	TAKEN
meterfiling	AVAIL
peakcitadel	AVAIL
frameground	TAKEN
dossiermatch	AVAIL
portrank	TAKEN
picketalign	AVAIL
trunkalign	AVAIL
briefinbound	AVAIL
sentryship	TAKEN
summitlevel	TAKEN
anchorbrisk	AVAIL
spinetrue	TAKEN
shieldident	AVAIL
ledgercarbon	TAKEN
reachcoin	TAKEN
patrolcipher	AVAIL
arcbrisk	AVAIL
yardrank	TAKEN
codexlink	TAKEN
orbitflow	TAKEN
streamassign	AVAIL
pulsegate	TAKEN
laneconsign	AVAIL
gatecognate	AVAIL
trailyield	AVAIL
weaveapprove	AVAIL
flarecrisp	AVAIL
codexsteer	AVAIL
wavesteady	TAKEN
helmgrid	TAKEN
spanscan	TAKEN
beaconclear	TAKEN
layerclean	TAKEN
desklink	TAKEN
pathtrim	AVAIL
summitsteer	AVAIL
shieldaudit	TAKEN
signalcobot	AVAIL
dockcommit	AVAIL
kilnopen	AVAIL
bridgesound	TAKEN
briefbrisk	AVAIL
probetier	AVAIL
channelgrid	TAKEN
loomclean	TAKEN
kilndrive	TAKEN
docketkeen	AVAIL
coveinvoice	AVAIL
sonarapprove	AVAIL
pathdebit	AVAIL
beaconampere	AVAIL
kernelsteady	AVAIL
reactorsound	AVAIL
trailtrigger	AVAIL
flowdeploy	TAKEN
framefuel	TAKEN
reachalign	TAKEN
radargauge	TAKEN
bayscale	TAKEN
havenconsign	AVAIL
boardaudit	TAKEN
boardscan	TAKEN
towerconsign	AVAIL
layerseal	TAKEN
signalrank	TAKEN
beaconcalm	AVAIL
lensdrive	TAKEN
havenpilot	TAKEN
deltamatch	TAKEN
streamlevel	TAKEN
spinedepot	TAKEN
gateproof	TAKEN
panelintake	AVAIL
covecutlist	AVAIL
patrolbrisk	AVAIL
foundrycobot	AVAIL
sonarturbine	AVAIL
trailfreight	TAKEN
dockvector	TAKEN
almanacfleet	AVAIL
capethermal	TAKEN
portpay	TAKEN
weavealign	TAKEN
atlaslading	TAKEN
gateschedule	AVAIL
sensorsurge	AVAIL
channelmesh	TAKEN
flowremit	TAKEN
picketbright	AVAIL
radarvault	TAKEN
shieldship	TAKEN
radarcalm	AVAIL
gridhandoff	AVAIL
guardtrue	TAKEN
deltainbound	AVAIL
orbitdepot	TAKEN
deskcalm	TAKEN
laneweave	TAKEN
baselink	TAKEN
relaytender	AVAIL
recordkindle	AVAIL
keeptrace	TAKEN
keephandoff	AVAIL
graphalign	TAKEN
reachfirst	TAKEN
guardrank	TAKEN
helmclaim	AVAIL
relaycraft	TAKEN
radartensor	AVAIL
sealground	AVAIL
channelaudit	TAKEN
milltune	AVAIL
beaconsort	AVAIL
pillarcomply	AVAIL
circuitprism	AVAIL
sensorcraft	TAKEN
ridgecoin	TAKEN
fabriclaunch	TAKEN
traceclinic	TAKEN
trunkcharter	AVAIL
ledgerpallet	AVAIL
pulseguard	TAKEN
spinepayload	AVAIL
streamreel	TAKEN
coremint	TAKEN
signalfeed	TAKEN
lenscovenant	AVAIL
pillartensor	AVAIL
threadassign	AVAIL
coreconsign	AVAIL
pulsesolar	TAKEN
dockcontext	AVAIL
streamrank	TAKEN
deskjoin	TAKEN
pressclean	TAKEN
forgenorth	TAKEN
conduitindex	AVAIL
arcthermal	TAKEN
beaconledger	TAKEN
deskruntime	AVAIL
pillarboost	TAKEN
trailkeen	AVAIL
railsember	AVAIL
switchqueue	AVAIL
mapembed	TAKEN
probetrim	AVAIL
ledgershift	TAKEN
braidschema	AVAIL
railprism	AVAIL
bridgecrisp	AVAIL
helmopen	AVAIL
stackembed	AVAIL
bridgecredit	TAKEN
landingfuse	AVAIL
shieldrank	TAKEN
meshtrue	AVAIL
quaydock	TAKEN
trunkservo	AVAIL
tideinbound	AVAIL
portinbound	AVAIL
quaycell	AVAIL
foundrysort	AVAIL
engineswift	AVAIL
sonarscale	TAKEN
layerapprove	AVAIL
gridartifact	AVAIL
kilnparallax	AVAIL
reachpilot	TAKEN
guardkindle	AVAIL
wharfpay	TAKEN
latticekeen	AVAIL
trunkhydro	AVAIL
spinekindle	AVAIL
harborcargo	TAKEN
wavekeen	AVAIL
radarpatrol	TAKEN
bayfirst	TAKEN
keepclean	TAKEN
workstier	AVAIL
kernelinfer	AVAIL
bridgebuild	TAKEN
sparkcarbon	TAKEN
shieldclear	TAKEN
codexsort	AVAIL
sensorstream	TAKEN
benchtier	TAKEN
switchquiet	AVAIL
wharfampere	AVAIL
railprompt	AVAIL
scopereason	AVAIL
metersynapse	AVAIL
landingfirst	TAKEN
indexweight	AVAIL
indexnorth	TAKEN
almanacfirst	AVAIL
anvilspatial	AVAIL
bayoffset	TAKEN
peakcobot	AVAIL
dialsequence	TAKEN
arcpicket	AVAIL
peakclinic	TAKEN
vaultcoin	TAKEN
meterlaunch	AVAIL
coretrust	TAKEN
gaugeproof	TAKEN
atlasgate	TAKEN
meshpayload	AVAIL
havenlift	TAKEN
routejoin	TAKEN
boardlaunch	TAKEN
recordship	TAKEN
framecomply	AVAIL
lookoutforge	AVAIL
gridmoor	AVAIL
voltcalm	AVAIL
framelidar	AVAIL
railscadence	AVAIL
basinrampart	AVAIL
trunkbadge	AVAIL
yardlaunch	TAKEN
trackreckon	AVAIL
stackfiling	AVAIL
reachsteer	AVAIL
peakdosage	AVAIL
latticetune	AVAIL
ledgersift	TAKEN
keepactuate	AVAIL
chartfacet	AVAIL
capeanchor	TAKEN
keeptempo	TAKEN
kernelfuel	AVAIL
pulsebrisk	AVAIL
loopledger	TAKEN
landingforge	TAKEN
ateliercell	AVAIL
covemoor	AVAIL
towerfloat	TAKEN
probeclean	TAKEN
flowprime	TAKEN
summitcohort	AVAIL
worksforge	TAKEN
benchattest	AVAIL
gridmint	TAKEN
bridgedepth	AVAIL
signalfuel	TAKEN
helmdataset	AVAIL
portjoin	TAKEN
maptriage	AVAIL
basinboost	TAKEN
basetune	TAKEN
ateliermerge	AVAIL
landingreel	TAKEN
boardcutlist	AVAIL
studiosteer	TAKEN
radarsort	AVAIL
gridinvoice	TAKEN
driftforge	TAKEN
trackcomply	TAKEN
radartrust	TAKEN
peakquiet	AVAIL
circuithaul	AVAIL
atlaswarrant	AVAIL
braidtransit	AVAIL
summitcell	TAKEN
flaresynapse	AVAIL
channelspark	TAKEN
tidedraft	AVAIL
loomfeed	TAKEN
rosterhaul	AVAIL
kindlesort	AVAIL
kindletune	AVAIL
crestboost	TAKEN
capebright	AVAIL
plinthvector	AVAIL
raildataset	AVAIL
tempoyield	AVAIL
mapmetric	TAKEN
spinecomply	AVAIL
baytrack	TAKEN
baseflow	TAKEN
circuitfuel	TAKEN
baseship	TAKEN
summitoffset	TAKEN
signaldebit	AVAIL
streamdosage	AVAIL
shieldbadge	AVAIL
kindlesteady	AVAIL
sensorassign	AVAIL
framesift	TAKEN
bayinvoice	AVAIL
torchturbine	AVAIL
depotguard	TAKEN
gateprime	TAKEN
bridgecharge	TAKEN
radartempo	TAKEN
flaresteady	AVAIL
pillarcell	AVAIL
towerfirst	TAKEN
laneremit	AVAIL
spanfuse	AVAIL
millpayload	AVAIL
kernelflow	TAKEN
landingfuel	TAKEN
radartier	AVAIL
switchlevel	TAKEN
vigilclaim	AVAIL
reachvault	TAKEN
kernelsharp	AVAIL
indextensor	TAKEN
latticefuel	AVAIL
braidruntime	AVAIL
graphcitadel	AVAIL
indexintake	AVAIL
tracerenew	AVAIL
sensorswift	AVAIL
trackcitadel	AVAIL
tideclear	AVAIL
docklidar	AVAIL
peakinvoice	TAKEN
codexopen	TAKEN
harborprompt	TAKEN
tidemerge	TAKEN
landingprime	TAKEN
docklaunch	TAKEN
docketsteer	AVAIL
portfeed	TAKEN
anvildock	AVAIL
railanchor	TAKEN
gridruntime	TAKEN
stackbeam	TAKEN
watchsolid	AVAIL
trackground	TAKEN
landingcast	AVAIL
reachmatch	TAKEN
recordcalm	AVAIL
keepcontrol	TAKEN
vaultlidar	AVAIL
voltopen	AVAIL
deltamontage	AVAIL
boardindex	TAKEN
ridgeinbound	AVAIL
helmdrive	TAKEN
deltapay	TAKEN
atlasconsign	TAKEN
depotsharp	AVAIL
probeactuate	AVAIL
kindlecorpus	AVAIL
capemoor	TAKEN
capegate	TAKEN
havenvolt	TAKEN
flowship	TAKEN
sentrykeen	AVAIL
loopcompile	AVAIL
tempocorpus	AVAIL
baymanifest	TAKEN
sonartrust	TAKEN
quaypallet	AVAIL
layercoin	TAKEN
graphweave	TAKEN
spansift	AVAIL
forgeactuate	AVAIL
portcomply	AVAIL
trussrampart	AVAIL
gatesynapse	AVAIL
covechart	AVAIL
compassident	AVAIL
sealshift	TAKEN
scopecell	TAKEN
lanespark	TAKEN
guardscale	TAKEN
surveysurge	TAKEN
kernelweave	AVAIL
scopeship	TAKEN
kernelboost	TAKEN
driftanchor	TAKEN
routecorpus	AVAIL
trackraise	AVAIL
gatecredit	TAKEN
portwarden	TAKEN
tracksolar	TAKEN
gaugecontext	AVAIL
threadground	AVAIL
routedepot	TAKEN
kernelbeam	TAKEN
sensorflow	TAKEN
kindleweight	TAKEN
gridgantry	AVAIL
scoperank	TAKEN
studiokindle	AVAIL
ateliercrisp	AVAIL
vaultsolar	TAKEN
helmcitadel	AVAIL
tracesound	AVAIL
havenactuate	AVAIL
sentrymoor	AVAIL
chartescrow	AVAIL
braidscale	AVAIL
graphshield	TAKEN
towerinvoice	AVAIL
almanactier	AVAIL
crestdosage	AVAIL
basinfleet	AVAIL
radartriage	AVAIL
quaylink	TAKEN
basinsentry	AVAIL
panelstatute	AVAIL
channeldepot	TAKEN
scoperelay	TAKEN
flowmetric	TAKEN
yardwarden	TAKEN
dossierfirst	AVAIL
towertrim	AVAIL
sentrydrive	TAKEN
sensorpicket	AVAIL
deltarank	TAKEN
watchpatrol	TAKEN
scopepayload	AVAIL
milltier	TAKEN
covetender	AVAIL
streamsharp	TAKEN
portcast	TAKEN
dockscale	TAKEN
relaycanvas	TAKEN
portconsent	AVAIL
foundryforge	TAKEN
yardmint	TAKEN
braidspark	AVAIL
studiobranch	TAKEN
tiderank	TAKEN
trussyield	AVAIL
tempobrisk	AVAIL
dockcolumn	AVAIL
spineshift	TAKEN
railruntime	AVAIL
helmstaging	AVAIL
sentryopen	TAKEN
basinmoor	AVAIL
yardtrace	TAKEN
wharfdosage	AVAIL
deskinvoice	AVAIL
towerinbound	AVAIL
orbitcrisp	AVAIL
quaygrid	TAKEN
enginespark	TAKEN
wardencipher	AVAIL
benchgate	TAKEN
covereel	AVAIL
plinthforge	AVAIL
ampdraft	TAKEN
boardfloat	TAKEN
pillarsurge	AVAIL
studiocraft	TAKEN
folioprobe	AVAIL
harboropen	AVAIL
tracetier	AVAIL
mapmint	TAKEN
dialmint	TAKEN
worksassign	AVAIL
tracespatial	TAKEN
frameaudit	TAKEN
towermesh	TAKEN
trusslidar	AVAIL
gatetune	TAKEN
orbitforge	TAKEN
fabricship	AVAIL
deskplain	AVAIL
scopeschema	AVAIL
crestvitals	AVAIL
streamqueue	TAKEN
trackpair	AVAIL
foundryswift	AVAIL
meterconsent	AVAIL
signalmoor	AVAIL
helmrecord	AVAIL
wharfmoor	AVAIL
dialcomply	AVAIL
flareground	TAKEN
scopeclaim	TAKEN
railsignet	AVAIL
keeprelay	TAKEN
ledgeropen	TAKEN
dossierkeen	AVAIL
chartpilot	TAKEN
reachcipher	TAKEN
foliochart	TAKEN
dialground	AVAIL
pulsesteer	AVAIL
dialinvoice	AVAIL
coreinbound	TAKEN
sparkbiomass	TAKEN
streamscale	TAKEN
pulsechart	TAKEN
pulsepatrol	TAKEN
orbitledger	TAKEN
mapfiling	AVAIL
latticeclean	AVAIL
gaugemodel	AVAIL
routepallet	AVAIL
pulsedepth	TAKEN
trackbastion	TAKEN
basinlaunch	AVAIL
deltafreight	TAKEN
arclift	TAKEN
spantier	TAKEN
gaugesort	AVAIL
indexcohort	AVAIL
spinesolar	AVAIL
workscargo	AVAIL
baycanvas	TAKEN
studiorank	TAKEN
boardconsign	AVAIL
workspay	TAKEN
keepsettle	AVAIL
dossierjoin	AVAIL
coreturbine	TAKEN
currentjoin	AVAIL
mapshopfloor	AVAIL
corepatch	TAKEN
relayinbound	AVAIL
voltclean	TAKEN
trackclaim	TAKEN
trunkweight	AVAIL
spinespark	TAKEN
kernelreckon	AVAIL
millrank	AVAIL
summitsift	TAKEN
towerbeam	TAKEN
dialgantry	AVAIL
picketship	AVAIL
deltathermal	TAKEN
pillarfuse	TAKEN
covebind	AVAIL
towerdepot	TAKEN
meshsynapse	TAKEN
sensorplot	TAKEN
trunkcomply	AVAIL
kilncast	TAKEN
turbinetrim	AVAIL
railopen	AVAIL
circuitjoin	AVAIL
portember	TAKEN
codexsteady	AVAIL
summitfloat	AVAIL
sonarsentry	AVAIL
traceaudit	TAKEN
frametransit	AVAIL
pulsesynapse	TAKEN
probeplot	AVAIL
baysolar	TAKEN
compassraise	AVAIL
basinkeen	AVAIL
patrolident	AVAIL
indexboost	TAKEN
wharflaunch	AVAIL
recordground	AVAIL
deltapayload	AVAIL
layercipher	AVAIL
briefprime	TAKEN
keepschema	AVAIL
coveremit	AVAIL
vaultpallet	AVAIL
forgeampere	AVAIL
bridgedock	TAKEN
docketclinic	AVAIL
quayrender	AVAIL
relayfuse	TAKEN
helminvoice	AVAIL
tracesort	TAKEN
radarlink	TAKEN
layercitadel	AVAIL
atelierclean	AVAIL
registersort	AVAIL
surveycharge	TAKEN
depotpayout	AVAIL
spinetier	AVAIL
bridgeroute	TAKEN
recordpayer	AVAIL
crestsurge	TAKEN
peakcargo	TAKEN
foliobranch	AVAIL
beaconassign	AVAIL
pulsefloat	TAKEN
depotsteady	AVAIL
indexinfer	TAKEN
towerpallet	AVAIL
yardbedside	AVAIL
scopeclean	TAKEN
gridplot	TAKEN
kernelseal	AVAIL
manifestfuse	AVAIL
dialember	AVAIL
pillarmesh	TAKEN
loomsteady	AVAIL
ledgerfirst	TAKEN
flareoffset	AVAIL
beaconcast	TAKEN
deltatrace	TAKEN
sparksound	TAKEN
covepilot	TAKEN
meterchart	AVAIL
pillarcraft	TAKEN
deltasift	TAKEN
reachtender	AVAIL
peakrender	TAKEN
ridgeship	TAKEN
briefbuild	TAKEN
atlasforge	TAKEN
portapprove	AVAIL
kernelremit	AVAIL
loopsort	TAKEN
loomlink	TAKEN
basinbiomass	AVAIL
patrolweave	AVAIL
sonarbastion	AVAIL
conduitlevel	AVAIL
crestcohort	AVAIL
spineclear	TAKEN
embersolid	AVAIL
atlasmint	TAKEN
briefverify	TAKEN
anchoryield	TAKEN
lanecraft	TAKEN
arcstatute	AVAIL
surveysettle	AVAIL
worksampere	AVAIL
kernelcohort	AVAIL
recordpayout	AVAIL
keepanchor	TAKEN
channelsift	AVAIL
routedebit	AVAIL
dialtrigger	AVAIL
wavelaunch	TAKEN
capekeystone	AVAIL
lanternscan	TAKEN
coresequence	TAKEN
yardcargo	AVAIL
studiotrace	TAKEN
dynamoshift	TAKEN
meshfeed	TAKEN
fabricflow	TAKEN
keepkeystone	AVAIL
lookoutdock	AVAIL
beaconvault	TAKEN
forgehydro	AVAIL
boardapprove	AVAIL
ledgerdrive	TAKEN
anvilprompt	AVAIL
basintrue	AVAIL
gaugerenew	AVAIL
benchdepot	TAKEN
driftgauge	TAKEN
depotcell	AVAIL
signalreckon	AVAIL
conduithaul	AVAIL
spineguard	TAKEN
threadindex	TAKEN
spanmandate	AVAIL
rosterclear	TAKEN
enginepair	AVAIL
metersolid	AVAIL
atlasbind	TAKEN
lensintake	AVAIL
conduitagent	TAKEN
routeraise	TAKEN
surveysentry	TAKEN
harborclear	AVAIL
spanscale	TAKEN
reactortrue	AVAIL
worksconsent	AVAIL
codexsolid	TAKEN
arctempo	TAKEN
kilnspan	AVAIL
currentcoin	TAKEN
sonarspan	AVAIL
watchpilot	TAKEN
rosterbranch	AVAIL
reachmontage	AVAIL
sensorbright	TAKEN
gaugecognate	AVAIL
stackcadence	AVAIL
portsift	TAKEN
foliospark	TAKEN
scopecrisp	AVAIL
reachpatrol	AVAIL
bridgechart	TAKEN
embermerge	AVAIL
beaconchart	AVAIL
anvilactuate	AVAIL
kerneljoin	AVAIL
arcrelease	TAKEN
codexlevel	AVAIL
plinthcolumn	AVAIL
framedrive	TAKEN
turbinecraft	TAKEN
covespark	TAKEN
latticeprime	TAKEN
rosterbind	AVAIL
lanehandoff	AVAIL
foundrytier	AVAIL
sonartriage	AVAIL
spineschema	AVAIL
basinbrisk	AVAIL
maplens	TAKEN
forgehaul	TAKEN
manifesthaul	TAKEN
picketbrisk	AVAIL
framecharge	TAKEN
gaugevector	AVAIL
summitcraft	TAKEN
crestrampart	AVAIL
dossierproof	AVAIL
trailtabular	AVAIL
tideroute	TAKEN
codexsharp	AVAIL
forgeaudit	TAKEN
driftapprove	AVAIL
ateliergate	TAKEN
havenvitals	AVAIL
trailtrack	TAKEN
reactorfeed	TAKEN
reactormatch	AVAIL
sentrytrue	AVAIL
torchalign	AVAIL
havenframe	TAKEN
enginefloat	AVAIL
stackrampart	AVAIL
ledgercell	TAKEN
keepledger	TAKEN
radarspark	TAKEN
boardquiet	AVAIL
crestcarbon	TAKEN
peakframe	TAKEN
bridgekindle	AVAIL
tracefeed	TAKEN
fabricfiling	AVAIL
waverender	TAKEN
trunkprime	AVAIL
circuitflow	TAKEN
currentlevel	TAKEN
docketclaim	AVAIL
crestbedside	AVAIL
tideswift	TAKEN
peakoffset	AVAIL
orbitbedside	AVAIL
arcsignet	AVAIL
spanconsign	AVAIL
loomalign	AVAIL
driftdosage	AVAIL
prismsolid	AVAIL
laneframe	TAKEN
latticepay	TAKEN
harborquiet	AVAIL
docktrigger	AVAIL
basepicket	AVAIL
routemint	TAKEN
sealkeystone	AVAIL
framesteer	AVAIL
signalescrow	AVAIL
yardraise	AVAIL
recordrelay	TAKEN
mapvector	TAKEN
chartvitals	AVAIL
kilnrender	TAKEN
orbitroute	TAKEN
meteropen	AVAIL
latticeflow	TAKEN
studiocorpus	TAKEN
atlasyield	TAKEN
helmcorpus	AVAIL
gatecohort	AVAIL
boardstatute	AVAIL
keepbranch	AVAIL
boardwarrant	AVAIL
arctune	TAKEN
keepquiet	TAKEN
peaksolid	TAKEN
scopeboost	TAKEN
sentryattest	AVAIL
sentrycrisp	AVAIL
pathmerge	TAKEN
atelierforge	TAKEN
panelmontage	TAKEN
havensteady	TAKEN
gaugespark	AVAIL
docketsignet	AVAIL
fabricsteady	AVAIL
vaultshield	TAKEN
routeplain	AVAIL
probefloat	AVAIL
weavesharp	AVAIL
presslevel	TAKEN
stackhydro	TAKEN
crestdebit	AVAIL
bridgeanchor	TAKEN
portplain	AVAIL
recordcommit	AVAIL
baytier	AVAIL
gridwarrant	AVAIL
loopdataset	AVAIL
railbranch	TAKEN
desksound	TAKEN
vaultfiling	AVAIL
reachsurge	TAKEN
chartconsent	AVAIL
harborprism	TAKEN
framesettle	AVAIL
routesift	TAKEN
sentrymerge	AVAIL
engineprism	AVAIL
wardencrisp	AVAIL
towervector	TAKEN
atelierquiet	AVAIL
foundryproof	TAKEN
trunkbiomass	AVAIL
capeconsign	AVAIL
scopemesh	TAKEN
emberflow	TAKEN
flarealign	AVAIL
worksboost	AVAIL
sonarclean	TAKEN
almanacflow	AVAIL
orbitbind	AVAIL
mapvolt	TAKEN
docketplot	AVAIL
helmemission	AVAIL
streamplot	TAKEN
torchpilot	TAKEN
voltsolid	TAKEN
basespatial	TAKEN
yardclean	TAKEN
sentrytier	AVAIL
signalcorpus	AVAIL
railplot	TAKEN
plinthmodel	AVAIL
trussdeploy	AVAIL
metersteer	AVAIL
deltavolt	TAKEN
workscadence	AVAIL
boardtabular	AVAIL
sparkplain	AVAIL
reactorflow	TAKEN
probebrisk	AVAIL
landingtier	AVAIL
havencanvas	TAKEN
watchraise	TAKEN
flowtrue	TAKEN
arcdock	TAKEN
capetrace	AVAIL
quaypilot	AVAIL
vaultharden	AVAIL
keeprollback	AVAIL
kindlehydro	AVAIL
briefcutlist	AVAIL
keeptabular	AVAIL
panelscan	TAKEN
laneprism	AVAIL
trailsort	TAKEN
pulseopen	TAKEN
indexbind	AVAIL
currentcast	TAKEN
dossiercalm	AVAIL
layeralign	AVAIL
anchorqueue	AVAIL
plinthpicket	AVAIL
basinwarden	AVAIL
braidprism	AVAIL
lanesurge	TAKEN
channelquiet	AVAIL
capecutlist	AVAIL
weaveclean	AVAIL
havenlading	AVAIL
depotremit	AVAIL
manifestrank	AVAIL
portampere	AVAIL
covecobot	AVAIL
desklift	TAKEN
bridgeident	AVAIL
probescale	AVAIL
deskdeploy	TAKEN
wharfclean	AVAIL
depotbiomass	AVAIL
braidtier	AVAIL
sensorvitals	TAKEN
frameyield	TAKEN
dialtrack	TAKEN
recordsound	TAKEN
streamcanvas	TAKEN
trussvault	TAKEN
pathcoin	TAKEN
summitcredit	TAKEN
foliotrace	TAKEN
driftruntime	AVAIL
towerprobe	AVAIL
briefopen	AVAIL
turbineinfer	AVAIL
helmsentinel	TAKEN
milldeploy	AVAIL
briefdock	TAKEN
ledgerpatrol	AVAIL
vaultvolt	TAKEN
yardtriage	TAKEN
scopecolumn	AVAIL
currentspark	TAKEN
worksopen	TAKEN
lenslidar	AVAIL
sealpilot	TAKEN
ampturbine	AVAIL
quayshield	AVAIL
registersync	TAKEN
tidelaunch	AVAIL
portsurge	TAKEN
layertrim	AVAIL
mapsift	TAKEN
keepdepot	AVAIL
crestpair	AVAIL
ledgerplot	TAKEN
trunkbeam	AVAIL
gaugeseal	TAKEN
rosterbright	AVAIL
pathindex	TAKEN
beaconroute	TAKEN
forgekeen	TAKEN
gatesignet	AVAIL
dockemblem	AVAIL
wardenquiet	AVAIL
wavetrigger	AVAIL
havenbright	TAKEN
threadlens	TAKEN
meterfacet	AVAIL
chartprime	TAKEN
gateconsent	AVAIL
folioyield	AVAIL
meterpayload	AVAIL
recordcast	TAKEN
quaymint	TAKEN
recordmetric	AVAIL
conduitopen	AVAIL
trussbadge	AVAIL
threadtender	TAKEN
laneroute	AVAIL
fabricnorth	TAKEN
fabrictrust	TAKEN
atlaslidar	TAKEN
landinglevel	TAKEN
sensorweight	AVAIL
ampmodel	TAKEN
trackampere	AVAIL
orbitdosage	AVAIL
pillarswift	TAKEN
arcfacet	AVAIL
dockstaging	AVAIL
haventhermal	AVAIL
surveymodel	TAKEN
sensortrust	TAKEN
millspatial	AVAIL
reactorboost	AVAIL
portledger	TAKEN
crestpay	TAKEN
portkeystone	AVAIL
spanhydro	AVAIL
millfuel	TAKEN
relaycommit	AVAIL
forgestaging	AVAIL
trusscharge	AVAIL
atlasident	AVAIL
foundryrenew	AVAIL
scopethermal	AVAIL
trailvitals	TAKEN
reachfuel	TAKEN
harborcredit	TAKEN
ledgerclaim	TAKEN
rosterintake	AVAIL
railescalate	AVAIL
gatecell	TAKEN
charterbind	AVAIL
wharfinbound	AVAIL
sonaropen	AVAIL
recordshift	TAKEN
ridgeanchor	TAKEN
kilnfuel	AVAIL
graphcobot	AVAIL
meterturbine	AVAIL
fabrickindle	AVAIL
gatereason	AVAIL
basecipher	TAKEN
pillaropen	AVAIL
proberemit	AVAIL
tidegauge	TAKEN
baymoor	TAKEN
portfleet	TAKEN
framesort	TAKEN
kernelharden	AVAIL
streamlading	AVAIL
graphfuse	TAKEN
conduitproof	AVAIL
mapdepth	TAKEN
sentrysort	AVAIL
recordsteer	AVAIL
deltaescrow	TAKEN
flowintake	TAKEN
flaresolid	AVAIL
capescale	TAKEN
anviljoin	AVAIL
trussclean	AVAIL
chartfloat	TAKEN
tracevector	TAKEN
graphoffset	AVAIL
reachpair	AVAIL
basetrigger	AVAIL
ledgertrust	TAKEN
trackbiomass	AVAIL
railstrust	AVAIL
dockcohort	AVAIL
trussmandate	AVAIL
chartreckon	AVAIL
deltalink	TAKEN
ampoffset	AVAIL
yardhydro	AVAIL
looplading	AVAIL
manifestlift	AVAIL
conduitfacet	AVAIL
trailcutlist	AVAIL
surveyshield	TAKEN
trackcoin	TAKEN
gatesharp	AVAIL
framebadge	TAKEN
enginescale	TAKEN
deltaforge	TAKEN
plinthlading	AVAIL
radarmatch	TAKEN
torchoffset	AVAIL
wardensync	AVAIL
spinecrisp	AVAIL
pathcareteam	AVAIL
flaredrive	TAKEN
keepember	TAKEN
spineaudit	AVAIL
meshescrow	TAKEN
foliocalm	AVAIL
gridcadence	TAKEN
stackclaim	TAKEN
indexwarden	TAKEN
radarsignet	AVAIL
flaresift	AVAIL
emberswift	TAKEN
desklaunch	TAKEN
pathstaging	AVAIL
ridgechart	AVAIL
sealmatch	TAKEN
harborcell	TAKEN
boardlading	AVAIL
trailpair	AVAIL
ledgersound	AVAIL
railsindex	AVAIL
weavepatch	TAKEN
deskbind	AVAIL
compassprism	AVAIL
routeconsign	AVAIL
ampsharp	AVAIL
sparkbeam	TAKEN
worksreckon	AVAIL
picketfeed	AVAIL
loopvault	TAKEN
railclaim	TAKEN
plinthcommit	AVAIL
atlascobot	AVAIL
loomcorpus	AVAIL
flowtender	TAKEN
weavemerge	TAKEN
covepalette	AVAIL
stackverify	TAKEN
railsdepot	TAKEN
ledgercomply	TAKEN
lenspayout	AVAIL
tempoship	TAKEN
reactorbind	AVAIL
recordfloat	AVAIL
indexcontrol	TAKEN
benchpayer	AVAIL
routemoor	AVAIL
signalsentry	TAKEN
fabricsignet	AVAIL
engineopen	TAKEN
prismclaim	AVAIL
orbitswift	TAKEN
radarcrisp	AVAIL
panelmatch	TAKEN
graphtriage	AVAIL
sonarshield	TAKEN
harborcobot	AVAIL
gridvector	TAKEN
kilnagent	TAKEN
docketground	AVAIL
rostergauge	AVAIL
spansolid	AVAIL
pulsetender	TAKEN
railescrow	AVAIL
benchsignal	TAKEN
latticebadge	AVAIL
coretempo	TAKEN
basedepth	TAKEN
layersteer	AVAIL
spinedraft	AVAIL
ridgegantry	AVAIL
drifthandoff	AVAIL
baseclean	TAKEN
railsplain	AVAIL
helmcomply	AVAIL
gatefirst	TAKEN
switchmoor	AVAIL
maprelay	TAKEN
depotinvoice	AVAIL
forgesolid	TAKEN
anchorcolumn	TAKEN
helmbiomass	AVAIL
lanternlift	TAKEN
keepground	AVAIL
switchintake	AVAIL
surveyvector	AVAIL
cadenceplot	AVAIL
channelinfer	AVAIL
coresteer	TAKEN
coreattest	TAKEN
surveyflow	TAKEN
basintriage	AVAIL
gatebeam	TAKEN
indexmodel	TAKEN
lensescrow	AVAIL
gatesound	TAKEN
patrolpair	AVAIL
sparkmodel	TAKEN
depotcredit	TAKEN
havencrisp	AVAIL
weaveremit	AVAIL
ledgercipher	AVAIL
streampayer	TAKEN
indexassign	TAKEN
dockpassport	AVAIL
yardcoin	TAKEN
recordtier	AVAIL
routemerge	TAKEN
registertrim	AVAIL
flowground	TAKEN
dockharden	AVAIL
tempopalette	AVAIL
orbitkeen	AVAIL
depotlaunch	AVAIL
railscale	TAKEN
trunktempo	AVAIL
keephydro	TAKEN
scopefloat	AVAIL
guardshift	TAKEN
summitsharp	TAKEN
loomplain	TAKEN
towerplain	AVAIL
atlastrue	TAKEN
foliocast	TAKEN
brieftrace	TAKEN
mapkeen	TAKEN
spanpallet	AVAIL
railcolumn	AVAIL
coveclinic	TAKEN
anchorpallet	TAKEN
atlashaul	TAKEN
traildock	TAKEN
quayground	AVAIL
loompair	TAKEN
emberfirst	TAKEN
sensorclean	TAKEN
almanacpayer	AVAIL
basesift	AVAIL
weavebeam	TAKEN
temposort	AVAIL
briefplot	AVAIL
kilnrollback	AVAIL
graphcolumn	AVAIL
scopetrack	TAKEN
wavebedside	AVAIL
crestlevel	AVAIL
mapgantry	AVAIL
arcescrow	TAKEN
spanlink	TAKEN
crestinbound	AVAIL
harbortender	AVAIL
summitlift	TAKEN
beaconshield	TAKEN
pillargate	TAKEN
ridgelift	TAKEN
routedraft	TAKEN
keepdisclose	AVAIL
dialflow	TAKEN
basinjoin	AVAIL
fabricsentry	TAKEN
kernelquiet	AVAIL
vigilforge	TAKEN
layercorpus	AVAIL
orbitscale	TAKEN
tracktrue	TAKEN
depotsound	AVAIL
tempopair	AVAIL
harborswift	TAKEN
benchalign	AVAIL
rostermetric	AVAIL
bridgetune	TAKEN
millreel	AVAIL
recordplain	AVAIL
meshpay	TAKEN
lenscredit	TAKEN
gatemandate	AVAIL
plinthrelay	AVAIL
tracetender	AVAIL
foundryfleet	TAKEN
channelfleet	TAKEN
radarpayload	AVAIL
summitsurge	TAKEN
panelremit	AVAIL
foundrymesh	TAKEN
railsmesh	TAKEN
mapraise	TAKEN
cadenceclear	AVAIL
spanthermal	AVAIL
almanacqueue	AVAIL
wharfledger	AVAIL
foundrysync	TAKEN
conduitbind	AVAIL
deltaswift	TAKEN
deltacell	TAKEN
dynamoweight	AVAIL
codexreel	AVAIL
arckindle	AVAIL
spinebranch	AVAIL
conduitdebit	AVAIL
meshagent	TAKEN
pathpay	TAKEN
lanecalm	TAKEN
loomfleet	TAKEN
rostertempo	AVAIL
beacontrack	TAKEN
guardpair	TAKEN
lenstune	TAKEN
probecontrol	TAKEN
almanacmatch	AVAIL
baybastion	AVAIL
flareboost	TAKEN
railsettle	TAKEN
sensoraudit	AVAIL
kilnlidar	AVAIL
sentryclaim	TAKEN
presslaunch	TAKEN
codexbeam	TAKEN
pulseagent	TAKEN
weavelading	AVAIL
workshopreel	AVAIL
relayconsign	AVAIL
towergauge	AVAIL
braidsteady	AVAIL
torchreason	AVAIL
trussplain	AVAIL
weavemetric	TAKEN
tracescan	TAKEN
kernelclean	AVAIL
almanacgauge	AVAIL
ateliertrim	TAKEN
arcfiling	TAKEN
docketpay	TAKEN
braidfirst	TAKEN
anvilbright	AVAIL
signaltender	TAKEN
flowvitals	TAKEN
anchorcorpus	AVAIL
baycareteam	AVAIL
pathflow	TAKEN
turbinedraft	AVAIL
mapservo	AVAIL
pathreel	TAKEN
orbitweave	TAKEN
sentrystream	TAKEN
atelierflow	TAKEN
crestmontage	AVAIL
radarledger	AVAIL
wavepatch	TAKEN
lanefloat	AVAIL
scopepair	AVAIL
gatepallet	AVAIL
stackaudit	TAKEN
meterclear	AVAIL
briefcoin	TAKEN
probeapprove	AVAIL
prismfuel	TAKEN
spinestream	AVAIL
deltacanvas	TAKEN
briefdeploy	AVAIL
ridgefirst	AVAIL
stackcorpus	AVAIL
tidemoor	TAKEN
trusspallet	AVAIL
codexconsign	AVAIL
graphtensor	AVAIL
lookoutsharp	AVAIL
yardflow	TAKEN
radarbastion	AVAIL
basindosage	AVAIL
trackyield	TAKEN
meteremblem	AVAIL
trussprime	AVAIL
scopereckon	AVAIL
deltatender	TAKEN
dynamocrisp	AVAIL
foliomatch	TAKEN
paneltier	AVAIL
plinthpayout	AVAIL
wardendraft	AVAIL
arcshift	TAKEN
yardscan	TAKEN
wavenorth	TAKEN
lenswarrant	AVAIL
spineframe	TAKEN
trussledger	AVAIL
lensremit	AVAIL
trunkdeploy	AVAIL
benchkindle	AVAIL
stacksynapse	TAKEN
currentsteer	AVAIL
flowcredit	TAKEN
workshydro	AVAIL
scopeapprove	AVAIL
keepopen	TAKEN
loopassign	AVAIL
helmfiling	AVAIL
relayplot	TAKEN
dockquiet	AVAIL
lanespan	TAKEN
portclear	TAKEN
layerlaunch	TAKEN
panelswift	TAKEN
scopeopen	AVAIL
benchanchor	TAKEN
corelift	TAKEN
trussverify	AVAIL
kernelmodel	TAKEN
relayalign	AVAIL
stackinbound	TAKEN
basecolumn	AVAIL
docksolar	TAKEN
guardsteer	AVAIL
kindlesolid	AVAIL
foliotender	AVAIL
bridgelading	AVAIL
arctransit	TAKEN
vaultboost	TAKEN
pillarsound	AVAIL
briefqueue	TAKEN
sentryshift	TAKEN
chartersurge	AVAIL
pulsesolid	AVAIL
signalmerge	TAKEN
wharfvault	TAKEN
kilnmesh	AVAIL
helmpatrol	AVAIL
anvilpilot	AVAIL
atlasroute	TAKEN
panelwarrant	AVAIL
wharftender	AVAIL
forgecharge	TAKEN
gridremit	AVAIL
emberinfer	AVAIL
dockartifact	AVAIL
loopkeen	AVAIL
helmweight	AVAIL
shieldflow	TAKEN
basepayload	AVAIL
peakmanifest	TAKEN
deltaquiet	AVAIL
covefleet	AVAIL
corecomply	TAKEN
watchattest	AVAIL
lookoutbrisk	AVAIL
havenplain	AVAIL
meterpayout	AVAIL
latticetrim	AVAIL
forgeproof	TAKEN
millservo	AVAIL
torchtensor	AVAIL
pressembed	AVAIL
peakampere	AVAIL
bayguard	TAKEN
routereel	TAKEN
shieldfeed	TAKEN
quaysettle	AVAIL
indexcast	TAKEN
keepthermal	AVAIL
yardpicket	AVAIL
radarapprove	AVAIL
docketproof	TAKEN
ledgership	TAKEN
reactordock	AVAIL
basecontrol	TAKEN
arcsolar	TAKEN
meshoffset	AVAIL
towerember	AVAIL
plinthdepot	AVAIL
scopedrive	TAKEN
depotbind	AVAIL
mapgrid	TAKEN
compassaudit	TAKEN
stackweave	TAKEN
surveyclinic	TAKEN
boardtrace	TAKEN
havenlaunch	TAKEN
laneclean	TAKEN
briefcorpus	AVAIL
graphsolar	TAKEN
beaconmetric	TAKEN
keepassign	AVAIL
codexfleet	AVAIL
frametier	AVAIL
ledgercommit	AVAIL
portharden	AVAIL
probeassign	AVAIL
trackpilot	TAKEN
meterspark	AVAIL
anchormodel	TAKEN
stackguard	TAKEN
scopetempo	TAKEN
wavetempo	TAKEN
kerneltrue	AVAIL
patrolfeed	TAKEN
dossiersolid	AVAIL
surveyfacet	AVAIL
forgecraft	TAKEN
foliosolid	AVAIL
probecontext	AVAIL
embercognate	AVAIL
ridgedrive	TAKEN
havencohort	AVAIL
deltatriage	TAKEN
railfreight	TAKEN
circuitopen	AVAIL
boardframe	TAKEN
rostersteer	AVAIL
foundrymatch	TAKEN
pulsetier	TAKEN
layercredit	AVAIL
loomreason	AVAIL
lookoutspan	AVAIL
coretrack	TAKEN
anvilsteer	AVAIL
graphclean	TAKEN
pulsevector	TAKEN
portcontrol	TAKEN
weavesolid	AVAIL
corecharge	TAKEN
layersort	AVAIL
peaktrack	TAKEN
surveytier	TAKEN
codexpallet	AVAIL
bridgeinfer	TAKEN
lenscorpus	AVAIL
loomcommit	AVAIL
dockcorpus	AVAIL
loomsolid	AVAIL
deltaplot	AVAIL
spanground	AVAIL
atlasfirst	TAKEN
chartinvoice	AVAIL
sensormatch	TAKEN
panelbadge	AVAIL
boardshift	TAKEN
sensortempo	AVAIL
metersurge	AVAIL
pressagent	TAKEN
torchfuel	TAKEN
threadvault	TAKEN
emberjoin	AVAIL
lookoutguard	TAKEN
wharfpayer	AVAIL
studioframe	TAKEN
basinremit	AVAIL
gaugesteady	AVAIL
pulsemandate	AVAIL
engineinfer	AVAIL
looptender	AVAIL
gaugescale	TAKEN
presscutlist	AVAIL
stackplain	TAKEN
forgeraise	AVAIL
fabrichydro	AVAIL
kilntune	AVAIL
driftlaunch	TAKEN
driftdrive	TAKEN
pillarcharge	AVAIL
rosteryield	AVAIL
latticeagent	TAKEN
gridhaul	TAKEN
embervector	TAKEN
loomkeen	AVAIL
tidepatch	AVAIL
radaralign	AVAIL
ridgebind	TAKEN
studiodrive	TAKEN
portanchor	TAKEN
vigilcomply	AVAIL
trunkcommit	AVAIL
indexcarbon	AVAIL
basewarden	TAKEN
orbitclean	TAKEN
vaultpolicy	TAKEN
signalcraft	TAKEN
meterpay	TAKEN
basinember	AVAIL
engineseal	TAKEN
prismactuate	AVAIL
forgerender	AVAIL
rostercredit	AVAIL
probeattest	AVAIL
summitopen	TAKEN
spantoken	TAKEN
capechart	AVAIL
ridgesolar	TAKEN
switchbeam	TAKEN
vaultpilot	TAKEN
lookoutproof	AVAIL
helmtier	AVAIL
gaugebastion	AVAIL
compasscast	TAKEN
scopescale	TAKEN
trunkgauge	AVAIL
routeship	TAKEN
flowconsign	AVAIL
conduitclaim	AVAIL
spinetempo	AVAIL
foliodrive	TAKEN
spinelidar	AVAIL
lookoutalign	AVAIL
basincargo	TAKEN
codexmontage	AVAIL
helmampere	AVAIL
covepicket	AVAIL
gridverify	TAKEN
indextrust	TAKEN
capewarden	AVAIL
studiosharp	TAKEN
dialaudit	TAKEN
picketemblem	AVAIL
arcregister	AVAIL
ridgeweave	TAKEN
codexbranch	AVAIL
maplidar	TAKEN
relayfloat	AVAIL
vigilrampart	AVAIL
tidesound	AVAIL
compassdrive	TAKEN
dossierseal	AVAIL
sonarfiling	AVAIL
sentrycalm	AVAIL
dossiertrack	TAKEN
probepay	TAKEN
ridgeremit	AVAIL
deskcargo	TAKEN
fabricledger	TAKEN
docketsolid	AVAIL
deskdataset	AVAIL
trunkforge	TAKEN
latticeframe	AVAIL
briefledger	TAKEN
vigilsift	AVAIL
sensorspan	TAKEN
spanproof	AVAIL
bayframe	TAKEN
beaconproof	TAKEN
sparkreckon	AVAIL
latticetrace	AVAIL
atlascrisp	AVAIL
prismintake	AVAIL
voltinfer	AVAIL
vaultkinetic	TAKEN
routepair	AVAIL
arcground	TAKEN
gridcarbon	TAKEN
indexcharge	AVAIL
capeoffset	AVAIL
fabricopen	AVAIL
trackscale	TAKEN
scopespatial	AVAIL
sealcalm	AVAIL
guardcomply	TAKEN
basedepot	TAKEN
lanecutlist	AVAIL
helmpilot	TAKEN
reactorpilot	TAKEN
sonarmandate	AVAIL
vigilframe	TAKEN
sonarjoin	AVAIL
wharfground	AVAIL
surveysolar	TAKEN
docklevel	TAKEN
depotscan	TAKEN
streamclean	TAKEN
threadfloat	AVAIL
relaycast	TAKEN
ledgerampere	AVAIL
gaugesolid	AVAIL
helmfuse	AVAIL
meshbadge	AVAIL
ridgeintake	AVAIL
kernelopen	AVAIL
railsmatch	AVAIL
sealopen	AVAIL
chartbastion	AVAIL
probeground	AVAIL
sealship	TAKEN
spandisclose	AVAIL
pulsecoin	TAKEN
spinerank	TAKEN
railmodel	TAKEN
arcpilot	TAKEN
forgerelease	AVAIL
ridgesolid	TAKEN
ateliersharp	AVAIL
wharfcanvas	AVAIL
bridgepilot	TAKEN
tideschedule	TAKEN
towerembed	AVAIL
dynamoclear	TAKEN
railpatrol	TAKEN
briefsolid	AVAIL
tidebuild	TAKEN
briefmatch	TAKEN
foundrygrid	TAKEN
benchsettle	AVAIL
chartcohort	AVAIL
framefiling	AVAIL
tracedebit	AVAIL
forgeclear	TAKEN
graphcorpus	AVAIL
yardbiomass	AVAIL
currentsound	TAKEN
vigilclean	TAKEN
waveledger	TAKEN
docketschema	AVAIL
portrenew	AVAIL
coresynapse	TAKEN
trackpayload	AVAIL
depotmatch	TAKEN
graphintake	AVAIL
desksift	AVAIL
fabricrank	TAKEN
baytriage	TAKEN
stackpay	TAKEN
tideshift	TAKEN
capetrue	AVAIL
railsprism	AVAIL
routerelease	AVAIL
capeplain	AVAIL
basecompile	AVAIL
anchorfloat	TAKEN
pressweight	AVAIL
orbitcommit	AVAIL
docketrecord	AVAIL
landingclear	TAKEN
docktune	TAKEN
tracktune	TAKEN
pathsurge	TAKEN
pathmontage	AVAIL
baycalm	TAKEN
reactorlevel	AVAIL
atlaspallet	TAKEN
pulseshield	TAKEN
panelmetric	TAKEN
reachsettle	AVAIL
almanacsift	AVAIL
driftsolid	AVAIL
basinlading	AVAIL
beaconfeed	TAKEN
conduitbadge	AVAIL
keepnorth	TAKEN
vaultampere	AVAIL
driftescrow	AVAIL
layeractuate	AVAIL
wavepallet	AVAIL
braidtrim	AVAIL
patrolaudit	TAKEN
spansurge	AVAIL
towership	TAKEN
quaydosage	AVAIL
gateactuate	AVAIL
loomdraft	AVAIL
sensorship	TAKEN
quayturbine	AVAIL
ledgerpicket	AVAIL
helmqueue	AVAIL
railembed	AVAIL
routecutlist	AVAIL
pathrelay	TAKEN
keepkinetic	TAKEN
railscitadel	AVAIL
recordsteady	AVAIL
helmtransit	AVAIL
guardscan	TAKEN
scopenorth	TAKEN
meterampere	AVAIL
kilncalm	AVAIL
keepcitadel	AVAIL
lanedispatch	TAKEN
wavedeploy	TAKEN
conduitfirst	AVAIL
dialspan	AVAIL
helmspatial	AVAIL
threadbrisk	AVAIL
gaugebadge	TAKEN
trusstoken	AVAIL
wavebeam	TAKEN
weavetransit	AVAIL
wardensurge	AVAIL
loopanchor	TAKEN
orbitcredit	TAKEN
trailflow	TAKEN
trunkground	AVAIL
basinlift	AVAIL
presspilot	TAKEN
switchledger	TAKEN
docklink	TAKEN
amplink	TAKEN
driftfuse	TAKEN
sealfirst	TAKEN
capebastion	AVAIL
ledgergantry	AVAIL
crestsettle	AVAIL
braidmerge	AVAIL
keepstatute	AVAIL
tidemontage	AVAIL
bridgeclear	TAKEN
routecommit	TAKEN
plinthopen	AVAIL
reactorcast	TAKEN
ledgerqueue	AVAIL
benchaudit	TAKEN
keepweave	AVAIL
anchorlink	TAKEN
flarejoin	AVAIL
ridgespark	TAKEN
peakstream	TAKEN
kindlefirst	TAKEN
circuitdraft	TAKEN
briefship	TAKEN
turbinenorth	AVAIL
boardcraft	TAKEN
kilnkeen	AVAIL
amptrue	TAKEN
covecharge	TAKEN
wavemerge	TAKEN
kilnground	AVAIL
boardbadge	AVAIL
sealsolid	TAKEN
basegauge	AVAIL
spinebrisk	AVAIL
gaugesteer	AVAIL
summitfeed	TAKEN
latticedraft	AVAIL
panelscale	TAKEN
codexprobe	AVAIL
vaultspark	TAKEN
weavecompile	AVAIL
pillarground	AVAIL
almanacsurge	AVAIL
ampcalm	AVAIL
railcredit	TAKEN
codexraise	AVAIL
arctrace	TAKEN
helmfloat	AVAIL
bridgequiet	AVAIL
relaycolumn	AVAIL
meshmanifest	AVAIL
pressreckon	AVAIL
routestudio	TAKEN
spandataset	AVAIL
flarecalm	TAKEN
millpipeline	AVAIL
plinthkindle	AVAIL
boardattest	AVAIL
kindlealign	AVAIL
routesteer	AVAIL
corefeed	TAKEN
foundryseal	AVAIL
latticesort	AVAIL
harbortrue	TAKEN
atlasweight	TAKEN
forgetensor	TAKEN
engineprobe	AVAIL
basindock	AVAIL
stackspatial	AVAIL
circuitcalm	TAKEN
currentcrisp	AVAIL
briefruntime	AVAIL
peakcrisp	TAKEN
portsolar	TAKEN
studiolift	TAKEN
gridclear	TAKEN
studiotier	TAKEN
wavepilot	TAKEN
braidstudio	TAKEN
cresthaul	TAKEN
coveshift	TAKEN
ridgequiet	AVAIL
shieldmatch	TAKEN
helmtoken	AVAIL
guardsort	AVAIL
mapagent	TAKEN
anchorlading	AVAIL
ridgecutlist	AVAIL
sensorinfer	AVAIL
pillarlading	AVAIL
trackident	AVAIL
recordalign	AVAIL
kernelhydro	AVAIL
quayplain	AVAIL
routeboost	TAKEN
harbortriage	AVAIL
millkindle	AVAIL
baydrive	TAKEN
waveassign	AVAIL
tidekeen	AVAIL
prismlevel	AVAIL
lookoutsteer	AVAIL
pulsepayload	AVAIL
harbortier	AVAIL
anvilsift	TAKEN
helmsolid	AVAIL
basinsolar	TAKEN
helmpair	AVAIL
keepmodel	AVAIL
radarindex	TAKEN
conduitrelay	TAKEN
lensagent	TAKEN
bridgetrust	TAKEN
bayinbound	AVAIL
deltapatrol	TAKEN
layersync	TAKEN
dialbedside	AVAIL
spanplot	AVAIL
studiorender	TAKEN
sensordock	TAKEN
voltplain	AVAIL
desklens	TAKEN
mapsort	TAKEN
benchkinetic	AVAIL
covecalm	TAKEN
patroltoken	AVAIL
helmshield	TAKEN
kilnmontage	AVAIL
millfleet	AVAIL
patrolrank	AVAIL
signaltriage	TAKEN
meshroute	TAKEN
atlasfiling	TAKEN
trackcredit	TAKEN
guardconsent	TAKEN
tracecrisp	TAKEN
anvilfuel	AVAIL
studiogantry	AVAIL
railsweave	AVAIL
loopfeed	TAKEN
railsmoor	AVAIL
desktrace	TAKEN
reactorforge	TAKEN
corebranch	TAKEN
folioground	AVAIL
framebrisk	AVAIL
guardsignet	AVAIL
pressfuel	TAKEN
trunkshield	TAKEN
foliorank	TAKEN
guardsift	AVAIL
summitjoin	AVAIL
bridgevector	TAKEN
threadstudio	TAKEN
meshcadence	AVAIL
codexlift	TAKEN
dockregistry	AVAIL
loopscan	TAKEN
portdeploy	TAKEN
basinsound	AVAIL
weavecalm	AVAIL
layerdepot	TAKEN
prismguard	TAKEN
dockfleet	TAKEN
quayship	AVAIL
compasstrue	TAKEN
sensorwarden	AVAIL
summitgantry	AVAIL
gridweave	TAKEN
peakrenew	TAKEN
deskaudit	TAKEN
sentryident	AVAIL
plinthembed	AVAIL
rosterlens	TAKEN
boardspan	TAKEN
spineprompt	AVAIL
dialproof	TAKEN
bridgelevel	TAKEN
gatecoin	TAKEN
studiotensor	AVAIL
reachcredit	TAKEN
baylink	TAKEN
dockpallet	AVAIL
folioreel	TAKEN
sonarnorth	AVAIL
basefacet	AVAIL
foliolink	TAKEN
threadbranch	TAKEN
tideflow	TAKEN
recordflow	TAKEN
rostermatch	TAKEN
spanlift	TAKEN
vaultrampart	AVAIL
workscohort	AVAIL
rosterclinic	AVAIL
baserelay	TAKEN
currentmoor	AVAIL
orbitgate	TAKEN
dialpayout	AVAIL
basestaging	AVAIL
routebrisk	AVAIL
keepoffset	AVAIL
pulsecell	TAKEN
summitcharge	TAKEN
loopregistry	TAKEN
compasstrust	TAKEN
sonarprobe	AVAIL
sonargauge	AVAIL
trunkremit	AVAIL
millstaging	AVAIL
laneinbound	AVAIL
layerident	AVAIL
sonarfirst	AVAIL
raildispatch	TAKEN
panelprism	TAKEN
wavevault	TAKEN
dialcredit	TAKEN
foliomandate	AVAIL
gatefiling	AVAIL
radarwarden	AVAIL
metercohort	AVAIL
watchcontrol	TAKEN
meterpilot	TAKEN
lenscareteam	AVAIL
guardship	TAKEN
orbitcoin	TAKEN
turbineplot	AVAIL
arcmesh	TAKEN
lanternsift	AVAIL
depotgantry	AVAIL
helmcoin	TAKEN
spaninfer	TAKEN
meshcomply	AVAIL
manifestbeam	AVAIL
scopeindex	TAKEN
patrolsync	TAKEN
baylading	AVAIL
radarfloat	AVAIL
flarecorpus	AVAIL
vaultmint	TAKEN
lensprime	TAKEN
coreprime	TAKEN
baywarden	AVAIL
crestdepot	TAKEN
streamsteer	TAKEN
deltakeen	AVAIL
atlascredit	TAKEN
deskcanvas	TAKEN
bridgelaunch	TAKEN
chartsolar	AVAIL
coveguard	TAKEN
beaconfloat	AVAIL
recordmint	TAKEN
spinescale	TAKEN
arcdispatch	TAKEN
almanacframe	AVAIL
summitanchor	TAKEN
harborframe	TAKEN
studiosync	TAKEN
yardpair	TAKEN
capemerge	AVAIL
surveypayer	AVAIL
flarecarbon	AVAIL
scopepatrol	AVAIL
flowsequence	TAKEN
mapanchor	TAKEN
scopescan	TAKEN
basinbedside	AVAIL
stackalign	TAKEN
pressopen	TAKEN
peakfuse	TAKEN
peaklastmile	AVAIL
railfeed	TAKEN
probeagent	TAKEN
compassnorth	TAKEN
ridgefuel	AVAIL
lookoutopen	AVAIL
rosterkeen	AVAIL
bayspan	TAKEN
pillaranchor	AVAIL
foliovitals	AVAIL
kernelrenew	AVAIL
scopesignal	TAKEN
coresync	TAKEN
railbadge	TAKEN
embercarbon	TAKEN
weavekeen	AVAIL
trailmetric	TAKEN
mapnorth	TAKEN
helmcell	AVAIL
depotcipher	AVAIL
boardscale	TAKEN
wardenjoin	AVAIL
baycell	TAKEN
ledgerlevel	TAKEN
orbitfuel	TAKEN
sparkclear	TAKEN
driftcoin	TAKEN
deskident	AVAIL
flowtier	TAKEN
anvilreason	AVAIL
yardsolar	TAKEN
yardgate	TAKEN
railhandoff	AVAIL
arcreason	AVAIL
trussbiomass	AVAIL
indexthermal	AVAIL
tracequeue	TAKEN
probecast	TAKEN
tidelastmile	AVAIL
rosterdrive	TAKEN
meterswift	AVAIL
weavepilot	TAKEN
dialfloat	AVAIL
stackbastion	TAKEN
benchruntime	AVAIL
framemint	TAKEN
trailnorth	TAKEN
switchsettle	TAKEN
pillarhydro	AVAIL
scopeground	AVAIL
beaconsteady	TAKEN
bayvitals	AVAIL
wharfpicket	AVAIL
pathcalm	AVAIL
compassyield	AVAIL
trunksettle	AVAIL
loopstaging	TAKEN
arcyield	TAKEN
probecoin	TAKEN
loomcell	TAKEN
fabriclens	TAKEN
briefemblem	AVAIL
towertune	AVAIL
studioship	TAKEN
conduitcoin	AVAIL
harborship	TAKEN
atelierweave	TAKEN
meterapprove	AVAIL
vigilkindle	AVAIL
rosterbadge	AVAIL
trussember	AVAIL
briefsteady	AVAIL
sonartensor	AVAIL
trunkescrow	AVAIL
pulsemesh	TAKEN
deltafuel	TAKEN
wavecraft	TAKEN
yardsolid	AVAIL
currentfloat	TAKEN
streamdebit	AVAIL
surveypatrol	TAKEN
codexvault	TAKEN
gatejoin	TAKEN
lookoutweave	AVAIL
bridgewarden	TAKEN
wavesettle	AVAIL
covecohort	AVAIL
flowlaunch	TAKEN
meshcell	TAKEN
harborlaunch	TAKEN
dockprime	TAKEN
coveyield	AVAIL
routealign	TAKEN
foundryscan	TAKEN
probesteady	AVAIL
pulseship	TAKEN
loopframe	TAKEN
driftpayer	AVAIL
meshgantry	AVAIL
looprollback	AVAIL
laneschema	AVAIL
railsconsign	AVAIL
briefsteer	AVAIL
dockethaul	AVAIL
charterspark	AVAIL
channelmerge	TAKEN
yardcareteam	TAKEN
spinecoin	TAKEN
sparkalign	TAKEN
pillarpallet	AVAIL
flowruntime	TAKEN
boardbrisk	AVAIL
loopbright	TAKEN
sonarassign	AVAIL
studiotune	TAKEN
desksettle	AVAIL
sonarcast	TAKEN
pillarlink	TAKEN
graphquiet	AVAIL
sensorsound	TAKEN
kilnsurge	AVAIL
benchdebit	AVAIL
vigiljoin	AVAIL
harborcharge	TAKEN
portbind	TAKEN
fabricalign	AVAIL
basecohort	AVAIL
streamcharge	TAKEN
baypicket	AVAIL
dialsteady	TAKEN
kindleopen	TAKEN
orbitplain	AVAIL
frameswift	TAKEN
quaymatch	AVAIL
portplot	TAKEN
tracedraft	TAKEN
recordfirst	TAKEN
surveybind	AVAIL
atlasbranch	TAKEN
spansync	TAKEN
framenorth	TAKEN
workscarbon	AVAIL
codexpayout	AVAIL
sparkraise	TAKEN
trailcolumn	AVAIL
radarsurge	TAKEN
pathforge	TAKEN
boardsort	TAKEN
trusscompile	AVAIL
gatenorth	TAKEN
signalattest	AVAIL
dynamostream	TAKEN
signalproof	TAKEN
panelpallet	AVAIL
sonarattest	AVAIL
gaugetender	AVAIL
driftcolumn	TAKEN
reachmint	TAKEN
tracepayout	AVAIL
capehydro	TAKEN
crestalign	TAKEN
vaultsolid	TAKEN
railspair	AVAIL
tracehydro	AVAIL
amptrack	TAKEN
docketgate	TAKEN
pathgate	TAKEN
studiomesh	TAKEN
registersift	AVAIL
wardenscan	TAKEN
dockalign	TAKEN
trussemblem	AVAIL
trunkrelease	AVAIL
gridpolicy	TAKEN
surveypicket	AVAIL
tracetriage	AVAIL
studioservo	TAKEN
arcemblem	AVAIL
pathplain	AVAIL
trailcompile	AVAIL
voltdrive	TAKEN
relaymerge	AVAIL
prismproof	TAKEN
dialvector	AVAIL
covefuse	AVAIL
layerscan	TAKEN
dynamoquiet	AVAIL
railsgantry	AVAIL
arcseal	TAKEN
benchdosage	AVAIL
metergauge	TAKEN
kindlemoor	AVAIL
ridgesurge	AVAIL
workspair	AVAIL
weaveshift	TAKEN
railbeam	TAKEN
forgebind	AVAIL
registerlift	AVAIL
coreoffset	AVAIL
crestweave	TAKEN
radarbiomass	AVAIL
radarquiet	AVAIL
landingsound	AVAIL
helmsteady	TAKEN
lensrank	TAKEN
switchrelay	TAKEN
benchseal	AVAIL
capepayout	AVAIL
capefirst	TAKEN
kernelprism	TAKEN
layertoken	TAKEN
atlasapprove	AVAIL
metercolumn	AVAIL
pulsecharter	TAKEN
panelcohort	AVAIL
atlasclear	TAKEN
trailspan	TAKEN
depotdebit	AVAIL
sonarmesh	TAKEN
plinthinfer	AVAIL
spinecorpus	AVAIL
scopesharp	TAKEN
gaugeprime	TAKEN
metermerge	TAKEN
turbinesharp	AVAIL
temposwift	TAKEN
graphassign	AVAIL
basehydro	AVAIL
voltprime	TAKEN
graphcipher	AVAIL
arcpallet	AVAIL
pulsenorth	TAKEN
ampvolt	TAKEN
lenscarbon	TAKEN
loomweave	TAKEN
arcbind	TAKEN
meterdepth	AVAIL
forgefloat	TAKEN
panelcontrol	TAKEN
lensalign	TAKEN
currentyield	TAKEN
codexground	TAKEN
deskdispatch	TAKEN
summitquiet	AVAIL
spanmoor	AVAIL
channelsync	TAKEN
deltaclear	TAKEN
panelpay	TAKEN
yardalign	AVAIL
enginebadge	AVAIL
shieldsignet	AVAIL
railkeen	AVAIL
landingsharp	AVAIL
havenpay	TAKEN
ledgerinfer	AVAIL
waveboost	TAKEN
wavecutlist	AVAIL
rosterseal	TAKEN
portclean	TAKEN
bridgemerge	TAKEN
flareforge	TAKEN
forgeground	TAKEN
deltahydro	TAKEN
almanacsharp	AVAIL
orbitsteer	AVAIL
ledgerattest	AVAIL
spinepilot	TAKEN
flowschedule	TAKEN
ledgerbeam	TAKEN
flowraise	TAKEN
presscompile	AVAIL
meshrampart	AVAIL
trunkactuate	AVAIL
bayjoin	AVAIL
keepharden	AVAIL
benchcutlist	AVAIL
railsinbound	AVAIL
baseinbound	AVAIL
ampscan	TAKEN
streamfuel	TAKEN
layerkindle	AVAIL
spanjoin	AVAIL
keepstaging	AVAIL
reachshield	TAKEN
tidesteady	AVAIL
flowrender	TAKEN
reactorfuse	AVAIL
stacksteady	TAKEN
kernelpay	TAKEN
graphboost	TAKEN
benchpayload	AVAIL
meterkeen	AVAIL
recordcanvas	TAKEN
kilncognate	AVAIL
foliocrisp	AVAIL
signalpayout	TAKEN
quaysift	AVAIL
flarerank	TAKEN
sonargantry	AVAIL
flareprompt	TAKEN
dialemission	AVAIL
lookoutscan	AVAIL
circuitsort	AVAIL
maprenew	AVAIL
spanclear	AVAIL
recordsort	AVAIL
trailbright	TAKEN
relaysound	TAKEN
atlasdock	TAKEN
enginefleet	TAKEN
pillarsync	TAKEN
arcspatial	TAKEN
harborbright	TAKEN
docketfleet	AVAIL
codexmandate	AVAIL
baseschema	TAKEN
ampship	TAKEN
latticeshift	TAKEN
orbitcalm	TAKEN
crestcipher	AVAIL
ledgerdeploy	AVAIL
braidremit	AVAIL
towerground	AVAIL
scopeaudit	TAKEN
kilncutlist	AVAIL
flowclear	TAKEN
deskdisclose	AVAIL
spineruntime	AVAIL
almanacpair	AVAIL
layersharp	AVAIL
patrolrecord	AVAIL
indexlidar	AVAIL
bayampere	AVAIL
gatetier	TAKEN
portrampart	AVAIL
compassember	AVAIL
pulseanchor	TAKEN
lenstender	AVAIL
lensmandate	AVAIL
meteragent	TAKEN
peakgantry	AVAIL
traceraise	AVAIL
atlasprism	TAKEN
gridstaging	TAKEN
trackboost	TAKEN
trussthermal	AVAIL
latticescan	TAKEN
pulsestream	TAKEN
boardpolicy	TAKEN
peaktier	TAKEN
quayservo	AVAIL
atlasvolt	TAKEN
briefscan	TAKEN
lanehaul	TAKEN
mapconsent	AVAIL
benchpilot	TAKEN
benchcompile	AVAIL
stackcharge	TAKEN
ledgerservo	AVAIL
gatetrue	TAKEN
compassdraft	TAKEN
corecarbon	TAKEN
basesound	TAKEN
crestcoin	TAKEN
bridgesort	AVAIL
summitweave	AVAIL
anvilrelease	AVAIL
sparksolid	TAKEN
trusstempo	AVAIL
ledgerident	AVAIL
deskhaul	AVAIL
peakbind	AVAIL
graphinvoice	AVAIL
baseyield	TAKEN
prismtier	AVAIL
amphydro	TAKEN
mapcohort	TAKEN
voltcontext	AVAIL
graphrenew	AVAIL
surveydraft	AVAIL
gateinfer	AVAIL
anchorcipher	AVAIL
crestground	TAKEN
kindlepair	AVAIL
orbitfeed	TAKEN
prismservo	AVAIL
scopegrid	TAKEN
embernorth	TAKEN
keepmerge	AVAIL
braidjoin	AVAIL
bayplain	AVAIL
surveykindle	AVAIL
quayscan	AVAIL
deskcareteam	AVAIL
engineraise	AVAIL
trailcohort	AVAIL
currentroute	TAKEN
reachoffset	AVAIL
crestlaunch	TAKEN
basepallet	AVAIL
towercommit	AVAIL
railscommit	AVAIL
harborsolar	TAKEN
sensortune	TAKEN
trussoffset	AVAIL
vigilcipher	AVAIL
baseactuate	AVAIL
sealmandate	AVAIL
worksgantry	AVAIL
turbinebind	AVAIL
surveyescrow	AVAIL
prismemblem	AVAIL
switchanchor	AVAIL
watchpolicy	TAKEN
reachpalette	TAKEN
loopcanvas	TAKEN
sparkweight	TAKEN
gridcomply	TAKEN
rosterframe	TAKEN
atlasreason	AVAIL
wharfpallet	AVAIL
weavefloat	AVAIL
harbormesh	TAKEN
beaconcoin	TAKEN
codexpayer	AVAIL
layercolumn	AVAIL
gridcobot	AVAIL
anvilbrisk	AVAIL
landingsurge	AVAIL
portground	TAKEN
boardcharge	AVAIL
peakmatch	TAKEN
streamcohort	TAKEN
trunkquiet	AVAIL
frameclean	TAKEN
workscontext	AVAIL
routeshift	TAKEN
gaugeagent	TAKEN
compasscrisp	AVAIL
stacklaunch	TAKEN
meterember	AVAIL
quaycanvas	AVAIL
guardclean	TAKEN
reactorfuel	TAKEN
forgepalette	AVAIL
worksattest	AVAIL
codexhaul	AVAIL
latticespan	TAKEN
pulseoffset	AVAIL
gridseal	TAKEN
spinejoin	AVAIL
railsbeam	AVAIL
docktender	TAKEN
ledgerproof	TAKEN
tracepay	TAKEN
trussframe	TAKEN
gridfuel	TAKEN
foundryrank	TAKEN
sealtoken	TAKEN
basinchart	AVAIL
dockcomply	TAKEN
portyield	AVAIL
basecell	TAKEN
flowcompile	AVAIL
corecredit	TAKEN
meshsignet	AVAIL
peaksurge	TAKEN
sonarcoin	TAKEN
meterbeam	TAKEN
docksound	TAKEN
flareagent	TAKEN
haventurbine	AVAIL
patrolboost	AVAIL
basinmontage	AVAIL
basedraft	TAKEN
reachweave	AVAIL
panelcanvas	AVAIL
driftsettle	AVAIL
kilnreckon	AVAIL
signalmetric	TAKEN
channelqueue	TAKEN
reachswift	TAKEN
beaconclaim	AVAIL
spineweight	AVAIL
stacksound	TAKEN
pulsesteady	TAKEN
loomjoin	AVAIL
meshsentinel	TAKEN
anvilfirst	AVAIL
lanternswift	AVAIL
flowescalate	AVAIL
millframe	TAKEN
wharfreel	AVAIL
deltadepot	TAKEN
flarequiet	TAKEN
railyield	AVAIL
capesteer	AVAIL
deltascale	TAKEN
helmflow	TAKEN
flarepair	TAKEN
sonarlidar	AVAIL
pillarembed	AVAIL
worksgauge	AVAIL
reactorship	AVAIL
crestwarden	AVAIL
routeinbound	TAKEN
wavereel	TAKEN
laneship	TAKEN
pressfuse	TAKEN
basejoin	TAKEN
spanfloat	AVAIL
docketlading	AVAIL
dialcell	TAKEN
docketledger	TAKEN
yardweave	AVAIL
emberclean	TAKEN
beaconschema	AVAIL
gridsort	TAKEN
tideclean	TAKEN
basethermal	TAKEN
radarkindle	AVAIL
stackremit	TAKEN
surveyweave	AVAIL
tideremit	AVAIL
folioconsent	AVAIL
dockservo	AVAIL
gaugecorpus	AVAIL
meshident	AVAIL
codexjoin	AVAIL
trunkembed	AVAIL
conduitspark	AVAIL
yardhaul	TAKEN
flowtrigger	TAKEN
docketintake	TAKEN
meshproof	TAKEN
beaconraise	AVAIL
arcturbine	AVAIL
relayescrow	AVAIL
panelfirst	TAKEN
guardfuel	TAKEN
capesolid	AVAIL
portbuild	TAKEN
kilnrelease	AVAIL
streamfloat	TAKEN
trunkcargo	TAKEN
coretrim	TAKEN
fabricpayout	AVAIL
dialpayer	AVAIL
summitbrisk	AVAIL
layeraudit	TAKEN
pathbind	TAKEN
beaconsteer	AVAIL
tempoground	AVAIL
depotpay	TAKEN
metercipher	AVAIL
framesound	TAKEN
channelvolt	TAKEN
studioreckon	TAKEN
towercontrol	TAKEN
portship	TAKEN
scopeproof	TAKEN
crestanchor	TAKEN
ridgevitals	AVAIL
picketquiet	AVAIL
railoffset	AVAIL
channelsharp	AVAIL
benchsolid	AVAIL
driftyield	TAKEN
worksvault	TAKEN
pillarchart	AVAIL
towerpay	TAKEN
atlastrace	TAKEN
summitspark	TAKEN
basemesh	TAKEN
workslevel	TAKEN
corefuse	TAKEN
dialcraft	TAKEN
deskprime	TAKEN
fabricprobe	AVAIL
circuitfeed	TAKEN
basemodel	TAKEN
surveyprism	TAKEN
radarprobe	TAKEN
traildebit	AVAIL
sonarpayer	AVAIL
meterclaim	AVAIL
folioship	AVAIL
graphtender	AVAIL
capeservo	AVAIL
sensorsift	TAKEN
surveyaudit	TAKEN
portcompile	AVAIL
worksrecord	TAKEN
enginelaunch	TAKEN
wavecargo	TAKEN
stackmetric	TAKEN
dialplain	AVAIL
spandeploy	AVAIL
signalclear	TAKEN
millmesh	AVAIL
pathgauge	AVAIL
framepallet	AVAIL
brieftriage	AVAIL
docketlaunch	TAKEN
loopsurge	TAKEN
gateaudit	TAKEN
gatestatute	AVAIL
fabricagent	TAKEN
chartermint	TAKEN
compassdepth	AVAIL
corecognate	AVAIL
kerneltender	AVAIL
briefsound	AVAIL
dialescrow	AVAIL
tempointake	AVAIL
loomtier	AVAIL
millsound	TAKEN
peaksync	TAKEN
recordassign	AVAIL
shieldcraft	TAKEN
docketindex	TAKEN
pillarcrisp	AVAIL
sensorfirst	AVAIL
dynamocast	AVAIL
worksledger	AVAIL
peakinbound	TAKEN
orbitchart	TAKEN
sonarpay	TAKEN
railtabular	AVAIL
gridsettle	TAKEN
covelink	TAKEN
foundryclear	AVAIL
manifestsort	AVAIL
coreshift	TAKEN
tempostudio	TAKEN
towerapprove	AVAIL
depotfeed	TAKEN
towerscale	TAKEN
signalweight	TAKEN
loompatch	TAKEN
surveyreckon	AVAIL
framebastion	AVAIL
kerneltrim	AVAIL
folioprism	TAKEN
corecolumn	TAKEN
layerlidar	AVAIL
chartdosage	AVAIL
threadboost	TAKEN
portsteady	TAKEN
dialrenew	AVAIL
railsanchor	AVAIL
compasstier	AVAIL
bridgemetric	TAKEN
baytrace	TAKEN
worksactuate	AVAIL
picketfuse	AVAIL
workshopjoin	AVAIL
currentreel	TAKEN
meshfiling	AVAIL
amplift	TAKEN
millpair	AVAIL
millreckon	AVAIL
anchoragent	TAKEN
frameplot	AVAIL
indexgantry	AVAIL
lensfacet	AVAIL
threadprime	TAKEN
loomopen	AVAIL
portweave	TAKEN
signalpatrol	TAKEN
dialtier	AVAIL
deskrecord	TAKEN
recordlading	AVAIL
portsentinel	TAKEN
cadencebuild	TAKEN
meshfleet	TAKEN
prismfiling	AVAIL
railplain	AVAIL
weavemint	TAKEN
compasscoin	TAKEN
fabricbrisk	AVAIL
rosterchart	TAKEN
enginetrust	TAKEN
briefvitals	AVAIL
channelfirst	TAKEN
shieldground	TAKEN
covegrid	TAKEN
scopeharden	AVAIL
framelaunch	TAKEN
foliometric	TAKEN
baymontage	AVAIL
dynamofuse	AVAIL
trailbranch	AVAIL
keepwarrant	AVAIL
boardqueue	TAKEN
lanefleet	AVAIL
prismseal	TAKEN
spinelading	AVAIL
tracktier	TAKEN
lanelink	TAKEN
paneltrack	TAKEN
sonaroffset	AVAIL
shieldsort	AVAIL
foundrypilot	TAKEN
signalfloat	TAKEN
peakcoin	TAKEN
kernelpicket	AVAIL
quayrank	AVAIL
radarscan	TAKEN
tracenorth	TAKEN
chartfuel	TAKEN
prismcontext	AVAIL
portboost	TAKEN
sonarhandoff	AVAIL
arclastmile	AVAIL
probetrigger	AVAIL
basepayout	AVAIL
scopeclinic	TAKEN
lanebuild	TAKEN
flowfeed	TAKEN
meterlidar	AVAIL
railsentinel	TAKEN
surveyclear	AVAIL
corelastmile	AVAIL
reactorplain	AVAIL
laneswift	TAKEN
panelcompile	AVAIL
reachpayer	AVAIL
stacktoken	TAKEN
prismdebit	AVAIL
laneapprove	AVAIL
wardenstream	AVAIL
flowreferral	TAKEN
wharfthermal	AVAIL
arcrank	TAKEN
atlasprompt	TAKEN
docksort	AVAIL
railsrampart	AVAIL
sealflow	TAKEN
pillarschema	AVAIL
circuitvault	TAKEN
wharfsurge	AVAIL
orbitpayer	TAKEN
registerpay	TAKEN
loopcraft	TAKEN
pillarbind	AVAIL
tidetrack	TAKEN
looplevel	TAKEN
reachboost	TAKEN
foliostream	TAKEN
flowopen	TAKEN
conduitvault	TAKEN
harborampere	AVAIL
turbinemerge	AVAIL
currentsharp	AVAIL
rosterpayout	AVAIL
quaydrive	AVAIL
foundrytrust	TAKEN
dossierpilot	TAKEN
tempotier	AVAIL
wharfrenew	AVAIL
meshreason	AVAIL
ledgerfuel	TAKEN
docketforge	TAKEN
gaugepayer	AVAIL
harborassign	AVAIL
coreharden	AVAIL
gaugealign	AVAIL
kernelmint	TAKEN
spinequiet	AVAIL
pressreason	AVAIL
corebuild	TAKEN
ampflow	TAKEN
yardkeystone	AVAIL
fabricplot	AVAIL
plinthjoin	AVAIL
spanassign	AVAIL
meterplot	AVAIL
scopeservo	AVAIL
radaremblem	AVAIL
boardsettle	AVAIL
peakledger	TAKEN
layervolt	TAKEN
spancontrol	TAKEN
wavecorpus	AVAIL
folioproof	TAKEN
anchorsound	TAKEN
ledgerbadge	AVAIL
trussweave	AVAIL
towerlaunch	TAKEN
lanelaunch	TAKEN
patrolpilot	TAKEN
gridcohort	TAKEN
lanepay	TAKEN
wavedosage	AVAIL
vaultbadge	TAKEN
towerpatrol	TAKEN
deltaharden	AVAIL
sealwarrant	AVAIL
looprank	TAKEN
railsclaim	AVAIL
relaylaunch	TAKEN
dialcontext	AVAIL
dockemission	AVAIL
basewarrant	AVAIL
spineagent	TAKEN
layerpatch	AVAIL
dialjoin	AVAIL
corevolt	TAKEN
rosterforge	TAKEN
desktempo	AVAIL
almanacpay	TAKEN
trusstrue	AVAIL
keepsteer	AVAIL
spineharden	AVAIL
lanterntrue	TAKEN
manifestcast	AVAIL
helmwarrant	AVAIL
trailbedside	AVAIL
braidtrack	AVAIL
beaconanchor	AVAIL
coreclaim	TAKEN
scopelaunch	TAKEN
panelcoin	TAKEN
wavedock	TAKEN
tempodeploy	AVAIL
reachplain	AVAIL
briefcargo	AVAIL
lanebranch	AVAIL
basebind	TAKEN
pathsteer	TAKEN
beaconembed	AVAIL
sensorpatrol	TAKEN
yardrampart	AVAIL
keepdispatch	TAKEN
sparksolar	TAKEN
dockweight	AVAIL
gridpair	TAKEN
trailpallet	AVAIL
railsync	TAKEN
tempolevel	AVAIL
railkilowatt	AVAIL
kilntrue	AVAIL
loomship	AVAIL
kernelplain	AVAIL
summitfirst	TAKEN
embertensor	TAKEN
gaugecobot	AVAIL
gridcharter	TAKEN
forgefreight	TAKEN
flowpair	TAKEN
trunkcohort	AVAIL
baycrisp	AVAIL
briefconsent	AVAIL
basecharter	TAKEN
surveyledger	TAKEN
gridoffset	TAKEN
anchorampere	AVAIL
harborpilot	TAKEN
braidpalette	AVAIL
benchcorpus	AVAIL
weavetier	AVAIL
wharfgantry	AVAIL
trackfiling	AVAIL
anvilsound	AVAIL
crestlading	AVAIL
pulsepair	TAKEN
trailpayer	AVAIL
kerneltune	AVAIL
fabricdraft	AVAIL
flaretier	AVAIL
tracecohort	AVAIL
railrelay	TAKEN
flaresurge	TAKEN
kilnforge	TAKEN
relaycharge	TAKEN
wavefirst	TAKEN
charterdebit	AVAIL
enginesort	AVAIL
radardepth	AVAIL
shieldshift	TAKEN
guardquiet	AVAIL
trailfeed	TAKEN
gatesteer	AVAIL
currentcalm	AVAIL
threadstream	TAKEN
plinthpair	AVAIL
pulseturbine	AVAIL
lookoutclear	AVAIL
shieldpolicy	TAKEN
lanternfirst	AVAIL
braidtrue	AVAIL
baseroute	TAKEN
benchescrow	AVAIL
sonarpair	AVAIL
corekindle	TAKEN
torchembed	AVAIL
tracktensor	TAKEN
stackbadge	TAKEN
shieldfirst	TAKEN
tracereckon	AVAIL
tidesort	AVAIL
folioweave	TAKEN
lookoutcraft	AVAIL
stackproof	TAKEN
deskcast	TAKEN
trailpalette	TAKEN
dockoffset	AVAIL
watchkeen	AVAIL
portfreight	TAKEN
dossiershift	AVAIL
spanampere	AVAIL
railrollback	AVAIL
dossiersound	AVAIL
towertrust	TAKEN
latticejoin	AVAIL
gaugepatrol	AVAIL
stackmoor	TAKEN
codexswift	TAKEN
surveybrisk	AVAIL
workswarden	AVAIL
pressmontage	AVAIL
quaybrisk	AVAIL
towerpicket	AVAIL
conduitseal	AVAIL
railcommit	AVAIL
pathinvoice	TAKEN
studioground	TAKEN
baselaunch	TAKEN
gaugenorth	AVAIL
quayspark	AVAIL
loopconsign	AVAIL
threadpayer	AVAIL
foundryweave	AVAIL
towerfuse	AVAIL
tracecarbon	TAKEN
vaultbiomass	AVAIL
orbitprime	TAKEN
surveyattest	AVAIL
atlascharge	TAKEN
braidclinic	AVAIL
helmcharge	AVAIL
streamtrue	TAKEN
pillaragent	TAKEN
gridboost	TAKEN
scopesolid	TAKEN
probecalm	AVAIL
stackpicket	AVAIL
kindlereckon	AVAIL
stackmandate	AVAIL
quaydispatch	AVAIL
gridtreasury	TAKEN
watchopen	TAKEN
covesolar	TAKEN
dynamobrisk	AVAIL
driftpallet	AVAIL
caperender	AVAIL
bridgeweight	TAKEN
spanbind	AVAIL
layerbadge	AVAIL
beaconrelay	TAKEN
haveninbound	AVAIL
panelspark	TAKEN
arcpatrol	AVAIL
dialgate	TAKEN
mapindex	TAKEN
landingspark	TAKEN
meshqueue	TAKEN
railscarbon	AVAIL
relayrender	AVAIL
trunkcognate	AVAIL
summitscale	TAKEN
portident	AVAIL
flarekindle	AVAIL
compassvolt	AVAIL
peakbright	TAKEN
helmregistry	AVAIL
gaugeopen	AVAIL
conduitsolid	AVAIL
tracksolid	TAKEN
pillarcorpus	AVAIL
engineguard	TAKEN
trunkcredit	AVAIL
helmruntime	AVAIL
baycohort	AVAIL
harborstudio	TAKEN
driftopen	TAKEN
baycharge	TAKEN
dialsort	AVAIL
basinopen	AVAIL
docketbright	AVAIL
sonartier	AVAIL
trussfreight	AVAIL
meterident	AVAIL
framestatute	AVAIL
peakreferral	TAKEN
fabricforge	TAKEN
almanacgate	AVAIL
peaksentinel	TAKEN
lanetrack	TAKEN
trunkvault	TAKEN
channeljoin	AVAIL
basinsteer	AVAIL
spinecast	TAKEN
pathbedside	AVAIL
relaycorpus	AVAIL
tracetrigger	TAKEN
orbitreel	AVAIL
kindlesift	AVAIL
cadencealign	AVAIL
dossierplain	AVAIL
foundryframe	TAKEN
pillarpayout	AVAIL
millbuild	TAKEN
yardpalette	AVAIL
portguard	TAKEN
summitboost	TAKEN
baseampere	AVAIL
enginealign	AVAIL
ampweight	AVAIL
tracecast	TAKEN
channelindex	TAKEN
arcmanifest	AVAIL
deskclinic	TAKEN
trussanchor	AVAIL
coreaudit	TAKEN
torchmerge	AVAIL
tracecobot	AVAIL
gaugekeen	AVAIL
gridshield	TAKEN
wavecoin	TAKEN
pulsereckon	AVAIL
studiobind	TAKEN
railstrue	AVAIL
probesignet	AVAIL
lanemint	TAKEN
workshopcell	AVAIL
patrolfuse	AVAIL
havenscan	TAKEN
wavecharge	TAKEN
ridgecalm	AVAIL
scopemodel	TAKEN
ridgeactuate	AVAIL
voltsteady	TAKEN
engineframe	TAKEN
kindlepilot	AVAIL
radarcadence	AVAIL
waveintake	AVAIL
kilnclear	AVAIL
baycitadel	TAKEN
railscalm	AVAIL
graphclaim	AVAIL
channeltrust	TAKEN
kernelbadge	AVAIL
layersentry	TAKEN
reactorweave	TAKEN
pulseplain	TAKEN
routeclear	TAKEN
boardsolid	TAKEN
anchorcrisp	AVAIL
crestdrive	TAKEN
dynamofirst	AVAIL
arclading	AVAIL
raildock	TAKEN
kindlerank	TAKEN
ridgepalette	AVAIL
layermoor	AVAIL
quaycobot	AVAIL
layergantry	AVAIL
atlasember	TAKEN
plinthdeploy	AVAIL
anchortrim	AVAIL
gridlink	TAKEN
trailrelay	TAKEN
signalbind	TAKEN
spanrelease	AVAIL
waveplot	TAKEN
peakpayout	TAKEN
stackhaul	TAKEN
spancipher	AVAIL
basintier	AVAIL
picketplain	AVAIL
loopmetric	TAKEN
layerbright	AVAIL
lanterncraft	TAKEN
bayshield	TAKEN
keepclear	TAKEN
spanregistry	AVAIL
sentryfuel	TAKEN
anchorescrow	TAKEN
boardfirst	TAKEN
basekindle	AVAIL
foundryfirst	TAKEN
foliotrust	TAKEN
wardenscale	AVAIL
summitintake	TAKEN
capecobot	AVAIL
sonarlens	TAKEN
forgejoin	AVAIL
baylastmile	AVAIL
vaultdataset	AVAIL
stacktempo	TAKEN
wavepayer	AVAIL
prismrampart	AVAIL
probesentry	TAKEN
tideship	TAKEN
covevitals	AVAIL
mapmoor	AVAIL
guardlaunch	TAKEN
forgemint	TAKEN
havenfirst	TAKEN
keepcontext	TAKEN
tidestream	TAKEN
helmvault	TAKEN
bridgeprism	TAKEN
layersolid	AVAIL
anchorcargo	TAKEN
towermetric	TAKEN
spanclaim	AVAIL
bridgebeam	TAKEN
forgecommit	AVAIL
spanraise	AVAIL
spinesteady	AVAIL
atlaschart	TAKEN
trussfacet	AVAIL
looptrack	TAKEN
boardpay	TAKEN
spinedeploy	AVAIL
plinthservo	AVAIL
gridsolar	TAKEN
loomlaunch	TAKEN
harborsolid	AVAIL
almanacmerge	AVAIL
currentvault	TAKEN
spantune	AVAIL
briefstaging	AVAIL
docketmint	TAKEN
pathsift	AVAIL
wharfquiet	AVAIL
desktoken	TAKEN
havendebit	AVAIL
harbortrust	TAKEN
loopapprove	AVAIL
orbitcargo	TAKEN
ateliersync	TAKEN
meshcolumn	AVAIL
rosterattest	AVAIL
enginelink	TAKEN
arcvector	TAKEN
almanacbuild	AVAIL
braidsort	AVAIL
meterjoin	AVAIL
ridgejoin	AVAIL
sensordebit	AVAIL
waveraise	TAKEN
towercognate	AVAIL
covedraft	AVAIL
chartlidar	AVAIL
channelrenew	AVAIL
coremoor	AVAIL
spineampere	AVAIL
tempoalign	TAKEN
bridgescale	TAKEN
lanefirst	AVAIL
baydock	TAKEN
havenbiomass	AVAIL
loopstream	TAKEN
boardsignal	TAKEN
channeldepth	AVAIL
keeptune	TAKEN
railember	AVAIL
registerfeed	TAKEN
havenjoin	AVAIL
radarcontrol	TAKEN
dialsignet	AVAIL
dynamotier	AVAIL
peaklift	TAKEN
vigilshield	TAKEN
benchcomply	AVAIL
towerbind	AVAIL
summitpilot	TAKEN
torchpair	AVAIL
pulsetrace	TAKEN
harborpallet	TAKEN
trussalign	AVAIL
watchgate	TAKEN
dockplot	TAKEN
channelgate	TAKEN
cadencereel	AVAIL
studiosift	TAKEN
pulsebastion	AVAIL
fabricmint	TAKEN
vaultcell	TAKEN
cadencerank	AVAIL
graphscale	TAKEN
helminfer	AVAIL
patrolbeam	TAKEN
meshalign	TAKEN
reachlaunch	TAKEN
graphpolicy	AVAIL
panelgate	TAKEN
harborfuel	TAKEN
helmclear	AVAIL
codexrank	AVAIL
lanetier	AVAIL
radardraft	AVAIL
spanboost	TAKEN
kilnweight	AVAIL
bridgeshield	TAKEN
sensorlink	TAKEN
meshembed	TAKEN
pathclinic	TAKEN
workscommit	AVAIL
orbitcorpus	AVAIL
panelfreight	AVAIL
tracelevel	TAKEN
dockcompile	AVAIL
corelevel	TAKEN
wavedepot	TAKEN
streamship	TAKEN
benchforge	TAKEN
chartcredit	TAKEN
portspatial	AVAIL
framerampart	AVAIL
helmledger	TAKEN
kernelship	TAKEN
dialweight	AVAIL
peakactuate	AVAIL
tidegate	TAKEN
enginematch	TAKEN
indexampere	AVAIL
pathartifact	AVAIL
depotwarden	AVAIL
coreboost	TAKEN
threadkindle	AVAIL
coreschema	TAKEN
studioboost	TAKEN
forgepayload	AVAIL
ridgelevel	AVAIL
helmtrigger	AVAIL
briefdraft	TAKEN
coreplot	TAKEN
panelvault	TAKEN
anchorpair	TAKEN
atelierspan	AVAIL
towercobot	AVAIL
beaconquiet	AVAIL
dialbeam	TAKEN
bridgeprobe	AVAIL
guardsound	TAKEN
cadencesharp	AVAIL
sonarclinic	TAKEN
crestbeam	TAKEN
capepicket	AVAIL
spantrigger	AVAIL
kindletensor	AVAIL
turbinematch	AVAIL
codexplot	AVAIL
embermodel	TAKEN
sealclean	TAKEN
probeoffset	AVAIL
lensjoin	AVAIL
basestatute	AVAIL
wharftrue	AVAIL
wavefuse	TAKEN
worksjoin	AVAIL
railreason	AVAIL
waverank	TAKEN
dialassign	AVAIL
docktier	AVAIL
railsbadge	AVAIL
kindlecast	TAKEN
coresound	TAKEN
kernelproof	TAKEN
boardsift	AVAIL
summitsettle	AVAIL
routefuse	TAKEN
corenorth	TAKEN
loomgantry	AVAIL
radarcast	TAKEN
flarechart	TAKEN
tempocolumn	AVAIL
fabricpay	TAKEN
bayalign	AVAIL
studiodeploy	TAKEN
currentfeed	TAKEN
framebiomass	AVAIL
pulsemoor	AVAIL
wavechart	TAKEN
probetensor	AVAIL
codexcontrol	TAKEN
railspatch	AVAIL
lanefreight	TAKEN
graphpayout	AVAIL
havenclean	TAKEN
depotspark	AVAIL
portcredit	TAKEN
circuitmoor	AVAIL
pathspan	TAKEN
docksteer	AVAIL
dockinvoice	AVAIL
arcsettle	AVAIL
boardtransit	TAKEN
indexcredit	TAKEN
rosterlift	AVAIL
foliosurge	AVAIL
loopshift	TAKEN
lanternmoor	AVAIL
loopship	TAKEN
bayhaul	TAKEN
towerescrow	TAKEN
quaystream	AVAIL
ledgeroffset	AVAIL
vaultreckon	AVAIL
peakintake	TAKEN
trackpayout	TAKEN
meshvector	TAKEN
gatefuel	TAKEN
kilncorpus	AVAIL
patrolbadge	AVAIL
havenflow	TAKEN
towerjoin	AVAIL
peaksharp	TAKEN
kindleclear	TAKEN
spinechart	TAKEN
helmtrim	AVAIL
gatethermal	AVAIL
helmrank	TAKEN
lensbiomass	AVAIL
probemandate	AVAIL
havencoin	TAKEN
voltplot	TAKEN
portsync	TAKEN
weavecargo	TAKEN
toweranchor	AVAIL
benchcargo	AVAIL
crestactuate	AVAIL
gateraise	AVAIL
ridgethermal	AVAIL
coreinvoice	TAKEN
yardreferral	AVAIL
trunkpayout	AVAIL
coveflow	TAKEN
relayrelease	AVAIL
depotship	TAKEN
docketsettle	AVAIL
pillarplain	AVAIL
folioschema	AVAIL
trussquiet	AVAIL
yardtreasury	AVAIL
framesync	TAKEN
covematch	AVAIL
yardmontage	AVAIL
wardenprime	TAKEN
wavemint	TAKEN
anchorident	AVAIL
harbornorth	TAKEN
conduityield	AVAIL
basintrack	AVAIL
weavelaunch	AVAIL
briefpallet	AVAIL
ledgercrisp	AVAIL
baymint	TAKEN
anvilsync	TAKEN
threadmoor	TAKEN
indexmatch	TAKEN
towerpatch	TAKEN
indexpilot	TAKEN
sonarspatial	AVAIL
railscrisp	AVAIL
layerground	TAKEN
graphjoin	AVAIL
layersteady	AVAIL
wharfpayload	AVAIL
baseproof	TAKEN
frameampere	AVAIL
layerlink	TAKEN
coredeploy	TAKEN
harborkindle	TAKEN
capetransit	TAKEN
wavefloat	TAKEN
baseprism	TAKEN
graphweight	TAKEN
dynamonorth	AVAIL
harborsound	TAKEN
conduitpilot	TAKEN
signalwarden	TAKEN
deltagrid	TAKEN
ridgeplain	AVAIL
routefacet	AVAIL
indexplain	AVAIL
chartclear	TAKEN
weaverelease	AVAIL
watchconsent	AVAIL
latticecraft	TAKEN
weaveinvoice	AVAIL
relaymetric	TAKEN
rostercharge	AVAIL
trussassign	AVAIL
gridbeam	TAKEN
dialpair	AVAIL
basinshield	AVAIL
lanecargo	TAKEN
pathpallet	AVAIL
dialservo	AVAIL
tracepair	TAKEN
deltakindle	AVAIL
radarcarbon	AVAIL
scopeconsent	AVAIL
latticeclear	AVAIL
ledgerfuse	TAKEN
railsort	AVAIL
metermint	TAKEN
quayclinic	AVAIL
surveychart	TAKEN
docketyield	AVAIL
vigilfuel	AVAIL
sonarpayout	AVAIL
orbitpair	TAKEN
threadsteady	TAKEN
crestpilot	TAKEN
braidpay	TAKEN
engineclear	TAKEN
chartership	TAKEN
trussraise	AVAIL
graphbastion	AVAIL
bridgepayout	AVAIL
indexbedside	AVAIL
driftsound	TAKEN
relaydrive	TAKEN
almanacbrisk	AVAIL
kilncompile	AVAIL
shieldbind	AVAIL
spinesynapse	AVAIL
surveysync	TAKEN
covebrisk	AVAIL
weavefreight	AVAIL
tempoescrow	AVAIL
forgetier	TAKEN
dossierbadge	AVAIL
registerjoin	AVAIL
railstoken	AVAIL
circuitpatch	AVAIL
workscobot	AVAIL
meterharden	AVAIL
ledgervector	TAKEN
enginebrisk	AVAIL
volthydro	AVAIL
orbitassign	AVAIL
reactorhydro	AVAIL
bridgeplain	AVAIL
deltaplain	TAKEN
streamfleet	TAKEN
kilnscale	AVAIL
trunkcoin	TAKEN
trunktrace	AVAIL
prismtrigger	AVAIL
portdataset	AVAIL
harboraudit	TAKEN
foliofacet	AVAIL
lanetune	AVAIL
sparkopen	TAKEN
radardosage	AVAIL
kernelspark	TAKEN
anvilboost	AVAIL
depotvitals	AVAIL
mapwarrant	AVAIL
latticehaul	AVAIL
trunkassign	AVAIL
layershield	TAKEN
chartscale	TAKEN
channeltrack	TAKEN
sensormesh	TAKEN
tempotrigger	AVAIL
surveydosage	AVAIL
boardfleet	TAKEN
relaylink	TAKEN
arcattest	TAKEN
vaultwarrant	AVAIL
harborsift	AVAIL
flowpayer	AVAIL
layerconsent	AVAIL
benchremit	AVAIL
tracequiet	AVAIL
haveninvoice	AVAIL
anvilcell	AVAIL
summitrenew	AVAIL
paneldosage	AVAIL
sonarplot	AVAIL
helmfleet	TAKEN
temporeel	TAKEN
towerdock	TAKEN
anvilinfer	AVAIL
signalseal	TAKEN
layerembed	AVAIL
reactorclean	AVAIL
harborfleet	TAKEN
vaultlading	AVAIL
recordintake	AVAIL
layeranchor	TAKEN
indexdrive	TAKEN
foundryqueue	AVAIL
beaconbrisk	AVAIL
portfloat	TAKEN
foundrysound	TAKEN
fabricgrid	TAKEN
orbitconsign	AVAIL
pulsesort	AVAIL
yardescrow	AVAIL
probecorpus	AVAIL
flowstaging	TAKEN
ledgerfloat	AVAIL
ledgermodel	AVAIL
rosterdepot	AVAIL
railmoor	AVAIL
coresettle	TAKEN
routekindle	AVAIL
shieldspark	TAKEN
atlascarbon	TAKEN
loopruntime	TAKEN
pulserampart	AVAIL
crestrenew	AVAIL
radarmesh	TAKEN
sonaryield	AVAIL
bridgeproof	TAKEN
threadreel	TAKEN
wharfjoin	AVAIL
routemontage	AVAIL
threadcast	TAKEN
indexpicket	AVAIL
benchpayout	AVAIL
benchcontrol	AVAIL
sparktensor	TAKEN
porthaul	TAKEN
pressforge	TAKEN
deltajoin	TAKEN
spansequence	AVAIL
corequiet	TAKEN
worksinbound	AVAIL
kindlebeam	AVAIL
vigilsolid	AVAIL
chartercraft	TAKEN
pressclear	TAKEN
sensorledger	TAKEN
threadbright	TAKEN
tempotune	TAKEN
loomcobot	AVAIL
beaconcell	AVAIL
pillartoken	TAKEN
orbitinbound	AVAIL
towercalm	AVAIL
paneltoken	TAKEN
dockpair	TAKEN
traceplain	AVAIL
loomquiet	AVAIL
stackfreight	TAKEN
trunkharden	AVAIL
relaysettle	AVAIL
chartcitadel	AVAIL
scopemint	TAKEN
harborservo	AVAIL
deskfuse	TAKEN
forgecoin	TAKEN
ateliercalm	TAKEN
scoperemit	AVAIL
ampsound	TAKEN
arcembed	AVAIL
trunktabular	AVAIL
panelsettle	AVAIL
latticeswift	AVAIL
shieldsolid	AVAIL
flarebrisk	AVAIL
studioprime	TAKEN
codexalign	AVAIL
atlasdraft	TAKEN
switchpay	TAKEN
coredrive	TAKEN
vaultinvoice	TAKEN
charterdrive	TAKEN
sonarservo	AVAIL
gateconsign	AVAIL
loomkinetic	AVAIL
conduitscale	AVAIL
gatescale	TAKEN
anvilcognate	AVAIL
deltalaunch	TAKEN
stacktransit	TAKEN
crestember	TAKEN
basincharge	AVAIL
railskeen	AVAIL
tempocredit	TAKEN
metertrim	AVAIL
railalign	AVAIL
ridgevolt	TAKEN
corecast	TAKEN
traceschema	TAKEN
rosterqueue	AVAIL
laneboost	TAKEN
panelpilot	TAKEN
sealweave	TAKEN
vigilship	AVAIL
loopinbound	AVAIL
panelcrisp	AVAIL
recordcredit	TAKEN
flowpay	TAKEN
probebiomass	AVAIL
picketrecord	AVAIL
pulsefacet	AVAIL
driftbedside	AVAIL
dockmodel	AVAIL
towerkeen	AVAIL
kernelbrisk	AVAIL
basinoffset	AVAIL
portcolumn	AVAIL
wardenemblem	AVAIL
railhaul	TAKEN
baypatrol	TAKEN
trailvault	TAKEN
gridlidar	AVAIL
wharfcobot	AVAIL
towerproof	TAKEN
vaultservo	AVAIL
crestreel	TAKEN
kernelservo	AVAIL
peakprime	TAKEN
ledgersignet	AVAIL
framecalm	AVAIL
lensdosage	AVAIL
flaretrace	TAKEN
trussdebit	AVAIL
basinturbine	AVAIL
voltboost	TAKEN
atlasquiet	TAKEN
ledgersharp	TAKEN
vigilweave	TAKEN
graphapprove	AVAIL
foundrymerge	AVAIL
tidebranch	TAKEN
spinekeen	AVAIL
deltarampart	AVAIL
trackreason	AVAIL
gaugemetric	AVAIL
vigilpair	AVAIL
sparkquiet	AVAIL
routelaunch	TAKEN
recordfuel	TAKEN
maproute	TAKEN
flaresound	TAKEN
codexsettle	AVAIL
indexagent	TAKEN
surveydebit	AVAIL
dialregister	AVAIL
arcservo	TAKEN
radartender	AVAIL
conduitgauge	AVAIL
almanaclens	AVAIL
trunkgate	TAKEN
kernelcell	TAKEN
loomboost	TAKEN
railsfeed	AVAIL
metertrack	TAKEN
threadcrisp	AVAIL
basinsettle	AVAIL
vaultcontrol	TAKEN
gatedeploy	TAKEN
lanternfuel	TAKEN
conduitbeam	AVAIL
yardvolt	TAKEN
meshscale	TAKEN
plinthcarbon	AVAIL
towerchart	AVAIL
threadtrim	TAKEN
kerneldepth	AVAIL
docketseal	TAKEN
basekeen	TAKEN
pulseproof	TAKEN
studiobeam	TAKEN
fabricattest	AVAIL
pathdepot	TAKEN
reachframe	TAKEN
tidetrue	TAKEN
anvilsurge	TAKEN
trussroute	AVAIL
atelierfeed	AVAIL
helmartifact	AVAIL
foundrycraft	TAKEN
emberplot	AVAIL
lensbedside	AVAIL
driftmontage	AVAIL
ampsteady	AVAIL
tracecontrol	TAKEN
recordrender	AVAIL
quaycargo	TAKEN
relaylading	AVAIL
towerlevel	TAKEN
reactortune	AVAIL
framebranch	AVAIL
studioscale	TAKEN
radarpayer	AVAIL
probepatrol	AVAIL
bridgealign	TAKEN
railactuate	AVAIL
peaktender	AVAIL
braidcompile	AVAIL
scopesignet	AVAIL
conduitsolar	AVAIL
deskraise	AVAIL
gridrenew	TAKEN
atlasreckon	AVAIL
voltscan	TAKEN
docketcomply	AVAIL
railtempo	AVAIL
trusscommit	AVAIL
foliojoin	AVAIL
flareframe	TAKEN
atlasnorth	TAKEN
boardfiling	AVAIL
deskquiet	AVAIL
embertune	TAKEN
ridgeclean	TAKEN
pathfloat	AVAIL
radarsteady	AVAIL
anchoralign	TAKEN
plinthanchor	AVAIL
sparkembed	TAKEN
tidealign	AVAIL
registercalm	AVAIL
forgecohort	AVAIL
helmparallax	AVAIL
fabricscale	TAKEN
railsroute	AVAIL
towertender	TAKEN
sensorcalm	TAKEN
pillarlevel	AVAIL
trailstudio	TAKEN
gridfleet	TAKEN
docketfirst	AVAIL
havenmoor	TAKEN
gridflow	TAKEN
boardcast	TAKEN
harborsurge	AVAIL
docketplain	AVAIL
trailbeam	TAKEN
basinpalette	AVAIL
guardattest	AVAIL
lanternkeen	AVAIL
flaredock	TAKEN
streamdraft	TAKEN
pulsefleet	TAKEN
tidetrim	AVAIL
fabricraise	AVAIL
wavetrue	TAKEN
wardenfuel	AVAIL
frameschema	AVAIL
worksapprove	AVAIL
gaugeyield	AVAIL
wharfoffset	AVAIL
plinthseal	AVAIL
basintrace	AVAIL
helmroute	AVAIL
summitsolid	TAKEN
latticeyield	AVAIL
charterjoin	AVAIL
reachcarbon	AVAIL
loopstudio	TAKEN
kernelspan	AVAIL
keepshift	TAKEN
towerkindle	AVAIL
coreforge	TAKEN
chartinfer	AVAIL
kindlelink	TAKEN
tracemetric	TAKEN
dockcell	TAKEN
tempofloat	AVAIL
arcsteady	TAKEN
peaksift	AVAIL
braidtrace	AVAIL
gridlading	AVAIL
radarstatute	AVAIL
arctreasury	TAKEN
worksbadge	AVAIL
sonarfuse	AVAIL
atlasproof	TAKEN
panelmint	TAKEN
millgate	TAKEN
dialquiet	AVAIL
indexdraft	AVAIL
flowdebit	AVAIL
yardgrid	TAKEN
signalcoin	TAKEN
meshtrigger	AVAIL
keeptrue	TAKEN
docketmoor	AVAIL
indexreason	AVAIL
pulsecohort	AVAIL
quaykinetic	AVAIL
codextier	AVAIL
layerjoin	AVAIL
foundrydepth	AVAIL
millsteer	AVAIL
ridgeclinic	TAKEN
lenscast	TAKEN
ampagent	TAKEN
forgebuild	TAKEN
vaultinbound	AVAIL
conduitsurge	AVAIL
portaudit	TAKEN
trunkturbine	AVAIL
anchorattest	TAKEN
tracethermal	TAKEN
gateschema	AVAIL
ateliertune	TAKEN
lanepair	AVAIL
docketcalm	AVAIL
atlasbiomass	AVAIL
shieldcomply	TAKEN
lensfuse	TAKEN
railpallet	AVAIL
engineattest	AVAIL
trunkcitadel	AVAIL
harbormatch	TAKEN
summitscan	TAKEN
basinflow	TAKEN
codextransit	AVAIL
latticesift	AVAIL
gatedraft	AVAIL
threadbind	TAKEN
braidpayout	AVAIL
kindleshift	AVAIL
meteractuate	AVAIL
gaugereckon	TAKEN
forgecarbon	TAKEN
docketswift	AVAIL
gaugecalm	AVAIL
pulsemint	TAKEN
arcdebit	AVAIL
capepalette	AVAIL
helmcontrol	TAKEN
peakspark	TAKEN
channelship	TAKEN
towermoor	AVAIL
surveyforge	TAKEN
pillarcargo	AVAIL
probecomply	AVAIL
anchoremblem	AVAIL
briefcontrol	AVAIL
gatequiet	AVAIL
anvilmerge	AVAIL
spinecarbon	AVAIL
circuitrelay	TAKEN
arcsentinel	TAKEN
recordsync	TAKEN
trunkpolicy	AVAIL
wavelink	TAKEN
signalclaim	TAKEN
kilnpair	AVAIL
atlasmandate	AVAIL
driftcommit	AVAIL
loopsharp	TAKEN
conduitlens	AVAIL
lanebeam	TAKEN
deskcommit	TAKEN
trussrecord	AVAIL
conduitguard	TAKEN
pulselaunch	TAKEN
pulsecomply	TAKEN
fabriclading	AVAIL
currentfleet	TAKEN
capepayer	AVAIL
scopecorpus	AVAIL
stackfuse	TAKEN
landingtrack	TAKEN
temposurge	TAKEN
arcshield	TAKEN
towertrack	TAKEN
relayhandoff	TAKEN
spankinetic	AVAIL
plinthmerge	AVAIL
briefinvoice	AVAIL
folioescrow	AVAIL
guardsteady	AVAIL
prismbedside	AVAIL
braidinvoice	AVAIL
ledgerpayout	AVAIL
rosteranchor	AVAIL
sensordosage	AVAIL
vaultprime	TAKEN
sensorpayout	AVAIL
coreproof	TAKEN
deskscale	TAKEN
ridgecredit	TAKEN
railsmandate	AVAIL
bridgetier	TAKEN
bridgeswift	TAKEN
dossierpatch	AVAIL
porthandoff	AVAIL
meterplain	AVAIL
depotpair	AVAIL
brieflens	TAKEN
railrampart	AVAIL
sonarsift	AVAIL
caperampart	AVAIL
basinbright	AVAIL
spancohort	AVAIL
ateliertrack	AVAIL
driftcadence	AVAIL
vaultstaging	TAKEN
benchdataset	AVAIL
beaconreason	AVAIL
scopedosage	AVAIL
anvilcontext	AVAIL
plinthgauge	AVAIL
emberembed	AVAIL
docketbuild	AVAIL
basinbastion	AVAIL
tempoconsign	AVAIL
wardenbadge	AVAIL
docketpayer	AVAIL
millprime	TAKEN
recordscan	TAKEN
meterassign	AVAIL
streamtune	TAKEN
braidgauge	AVAIL
framedeploy	AVAIL
gaugeapprove	AVAIL
deltacast	TAKEN
lanesequence	AVAIL
docketdosage	AVAIL
capespan	TAKEN
portgrid	TAKEN
kernelground	AVAIL
switchtier	AVAIL
spinescan	TAKEN
probequiet	AVAIL
basingantry	AVAIL
deskverify	TAKEN
pathtransit	AVAIL
towerdraft	TAKEN
embersynapse	AVAIL
flareampere	AVAIL
charterkeen	AVAIL
loopyield	TAKEN
coreweight	TAKEN
spanbuild	TAKEN
railsfreight	AVAIL
guardalign	AVAIL
deskwarrant	AVAIL
coveconsign	AVAIL
mapsentry	TAKEN
dockreel	TAKEN
radarattest	AVAIL
lensfeed	TAKEN
keepkeen	TAKEN
scopeplain	AVAIL
prismsolar	TAKEN
traildosage	AVAIL
briefshift	TAKEN
atlasweave	TAKEN
spinefleet	AVAIL
crestpicket	AVAIL
deskcompile	TAKEN
dialcrisp	AVAIL
picketsort	AVAIL
scopeident	AVAIL
corechart	TAKEN
briefpilot	TAKEN
gatecalm	AVAIL
surveycrisp	TAKEN
stacktabular	AVAIL
harborbuild	TAKEN
beaconsolid	AVAIL
codexpalette	AVAIL
compasstoken	TAKEN
dialgrid	TAKEN
sensordraft	AVAIL
trusspair	AVAIL
reachbiomass	AVAIL
coreapprove	AVAIL
threadship	TAKEN
scopeturbine	AVAIL
mapdraft	TAKEN
depotcutlist	AVAIL
proberank	TAKEN
recordhaul	AVAIL
railroute	TAKEN
vaultpair	TAKEN
vaultfuse	TAKEN
foundrybind	AVAIL
beaconlink	TAKEN
helmdispatch	AVAIL
orbitlaunch	TAKEN
guardopen	AVAIL
lanternship	TAKEN
voltbiomass	AVAIL
channelbind	TAKEN
guardspark	TAKEN
frameattest	AVAIL
codexclear	TAKEN
forgepatch	TAKEN
railartifact	AVAIL
arclaunch	TAKEN
pulsedraft	TAKEN
sensorfeed	TAKEN
baybind	AVAIL
shieldsift	AVAIL
foliotriage	AVAIL
prismthermal	AVAIL
reactorscan	TAKEN
circuitmatch	AVAIL
wharfalign	AVAIL
kernelforge	TAKEN
indexbadge	AVAIL
fabricampere	AVAIL
spineplain	AVAIL
vigilguard	TAKEN
havenbedside	AVAIL
vaultship	TAKEN
harborforge	TAKEN
sonartempo	AVAIL
sensorweave	TAKEN
harborstream	TAKEN
pathstudio	TAKEN
trailrank	TAKEN
dockampere	AVAIL
prismhandoff	AVAIL
maphydro	TAKEN
dialtensor	AVAIL
circuitship	TAKEN
peakfirst	TAKEN
landingsift	AVAIL
arcnorth	TAKEN
covelastmile	AVAIL
kernelswift	TAKEN
wavematch	TAKEN
shieldverify	TAKEN
shieldclaim	TAKEN
channelrank	TAKEN
flarelift	TAKEN
panelpair	AVAIL
braidintake	AVAIL
flowsync	TAKEN
patrolsteady	AVAIL
relaytune	AVAIL
conduitnorth	TAKEN
forgecargo	TAKEN
ampfeed	TAKEN
lanemetric	AVAIL
helmagent	TAKEN
channelbrisk	TAKEN
dockrelease	AVAIL
surveymatch	TAKEN
basespan	TAKEN
charterbrisk	AVAIL
mapfloat	AVAIL
vaultdeploy	TAKEN
corevault	TAKEN
temporelease	AVAIL
fabricreckon	AVAIL
watchsurge	TAKEN
pillarship	AVAIL
ateliertier	AVAIL
docketlens	TAKEN
spinesentry	AVAIL
vaultfloat	TAKEN
rosterbeam	TAKEN
ledgerember	AVAIL
cadencesift	AVAIL
gatehandoff	AVAIL
layercrisp	AVAIL
recordcolumn	AVAIL
bayclear	TAKEN
kerneldeploy	AVAIL
picketfirst	TAKEN
gaugesolar	AVAIL
mapactuate	AVAIL
kernelmerge	TAKEN
briefcredit	TAKEN
arcsharp	AVAIL
baythermal	TAKEN
ridgecharge	AVAIL
dockbiomass	AVAIL
arcindex	TAKEN
flarepilot	TAKEN
keepyield	TAKEN
workshopsift	AVAIL
temporuntime	AVAIL
charterweave	AVAIL
turbinebrisk	AVAIL
threadintake	AVAIL
meshcognate	AVAIL
deskintake	AVAIL
helmsound	TAKEN
sonarmint	AVAIL
indexbrisk	AVAIL
vaultcharge	TAKEN
loomreckon	AVAIL
framecredit	TAKEN
graphpilot	TAKEN
anvilrender	AVAIL
briefsift	TAKEN
keepinfer	AVAIL
prismlaunch	TAKEN
gridpatrol	TAKEN
codexscale	TAKEN
chartaudit	TAKEN
toweraudit	AVAIL
almanactrue	AVAIL
currentraise	AVAIL
railshaul	AVAIL
dialpatrol	AVAIL
trussinfer	AVAIL
lensclear	TAKEN
railattest	AVAIL
anviltune	AVAIL
vigilwarden	TAKEN
baycredit	TAKEN
havengrid	TAKEN
stackgauge	TAKEN
framebuild	TAKEN
yardcraft	TAKEN
shieldfuse	TAKEN
shieldcrisp	AVAIL
driftquiet	AVAIL
tideplain	TAKEN
conduitkeen	AVAIL
spankeystone	AVAIL
orbitopen	TAKEN
basecognate	AVAIL
baseruntime	TAKEN
radarmandate	AVAIL
channelflow	TAKEN
gaugebind	AVAIL
pulseremit	TAKEN
signalharden	AVAIL
pathcast	TAKEN
basinquiet	AVAIL
harborspan	TAKEN
benchfacet	AVAIL
wavecrisp	TAKEN
depotprime	TAKEN
guardcast	TAKEN
sentrybrisk	AVAIL
trailcraft	TAKEN
yardmerge	AVAIL
gridaudit	TAKEN
framecontrol	TAKEN
meshsentry	TAKEN
voltampere	TAKEN
basescan	TAKEN
paneldraft	TAKEN
railharden	AVAIL
streamnorth	TAKEN
spinerecord	TAKEN
crestcanvas	TAKEN
embertrim	AVAIL
beaconinfer	AVAIL
gaugeshift	AVAIL
dialtoken	TAKEN
kernelstream	TAKEN
scopechart	TAKEN
kernelpair	AVAIL
pathyield	TAKEN
harbormodel	TAKEN
codextrack	AVAIL
orbitboost	TAKEN
spinesteer	AVAIL
panelfacet	AVAIL
relaysurge	TAKEN
braidfuse	AVAIL
lanemontage	AVAIL
braidfleet	AVAIL
yardsift	AVAIL
wardenrecord	AVAIL
studiopilot	TAKEN
dossierbind	AVAIL
pathtriage	TAKEN
ampmerge	AVAIL
baselastmile	AVAIL
layervector	TAKEN
harborguard	TAKEN
benchboost	TAKEN
lookoutmoor	AVAIL
vigilshift	AVAIL
vigilgate	TAKEN
gatereckon	AVAIL
sparkampere	AVAIL
crestshield	TAKEN
trunkverify	AVAIL
crestquiet	AVAIL
scopekeen	AVAIL
picketpilot	AVAIL
trackverify	TAKEN
gridsteady	TAKEN
foundryembed	AVAIL
docktensor	AVAIL
tempocalm	TAKEN
indexsteer	AVAIL
chartersharp	AVAIL
baytransit	TAKEN
reachjoin	AVAIL
vigilrecord	TAKEN
probepair	AVAIL
railrenew	TAKEN
reactorsort	AVAIL
dialcitadel	AVAIL
lookoutclean	AVAIL
scopemandate	AVAIL
reachrampart	AVAIL
indexcraft	TAKEN
tracesettle	AVAIL
prismcredit	TAKEN
traceplot	TAKEN
sensorgantry	AVAIL
crestharden	AVAIL
reachquiet	AVAIL
folioclean	TAKEN
helmcast	TAKEN
vaultassign	AVAIL
shieldjoin	TAKEN
bayopen	TAKEN
pulsecraft	TAKEN
trailreel	TAKEN
streamcolumn	TAKEN
loopbranch	TAKEN
trailkindle	AVAIL
crestgate	TAKEN
fabriclift	AVAIL
railpicket	AVAIL
orbitsteady	AVAIL
foundrysolar	TAKEN
wharfmerge	AVAIL
graphgate	TAKEN
lenskeystone	AVAIL
streamcredit	TAKEN
capetier	AVAIL
yardkeen	AVAIL
worksdepot	TAKEN
stackwarrant	AVAIL
millforge	TAKEN
mapground	TAKEN
pulsecontrol	TAKEN
driftalign	TAKEN
codexlaunch	TAKEN
towersteer	AVAIL
peaktrue	TAKEN
probebright	AVAIL
crestfeed	AVAIL
helmconsign	AVAIL
covestudio	TAKEN
tempopayout	AVAIL
streamcoin	TAKEN
indextrue	TAKEN
haventransit	AVAIL
sensorembed	AVAIL
yardvault	TAKEN
dockremit	AVAIL
keepreckon	AVAIL
arckinetic	TAKEN
vaultfirst	TAKEN
gridcompile	AVAIL
foundrybuild	TAKEN
prismpayer	AVAIL
baselidar	AVAIL
enginekeen	AVAIL
weavebrisk	AVAIL
atlaslevel	TAKEN
railwarden	TAKEN
layercobot	AVAIL
kernelcolumn	AVAIL
lanternsharp	AVAIL
spantrue	AVAIL
meshcoin	TAKEN
compassfacet	AVAIL
bridgevault	TAKEN
guardjoin	AVAIL
trusskinetic	AVAIL
pillarmint	TAKEN
spinehandoff	AVAIL
dynamoampere	AVAIL
traceharden	AVAIL
guardraise	AVAIL
dialfuse	TAKEN
signalclinic	TAKEN
vaultember	TAKEN
meterescrow	AVAIL
anchoraudit	TAKEN
channelclean	AVAIL
deskattest	AVAIL
streamtier	TAKEN
arcmatch	TAKEN
railsfuel	AVAIL
loomsift	AVAIL
trunkcontrol	AVAIL
basinconsign	AVAIL
capetune	TAKEN
streamopen	TAKEN
foliocraft	TAKEN
enginefirst	TAKEN
layerfuel	TAKEN
briefmoor	AVAIL
meshtempo	AVAIL
trussdrive	AVAIL
peaktransit	TAKEN
peakpilot	TAKEN
forgecredit	TAKEN
spineclean	AVAIL
forgetender	AVAIL
layerdock	TAKEN
brieflink	TAKEN
fabricsettle	AVAIL
dockwarrant	AVAIL
compassgauge	AVAIL
yardturbine	TAKEN
fabriclidar	AVAIL
gridtabular	AVAIL
foliostatute	AVAIL
stackbuild	TAKEN
folioremit	AVAIL
braidfuel	AVAIL
braidframe	TAKEN
summitnorth	TAKEN
portremit	AVAIL
beaconframe	TAKEN
docketdock	TAKEN
channelbeam	TAKEN
lanerender	AVAIL
mapturbine	AVAIL
layerpallet	AVAIL
quayemission	AVAIL
spinegrid	TAKEN
sealstream	TAKEN
metertensor	AVAIL
spineinvoice	AVAIL
deskfiling	AVAIL
boardbuild	TAKEN
bayrampart	AVAIL
ampkilowatt	AVAIL
anvilsynapse	AVAIL
atlascast	TAKEN
stackvector	TAKEN
charterboost	TAKEN
flowkeen	TAKEN
fabricshield	TAKEN
beacondepot	TAKEN
atlasledger	TAKEN
pressdrive	TAKEN
spanfuel	AVAIL
dialsurge	TAKEN
traceassign	AVAIL
deskrender	AVAIL
framerenew	TAKEN
torchfuse	AVAIL
threadsound	AVAIL
framescale	TAKEN
plinthampere	AVAIL
tracefacet	AVAIL
chartcolumn	AVAIL
layerflow	TAKEN
charterclean	TAKEN
routetrigger	AVAIL
channelforge	TAKEN
gatetrust	TAKEN
mapforge	TAKEN
pressmoor	AVAIL
turbineopen	AVAIL
dialpay	TAKEN
capesteady	AVAIL
sensorplain	AVAIL
boardrelay	TAKEN
orbityield	TAKEN
radarlidar	TAKEN
coredock	TAKEN
wavesharp	TAKEN
millactuate	AVAIL
pillarspan	TAKEN
streamclear	TAKEN
atlasruntime	TAKEN
signalspark	TAKEN
pulsetriage	AVAIL
gaugefirst	TAKEN
recordcraft	TAKEN
mapgauge	AVAIL
layerlift	TAKEN
graphcharge	AVAIL
wharfbiomass	AVAIL
keepvolt	TAKEN
mapcharter	TAKEN
anvilgantry	AVAIL
reachanchor	TAKEN
anchorcell	TAKEN
latticegrid	TAKEN
braidrender	AVAIL
braidcraft	TAKEN
streamcast	TAKEN
almanacweave	AVAIL
docketnorth	AVAIL
dossierdraft	AVAIL
vigilcontrol	TAKEN
havenrampart	AVAIL
arcrampart	AVAIL
rosterplain	AVAIL
kilnsolid	AVAIL
landingdrive	TAKEN
pillarsentry	AVAIL
chartersync	TAKEN
streamsettle	TAKEN
yardcrisp	AVAIL
panelsync	TAKEN
quayscale	AVAIL
spineledger	AVAIL
stackprime	TAKEN
bridgesentry	TAKEN
gridtune	TAKEN
wardenalign	AVAIL
helmtabular	AVAIL
reachvolt	TAKEN
anchorpay	TAKEN
keepmetric	TAKEN
vigilsteady	AVAIL
torchraise	AVAIL
codexpair	AVAIL
depotbright	AVAIL
spineprism	AVAIL
probepicket	AVAIL
tidemetric	AVAIL
portembed	AVAIL
railparallax	AVAIL
tracejoin	AVAIL
wharfdebit	AVAIL
meshdebit	AVAIL
fabrictrace	TAKEN
channelguard	TAKEN
sonarsurge	AVAIL
rosterflow	TAKEN
quaytrack	AVAIL
reachraise	TAKEN
signalshift	TAKEN
gateplot	AVAIL
arcweight	TAKEN
ridgebiomass	AVAIL
crestsolid	TAKEN
reachtier	AVAIL
arcoffset	AVAIL
quaymanifest	AVAIL
lanelading	AVAIL
probestatute	AVAIL
forgedrive	TAKEN
arcmerge	TAKEN
presscobot	AVAIL
spinefiling	AVAIL
kindlejoin	AVAIL
orbitcharge	TAKEN
sonarvector	TAKEN
pulserenew	TAKEN
havenmatch	TAKEN
bayplot	AVAIL
workshopcalm	AVAIL
trailsignal	TAKEN
wharfclear	AVAIL
braidprime	AVAIL
graphcontext	TAKEN
sonarboost	TAKEN
foundryfloat	AVAIL
pillarservo	AVAIL
trailpayout	AVAIL
flarestream	TAKEN
amptensor	AVAIL
kerneltrust	TAKEN
basincoin	TAKEN
channelraise	AVAIL
ridgepayload	AVAIL
radarcolumn	AVAIL
depotpayer	AVAIL
summitgate	TAKEN
metertier	AVAIL
basinsolid	AVAIL
lanternsound	TAKEN
enginefuse	TAKEN
driftpalette	AVAIL
spanident	AVAIL
forgebranch	AVAIL
dynamovolt	TAKEN
pulseforge	TAKEN
bridgefleet	TAKEN
briefclean	AVAIL
kernelattest	AVAIL
capeforge	TAKEN
capecrisp	TAKEN
dialtender	AVAIL
mapdosage	AVAIL
flowpipeline	TAKEN
atlascontext	TAKEN
torchsolid	AVAIL
boardcolumn	AVAIL
tracedrive	TAKEN
framecompile	AVAIL
baygantry	AVAIL
peakalign	TAKEN
benchemblem	AVAIL
lookoutlink	AVAIL
pathsteady	TAKEN
picketjoin	AVAIL
wardenlift	AVAIL
fabricmesh	TAKEN
guardbadge	TAKEN
conduitquiet	AVAIL
voltlift	TAKEN
covetrim	AVAIL
spanstatute	AVAIL
loopclear	TAKEN
helmgate	TAKEN
keeptrim	TAKEN
meshsort	TAKEN
benchmetric	TAKEN
picketclear	AVAIL
havencell	AVAIL
lanetrace	TAKEN
deskstaging	TAKEN
havensharp	AVAIL
wavecalm	TAKEN
basecomply	TAKEN
dialmoor	AVAIL
switchcorpus	AVAIL
indexyield	TAKEN
dialfiling	AVAIL
prismtune	AVAIL
trackdrive	TAKEN
reactorbeam	AVAIL
lanelens	TAKEN
lookoutpilot	AVAIL
tracestatute	AVAIL
corelens	TAKEN
workstoken	AVAIL
streamcorpus	TAKEN
ledgermerge	AVAIL
vaultcipher	TAKEN
weavescale	TAKEN
anchorpayout	AVAIL
railnorth	TAKEN
dockpolicy	AVAIL
sonarstream	TAKEN
docketlevel	AVAIL
quaylift	TAKEN
wharfservo	AVAIL
compassagent	TAKEN
atlasharden	AVAIL
codexanchor	AVAIL
gridfloat	AVAIL
forgefiling	AVAIL
harborboost	TAKEN
basinhaul	AVAIL
wardenpilot	AVAIL
patrolharden	AVAIL
plinthcorpus	AVAIL
rosterlading	AVAIL
railsnorth	TAKEN
deltalevel	TAKEN
orbitfloat	AVAIL
presstrace	AVAIL
railsfloat	AVAIL
lanternshift	TAKEN
pulsemodel	TAKEN
weaveopen	AVAIL
recordremit	AVAIL
lanternproof	AVAIL
pulsesignal	TAKEN
ledgerplain	AVAIL
patrolplain	AVAIL
almanacsound	TAKEN
anchorprime	TAKEN
metervolt	TAKEN
ateliercraft	TAKEN
anchorfuel	TAKEN
graphdosage	AVAIL
sparksurge	TAKEN
crestvault	TAKEN
layerturbine	AVAIL
loombeam	TAKEN
spanbeam	TAKEN
beaconcraft	TAKEN
helmcargo	TAKEN
yardkilowatt	AVAIL
crestsentry	AVAIL
metertrue	AVAIL
braidconsign	AVAIL
voltsolar	TAKEN
shieldprime	TAKEN
bridgecolumn	TAKEN
scopepayer	AVAIL
mapcraft	TAKEN
deltatransit	TAKEN
capereel	AVAIL
ridgetender	AVAIL
trunkinbound	AVAIL
rosterstudio	TAKEN
reachlevel	TAKEN
loomrollback	AVAIL
kilnsteer	AVAIL
portcommit	AVAIL
cadencemerge	AVAIL
anvilpayload	AVAIL
weavecoin	TAKEN
capetender	AVAIL
gatefleet	TAKEN
orbitground	AVAIL
gatevector	TAKEN
signalfiling	TAKEN
circuitboost	TAKEN
orbitpilot	TAKEN
tracetrue	TAKEN
probewarrant	AVAIL
traceactuate	AVAIL
maphandoff	AVAIL
beaconboost	TAKEN
radarpicket	AVAIL
trackintake	TAKEN
dialbastion	AVAIL
benchcolumn	AVAIL
layerfeed	TAKEN
indexvector	TAKEN
circuitbuild	TAKEN
probeintake	AVAIL
meterschema	AVAIL
portsynapse	AVAIL
loomembed	AVAIL
railspatial	AVAIL
dockcast	TAKEN
keepseal	TAKEN
ledgerjoin	AVAIL
layertender	AVAIL
panelopen	AVAIL
tidesurge	TAKEN
chartjoin	AVAIL
radaropen	AVAIL
basenorth	TAKEN
chartactuate	AVAIL
gridcommit	AVAIL
mapsurge	TAKEN
ledgerprompt	TAKEN
railseal	TAKEN
spineassign	AVAIL
atlastensor	TAKEN
patrolflow	TAKEN
pressjoin	AVAIL
sensoranchor	AVAIL
spaninvoice	AVAIL
radarsolid	AVAIL
layerpayload	AVAIL
fabricvolt	AVAIL
probevector	TAKEN
channelsteer	AVAIL
loomprompt	TAKEN
trailprobe	AVAIL
covesentry	AVAIL
basintransit	TAKEN
trackmoor	AVAIL
lensreckon	AVAIL
quayvitals	AVAIL
switchlaunch	AVAIL
waveartifact	AVAIL
wavespark	TAKEN
peaksteer	AVAIL
tiderender	AVAIL
railboost	TAKEN
weaveassign	AVAIL
beaconpay	TAKEN
rosterfleet	AVAIL
landingcargo	TAKEN
havenhaul	TAKEN
prismclear	TAKEN
gridqueue	TAKEN
desklevel	AVAIL
threadanchor	TAKEN
landingcoin	TAKEN
vigilspark	AVAIL
flaresteer	AVAIL
circuitdebit	AVAIL
deskconsign	AVAIL
routematch	TAKEN
codexdepot	TAKEN
wharfkinetic	AVAIL
pillarforge	TAKEN
shieldnorth	TAKEN
flowbuild	TAKEN
surveyprime	TAKEN
spinepatrol	AVAIL
anchorsolid	AVAIL
gaugesound	AVAIL
braidquiet	AVAIL
routebeam	TAKEN
peakguard	TAKEN
sonardosage	AVAIL
sensorfloat	AVAIL
mapcharge	TAKEN
sensorlevel	TAKEN
braidpallet	AVAIL
graphlidar	AVAIL
quaytriage	AVAIL
railsmint	AVAIL
atlasdrive	TAKEN
charterbeam	AVAIL
reactorswift	AVAIL
trunkweave	AVAIL
towerscan	TAKEN
loopintake	AVAIL
railmint	TAKEN
lanecoin	TAKEN
engineproof	TAKEN
foliomerge	AVAIL
anvilswift	AVAIL
railship	TAKEN
lookoutflow	AVAIL
currentlift	AVAIL
lookoutlift	AVAIL
portalign	TAKEN
streamtriage	AVAIL
coreassign	AVAIL
streamcargo	TAKEN
panelbranch	AVAIL
yardpayload	AVAIL
layertrace	TAKEN
wardenground	AVAIL
pathground	TAKEN
workshopmoor	TAKEN
dockhaul	TAKEN
trailraise	TAKEN
boardpayout	AVAIL
dossieralign	AVAIL
panelident	AVAIL
basinmint	AVAIL
anchorgantry	AVAIL
forgebright	TAKEN
switchfuel	TAKEN
bridgeground	TAKEN
dialtabular	AVAIL
boardweave	AVAIL
forgesteady	AVAIL
streampatch	TAKEN
trailswift	TAKEN
ampcontext	TAKEN
rosterboost	TAKEN
threadpay	TAKEN
picketsteer	AVAIL
spanlaunch	AVAIL
gaugesentry	TAKEN
keeptender	AVAIL
trunktransit	AVAIL
lanesift	AVAIL
foliocharter	TAKEN
layerstaging	AVAIL
panelstream	TAKEN
shieldweave	TAKEN
fabricpair	AVAIL
trunkraise	AVAIL
keepreason	AVAIL
signalgantry	AVAIL
voltweight	AVAIL
signalsurge	TAKEN
panelmoor	AVAIL
wardensound	AVAIL
anchorcommit	TAKEN
ledgerpay	TAKEN
boardforge	TAKEN
benchpolicy	AVAIL
reactorscale	TAKEN
millsift	AVAIL
recordtoken	TAKEN
studioquiet	TAKEN
lanternbadge	AVAIL
dialcipher	AVAIL
tempokeen	AVAIL
almanactrust	AVAIL
pulsecharge	TAKEN
weaveprime	AVAIL
switchlading	AVAIL
capeledger	TAKEN
currentindex	TAKEN
fabricinfer	AVAIL
docketspark	TAKEN
quayrampart	AVAIL
vigilbastion	AVAIL
deltaledger	TAKEN
benchsound	AVAIL
probeshield	TAKEN
lensreferral	AVAIL
dialreferral	AVAIL
arcforge	TAKEN
gatecolumn	AVAIL
graphturbine	AVAIL
tidedosage	AVAIL
sealtune	AVAIL
pillarampere	AVAIL
radarkeen	AVAIL
currentdrive	TAKEN
guardcitadel	AVAIL
milldrive	TAKEN
trackrampart	AVAIL
helmsort	AVAIL
forgebiomass	AVAIL
harborgantry	AVAIL
guardclaim	TAKEN
anvilclean	TAKEN
meshlift	TAKEN
pillarattest	AVAIL
railforge	TAKEN
gateagent	TAKEN
almanacforge	AVAIL
docketpatch	AVAIL
engineampere	AVAIL
gaugeintake	AVAIL
docketclear	AVAIL
spinebastion	AVAIL
layersignal	TAKEN
bayshopfloor	AVAIL
summitguard	TAKEN
framepay	TAKEN
framecraft	TAKEN
spanfeed	TAKEN
threadremit	AVAIL
covefreight	TAKEN
keeptrust	TAKEN
enginebind	AVAIL
torchsound	TAKEN
lensclinic	TAKEN
loomlift	TAKEN
helmtensor	AVAIL
currentchart	TAKEN
meshkeystone	AVAIL
gatecontext	AVAIL
weavefacet	AVAIL
lanterncalm	AVAIL
wharfdrive	TAKEN
pillarproof	AVAIL
loombuild	TAKEN
rosterpair	AVAIL
reachfleet	TAKEN
channelseal	TAKEN
kernelrecord	AVAIL
tidescan	TAKEN
millcanvas	AVAIL
enginecalm	AVAIL
quaytrace	TAKEN
bayfleet	TAKEN
codexrender	AVAIL
landingtrim	AVAIL
lookoutfirst	AVAIL
deltanorth	TAKEN
pathcredit	TAKEN
ledgerkindle	AVAIL
sensoryield	TAKEN
railcharter	TAKEN
lanternscale	TAKEN
surveymint	TAKEN
boardstudio	TAKEN
tidescale	TAKEN
arcpay	TAKEN
helmlift	AVAIL
helmcommit	AVAIL
metertrust	TAKEN
pillaroffset	AVAIL
channelsound	TAKEN
towertempo	AVAIL
trusscitadel	AVAIL
gaugemoor	AVAIL
latticeclaim	AVAIL
trailsift	AVAIL
panelmerge	AVAIL
vigilbeam	TAKEN
graphpay	TAKEN
gaugecarbon	AVAIL
panelbedside	AVAIL
anvilflow	TAKEN
meterpicket	AVAIL
kernelweight	AVAIL
flowfloat	TAKEN
summitbeam	TAKEN
gaugecast	TAKEN
dialremit	AVAIL
pulsewarden	TAKEN
portquiet	AVAIL
framespatial	TAKEN
bridgespan	TAKEN
reachguard	TAKEN
forgelading	AVAIL
gridpassport	TAKEN
threadtrack	TAKEN
beaconbright	TAKEN
beaconpayout	AVAIL
havenpayout	AVAIL
beaconcrisp	AVAIL
routesurge	TAKEN
guardbeam	TAKEN
tiderollback	AVAIL
forgeruntime	TAKEN
braidescrow	AVAIL
gaugetensor	AVAIL
dockreckon	AVAIL
crestyield	TAKEN
layerprime	TAKEN
crestservo	AVAIL
capebrisk	AVAIL
docketbadge	AVAIL
loopcutlist	AVAIL
atlasagent	TAKEN
dossierlens	AVAIL
havendraft	AVAIL
meshfloat	AVAIL
folioledger	TAKEN
dialwarrant	AVAIL
gridpilot	TAKEN
dynamorank	AVAIL
harborsignal	TAKEN
lanterngate	TAKEN
loopfuse	TAKEN
meshpassport	TAKEN
pressraise	AVAIL
caperemit	AVAIL
desktune	TAKEN
atelierscale	TAKEN
mapshift	TAKEN
frameservo	AVAIL
signalemblem	AVAIL
tracefirst	TAKEN
dialdepth	AVAIL
worksmandate	AVAIL
circuitalign	AVAIL
metership	TAKEN
meshsolar	TAKEN
enginequiet	TAKEN
meterprism	AVAIL
depotboost	TAKEN
tracksound	TAKEN
dialdataset	AVAIL
crestsolar	TAKEN
threadsettle	AVAIL
pathvault	TAKEN
probealign	AVAIL
worksyield	AVAIL
atelierframe	TAKEN
orbitruntime	TAKEN
sealpolicy	AVAIL
signaldraft	TAKEN
ridgepayout	AVAIL
gaugetrust	TAKEN
spansignet	AVAIL
routeassign	AVAIL
sonarharden	AVAIL
corepallet	TAKEN
loopsteady	AVAIL
trunklaunch	AVAIL
circuitgate	TAKEN
compassgrid	TAKEN
latticeident	AVAIL
helmhydro	AVAIL
spancolumn	AVAIL
kindledrive	AVAIL
tidecargo	TAKEN
graphvector	TAKEN
coreshield	TAKEN
yardplot	TAKEN
kernelprobe	TAKEN
workshoptrim	AVAIL
indextrigger	AVAIL
layerschema	AVAIL
shieldlevel	TAKEN
probeaudit	TAKEN
keepspatial	AVAIL
dockboost	TAKEN
relayclinic	TAKEN
baygate	TAKEN
coveswift	TAKEN
tempolift	TAKEN
foundrylidar	AVAIL
beaconscale	TAKEN
laneopen	TAKEN
coretier	TAKEN
conduitrank	AVAIL
deskdebit	AVAIL
vigilsignet	AVAIL
graphraise	AVAIL
spancovenant	AVAIL
engineship	TAKEN
spansettle	AVAIL
portpicket	AVAIL
kilnruntime	AVAIL
probewarden	AVAIL
channeltrim	AVAIL
layerampere	AVAIL
railfloat	AVAIL
signalguard	TAKEN
summitship	TAKEN
atlastrust	TAKEN
indexrank	TAKEN
lanternweave	AVAIL
pathpipeline	AVAIL
deskremit	AVAIL
lenspatrol	TAKEN
framepatch	TAKEN
channelscan	TAKEN
ledgerfeed	TAKEN
mapdisclose	AVAIL
trusscarbon	AVAIL
pillarfacet	AVAIL
sonarsync	TAKEN
landingsolid	AVAIL
reachship	TAKEN
fabricpatch	TAKEN
currentbuild	TAKEN
summitfuse	TAKEN
kilnsift	AVAIL
threadplain	AVAIL
benchinbound	AVAIL
wharfhydro	AVAIL
rostercargo	AVAIL
trunkwarden	AVAIL
gridsynapse	TAKEN
atlasemblem	AVAIL
deltaweave	TAKEN
flowcargo	TAKEN
guardmatch	TAKEN
towertoken	TAKEN
torchampere	AVAIL
deskdrive	TAKEN
rosterprime	TAKEN
briefswift	AVAIL
gateyield	AVAIL
quaytrim	AVAIL
vaultlaunch	TAKEN
cadencebrisk	AVAIL
arcopen	TAKEN
covevault	TAKEN
gateinbound	AVAIL
torchbiomass	AVAIL
fabricsurge	AVAIL
lanternsteer	AVAIL
peakpatrol	TAKEN
deskcomply	AVAIL
anvilsolid	AVAIL
stackbiomass	AVAIL
crestscale	TAKEN
lenswarden	AVAIL
spanservo	AVAIL
graphcognate	AVAIL
layermetric	TAKEN
deskalign	TAKEN
foundrypay	TAKEN
spancast	TAKEN
weavedosage	AVAIL
lookoutraise	AVAIL
channelopen	TAKEN
sensorprobe	TAKEN
sonarfloat	AVAIL
deskdock	TAKEN
loopsolid	TAKEN
summitalign	TAKEN
metervitals	AVAIL
probeinfer	AVAIL
chartraise	AVAIL
spanpayout	AVAIL
dockpayer	AVAIL
mapspan	TAKEN
stackmerge	TAKEN
meterlift	AVAIL
ledgerguard	TAKEN
flowcommit	TAKEN
wavemontage	AVAIL
dialmodel	AVAIL
meshcharge	TAKEN
railsbastion	AVAIL
bridgecobot	AVAIL
quaybright	AVAIL
signalreason	TAKEN
orbitdebit	AVAIL
wavetriage	AVAIL
keepmesh	TAKEN
covethermal	AVAIL
sonarconsent	AVAIL
atlascell	TAKEN
railsrenew	AVAIL
coredebit	TAKEN
anvilmesh	TAKEN
havenoffset	AVAIL
metercast	TAKEN
fabricservo	AVAIL
baseanchor	TAKEN
foundrydrive	TAKEN
depotservo	AVAIL
tracehandoff	AVAIL
kernelalign	AVAIL
loomanchor	AVAIL
loopswift	TAKEN
vaultfreight	TAKEN
railsequence	AVAIL
railsembed	AVAIL
vaultwarden	TAKEN
studiobright	TAKEN
portbeam	TAKEN
flaretrim	AVAIL
workspolicy	AVAIL
tracecorpus	AVAIL
foundryagent	TAKEN
lanegate	TAKEN
indexpayload	AVAIL
briefscale	TAKEN
picketbadge	AVAIL
spinefuel	TAKEN
voltmoor	TAKEN
harborground	TAKEN
kilngate	AVAIL
anchorcohort	AVAIL
spinetensor	AVAIL
atlascoin	TAKEN
keeplading	AVAIL
frametrim	AVAIL
toweropen	TAKEN
capesharp	AVAIL
scopetensor	TAKEN
deskcadence	AVAIL
folioflow	TAKEN
wardenattest	AVAIL
watchkindle	AVAIL
dynamoplain	AVAIL
framepilot	TAKEN
dialescalate	AVAIL
emberlaunch	TAKEN
keepmint	TAKEN
presspalette	AVAIL
flowmint	TAKEN
deskfreight	AVAIL
emberscale	TAKEN
gaugecontrol	TAKEN
patrolprime	AVAIL
portlastmile	AVAIL
workshoptrue	AVAIL
helmember	AVAIL
sonaraudit	TAKEN
crestcredit	TAKEN
framehydro	AVAIL
wavedrive	TAKEN
spanagent	TAKEN
spineprobe	AVAIL
prismplain	AVAIL
docketquiet	AVAIL
threadmatch	TAKEN
landingpay	TAKEN
charterfuse	AVAIL
metergantry	AVAIL
plinthfacet	AVAIL
conduitmatch	AVAIL
railconsign	AVAIL
havencharge	TAKEN
meterprobe	AVAIL
turbinescale	AVAIL
keeptreasury	AVAIL
channelshift	TAKEN
gatepayout	AVAIL
quaycohort	AVAIL
sentrycomply	TAKEN
pathraise	TAKEN
towersynapse	AVAIL
dialopen	TAKEN
stackcharter	AVAIL
layersignet	AVAIL
bridgequeue	TAKEN
portpilot	TAKEN
mapremit	AVAIL
lensquiet	AVAIL
pillardraft	AVAIL
baytune	TAKEN
pressrender	TAKEN
orbitcohort	AVAIL
routetune	AVAIL
recordsharp	AVAIL
rostercanvas	TAKEN
stackampere	AVAIL
beaconguard	TAKEN
reachscale	TAKEN
graphprime	TAKEN
plinthsolid	AVAIL
loomsynapse	AVAIL
havenledger	TAKEN
lanternaudit	AVAIL
threadmint	TAKEN
depotbastion	AVAIL
briefdrive	TAKEN
trussruntime	AVAIL
tideboost	TAKEN
rostership	AVAIL
kerneltempo	AVAIL
pressalign	TAKEN
trusscharter	AVAIL
spinebadge	AVAIL
recordcrisp	AVAIL
circuitdrive	TAKEN
currentgate	TAKEN
conduitclean	AVAIL
depotshift	AVAIL
wavetrace	TAKEN
flowsolid	TAKEN
radarassign	AVAIL
railcrisp	AVAIL
graphspatial	AVAIL
radarcharge	AVAIL
quayvault	AVAIL
engineplain	AVAIL
dossiertier	AVAIL
forgeclaim	TAKEN
arcbuild	TAKEN
depotcast	AVAIL
surveyvolt	TAKEN
towerweave	AVAIL
docketkindle	AVAIL
patrolsift	AVAIL
trailship	TAKEN
guardverify	TAKEN
coremandate	TAKEN
layerdataset	AVAIL
peaksentry	TAKEN
meterinvoice	AVAIL
harborsharp	AVAIL
tidenorth	TAKEN
atlaskindle	AVAIL
looptempo	TAKEN
reactortrace	AVAIL
chartpair	TAKEN
portvector	TAKEN
reachescrow	AVAIL
codexbright	TAKEN
picketmatch	AVAIL
lenspassport	TAKEN
covecipher	AVAIL
yardtrack	TAKEN
ledgertier	AVAIL
flowpalette	TAKEN
wardensignet	AVAIL
sonartender	AVAIL
vaultvector	TAKEN
pulseactuate	AVAIL
benchfiling	AVAIL
beaconscan	TAKEN
briefstream	TAKEN
arcmodel	TAKEN
desksignal	TAKEN
sealbright	TAKEN
trussfuse	AVAIL
ledgerquiet	AVAIL
harborplain	TAKEN
panelcharter	AVAIL
relayremit	TAKEN
braidswift	AVAIL
landingdock	TAKEN
railstier	AVAIL
baseassign	AVAIL
vaultbeam	TAKEN
dialmetric	TAKEN
landingship	TAKEN
folioforge	TAKEN
manifestjoin	AVAIL
cadencecast	TAKEN
peaksort	TAKEN
braidsignal	AVAIL
routetrue	TAKEN
weavevitals	AVAIL
ridgelading	AVAIL
vigilproof	AVAIL
loophaul	TAKEN
recordboost	TAKEN
prismsignet	AVAIL
shieldopen	AVAIL
routestaging	AVAIL
mapclear	TAKEN
sealcitadel	AVAIL
deltaboost	TAKEN
harboragent	TAKEN
pulsesharp	TAKEN
ampdrive	TAKEN
relayraise	AVAIL
ampforge	TAKEN
surveycraft	TAKEN
streambranch	TAKEN
peakember	TAKEN
framefirst	TAKEN
corecommit	TAKEN
depotcanvas	AVAIL
vaultspatial	AVAIL
meshsync	TAKEN
foliobind	AVAIL
laneclinic	TAKEN
coveactuate	AVAIL
meteryield	TAKEN
kernelvolt	AVAIL
spanpassport	AVAIL
trackcorpus	AVAIL
atlastier	TAKEN
framesolar	TAKEN
atelierfirst	AVAIL
docksequence	AVAIL
mapbadge	TAKEN
prismtensor	TAKEN
worksdeploy	AVAIL
looptrigger	TAKEN
streamfirst	TAKEN
pillarcobot	AVAIL
yardharden	AVAIL
almanacprism	AVAIL
havenwarden	AVAIL
graphtrue	AVAIL
atelierdepth	AVAIL
scopeagent	TAKEN
deskcolumn	AVAIL
chartfuse	TAKEN
panelsurge	AVAIL
braidmint	AVAIL
manifestpay	TAKEN
trunkident	AVAIL
quaystudio	TAKEN
graphcohort	AVAIL
probeturbine	AVAIL
pathsolid	TAKEN
routecalm	AVAIL
mapfuel	TAKEN
capelevel	AVAIL
surveyclean	TAKEN
cadenceraise	AVAIL
ampsteer	TAKEN
wardencomply	AVAIL
codexrecord	AVAIL
latticegate	TAKEN
mapmodel	TAKEN
mapfeed	TAKEN
sensorcorpus	TAKEN
docketfuse	AVAIL
dialreason	AVAIL
braidlevel	AVAIL
benchcontext	AVAIL
trailpay	TAKEN
chartground	TAKEN
pathtier	AVAIL
sensorsignet	AVAIL
pulsesift	TAKEN
bridgeprompt	TAKEN
prismboost	TAKEN
worksremit	AVAIL
peakclean	TAKEN
baseweight	TAKEN
patroltrue	AVAIL
switchcanvas	AVAIL
kernelguard	TAKEN
portemblem	AVAIL
peakforge	TAKEN
boardalign	TAKEN
driftstudio	TAKEN
codextune	TAKEN
gridrelay	TAKEN
docketfloat	AVAIL
railsaudit	AVAIL
patrolproof	TAKEN
harborlens	TAKEN
kilnregistry	AVAIL
docketbrisk	AVAIL
rostercomply	AVAIL
driftrelease	AVAIL
recordlink	TAKEN
flareweave	AVAIL
streamsift	TAKEN
charternorth	TAKEN
recordpilot	TAKEN
railremit	AVAIL
dockmetric	TAKEN
portverify	TAKEN
cadenceopen	AVAIL
atlasembed	AVAIL
wavefacet	AVAIL
spineturbine	AVAIL
watchsentry	TAKEN
conduitcell	AVAIL
tidecredit	TAKEN
switchpayout	AVAIL
ateliermesh	TAKEN
anvilweave	AVAIL
havensteer	AVAIL
peakspan	TAKEN
spineroute	AVAIL
routepilot	TAKEN
trailopen	AVAIL
laneruntime	AVAIL
crestjoin	AVAIL
reachservo	AVAIL
arcvault	TAKEN
worksquiet	AVAIL
spinebind	TAKEN
indextier	TAKEN
deltafleet	TAKEN
gridlaunch	TAKEN
pressbuild	TAKEN
ampquiet	AVAIL
vigilmandate	AVAIL
spineactuate	AVAIL
arcsound	TAKEN
layerscale	TAKEN
yardinbound	AVAIL
chartermoor	TAKEN
summitbright	TAKEN
radarpay	TAKEN
meshfuel	TAKEN
docketcharge	AVAIL
deskledger	TAKEN
trackclear	TAKEN
plinthweave	AVAIL
basinstudio	TAKEN
summitkindle	AVAIL
covelevel	AVAIL
summitwarden	TAKEN
trunkfacet	AVAIL
towerplot	TAKEN
sensordepth	AVAIL
harborflow	TAKEN
prismweight	AVAIL
rosterplot	AVAIL
braidrank	AVAIL
basesolar	TAKEN
railsdebit	AVAIL
towerident	AVAIL
indexsound	TAKEN
loopescrow	TAKEN
beaconbind	AVAIL
vaultmandate	AVAIL
prismember	TAKEN
panelfuel	TAKEN
helmpayout	AVAIL
dialcast	TAKEN
vigilboost	AVAIL
benchsurge	AVAIL
stackdeploy	TAKEN
trackfleet	TAKEN
spanrenew	AVAIL
probereason	AVAIL
boardcadence	TAKEN
sonarintake	AVAIL
flaresort	TAKEN
stackpallet	TAKEN
trailweave	TAKEN
graphvitals	AVAIL
foundryhaul	AVAIL
circuitsteer	AVAIL
worksbiomass	AVAIL
mapbeam	TAKEN
surveycipher	AVAIL
covecargo	TAKEN
lanterndrive	AVAIL
lanternalign	AVAIL
stackassign	AVAIL
rosterfloat	AVAIL
kernelsurge	TAKEN
anvilcrisp	AVAIL
ateliercast	TAKEN
railgantry	AVAIL
boardvitals	TAKEN
towerlink	TAKEN
dialcoin	TAKEN
arctoken	TAKEN
plinthember	AVAIL
atlasbadge	AVAIL
boardbright	TAKEN
boardtrue	TAKEN
beaconmatch	TAKEN
mapkeystone	AVAIL
meshescalate	AVAIL
panelship	TAKEN
kilnstaging	TAKEN
gatemint	TAKEN
gaugescan	AVAIL
peakscan	TAKEN
coveopen	AVAIL
flarecognate	AVAIL
arcspan	TAKEN
ridgealign	AVAIL
basinpayer	AVAIL
bridgesift	AVAIL
peakstudio	TAKEN
charterlevel	AVAIL
compasspay	TAKEN
plinthlevel	AVAIL
prismident	TAKEN
panelsolid	TAKEN
sonaragent	TAKEN
ledgermetric	TAKEN
vaultnorth	TAKEN
arcboost	TAKEN
spandrive	TAKEN
baseground	TAKEN
worksindex	TAKEN
baseshield	TAKEN
tidemint	TAKEN
sentrybind	AVAIL
relaytrue	TAKEN
radarcobot	AVAIL
gridground	TAKEN
sentrylaunch	TAKEN
folioboost	TAKEN
benchmoor	AVAIL
baseconsent	AVAIL
bridgefuse	TAKEN
gridsentry	TAKEN
driftpayout	AVAIL
chartproof	TAKEN
forgeboost	TAKEN
worksgate	TAKEN
deltasharp	TAKEN
foliopayer	AVAIL
indexmint	TAKEN
sonarkindle	AVAIL
foliocanvas	TAKEN
pulsevitals	TAKEN
graphseal	TAKEN
baserecord	TAKEN
basinframe	AVAIL
peakcipher	TAKEN
shieldlift	TAKEN
plinthgate	AVAIL
almanactrim	AVAIL
anvilbuild	TAKEN
anvilraise	AVAIL
vigilattest	AVAIL
recordescrow	AVAIL
turbineshift	AVAIL
dynamoboost	AVAIL
graphvault	TAKEN
kilnplot	AVAIL
enginegate	TAKEN
studiovector	TAKEN
weavejoin	AVAIL
worksraise	AVAIL
pulselens	TAKEN
vigilpicket	AVAIL
kernelchart	AVAIL
channelmodel	TAKEN
currentsurge	TAKEN
guardstatute	AVAIL
fabricspan	TAKEN
boardcargo	TAKEN
atelierfuse	AVAIL
panelground	AVAIL
basinplain	AVAIL
boardhandoff	AVAIL
portcoin	TAKEN
tidefloat	TAKEN
sonarweave	AVAIL
chartdataset	AVAIL
almanacmint	AVAIL
trunkapprove	AVAIL
prismbastion	AVAIL
graphident	AVAIL
portmanifest	TAKEN
braidcredit	AVAIL
wavesurge	TAKEN
embersteer	AVAIL
railsrank	AVAIL
guardtier	TAKEN
meshpolicy	AVAIL
channelfuse	TAKEN
lanekindle	AVAIL
workshopkeen	AVAIL
radardrive	TAKEN
trackfuse	TAKEN
indexquiet	AVAIL
stackfeed	TAKEN
compasschart	TAKEN
basefreight	TAKEN
relaytier	AVAIL
docketlift	AVAIL
covekeen	AVAIL
ridgesort	AVAIL
keeplink	TAKEN
ridgeforge	TAKEN
trackplain	AVAIL
pulsefeed	TAKEN
towersharp	AVAIL
emberbrisk	AVAIL
spineseal	TAKEN
milljoin	AVAIL
foundryindex	TAKEN
dynamodrive	TAKEN
streamyield	TAKEN
torchtier	AVAIL
sensortriage	AVAIL
lanecohort	AVAIL
arcscan	TAKEN
tidebedside	AVAIL
corespark	TAKEN
driftfleet	TAKEN
deltapilot	TAKEN
layermandate	AVAIL
foundrycrisp	AVAIL
portraise	AVAIL
sensortrue	AVAIL
meshsolid	AVAIL
kernelcipher	AVAIL
anvilframe	TAKEN
cadencefleet	AVAIL
tidehaul	TAKEN
workshopgate	AVAIL
towerdepth	AVAIL
driftpilot	TAKEN
keepcrisp	TAKEN
harborgauge	AVAIL
baysurge	TAKEN
portsound	TAKEN
kernelsentry	AVAIL
graphkeen	AVAIL
vigilsentry	TAKEN
vigilstatute	AVAIL
docksurge	TAKEN
radarjoin	TAKEN
depotjoin	AVAIL
bridgeassign	AVAIL
portinvoice	TAKEN
studiomatch	TAKEN
dockcutlist	AVAIL
braidcolumn	AVAIL
spanemission	AVAIL
kernelmetric	AVAIL
depotcohort	AVAIL
codexboost	TAKEN
cadencefirst	AVAIL
spinecell	TAKEN
graphyield	AVAIL
railstrace	AVAIL
vaultsynapse	TAKEN
havenfreight	TAKEN
anvilvector	AVAIL
pulseclaim	TAKEN
helmsynapse	AVAIL
emberdrive	TAKEN
wardensteer	AVAIL
relaypallet	AVAIL
loopcareteam	AVAIL
stackopen	TAKEN
gatekeen	AVAIL
towerlidar	AVAIL
compasstrace	TAKEN
cadencematch	AVAIL
landingnorth	TAKEN
workshopscan	AVAIL
stacklevel	TAKEN
surveysift	AVAIL
prismpatrol	AVAIL
patrolclaim	AVAIL
coveclean	TAKEN
charterswift	AVAIL
meshopen	TAKEN
stackpolicy	TAKEN
harborplot	TAKEN
fabricsteer	AVAIL
forgeinvoice	TAKEN
deltasolar	TAKEN
framethermal	AVAIL
boardpatch	AVAIL
yardspark	TAKEN
bridgesteady	AVAIL
wavefleet	TAKEN
lanecolumn	AVAIL
mapmatch	TAKEN
helmrampart	AVAIL
metercell	AVAIL
towerthermal	TAKEN
baytrim	TAKEN
threadfacet	AVAIL
briefspan	TAKEN
trailbrisk	TAKEN
briefkindle	AVAIL
mapcoin	TAKEN
spanwarrant	AVAIL
switchdebit	AVAIL
signalcarbon	TAKEN
rosteropen	AVAIL
codexsignal	TAKEN
spanbadge	AVAIL
helmrelay	TAKEN
radarthermal	AVAIL
panelindex	TAKEN
beaconprobe	TAKEN
latticetier	AVAIL
wardenclean	TAKEN
raildrive	TAKEN
anvilpatch	AVAIL
tempoclear	TAKEN
ledgeragent	TAKEN
deltaclinic	TAKEN
streamsync	TAKEN
trunklidar	AVAIL
workscitadel	AVAIL
keeptrigger	AVAIL
flareship	TAKEN
sealscale	TAKEN
harborjoin	AVAIL
layerinvoice	AVAIL
gatebuild	TAKEN
fabricpatrol	AVAIL
trailescrow	AVAIL
circuitkeen	TAKEN
relaykindle	AVAIL
anchorsteady	TAKEN
boardledger	TAKEN
layeragent	TAKEN
yardpallet	AVAIL
signalident	AVAIL
anchorboost	TAKEN
depotfloat	AVAIL
anchorshift	TAKEN
pillarfiling	AVAIL
railvolt	TAKEN
ridgecargo	AVAIL
cadencecoin	TAKEN
keepescrow	AVAIL
forgebastion	TAKEN
orbitstream	TAKEN
spancompile	AVAIL
arcflow	TAKEN
keepturbine	AVAIL
mapsteady	AVAIL
chartcognate	AVAIL
basinvolt	AVAIL
wharfbeam	AVAIL
dockspatial	AVAIL
lanecast	TAKEN
loompalette	AVAIL
routelink	TAKEN
prismcontrol	TAKEN
framecorpus	AVAIL
registerfuse	AVAIL
latticebind	AVAIL
probesound	TAKEN
benchweight	TAKEN
engineident	AVAIL
millweave	TAKEN
landingservo	AVAIL
sensorkeen	AVAIL
basinsync	TAKEN
probeproof	TAKEN
sonarcolumn	AVAIL
mapbrisk	AVAIL
foliosteer	AVAIL
flowsteer	TAKEN
deskpayer	AVAIL
radarsolar	TAKEN
towerbuild	TAKEN
peaklading	AVAIL
anvilquiet	AVAIL
trunkhandoff	AVAIL
depotmint	AVAIL
turbineraise	AVAIL
gaugepair	AVAIL
sealfuse	AVAIL
orbitspan	TAKEN
patrolcrisp	AVAIL
sentryboost	TAKEN
presskindle	AVAIL
towersound	TAKEN
briefconsign	AVAIL
trailclear	TAKEN
basinprime	AVAIL
sonargrid	TAKEN
ridgeraise	AVAIL
reachcobot	AVAIL
manifestlink	TAKEN
tracecolumn	AVAIL
scopebeam	TAKEN
peakrampart	AVAIL
capetrim	AVAIL
manifestbind	TAKEN
meshmoor	AVAIL
ledgerescrow	TAKEN
indexbastion	AVAIL
forgeattest	TAKEN
bridgecorpus	AVAIL
sparkclean	TAKEN
anvilruntime	AVAIL
dossiercoin	AVAIL
kernelsignal	TAKEN
yardoffset	AVAIL
dialcharter	AVAIL
fabricgate	TAKEN
atlasmatch	TAKEN
pressplain	AVAIL
pillarjoin	AVAIL
dockdispatch	TAKEN
anchormerge	AVAIL
gaugetune	AVAIL
tempoplot	TAKEN
sensorharden	AVAIL
ateliershift	TAKEN
layercadence	AVAIL
recordtriage	AVAIL
frameclaim	AVAIL
currentsolid	AVAIL
ledgerpair	AVAIL
routeprime	TAKEN
arcstaging	TAKEN
towerconsent	AVAIL
coreledger	TAKEN
atlascomply	TAKEN
chartersolid	AVAIL
sealsurge	AVAIL
worksmoor	AVAIL
prismconsent	AVAIL
surveyswift	TAKEN
stacksentry	TAKEN
panelplain	AVAIL
railsattest	AVAIL
keeplens	TAKEN
havencarbon	TAKEN
harborember	AVAIL
prismsentry	TAKEN
shieldalign	TAKEN
covesync	TAKEN
embersync	TAKEN
tidepair	AVAIL
ridgeledger	TAKEN
framequeue	TAKEN
pathlift	TAKEN
bayservo	AVAIL
surveyfiling	AVAIL
towercell	TAKEN
trunkspatial	AVAIL
foundrytune	AVAIL
meterdock	TAKEN
flowlift	TAKEN
patrolswift	AVAIL
braidvault	TAKEN
charterprime	TAKEN
quaysync	AVAIL
wardentrue	AVAIL
prismcoin	TAKEN
wavelift	TAKEN
gaterank	TAKEN
pathpayout	AVAIL
pulsedrive	TAKEN
pathsound	TAKEN
temposteady	AVAIL
plinthtempo	AVAIL
loomfuel	AVAIL
lookoutspark	AVAIL
quayescrow	TAKEN
sentrybeam	TAKEN
loopmint	TAKEN
gaugetier	AVAIL
portmandate	AVAIL
channelbadge	AVAIL
relayshift	TAKEN
dialkeen	AVAIL
meshtabular	AVAIL
surveyguard	TAKEN
trailroute	TAKEN
millcalm	AVAIL
baylevel	TAKEN
gridbastion	AVAIL
fabricframe	TAKEN
wavequiet	TAKEN
ledgerseal	TAKEN
kernelanchor	AVAIL
spinematch	AVAIL
lanetrue	AVAIL
trunkboost	AVAIL
wharfescrow	AVAIL
coveraise	AVAIL
sensorsentry	TAKEN
bridgesettle	TAKEN
forgefeed	TAKEN
foliocutlist	AVAIL
summitcanvas	TAKEN
spinetune	TAKEN
meterseal	TAKEN
lookoutbind	AVAIL
foliocredit	TAKEN
vaultclaim	TAKEN
studiospan	TAKEN
indexqueue	TAKEN
panelinbound	AVAIL
wardenident	AVAIL
scopelift	TAKEN
gaugeship	AVAIL
rosterproof	TAKEN
indexsync	TAKEN
anvilstaging	AVAIL
loomdeploy	TAKEN
sealspark	TAKEN
pillarpatch	AVAIL
tracktriage	TAKEN
portlevel	TAKEN
beaconseal	TAKEN
threadpilot	TAKEN
foundryplot	AVAIL
gaugecomply	AVAIL
basedeploy	TAKEN
forgerampart	AVAIL
anvilcommit	AVAIL
harborclaim	TAKEN
bridgeschema	AVAIL
havenpayer	AVAIL
watchwarden	TAKEN
helmcolumn	AVAIL
depotember	AVAIL
covehydro	AVAIL
railslink	TAKEN
torchvector	TAKEN
yardground	AVAIL
atlasmerge	TAKEN
beaconpatrol	TAKEN
quaypatrol	AVAIL
trussgauge	AVAIL
orbitsync	TAKEN
radarsynapse	AVAIL
meshkeen	AVAIL
gaugekindle	AVAIL
railspark	TAKEN
sensorfacet	AVAIL
railcompile	AVAIL
sensorsolid	AVAIL
dockfiling	AVAIL
flarehydro	AVAIL
sparkagent	TAKEN
lanestudio	TAKEN
bayember	AVAIL
portsolid	AVAIL
harborsync	TAKEN
surveyfeed	TAKEN
trussforge	TAKEN
sentrysurge	TAKEN
charterquiet	AVAIL
flareplot	AVAIL
stackdebit	AVAIL
boardprobe	AVAIL
graphattest	AVAIL
sonarstatute	AVAIL
lookoutrank	AVAIL
sensormetric	TAKEN
threadprism	AVAIL
pathmoor	TAKEN
towerpair	AVAIL
tempodepot	TAKEN
stacktrace	TAKEN
portopen	TAKEN
loomagent	TAKEN
tideopen	AVAIL
spanreckon	AVAIL
almanacfuel	AVAIL
codexcredit	TAKEN
coreactuate	AVAIL
dialvault	TAKEN
panelprobe	AVAIL
millbind	AVAIL
voltfuse	TAKEN
pressframe	TAKEN
sparkcorpus	AVAIL
graphwarrant	AVAIL
registertune	AVAIL
framepayout	AVAIL
foliowarrant	AVAIL
bridgesignet	AVAIL
pulsetensor	TAKEN
latticedepth	AVAIL
radarshift	TAKEN
crestoffset	AVAIL
anchorlaunch	TAKEN
lensdebit	AVAIL
railstaging	AVAIL
lanebedside	AVAIL
rosterbrisk	AVAIL
surveyhydro	TAKEN
wardentrim	AVAIL
milldock	AVAIL
cadencetier	AVAIL
tempofacet	AVAIL
meshbeam	TAKEN
indextrim	AVAIL
layerspan	TAKEN
threadtune	TAKEN
docktoken	TAKEN
trussremit	AVAIL
corepair	TAKEN
railfirst	TAKEN
briefbadge	AVAIL
arcember	TAKEN
pillartrust	TAKEN
wharfcharge	AVAIL
towerguard	TAKEN
bridgetrim	AVAIL
railsassign	AVAIL
atlascalm	AVAIL
tidesift	AVAIL
guardharden	AVAIL
beaconcorpus	AVAIL
tidekindle	AVAIL
boardbranch	AVAIL
pressvector	TAKEN
foundryprobe	AVAIL
keepstream	TAKEN
driftpay	TAKEN
shieldsurge	TAKEN
tidejoin	AVAIL
registercoin	TAKEN
dialtune	TAKEN
loopfleet	TAKEN
temporank	AVAIL
baseweave	TAKEN
yardfleet	TAKEN
vaultcargo	TAKEN
workstensor	AVAIL
prismreckon	AVAIL
currentpatch	AVAIL
conduitsteer	AVAIL
coveplain	AVAIL
codexstream	TAKEN
tracematch	TAKEN
helmhaul	TAKEN
guardident	AVAIL
chartkinetic	AVAIL
chartembed	AVAIL
kernelcommit	AVAIL
loomtrack	TAKEN
harborindex	TAKEN
turbineboost	TAKEN
yardember	TAKEN
loopsound	TAKEN
reachremit	AVAIL
torchkeen	AVAIL
emberfuse	TAKEN
tempofuse	AVAIL
spanattest	AVAIL
benchtabular	AVAIL
prismsound	TAKEN
arckeystone	AVAIL
indexclaim	TAKEN
lanecadence	AVAIL
stackpatrol	TAKEN
turbinepair	AVAIL
fabricstream	TAKEN
waveconsign	AVAIL
basebrisk	TAKEN
radartrim	AVAIL
trackquiet	AVAIL
reachtrace	TAKEN
probetender	AVAIL
spanpayload	AVAIL
spinetender	AVAIL
patrolraise	AVAIL
graphguard	TAKEN
baykinetic	TAKEN
flarebind	AVAIL
almanacyield	AVAIL
sensortensor	TAKEN
spanapprove	AVAIL
briefbright	AVAIL
docketreel	AVAIL
prismcomply	AVAIL
fabricassign	AVAIL
bayanchor	TAKEN
deskregister	AVAIL
trackhandoff	AVAIL
loomforge	TAKEN
atlasraise	AVAIL
framemandate	AVAIL
compasscalm	AVAIL
signalschema	TAKEN
tempotransit	TAKEN
shieldcalm	AVAIL
manifestmint	TAKEN
archarden	TAKEN
presskeen	AVAIL
benchvitals	TAKEN
wharfcipher	AVAIL
helmcompile	AVAIL
scopeguard	TAKEN
chartkeen	TAKEN
threadcanvas	TAKEN
anchorsurge	TAKEN
dialcalm	AVAIL
weavequiet	AVAIL
gaugetrue	AVAIL
basinplot	AVAIL
railsactuate	AVAIL
baylaunch	TAKEN
indexlink	TAKEN
brieftune	AVAIL
foliovault	TAKEN
meshtrim	AVAIL
flareclean	TAKEN
bridgemoor	TAKEN
panelseal	TAKEN
deskmetric	TAKEN
mapsteer	TAKEN
deskescrow	AVAIL
foundrydepot	TAKEN
wharfsolid	AVAIL
orbitsound	TAKEN
anviltrack	TAKEN
tidebrisk	AVAIL
bridgebrisk	AVAIL
tempohaul	AVAIL
plinthboost	AVAIL
reactortier	AVAIL
gatecipher	TAKEN
quaynorth	TAKEN
shieldsharp	AVAIL
ateliersort	AVAIL
arcledger	TAKEN
arctabular	AVAIL
picketdraft	AVAIL
deskregistry	AVAIL
codexsift	AVAIL
sensorcipher	AVAIL
atelierfleet	TAKEN
presskinetic	AVAIL
pillarpair	AVAIL
workshoplink	TAKEN
forgestatute	AVAIL
gridyield	TAKEN
trunkfleet	AVAIL
deskpolicy	TAKEN
vigilfuse	AVAIL
picketharden	AVAIL
docktransit	AVAIL
helmlink	TAKEN
atlasinfer	TAKEN
yardopen	AVAIL
towerstaging	TAKEN
sentrysignet	AVAIL
peaksteady	AVAIL
wardentoken	AVAIL
worksbastion	AVAIL
lanelift	TAKEN
ridgelaunch	AVAIL
ledgerdosage	AVAIL
dynamosync	AVAIL
graphpatrol	AVAIL
streamvitals	TAKEN
sensortrack	TAKEN
yardquiet	TAKEN
flaremerge	AVAIL
dockescrow	AVAIL
boardfuel	TAKEN
shieldkeen	AVAIL
meshcorpus	AVAIL
graphrampart	AVAIL
lenslink	TAKEN
atlasfloat	AVAIL
boardclear	TAKEN
studiotrim	TAKEN
indexprompt	TAKEN
wardenbrisk	AVAIL
enginelens	TAKEN
towerpilot	TAKEN
pulsetune	TAKEN
prismharden	AVAIL
vaultmerge	TAKEN
meshcast	TAKEN
routecredit	TAKEN
tempomoor	AVAIL
waveschema	AVAIL
havencredit	TAKEN
pressdeploy	TAKEN
deltasync	TAKEN
pillarscan	AVAIL
layertabular	AVAIL
sonarinfer	AVAIL
sensorpayer	AVAIL
towercolumn	AVAIL
covedebit	AVAIL
harborbeam	TAKEN
frametensor	TAKEN
kilnlink	TAKEN
charthandoff	AVAIL
embersift	AVAIL
looptransit	TAKEN
plinthattest	AVAIL
layerwarden	AVAIL
prismaudit	TAKEN
milltrue	TAKEN
corecadence	TAKEN
flowjoin	TAKEN
waveforge	TAKEN
wardenswift	AVAIL
reachkinetic	AVAIL
benchcognate	AVAIL
wharfhaul	AVAIL
patrolfiling	AVAIL
conduitqueue	AVAIL
shieldplot	AVAIL
switchgauge	TAKEN
depotsteer	AVAIL
briefprobe	AVAIL
boardtune	TAKEN
sealsignet	AVAIL
sonaralign	AVAIL
rostercoin	AVAIL
pillarfirst	AVAIL
rostertrust	AVAIL
pillardepth	AVAIL
traceinfer	TAKEN
lookoutswift	AVAIL
pathcanvas	TAKEN
surveytrue	TAKEN
prismpilot	TAKEN
streamcrisp	AVAIL
stacksolid	TAKEN
spanfacet	AVAIL
driftraise	AVAIL
flowdataset	TAKEN
portcorpus	TAKEN
coreprism	TAKEN
atelierlink	TAKEN
wharfstudio	TAKEN
capepayload	AVAIL
depotraise	AVAIL
torchgate	TAKEN
lookoutbadge	AVAIL
sentryclear	TAKEN
yardcell	TAKEN
helmkinetic	AVAIL
probeship	AVAIL
mapemblem	AVAIL
deskescalate	AVAIL
portcitadel	AVAIL
spancomply	AVAIL
surveyship	TAKEN
traceweight	AVAIL
framefacet	TAKEN
folioclear	TAKEN
guardpolicy	TAKEN
wardenboost	AVAIL
basetrim	TAKEN
worksdataset	AVAIL
covekindle	AVAIL
indextune	AVAIL
patrolfuel	TAKEN
reachinbound	TAKEN
trunkfreight	AVAIL
pillarpatrol	AVAIL
currentplain	AVAIL
deltadraft	TAKEN
enginecoin	TAKEN
harborcomply	TAKEN
deltareel	AVAIL
trailfirst	TAKEN
dialdraft	TAKEN
threadpatch	TAKEN
plinthledger	AVAIL
gridcharge	TAKEN
coredisclose	AVAIL
loomchart	TAKEN
radarpayout	AVAIL
paneldeploy	AVAIL
threadflow	TAKEN
dialstream	TAKEN
gridtoken	TAKEN
wavepay	TAKEN
panelsignet	AVAIL
gateclear	TAKEN
workscolumn	AVAIL
registerscan	TAKEN
relaycohort	AVAIL
dynamosound	TAKEN
cadenceyield	AVAIL
trussconsign	AVAIL
pillarlaunch	AVAIL
recordopen	TAKEN
yardrenew	TAKEN
chartdebit	AVAIL
railslading	AVAIL
mapaudit	TAKEN
crestpatrol	AVAIL
pillarkeen	AVAIL
temposcan	TAKEN
loomstaging	AVAIL
paneltrue	AVAIL
docketcraft	TAKEN
threadmetric	TAKEN
basinanchor	AVAIL
millspan	TAKEN
briefmint	TAKEN
indexvolt	AVAIL
frameproof	TAKEN
arcsignal	TAKEN
landingmoor	AVAIL
signalbright	TAKEN
meshtensor	TAKEN
stackprobe	TAKEN
temposhift	TAKEN
railswarrant	AVAIL
mapgate	TAKEN
latticespark	TAKEN
spinesignal	TAKEN
rostervitals	AVAIL
capeguard	TAKEN
millcommit	AVAIL
wardenaudit	AVAIL
cadencefeed	TAKEN
deskroute	TAKEN
graphbeam	TAKEN
meterintake	AVAIL
threadsteer	AVAIL
gateampere	AVAIL
havenpallet	AVAIL
studiokeen	TAKEN
dialconsent	AVAIL
surveyremit	AVAIL
codexforge	TAKEN
anchorsift	TAKEN
corecipher	TAKEN
trunkhaul	AVAIL
crestcharge	TAKEN
dockrender	AVAIL
trackconsent	TAKEN
foundryscale	TAKEN
trackcobot	AVAIL
tidesolid	AVAIL
helmpayload	AVAIL
anchorschema	AVAIL
spinemesh	TAKEN
havendepot	TAKEN
ledgerground	AVAIL
towercadence	AVAIL
flarefirst	TAKEN
gatesift	TAKEN
trailfuse	TAKEN
capelaunch	TAKEN
benchjoin	AVAIL
shieldbrisk	AVAIL
switchroute	TAKEN
depotcrisp	AVAIL
basinharden	AVAIL
railsverify	AVAIL
probecolumn	AVAIL
dossierscale	AVAIL
deskpay	TAKEN
mapmandate	AVAIL
landingframe	TAKEN
panelclaim	TAKEN
workswarrant	AVAIL
reachprime	TAKEN
peakfloat	TAKEN
atlaslens	TAKEN
probevitals	AVAIL
peakpicket	AVAIL
spinetrace	TAKEN
torchrenew	AVAIL
tracecharge	TAKEN
orbitbranch	TAKEN
fabricbuild	TAKEN
keepshield	TAKEN
foliodosage	AVAIL
worksrampart	AVAIL
spinetrust	TAKEN
stacklidar	AVAIL
deltapicket	AVAIL
anchortune	AVAIL
kindlebright	TAKEN
wharfprime	AVAIL
foundryfeed	TAKEN
sensorvolt	TAKEN
towersift	AVAIL
graphclear	TAKEN
reactormodel	TAKEN
atelierpair	AVAIL
patrolkeen	AVAIL
pulsetrue	TAKEN
briefpayout	AVAIL
basesharp	TAKEN
routesharp	TAKEN
deskcoin	TAKEN
lookoutclaim	AVAIL
vaultcredit	TAKEN
railampere	AVAIL
indexscan	TAKEN
kerneldock	TAKEN
coreyield	TAKEN
railsfuse	TAKEN
boardcontrol	TAKEN
lensembed	AVAIL
surveylidar	TAKEN
trackbeam	TAKEN
briefsignal	TAKEN
baykilowatt	AVAIL
meshparallax	AVAIL
gateweight	TAKEN
keepsteady	TAKEN
sonarscan	TAKEN
enginescan	TAKEN
trunkdebit	AVAIL
prismcarbon	TAKEN
boardboost	TAKEN
keepbiomass	AVAIL
enginehaul	AVAIL
meshassign	AVAIL
ampclean	TAKEN
harborsteady	AVAIL
basehaul	TAKEN
vigilconsent	AVAIL
sealfuel	TAKEN
switchdeploy	AVAIL
tideforge	TAKEN
arcbeam	TAKEN
bayprime	TAKEN
dialpolicy	AVAIL
threadledger	TAKEN
streamsolid	TAKEN
kindlecarbon	AVAIL
streamdrive	TAKEN
mapscale	TAKEN
coreclear	TAKEN
forgeclean	TAKEN
lensparallax	AVAIL
kernelbuild	TAKEN
probetune	AVAIL
tidelevel	TAKEN
meshdispatch	TAKEN
lenskinetic	AVAIL
circuitprobe	TAKEN
compassprobe	AVAIL
braidscan	AVAIL
havenweave	TAKEN
boardmoor	TAKEN
quaypalette	AVAIL
worksroute	AVAIL
bridgereckon	AVAIL
dynamoember	AVAIL
stackactuate	AVAIL
surveyopen	TAKEN
dynamotrim	AVAIL
dynamotrack	TAKEN
havendosage	AVAIL
waveinbound	TAKEN
compassbeam	TAKEN
chartbeam	TAKEN
basinfuel	TAKEN
coveservo	AVAIL
channelkeen	TAKEN
flaresharp	AVAIL
voltflow	TAKEN
lensbind	AVAIL
streambrisk	TAKEN
sealverify	TAKEN
yardcast	TAKEN
embermatch	TAKEN
braidcoin	TAKEN
gatecobot	AVAIL
shieldrecord	AVAIL
capedrive	TAKEN
trailstaging	AVAIL
corethermal	TAKEN
deltamint	TAKEN
arcroute	TAKEN
portrelay	TAKEN
ampgate	TAKEN
threadbeam	TAKEN
depotlading	AVAIL
basereckon	AVAIL
probemetric	TAKEN
codexschema	TAKEN
dialprism	AVAIL
railsfiling	AVAIL
yardcarbon	AVAIL
forgecanvas	TAKEN
forgedeploy	TAKEN
ampreason	AVAIL
guardcraft	TAKEN
radarproof	TAKEN
peakchart	TAKEN
gridcovenant	AVAIL
baykeen	AVAIL
forgedepth	TAKEN
bridgerelay	TAKEN
peakhaul	TAKEN
radarsift	AVAIL
circuitprime	TAKEN
railscharter	AVAIL
arcweave	TAKEN
pillartrue	AVAIL
dockcareteam	AVAIL
dossiermerge	AVAIL
railmanifest	AVAIL
probeswift	TAKEN
ateliersound	TAKEN
covecredit	TAKEN
orbitcompile	AVAIL
surveyroute	TAKEN
kindlemerge	TAKEN
summitvault	TAKEN
keepsignet	AVAIL
threadqueue	TAKEN
railslens	AVAIL
panelalign	AVAIL
latticeopen	AVAIL
peakmint	TAKEN
rosterledger	TAKEN
beaconfleet	TAKEN
railsbind	AVAIL
shieldbeam	TAKEN
probescan	TAKEN
towerprime	TAKEN
folioattest	AVAIL
portframe	TAKEN
folioswift	TAKEN
sonarsignet	AVAIL
probecharge	AVAIL
lenstrigger	AVAIL
trailspark	TAKEN
scopespan	TAKEN
wharfanchor	AVAIL
currentfirst	AVAIL
towerframe	TAKEN
flowregistry	TAKEN
dynamofeed	AVAIL
arcwarden	TAKEN
dynamoscan	AVAIL
driftfuel	TAKEN
foliolevel	AVAIL
briefcadence	AVAIL
scopecohort	AVAIL
trusscredit	TAKEN
prismtender	AVAIL
framecolumn	AVAIL
basinbeam	AVAIL
trunkcorpus	AVAIL
flowpayout	TAKEN
peakrank	TAKEN
surveygauge	TAKEN
trussclaim	AVAIL
stacktender	TAKEN
registerlink	TAKEN
baserollback	AVAIL
yardanchor	TAKEN
surveyshift	TAKEN
anchorprompt	TAKEN
keeptransit	AVAIL
fabricswift	TAKEN
capeflow	TAKEN
radarschema	AVAIL
recordbright	TAKEN
basevector	TAKEN
havenbrisk	AVAIL
routecanvas	TAKEN
prismapprove	AVAIL
covejoin	AVAIL
quayampere	AVAIL
guardcharter	AVAIL
railspolicy	AVAIL
indexpayer	AVAIL
bayclean	TAKEN
switchkeen	AVAIL
pillarcipher	AVAIL
guardclear	TAKEN
sonarfeed	TAKEN
ridgeturbine	AVAIL
covesharp	AVAIL
latticefeed	TAKEN
kernelgrid	TAKEN
pillardebit	AVAIL
gaugeampere	AVAIL
loopfirst	TAKEN
indexfloat	AVAIL
spinemodel	TAKEN
yardmoor	TAKEN
yardlevel	AVAIL
capealign	AVAIL
orbitcanvas	TAKEN
dossierfeed	AVAIL
basinstream	AVAIL
prismfeed	TAKEN
basepassport	TAKEN
flowsound	TAKEN
depotampere	AVAIL
coreground	TAKEN
relaysync	TAKEN
routerender	TAKEN
trussgate	TAKEN
harborhaul	TAKEN
deskbadge	AVAIL
crestfuel	TAKEN
worksharden	AVAIL
chartattest	AVAIL
capecell	TAKEN
portemission	AVAIL
vigilbind	AVAIL
shieldlink	TAKEN
coregauge	TAKEN
lanternlevel	AVAIL
keepsort	TAKEN
chartgantry	AVAIL
landingclean	AVAIL
docksync	TAKEN
panelcommit	AVAIL
driftsignal	TAKEN
almanacdock	AVAIL
portcovenant	AVAIL
recordlift	TAKEN
portpayout	AVAIL
boardtrack	TAKEN
wavegate	TAKEN
railkeystone	AVAIL
pillarscale	TAKEN
reactorsolar	AVAIL
dynamoground	AVAIL
baydispatch	TAKEN
circuitforge	TAKEN
sentrybright	AVAIL
capeweave	AVAIL
beaconfuse	TAKEN
routecargo	TAKEN
pillarcast	AVAIL
ridgetune	TAKEN
meternorth	TAKEN
tidecutlist	AVAIL
landinglink	TAKEN
peakcarbon	TAKEN
forgecognate	AVAIL
sonarswift	TAKEN
meshservo	AVAIL
depotdraft	AVAIL
boardcorpus	AVAIL
basintune	AVAIL
loomfuse	TAKEN
orbitmatch	TAKEN
chartercrisp	AVAIL
anviltrim	AVAIL
pulseclinic	TAKEN
stackdepot	TAKEN
chartstatute	AVAIL
reachtransit	AVAIL
landingsolar	AVAIL
sensorschema	AVAIL
tempocrisp	AVAIL
railcast	TAKEN
dialcharge	TAKEN
pillartender	AVAIL
gatebind	AVAIL
capefreight	TAKEN
vaultactuate	AVAIL
beaconopen	TAKEN
bridgelens	TAKEN
stackcontext	TAKEN
tracetune	TAKEN
trusstender	TAKEN
codexmatch	AVAIL
railfiling	AVAIL
gaugethermal	AVAIL
reachpay	TAKEN
picketclean	AVAIL
picketnorth	AVAIL
foundryjoin	AVAIL
framecohort	AVAIL
sentryscale	TAKEN
cadencemoor	AVAIL
meshartifact	AVAIL
codexpay	TAKEN
layerlens	TAKEN
pulsecadence	TAKEN
arckeen	AVAIL
trusshydro	AVAIL
wardenspark	AVAIL
atlaskeen	AVAIL
harborqueue	AVAIL
vigiltune	AVAIL
towerharden	AVAIL
beacontoken	TAKEN
meshdisclose	AVAIL
surveytriage	AVAIL
summitfuel	TAKEN
dossierchart	AVAIL
trunkpallet	AVAIL
keephaul	TAKEN
radarfuse	TAKEN
dialweave	AVAIL
spinesharp	AVAIL
basincell	AVAIL
studioagent	TAKEN
covefloat	AVAIL
gridraise	TAKEN
deltaremit	TAKEN
flarecast	TAKEN
plinthpilot	AVAIL
beaconvector	TAKEN
frametune	TAKEN
trusstune	AVAIL
kindleplain	AVAIL
peakplot	TAKEN
layergauge	TAKEN
docketcoin	TAKEN
railsfirst	AVAIL
streamalign	TAKEN
switchpilot	TAKEN
trailmerge	TAKEN
tidesequence	AVAIL
corewarden	TAKEN
waveshift	TAKEN
portsort	TAKEN
kilncanvas	TAKEN
studiopair	TAKEN
tidetempo	TAKEN
lensclean	TAKEN
trussfiling	AVAIL
gatedispatch	AVAIL
railquiet	AVAIL
sentryprime	TAKEN
keepruntime	AVAIL
stackreckon	AVAIL
pathdosage	AVAIL
kindlekeen	AVAIL
ledgertrim	AVAIL
harborlading	AVAIL
weaveyield	AVAIL
circuitfacet	AVAIL
turbinedrive	TAKEN
gatecorpus	TAKEN
tidepayout	AVAIL
baykindle	AVAIL
keepcadence	TAKEN
forgereckon	AVAIL
folioframe	TAKEN
loopsettle	AVAIL
capepilot	TAKEN
lanetender	TAKEN
almanacbadge	AVAIL
covefeed	AVAIL
conduitframe	AVAIL
pathpair	TAKEN
foliodraft	TAKEN
recordraise	TAKEN
framelading	AVAIL
quaymerge	AVAIL
portregistry	TAKEN
ledgerbranch	TAKEN
prismrenew	AVAIL
helmpassport	AVAIL
layermatch	TAKEN
towerprompt	AVAIL
rosterspan	AVAIL
atlascorpus	TAKEN
lanterndock	AVAIL
pillarframe	AVAIL
capeopen	TAKEN
lanekeen	AVAIL
patrolplot	AVAIL
dialturbine	AVAIL
sonarsolar	TAKEN
dialswift	TAKEN
flowschema	TAKEN
forgeyield	TAKEN
quayalign	AVAIL
towercargo	TAKEN
keepbuild	TAKEN
sensoremblem	AVAIL
lanescan	TAKEN
atlasframe	TAKEN
anvilfuse	AVAIL
trunkaudit	AVAIL
portsentry	TAKEN
bridgerank	TAKEN
kindleinfer	AVAIL
charterfloat	AVAIL
trailconsign	AVAIL
arcguard	TAKEN
pulsewarrant	AVAIL
weaveclinic	TAKEN
layerfuse	TAKEN
cadencetune	AVAIL
arcalign	TAKEN
capematch	AVAIL
pillarmodel	AVAIL
orbitalign	TAKEN
signaldepth	TAKEN
peaksound	TAKEN
ledgerdepth	AVAIL
arcrelay	TAKEN
atlasplain	AVAIL
anvilprime	TAKEN
sensorampere	AVAIL
chartcipher	TAKEN
trailtune	TAKEN
beaconbuild	TAKEN
deskyield	TAKEN
signalship	TAKEN
kilnscan	AVAIL
wharfrender	AVAIL
brieftrue	AVAIL
spankilowatt	AVAIL
surveyspark	TAKEN
ridgeboost	AVAIL
basinsurge	AVAIL
docketspan	TAKEN
panelrecord	AVAIL
towercipher	AVAIL
corehandoff	AVAIL
tracecoin	TAKEN
shieldquiet	AVAIL
reachrender	AVAIL
portcadence	AVAIL
sonarflow	TAKEN
codexfreight	TAKEN
orbitquiet	AVAIL
shieldfiling	AVAIL
orbitscan	TAKEN
towertrace	TAKEN
watchrampart	AVAIL
currentship	AVAIL
compassrank	TAKEN
boardtempo	TAKEN
trunksteer	AVAIL
signalmatch	TAKEN
trunkindex	AVAIL
tempomint	TAKEN
lanecompile	AVAIL
gridactuate	AVAIL
chartsolid	AVAIL
fabricsharp	AVAIL
turbinefirst	AVAIL
turbinefuel	TAKEN
deltaconsign	AVAIL
compassrenew	AVAIL
lanesteady	AVAIL
keepkilowatt	AVAIL
stackanchor	TAKEN
prismpayload	AVAIL
foliosettle	AVAIL
meshtreasury	AVAIL
spineconsign	AVAIL
stacksurge	TAKEN
sentrymatch	AVAIL
deltacargo	TAKEN
desktrigger	AVAIL
gatedepth	AVAIL
switchescrow	AVAIL
harborfacet	AVAIL
probefiling	TAKEN
yardcobot	AVAIL
railsprompt	AVAIL
spinecalm	TAKEN
briefaudit	TAKEN
channelyield	AVAIL
peakyield	TAKEN
yardmanifest	AVAIL
lanternsort	AVAIL
loomregistry	AVAIL
flowtransit	TAKEN
chartreason	AVAIL
atlascognate	AVAIL
channelmint	TAKEN
deltachart	TAKEN
dockbuild	TAKEN
plinthcomply	AVAIL
depotpilot	TAKEN
weavetrue	AVAIL
braidsettle	AVAIL
paneltune	AVAIL
conduitfuel	TAKEN
signalsolid	TAKEN
weavefeed	TAKEN
orbitpayout	AVAIL
manifestplot	AVAIL
stackcredit	TAKEN
yardledger	TAKEN
meterfuse	AVAIL
keepbrisk	AVAIL
havenstream	TAKEN
workspayload	AVAIL
threadclear	TAKEN
deskrelease	TAKEN
layertune	AVAIL
basereason	AVAIL
forgeplot	AVAIL
towersentry	TAKEN
summitsteady	AVAIL
braidforge	TAKEN
charteropen	AVAIL
harborbind	AVAIL
routelading	AVAIL
keepfleet	TAKEN
codexcast	TAKEN
streamshift	TAKEN
boardtender	TAKEN
meshverify	TAKEN
channelcargo	TAKEN
brieftransit	TAKEN
compassmesh	TAKEN
sparkmerge	TAKEN
mapcipher	AVAIL
relaydebit	AVAIL
depotrender	AVAIL
guardplot	AVAIL
pulseflow	TAKEN
ampfuel	TAKEN
covesolid	AVAIL
spinebright	AVAIL
layerforge	TAKEN
yardyield	TAKEN
covelaunch	AVAIL
helmtune	AVAIL
summitplot	TAKEN
folioinbound	AVAIL
picketattest	AVAIL
relaypatch	AVAIL
boardpilot	TAKEN
studiofeed	TAKEN
surveyseal	TAKEN
channelfeed	TAKEN
graphthermal	AVAIL
forgepayout	AVAIL
framefleet	TAKEN
signalrenew	AVAIL
deskopen	TAKEN
wardencalm	AVAIL
briefalign	AVAIL
picketsurge	AVAIL
currentpayer	AVAIL
enginetrack	TAKEN
ampemission	AVAIL
bridgeaudit	TAKEN
kilninfer	AVAIL
depotlink	TAKEN
bayground	TAKEN
railfuse	AVAIL
railstrack	TAKEN
yardampere	AVAIL
dialfuel	TAKEN
routecharge	TAKEN
traceship	TAKEN
dossierfacet	AVAIL
mapsignet	AVAIL
circuitrank	TAKEN
basinmatch	AVAIL
foliocargo	AVAIL
enginetrim	AVAIL
almanacbind	AVAIL
prismcharge	TAKEN
meshrank	TAKEN
corecobot	AVAIL
millfuse	AVAIL
basinfeed	TAKEN
keepkindle	AVAIL
railagent	TAKEN
summitember	TAKEN
lanedeploy	AVAIL
loopindex	TAKEN
havencipher	AVAIL
orbitmint	TAKEN
meshkindle	TAKEN
vaultlift	TAKEN
briefgauge	AVAIL
helmfuel	AVAIL
enginebranch	AVAIL
probesolar	AVAIL
yardfuel	TAKEN
towertrigger	AVAIL
ampmoor	AVAIL
lookoutkeen	AVAIL
arcquiet	AVAIL
helmremit	AVAIL
railcomply	TAKEN
probeampere	AVAIL
beaconsentry	TAKEN
deltarender	TAKEN
framebind	TAKEN
briefproof	TAKEN
scopesolar	TAKEN
loopfuel	TAKEN
lanternsolid	AVAIL
railsdock	TAKEN
turbineswift	AVAIL
wavespan	TAKEN
loopfloat	AVAIL
picketsound	AVAIL
lanecorpus	AVAIL
panelnorth	AVAIL
helmescalate	AVAIL
spinespatial	AVAIL
chartclaim	TAKEN
landingcraft	TAKEN
ridgedebit	AVAIL
bridgepair	TAKEN
railgauge	TAKEN
waveground	TAKEN
coveship	TAKEN
trackcohort	AVAIL
keepmandate	AVAIL
beaconremit	TAKEN
coreroute	TAKEN
foliopatch	AVAIL
meshkinetic	TAKEN
arcartifact	AVAIL
braidtender	AVAIL
havensift	AVAIL
fabricsift	AVAIL
charterfuel	TAKEN
basinhydro	AVAIL
yardinvoice	AVAIL
lensweight	AVAIL
paneltrace	TAKEN
codexledger	TAKEN
almanacfloat	AVAIL
panelbuild	TAKEN
landingtrue	AVAIL
reactortrim	AVAIL
lanternframe	TAKEN
layerpatrol	AVAIL
prismlidar	AVAIL
kindlerenew	AVAIL
dynamoinfer	AVAIL
fabricground	TAKEN
compassframe	TAKEN
docketdrive	TAKEN
gaugeground	AVAIL
loopspark	TAKEN
sparksteer	TAKEN
ridgeyield	AVAIL
relayfuel	TAKEN
wavestudio	TAKEN
channelalign	TAKEN
atlasplot	AVAIL
loopflow	TAKEN
braidnorth	AVAIL
peaktreasury	TAKEN
summitshift	TAKEN
benchcommit	AVAIL
coretrace	TAKEN
fabricfleet	TAKEN
trunkoffset	AVAIL
anchorbright	TAKEN
probeseal	AVAIL
surveygantry	AVAIL
framejoin	AVAIL
vaultoffset	AVAIL
signalcolumn	TAKEN
layeryield	TAKEN
atlasthermal	TAKEN
chartbiomass	AVAIL
kindleampere	AVAIL
pulseintake	AVAIL
railslevel	AVAIL
sensorbrisk	AVAIL
boardsignet	AVAIL
driftclean	TAKEN
prismcitadel	AVAIL
portlading	AVAIL
basinfirst	AVAIL
gridrollback	AVAIL
lenscharge	AVAIL
trunkreason	AVAIL
railcognate	AVAIL
dossierfloat	AVAIL
sensorindex	TAKEN
harborbrisk	AVAIL
panelgauge	AVAIL
pillarledger	TAKEN
anvilspark	TAKEN
basinclinic	TAKEN
deltaopen	AVAIL
dialcovenant	AVAIL
harborscale	TAKEN
foundryclaim	AVAIL
wardensort	AVAIL
vigilseal	AVAIL
lanterntrim	AVAIL
gridcognate	AVAIL
dossiernorth	AVAIL
loopbuild	TAKEN
arcampere	AVAIL
atlasfuel	TAKEN
crestfreight	TAKEN
beaconpicket	AVAIL
fabricspark	TAKEN
tempoinbound	AVAIL
ridgemint	TAKEN
atlaslink	TAKEN
gaugelidar	AVAIL
dossiercrisp	AVAIL
gatelift	TAKEN
radarswift	AVAIL
tidecorpus	AVAIL
threadcraft	TAKEN
reachspan	TAKEN
capemint	TAKEN
torchjoin	AVAIL
kilnvector	TAKEN
reachclear	TAKEN
maptrue	TAKEN
anvilplain	AVAIL
portlift	TAKEN
ledgerfleet	TAKEN
surveyfuel	TAKEN
meshfuse	TAKEN
radarlevel	TAKEN
trusstrace	AVAIL
railcohort	AVAIL
boardopen	TAKEN
codexindex	TAKEN
bridgepatch	TAKEN
relaycrisp	AVAIL
gaugemint	AVAIL
briefanchor	TAKEN
beaconmoor	TAKEN
portdebit	AVAIL
lanternbrisk	TAKEN
dynamofuel	TAKEN
routesolid	TAKEN
streamfuse	TAKEN
conduitlink	TAKEN
pillarwarden	AVAIL
trunkmodel	AVAIL
benchfeed	TAKEN
orbitcutlist	AVAIL
weavetrim	AVAIL
pillarqueue	AVAIL
vigilsound	AVAIL
dockpayload	AVAIL
weavehaul	AVAIL
gridlastmile	AVAIL
docketremit	AVAIL
ledgeremblem	AVAIL
kernelcoin	TAKEN
deskmandate	AVAIL
trussweight	AVAIL
studiocalm	TAKEN
millparallax	AVAIL
braidsound	AVAIL
helmdisclose	AVAIL
spineground	AVAIL
gaugemerge	AVAIL
railsolar	TAKEN
driftsurge	TAKEN
panelsteady	AVAIL
mapquiet	AVAIL
crestsound	TAKEN
compasslidar	AVAIL
frametrue	TAKEN
trackcognate	AVAIL
layerinbound	AVAIL
quayfloat	AVAIL
briefdepot	AVAIL
routeschema	TAKEN
keepdepth	AVAIL
trusspay	TAKEN
rosteralign	AVAIL
cadencesound	TAKEN
dossierclear	AVAIL
ridgeinvoice	AVAIL
lanterntune	AVAIL
helmvolt	TAKEN
arctrack	TAKEN
lensqueue	AVAIL
kernelsettle	AVAIL
loopclinic	TAKEN
conduitchart	AVAIL
bayturbine	AVAIL
trailground	TAKEN
traceconsent	TAKEN
flowfuel	TAKEN
keepalign	AVAIL
peakcohort	AVAIL
deltaspark	TAKEN
docketrelay	TAKEN
fabricfuse	TAKEN
circuitsharp	TAKEN
scopefacet	AVAIL
graphgantry	AVAIL
deskartifact	AVAIL
keepattest	AVAIL
pulsedebit	TAKEN
pillarpay	TAKEN
pathfeed	TAKEN
layerfloat	AVAIL
depotfirst	TAKEN
recordfeed	TAKEN
circuitplot	AVAIL
gridassign	AVAIL
compassweave	AVAIL
ledgeryield	TAKEN
peaktrace	TAKEN
pulselevel	TAKEN
vaultsteady	AVAIL
tideyield	TAKEN
latticeroute	TAKEN
spineflow	TAKEN
lensvitals	AVAIL
towersort	AVAIL
latticemoor	AVAIL
graphsteady	AVAIL
dossierprism	AVAIL
streambuild	TAKEN
depothydro	AVAIL
signalvolt	TAKEN
driftmetric	TAKEN
foundryaudit	AVAIL
conduitplot	AVAIL
reachdock	TAKEN
latticetrack	TAKEN
proberenew	AVAIL
braidfreight	AVAIL
beaconlens	TAKEN
ridgeframe	TAKEN
braidcargo	AVAIL
beaconyield	TAKEN
cadencepay	TAKEN
gridcontrol	TAKEN
fabriclevel	AVAIL
anvilcobot	AVAIL
kilnbind	AVAIL
millsynapse	AVAIL
workshopspan	AVAIL
quaytender	AVAIL
dockfuse	TAKEN
spineident	AVAIL
codexcharter	AVAIL
dockpalette	AVAIL
dialdispatch	TAKEN
harborshift	TAKEN
sensorbind	AVAIL
loombrisk	AVAIL
streamsort	TAKEN
baystream	TAKEN
tracesignet	AVAIL
chartertrue	TAKEN
docketfiling	AVAIL
framescan	TAKEN
railturbine	AVAIL
currentgauge	TAKEN
brieftender	AVAIL
pathreferral	AVAIL
quaycutlist	AVAIL
keepsolar	TAKEN
turbinetier	AVAIL
basincast	AVAIL
picketswift	AVAIL
keeprampart	AVAIL
circuitremit	AVAIL
capebedside	AVAIL
vaultpayload	AVAIL
gridcalm	TAKEN
corebrisk	TAKEN
tempofirst	TAKEN
quaykeystone	AVAIL
latticechart	AVAIL
havenswift	TAKEN
tidecalm	TAKEN
mapfirst	TAKEN
spineinbound	AVAIL
layersift	AVAIL
arcbiomass	AVAIL
coreanchor	TAKEN
orbitcolumn	AVAIL
trackvitals	TAKEN
reachwarden	AVAIL
layerfiling	AVAIL
workspayout	AVAIL
scopejoin	AVAIL
wavepair	TAKEN
basincobot	AVAIL
metersettle	AVAIL
dialsteer	AVAIL
forgetrigger	AVAIL
voltrenew	TAKEN
circuitsift	TAKEN
deskcontrol	TAKEN
kilnsteady	AVAIL
currentcraft	TAKEN
capeframe	TAKEN
radargantry	AVAIL
dialagent	TAKEN
sensorprism	AVAIL
keepsync	TAKEN
studiocanvas	TAKEN
cadencetrim	AVAIL
milltrim	TAKEN
indexcomply	AVAIL
covepair	AVAIL
foundryvault	TAKEN
coveampere	AVAIL
tempocommit	AVAIL
surveyplain	AVAIL
sensortier	TAKEN
braidbedside	AVAIL
meshmetric	TAKEN
codexattest	AVAIL
currentfuse	TAKEN
latticeprobe	AVAIL
railspayload	AVAIL
orbitnorth	TAKEN
yardcitadel	AVAIL
circuitcargo	AVAIL
emberagent	TAKEN
wharftier	AVAIL
forgepay	TAKEN
pathscan	TAKEN
bayscan	TAKEN
anviltensor	AVAIL
pulsepayout	TAKEN
pillarsteer	AVAIL
worksreason	AVAIL
probefuse	AVAIL
spansolar	TAKEN
patrolspark	AVAIL
switchvitals	AVAIL
frameapprove	AVAIL
circuitcoin	TAKEN
beacontrace	TAKEN
forgewarrant	AVAIL
crestraise	AVAIL
forgecorpus	AVAIL
beaconalign	AVAIL
channelsolid	AVAIL
codexsound	TAKEN
meshweave	TAKEN
basincraft	TAKEN
docksynapse	AVAIL
kerneldraft	AVAIL
pathcompile	AVAIL
codexstaging	AVAIL
routepatch	TAKEN
sonarmerge	AVAIL
forgescan	TAKEN
flowpallet	TAKEN
rostertrim	AVAIL
landingbind	AVAIL
sparklevel	TAKEN
recordpatch	AVAIL
latticedock	AVAIL
threadcharge	AVAIL
switchassign	AVAIL
kernelshift	TAKEN
deltastudio	TAKEN
torchanchor	AVAIL
trunktrue	AVAIL
basinfloat	AVAIL
loombright	TAKEN
trackstatute	AVAIL
beacongantry	AVAIL
sentrycipher	TAKEN
codexpilot	TAKEN
relayreel	TAKEN
arclidar	AVAIL
weaveruntime	AVAIL
havenalign	TAKEN
briefdebit	AVAIL
vaultsettle	TAKEN
circuitfleet	TAKEN
landingcell	AVAIL
wharframpart	AVAIL
patrolscale	AVAIL
briefmandate	AVAIL
codexspan	AVAIL
portreason	AVAIL
basinpayout	AVAIL
shieldraise	TAKEN
mapframe	TAKEN
fabricanchor	TAKEN
latticemesh	TAKEN
spineclaim	AVAIL
maprecord	TAKEN
relaytrim	AVAIL
coverampart	AVAIL
compasstrack	TAKEN
mapescrow	AVAIL
latticesteer	AVAIL
streamplain	AVAIL
portindex	TAKEN
forgeship	TAKEN
tempocast	TAKEN
traildeploy	AVAIL
coreseal	TAKEN
plinthfeed	AVAIL
trailcorpus	AVAIL
driftintake	TAKEN
scopesteer	AVAIL
railcitadel	AVAIL
lensapprove	AVAIL
mapalign	TAKEN
helmwarden	TAKEN
towercraft	TAKEN
peakshift	TAKEN
loomtensor	AVAIL
driftframe	TAKEN
boardclean	TAKEN
kerneltoken	TAKEN
coreflow	TAKEN
sealpassport	AVAIL
weavesurge	AVAIL
briefdataset	AVAIL
vigilbadge	AVAIL
basinthermal	AVAIL
forgelift	TAKEN
indexmetric	TAKEN
radarcontext	AVAIL
dialbind	AVAIL
loopcadence	TAKEN
atelierclear	AVAIL
covequiet	AVAIL
anchorassign	AVAIL
kernelnorth	TAKEN
layerspatial	AVAIL
flarecraft	TAKEN
panelkeen	AVAIL
scopecast	TAKEN
briefmetric	AVAIL
kilncell	AVAIL
almanacseal	AVAIL
sealsharp	AVAIL
arcdeploy	AVAIL
shieldharden	AVAIL
frameinbound	AVAIL
crestopen	AVAIL
havenopen	AVAIL
reachgantry	AVAIL
yardbrisk	AVAIL
covedepot	TAKEN
mapsynapse	AVAIL
trussident	AVAIL
layerbiomass	AVAIL
prisminvoice	AVAIL
foliopair	AVAIL
beaconcipher	TAKEN
bridgeservo	AVAIL
trailplain	AVAIL
indexguard	TAKEN
codexspark	TAKEN
vigildraft	AVAIL
tracerampart	AVAIL
radarember	TAKEN
basetender	TAKEN
lenscitadel	AVAIL
currentbrisk	AVAIL
codexmint	TAKEN
charthydro	AVAIL
engineshield	TAKEN
scopeshift	TAKEN
pillaremblem	AVAIL
guardweave	TAKEN
tracesteer	AVAIL
lensassign	AVAIL
summitcalm	AVAIL
benchwarrant	TAKEN
almanacscan	AVAIL
ridgedosage	AVAIL
loopfacet	AVAIL
surveytempo	AVAIL
guardsharp	TAKEN
ampgrid	TAKEN
trailqueue	AVAIL
basinpicket	AVAIL
meshspatial	TAKEN
railscobot	AVAIL
kilnclean	AVAIL
picketcast	AVAIL
havenreel	AVAIL
emberbeam	TAKEN
ledgerintake	TAKEN
vaultcalm	TAKEN
summitledger	TAKEN
meshstaging	AVAIL
rostertier	AVAIL
pathcutlist	AVAIL
summitcipher	AVAIL
covekeystone	AVAIL
baywarehouse	TAKEN
pillarbuild	TAKEN
pillarlens	TAKEN
baycargo	TAKEN
beaconlift	TAKEN
trailcargo	AVAIL
radarcredit	TAKEN
relaybright	AVAIL
kindletrue	AVAIL
chartrenew	AVAIL
beaconshift	TAKEN
towersignet	AVAIL
wavedraft	TAKEN
trackagent	TAKEN
benchcohort	AVAIL
trunkfiling	AVAIL
driftbeam	TAKEN
scoperenew	AVAIL
mapfleet	TAKEN
gaugeassign	AVAIL
forgelevel	TAKEN
arclens	TAKEN
trunktier	AVAIL
spinefuse	TAKEN
surveytensor	AVAIL
layerchart	TAKEN
driftdepot	TAKEN
quaylevel	AVAIL
bayfloat	TAKEN
harborcanvas	TAKEN
railpayout	AVAIL
lanebrisk	AVAIL
havengate	TAKEN
driftcanvas	TAKEN
latticeinfer	AVAIL
harbordepot	TAKEN
codextriage	TAKEN
helmkindle	AVAIL
lanternspark	TAKEN
deskhandoff	AVAIL
beaconsound	TAKEN
lanterntoken	AVAIL
pulsecarbon	TAKEN
portweight	AVAIL
harborvector	TAKEN
ridgebeam	TAKEN
lenspair	TAKEN
forgefleet	TAKEN
basinactuate	AVAIL
worksruntime	AVAIL
arcrenew	AVAIL
mapdock	TAKEN
ampscale	TAKEN
anvildepth	AVAIL
gridescrow	TAKEN
beaconplot	AVAIL
threadfirst	TAKEN
latticequiet	AVAIL
covetune	AVAIL
chartmoor	TAKEN
gateassign	AVAIL
foundryquiet	AVAIL
briefclinic	AVAIL
beaconfirst	TAKEN
mapswift	TAKEN
ledgercolumn	AVAIL
codexwarrant	AVAIL
channelfloat	AVAIL
graphclinic	AVAIL
circuityield	AVAIL
probecobot	AVAIL
waveclean	TAKEN
scopefeed	TAKEN
pulsesync	TAKEN
lensmint	TAKEN
mapsync	TAKEN
traceclear	TAKEN
torchcontext	AVAIL
dockembed	AVAIL
meterlink	TAKEN
metercobot	AVAIL
sealcrisp	TAKEN
archaul	AVAIL
flowtrim	TAKEN
railsreason	AVAIL
kernelreason	AVAIL
gatefloat	AVAIL
foliocompile	AVAIL
kernelpallet	AVAIL
lanedepot	AVAIL
waveyield	TAKEN
dockescalate	AVAIL
deltabedside	AVAIL
baseprime	TAKEN
trailhandoff	AVAIL
atlascompile	AVAIL
trusscontext	AVAIL
railstune	AVAIL
railsconsent	AVAIL
surveymoor	AVAIL
spinefacet	AVAIL
recordprime	AVAIL
coreservo	TAKEN
chartmandate	AVAIL
channelcell	AVAIL
sentryplain	AVAIL
tempofuel	TAKEN
layergate	TAKEN
docketroute	TAKEN
trackclinic	TAKEN
indexescrow	AVAIL
railfacet	AVAIL
signalground	TAKEN
prismkinetic	TAKEN
dialcohort	AVAIL
gridfeed	TAKEN
deskfacet	AVAIL
portlaunch	TAKEN
reachrank	TAKEN
peakemission	AVAIL
sealbastion	AVAIL
waveweave	TAKEN
surveyinfer	AVAIL
trackactuate	AVAIL
kindleagent	TAKEN
coreclean	TAKEN
sentrylink	TAKEN
pressmerge	AVAIL
trackfeed	TAKEN
yardscale	TAKEN
harbordosage	AVAIL
spancontext	AVAIL
gridroute	TAKEN
helmaudit	AVAIL
keepsurge	AVAIL
basecast	TAKEN
latticeship	AVAIL
almanacspark	AVAIL
basetoken	TAKEN
depotclean	AVAIL
trunkpicket	AVAIL
signalbrisk	AVAIL
studiobuild	TAKEN
pressgantry	AVAIL
foliolaunch	TAKEN
atelierchart	AVAIL
loopdraft	TAKEN
trackfacet	AVAIL
atlascadence	TAKEN
gatehydro	AVAIL
lanerelay	TAKEN
keepdebit	AVAIL
towersteady	AVAIL
flowlink	TAKEN
kernelcharge	AVAIL
gateclean	TAKEN
stackstatute	AVAIL
gridscale	TAKEN
arcsift	AVAIL
radarlaunch	TAKEN
turbinecalm	AVAIL
corecohort	AVAIL
scopeweight	AVAIL
lensfuel	TAKEN
workslading	AVAIL
portescrow	AVAIL
plinthlidar	AVAIL
kilnservo	AVAIL
meshstatute	AVAIL
anchorproof	TAKEN
deskvault	TAKEN
foliofuel	TAKEN
guardbright	TAKEN
spineservo	AVAIL
pillarfleet	AVAIL
codexdraft	TAKEN
portdisclose	AVAIL
spanweight	AVAIL
threadsync	TAKEN
trunkpair	AVAIL
towerspark	TAKEN
vaultsteer	TAKEN
graphledger	TAKEN
turbinerank	AVAIL
channelroute	TAKEN
gatesort	AVAIL
bridgecargo	TAKEN
anvilnorth	TAKEN
dossierclean	AVAIL
routehandoff	AVAIL
scopelens	TAKEN
plinthident	AVAIL
braidsharp	TAKEN
stackattest	TAKEN
dockpilot	TAKEN
depotpalette	AVAIL
braidqueue	AVAIL
loopcolumn	AVAIL
coresentry	TAKEN
tempoinvoice	AVAIL
picketkeen	AVAIL
baylift	TAKEN
sonarcobot	AVAIL
graphsteer	AVAIL
scopepicket	AVAIL
waveswift	TAKEN
latticepair	AVAIL
deltacutlist	AVAIL
scopepay	TAKEN
scopedebit	AVAIL
metertrigger	AVAIL
orbitsift	AVAIL
ridgerank	TAKEN
stackshield	TAKEN
cadencefloat	AVAIL
brieftabular	AVAIL
surveycalm	TAKEN
compasshaul	AVAIL
pulselidar	AVAIL
stackfloat	TAKEN
arcshopfloor	AVAIL
bridgecipher	AVAIL
railsdrive	AVAIL
railsguard	TAKEN
surveyframe	AVAIL
railsground	AVAIL
helmcobot	AVAIL
indexcolumn	AVAIL
streamground	TAKEN
vigilbright	TAKEN
studiocobot	AVAIL
signaltune	TAKEN
currentflow	TAKEN
towercohort	AVAIL
panelcargo	AVAIL
covetrack	TAKEN
wardencast	TAKEN
landingvault	TAKEN
towerbadge	AVAIL
wardenbright	AVAIL
spineinfer	AVAIL
flowscan	TAKEN
orbitremit	TAKEN
gaugepayload	AVAIL
trackproof	TAKEN
briefapprove	AVAIL
graphemblem	AVAIL
codexclean	AVAIL
portassign	AVAIL
ledgerlading	AVAIL
reachkeen	AVAIL
baseident	AVAIL
weavecohort	AVAIL
stackrelease	TAKEN
boardlens	TAKEN
lenscipher	TAKEN
scopepilot	TAKEN
vigilraise	AVAIL
ridgecanvas	AVAIL
looprelay	TAKEN
brieflift	TAKEN
flarevector	TAKEN
trackqueue	TAKEN
desktender	TAKEN
signaljoin	TAKEN
gaugerampart	AVAIL
gateground	TAKEN
depotsolid	AVAIL
switchkindle	AVAIL
spinecognate	AVAIL
workscontrol	TAKEN
rostertrue	AVAIL
spineanchor	AVAIL
corebind	TAKEN
capesift	AVAIL
railsdeploy	TAKEN
railtrim	TAKEN
basecargo	TAKEN
trunkcontext	AVAIL
trussinbound	AVAIL
dossierprobe	AVAIL
ledgersolid	AVAIL
stackinfer	TAKEN
wavestaging	AVAIL
gridalign	TAKEN
conduitsharp	AVAIL
gateclaim	TAKEN
keeplift	TAKEN
benchledger	TAKEN
basecontext	TAKEN
worksrelease	AVAIL
routecohort	AVAIL
vaultclear	TAKEN
trailsolid	AVAIL
pathcommit	AVAIL
codexfeed	TAKEN
baygrid	TAKEN
currentsift	AVAIL
harborshield	TAKEN
basinyield	AVAIL
ridgeservo	AVAIL
metermesh	TAKEN
dynamokindle	AVAIL
spinefirst	TAKEN
depotshield	TAKEN
almanacswift	AVAIL
gridregister	TAKEN
deltagate	TAKEN
keepfuse	TAKEN
bridgelift	TAKEN
ledgerbuild	TAKEN
indexfirst	TAKEN
routetriage	AVAIL
towerclaim	AVAIL
radarmint	TAKEN
rosterdeploy	AVAIL
torchsurge	TAKEN
almanacprobe	AVAIL
charterfirst	TAKEN
layerservo	AVAIL
bridgereason	TAKEN
arcfleet	TAKEN
ledgerbind	AVAIL
arcdepot	TAKEN
gateoffset	AVAIL
chartcobot	AVAIL
indexrampart	AVAIL
basevault	TAKEN
boardgate	TAKEN
spancredit	TAKEN
deskrank	TAKEN
sonarsynapse	AVAIL
graphfiling	AVAIL
gateopen	TAKEN
dockrampart	AVAIL
lenspicket	AVAIL
meshcohort	AVAIL
framesteady	TAKEN
meshcommit	AVAIL
framemoor	AVAIL
compassjoin	AVAIL
guardmandate	AVAIL
dialsharp	AVAIL
boardmandate	TAKEN
graphtrigger	AVAIL
brieftrust	TAKEN
routeclean	TAKEN
metermetric	TAKEN
framebeam	TAKEN
railsthermal	AVAIL
dossiercast	AVAIL
surveycomply	AVAIL
lensgantry	AVAIL
ampsynapse	AVAIL
dossierpair	AVAIL
trackopen	TAKEN
lanedosage	AVAIL
spineraise	AVAIL
scopeassign	AVAIL
helmassign	AVAIL
basefloat	TAKEN
indexdosage	AVAIL
loopraise	AVAIL
traceshift	TAKEN
summitsound	TAKEN
keepfloat	TAKEN
scoperampart	AVAIL
framefeed	TAKEN
dockrank	AVAIL
patrolmatch	AVAIL
pillarspark	AVAIL
anchorship	TAKEN
yardchart	TAKEN
orbitanchor	TAKEN
spangantry	AVAIL
loomservo	AVAIL
ledgersteady	AVAIL
gatefreight	TAKEN
corelidar	AVAIL
studioplain	TAKEN
radardebit	AVAIL
deltacipher	TAKEN
signalvector	TAKEN
panelsift	AVAIL
pulserecord	TAKEN
beaconlading	AVAIL
gridcredit	TAKEN
scopeseal	TAKEN
registerbind	AVAIL
railsopen	AVAIL
docketopen	AVAIL
scopesteady	AVAIL
dialident	AVAIL
trackaudit	TAKEN
gridcast	TAKEN
vaultinfer	TAKEN
summitclear	TAKEN
basefleet	TAKEN
baseforge	TAKEN
lensescalate	AVAIL
dossiertrust	AVAIL
meshpicket	AVAIL
peakservo	TAKEN
radarprism	TAKEN
atlascharter	TAKEN
trusshaul	AVAIL
rosterclaim	AVAIL
depotcharge	TAKEN
folioindex	TAKEN
switchboost	TAKEN
depotconsign	AVAIL
kindlequiet	AVAIL
forgeapprove	AVAIL
fabricdebit	AVAIL
railsentry	TAKEN
yardkinetic	AVAIL
lookoutfuel	AVAIL
signalcredit	TAKEN
lookoutdraft	AVAIL
foundrygate	TAKEN
panelraise	AVAIL
anchorservo	AVAIL
sensorlift	TAKEN
spinebeam	TAKEN
meshbastion	AVAIL
capeboost	AVAIL
tracebrisk	AVAIL
braidroute	AVAIL
tracktabular	AVAIL
foundrysift	AVAIL
wharfsolar	AVAIL
folioemblem	AVAIL
fabricfirst	TAKEN
trackprime	TAKEN
yardlading	AVAIL
ridgefeed	AVAIL
tidesteer	AVAIL
pillarweight	AVAIL
trusscoin	TAKEN
harborsteer	AVAIL
trackrenew	TAKEN
probefacet	AVAIL
kilnfeed	AVAIL
tideprobe	TAKEN
fabricjoin	AVAIL
indexspark	TAKEN
braidrelease	AVAIL
beacontrust	TAKEN
baycraft	TAKEN
trusscognate	AVAIL
vigilpatrol	AVAIL
braidkindle	AVAIL
anchorcharge	TAKEN
prismscale	TAKEN
engineanchor	AVAIL
gaugebrisk	AVAIL
vaultaudit	TAKEN
helmfreight	TAKEN
kernelscan	TAKEN
surveycarbon	AVAIL
threadfuse	TAKEN
anchorvector	TAKEN
harborcommit	AVAIL
tideschema	AVAIL
gridagent	TAKEN
keepagent	TAKEN
basetrue	TAKEN
lensfloat	TAKEN
atlasactuate	AVAIL
driftclinic	TAKEN
boardtrigger	AVAIL
shieldtrust	TAKEN
foliobadge	AVAIL
forgepallet	TAKEN
plinthwarden	AVAIL
weavecutlist	AVAIL
ampchart	TAKEN
plinthsolar	AVAIL
ampfirst	TAKEN
lanerank	TAKEN
foliocommit	AVAIL
anchorembed	AVAIL
gaugevolt	AVAIL
foliofuse	TAKEN
ledgerclinic	TAKEN
mapcrisp	AVAIL
radarnorth	TAKEN
forgesteer	TAKEN
dialtrue	TAKEN
trunkfuel	AVAIL
codexcargo	TAKEN
ledgerswift	TAKEN
towervolt	TAKEN
codexbuild	TAKEN
layercontext	TAKEN
boardclaim	TAKEN
millclear	AVAIL
recordtender	AVAIL
foliostaging	AVAIL
keepfuel	TAKEN
deltaground	TAKEN
stackrelay	TAKEN
capenorth	TAKEN
codexcohort	AVAIL
meshpilot	TAKEN
covepayout	AVAIL
meshregistry	TAKEN
watchbadge	TAKEN
temposharp	AVAIL
deskpilot	TAKEN
vaultremit	TAKEN
peakcareteam	AVAIL
layerfacet	AVAIL
relayfleet	TAKEN
spancell	AVAIL
workslaunch	TAKEN
laneplot	AVAIL
gaugeclear	TAKEN
emberboost	TAKEN
basepilot	TAKEN
gaugedepth	AVAIL
yardcipher	AVAIL
meshkilowatt	AVAIL
tracebeam	TAKEN
pathvitals	AVAIL
conduitfleet	TAKEN
deltacohort	AVAIL
trunkstaging	AVAIL
guardplain	AVAIL
gatepatch	AVAIL
voltoffset	AVAIL
picketstream	AVAIL
foliodeploy	AVAIL
boardrender	AVAIL
keepclaim	TAKEN
reachledger	TAKEN
trailgate	TAKEN
spinebuild	TAKEN
dockraise	AVAIL
gridquiet	AVAIL
workshopsort	AVAIL
foliokeen	AVAIL
coreruntime	TAKEN
presstier	AVAIL
surveyquiet	AVAIL
enginepay	TAKEN
dialsentry	AVAIL
havendock	TAKEN
sensorbadge	AVAIL
portlink	TAKEN
prismground	AVAIL
ledgersteer	AVAIL
layerprobe	AVAIL
boardmontage	AVAIL
threadspan	TAKEN
bridgesignal	TAKEN
tracemerge	AVAIL
manifestship	TAKEN
atlaspair	AVAIL
ateliertrue	AVAIL
trussguard	TAKEN
atlasrecord	TAKEN
ridgeharden	AVAIL
havenkindle	AVAIL
gridtempo	TAKEN
metersignal	TAKEN
corelading	AVAIL
deltaspan	TAKEN
peaklaunch	TAKEN
basinsift	AVAIL
embertrue	TAKEN
foundryfuel	TAKEN
scopevitals	AVAIL
ridgeampere	AVAIL
railbright	TAKEN
ampbeam	TAKEN
sonarbiomass	AVAIL
compassguard	TAKEN
layerbranch	AVAIL
landingraise	AVAIL
dynamolift	AVAIL
gridpayload	AVAIL
indexmandate	AVAIL
spineoffset	AVAIL
baykeystone	AVAIL
cadencemint	AVAIL
pulsealign	TAKEN
chartershift	AVAIL
gridwarden	TAKEN
flowsettle	TAKEN
picketdrive	AVAIL
currentsort	AVAIL
dynamoplot	AVAIL
beacongrid	TAKEN
worksoffset	AVAIL
tracescale	TAKEN
trunksignet	AVAIL
enginespan	AVAIL
guardbrisk	AVAIL
keepchart	TAKEN
traceprime	TAKEN
keepgate	TAKEN
sealcontrol	TAKEN
portsteer	AVAIL
surveypilot	TAKEN
conduitprism	AVAIL
coretune	TAKEN
vaultrelease	TAKEN
channeldock	TAKEN
tidecompile	AVAIL
wardenkindle	AVAIL
flowtabular	AVAIL
spanharden	AVAIL
gateboost	TAKEN
gridschema	TAKEN
routesync	TAKEN
millground	TAKEN
pathremit	AVAIL
keepcommit	TAKEN
capedepot	AVAIL
meshsift	AVAIL
waveanchor	TAKEN
spanplain	AVAIL
almanachaul	AVAIL
arcpayout	AVAIL
braidmetric	AVAIL
indexshift	TAKEN
graphtabular	AVAIL
covefuel	AVAIL
railindex	TAKEN
basevolt	TAKEN
latticeplain	AVAIL
relaylift	TAKEN
flareraise	TAKEN
studioembed	TAKEN
circuitfirst	TAKEN
lenscalm	AVAIL
wharfdepot	AVAIL
sensorsettle	AVAIL
sonarcontext	AVAIL
deltapair	AVAIL
arcspark	TAKEN
lookoutsound	AVAIL
dockdeploy	TAKEN
charterident	AVAIL
millcast	TAKEN
rostersharp	AVAIL
docketsharp	AVAIL
flowreel	TAKEN
basesync	TAKEN
wardenshift	AVAIL
mapboost	TAKEN
threadtriage	TAKEN
kindlesync	TAKEN
lensfiling	AVAIL
kilnmerge	AVAIL
latticeforge	TAKEN
conduitcraft	AVAIL
relaypayer	AVAIL
ridgekindle	AVAIL
capeactuate	AVAIL
gridembed	AVAIL
watchmandate	AVAIL
spanmodel	AVAIL
conduitjoin	AVAIL
foundrylens	TAKEN
crestampere	AVAIL
cadenceswift	AVAIL
manifestpair	AVAIL
spansound	AVAIL
voltkilowatt	AVAIL
wardentrust	TAKEN
helmembed	AVAIL
havenprime	TAKEN
atlascohort	AVAIL
guardlift	TAKEN
flarelink	TAKEN
wharfplain	AVAIL
weavebright	TAKEN
railsplot	AVAIL
maptabular	AVAIL
benchfuel	TAKEN
deltacrisp	AVAIL
harborlift	TAKEN
torchboost	AVAIL
codexapprove	AVAIL
towerlading	AVAIL
braidcadence	AVAIL
stackseal	TAKEN
reachforge	TAKEN
layerdraft	TAKEN
picketboost	AVAIL
trailtriage	TAKEN
graphanchor	TAKEN
lensplain	AVAIL
docketshift	TAKEN
forgesignet	AVAIL
quaymontage	AVAIL
signalpair	TAKEN
basintender	AVAIL
anvilmoor	TAKEN
corecell	TAKEN
foliotoken	TAKEN
forgebadge	AVAIL
pathship	TAKEN
reachground	TAKEN
reachpicket	AVAIL
arcdepth	TAKEN
conduitshift	AVAIL
indexalign	TAKEN
wavelading	AVAIL
latticematch	AVAIL
pathapprove	AVAIL
pulsecobot	AVAIL
workscompile	AVAIL
radarfirst	TAKEN
charteralign	AVAIL
trussrenew	AVAIL
capecharge	TAKEN
voltsync	TAKEN
worksagent	TAKEN
meterweave	TAKEN
sonarprism	AVAIL
trailsettle	AVAIL
relayassign	AVAIL
guardsolid	TAKEN
yardforge	TAKEN
sentrypilot	TAKEN
chartalign	TAKEN
ridgespan	TAKEN
summitflow	TAKEN
arcdisclose	AVAIL
deskcohort	AVAIL
graphtrace	TAKEN
peakpalette	TAKEN
kindletier	AVAIL
desktriage	AVAIL
kilnjoin	AVAIL
vaulthaul	TAKEN
meterpair	AVAIL
summitraise	TAKEN
railstream	TAKEN
driftdeploy	TAKEN
workspatrol	AVAIL
sentryfeed	TAKEN
railsescrow	AVAIL
yardsort	AVAIL
conduitvolt	TAKEN
coverender	AVAIL
tidecolumn	AVAIL
summitfleet	TAKEN
tracepilot	TAKEN
cadencepatch	AVAIL
sonarlink	TAKEN
foundryplain	AVAIL
traceremit	AVAIL
panelflow	TAKEN
towerturbine	AVAIL
radarshield	TAKEN
pillarclean	TAKEN
metersolar	TAKEN
reachfloat	AVAIL
summitbind	AVAIL
driftcorpus	TAKEN
channelhydro	AVAIL
quayswift	AVAIL
havensolar	TAKEN
vaultcohort	AVAIL
stackservo	TAKEN
dialoffset	AVAIL
dynamocalm	AVAIL
anvilcalm	AVAIL
deskconsent	AVAIL
sparkvector	TAKEN
kernelcorpus	AVAIL
reachrenew	TAKEN
reactorspark	TAKEN
dialhandoff	AVAIL
layertrack	TAKEN
helmdock	TAKEN
pathcharge	TAKEN
conduitservo	AVAIL
worksident	AVAIL
guardcrisp	AVAIL
baysolid	TAKEN
signalcrisp	AVAIL
waveruntime	TAKEN
anvilreel	AVAIL
peaktrim	TAKEN
basinclean	TAKEN
portsettle	AVAIL
radaryield	AVAIL
indexpair	TAKEN
graphground	AVAIL
reactorgrid	TAKEN
conduitfloat	AVAIL
spanrank	AVAIL
helmdeploy	AVAIL
routebedside	AVAIL
manifestcalm	TAKEN
tidepallet	AVAIL
corescan	TAKEN
lanealign	AVAIL
stackconsign	AVAIL
railsgrid	TAKEN
pillartrim	AVAIL
orbitrelease	AVAIL
anvilship	TAKEN
peaksettle	AVAIL
sensorcolumn	AVAIL
enginegauge	TAKEN
deltadrive	TAKEN
recordtrim	AVAIL
keepcoin	TAKEN
weaveground	TAKEN
bridgepicket	AVAIL
briefcompile	AVAIL
pillarsolar	TAKEN
foliocharge	TAKEN
picketflow	AVAIL
compassbadge	TAKEN
meshsurge	TAKEN
loomcraft	TAKEN
metercraft	TAKEN
threadcorpus	AVAIL
gridcoin	TAKEN
vaultproof	TAKEN
flowartifact	AVAIL
sparkjoin	TAKEN
gridmerge	TAKEN
pathrender	TAKEN
benchmontage	AVAIL
meterattest	AVAIL
meterqueue	AVAIL
stackroute	TAKEN
beaconservo	AVAIL
vaultpatch	TAKEN
chartintake	AVAIL
registermoor	AVAIL
surveygate	TAKEN
pulsefirst	TAKEN
metervector	AVAIL
arcpayload	AVAIL
capevitals	AVAIL
harborlidar	AVAIL
loopschedule	TAKEN
harborpay	TAKEN
benchdeploy	AVAIL
waveship	TAKEN
prismvector	TAKEN
threadsort	AVAIL
compassbrisk	AVAIL
surveykeen	AVAIL
gridsequence	TAKEN
yardtransit	AVAIL
trusspayout	TAKEN
loopremit	TAKEN
rosterjoin	TAKEN
docksettle	AVAIL
indexfiling	AVAIL
indexsharp	TAKEN
sonarbeam	TAKEN
surveyjoin	AVAIL
channelrelay	TAKEN
covedispatch	AVAIL
dockpayout	AVAIL
gatefuse	TAKEN
spineyield	AVAIL
workskindle	AVAIL
quaysentinel	AVAIL
orbitrank	TAKEN
indexspatial	AVAIL
beacondrive	TAKEN
routecolumn	AVAIL
bridgetrue	TAKEN
depotdosage	AVAIL
radarseal	TAKEN
weavedraft	TAKEN
helmraise	AVAIL
railsharden	AVAIL
ledgersurge	TAKEN
lookoutlevel	AVAIL
coreagent	TAKEN
driftmoor	TAKEN
spanbastion	AVAIL
bridgefirst	TAKEN
trunkcarbon	AVAIL
bridgeshift	TAKEN
gridampere	AVAIL
ledgertriage	AVAIL
tracemint	TAKEN
turbineclean	TAKEN
registerplot	AVAIL
tracelaunch	TAKEN
surveypayout	TAKEN
boardpalette	AVAIL
beacondeploy	AVAIL
prismyield	TAKEN
flarelevel	AVAIL
bridgedebit	AVAIL
channelweave	TAKEN
keepschedule	TAKEN
engineground	AVAIL
panelcorpus	AVAIL
deltaservo	TAKEN
ridgebedside	AVAIL
plinthsurge	AVAIL
anchorplot	TAKEN
spanlastmile	AVAIL
keepfiling	TAKEN
gaugespatial	AVAIL
wavemoor	AVAIL
relaymatch	TAKEN
harbortoken	TAKEN
orbitlink	TAKEN
basescale	TAKEN
railtrack	TAKEN
sonartoken	TAKEN
lookoutframe	AVAIL
turbinesort	AVAIL
kernelgantry	AVAIL
anchorbadge	TAKEN
anchorswift	TAKEN
weaveswift	AVAIL
folioalign	AVAIL
lanternmerge	AVAIL
plinthemblem	AVAIL
briefschema	AVAIL
gaugedraft	AVAIL
kilnfleet	AVAIL
atlasprobe	TAKEN
baseprompt	TAKEN
scopevault	TAKEN
enginesift	AVAIL
foundrymint	TAKEN
rosterpatch	AVAIL
trussopen	AVAIL
scopemetric	TAKEN
worksalign	AVAIL
keepsequence	TAKEN
baseattest	AVAIL
dockscan	TAKEN
reachsort	TAKEN
engineyield	TAKEN
pulsebind	AVAIL
gaugedosage	AVAIL
harborharden	TAKEN
routetier	TAKEN
layercast	TAKEN
bayrender	AVAIL
forgecell	TAKEN
gatescan	TAKEN
dynamotune	AVAIL
signaltrust	TAKEN
lensrampart	AVAIL
atlasremit	TAKEN
stackclean	TAKEN
spanalign	AVAIL
circuitpair	AVAIL
loopmontage	AVAIL
stacktune	TAKEN
covesteer	AVAIL
porthydro	AVAIL
radarqueue	AVAIL
sensorcobot	AVAIL
atlastune	TAKEN
boardbeam	TAKEN
gaterampart	AVAIL
dossierclaim	AVAIL
tracerank	TAKEN
kindleprime	TAKEN
keeproute	TAKEN
dockbadge	AVAIL
latticeprism	TAKEN
sensorsignal	TAKEN
surveycobot	AVAIL
ampreckon	AVAIL
routemetric	TAKEN
docketcargo	AVAIL
stackmodel	TAKEN
harborchart	TAKEN
pillarcommit	AVAIL
reachpayload	AVAIL
metersharp	AVAIL
currentscan	TAKEN
bridgemesh	TAKEN
docketgauge	AVAIL
portruntime	AVAIL
lanequiet	AVAIL
dialapprove	AVAIL
surveyoffset	AVAIL
railcobot	AVAIL
sparkprime	TAKEN
lensthermal	AVAIL
circuitraise	AVAIL
basinraise	AVAIL
pathtempo	AVAIL
arcprism	TAKEN
beaconmint	TAKEN
pulsecrisp	AVAIL
dialstatute	AVAIL
landingspan	AVAIL
reactorvolt	TAKEN
docketemblem	AVAIL
millscan	TAKEN
benchbuild	TAKEN
engineclean	TAKEN
kernelmesh	TAKEN
latticecrisp	AVAIL
chartcarbon	AVAIL
coremodel	TAKEN
reachspark	TAKEN
plinthlaunch	AVAIL
gaugeraise	AVAIL
crestplain	AVAIL
orbitdeploy	TAKEN
braidweave	TAKEN
chartsurge	TAKEN
havenfloat	TAKEN
depotclear	AVAIL
keepdraft	AVAIL
keepcohort	AVAIL
spinewarden	AVAIL
frameweight	TAKEN
tracklaunch	TAKEN
kilnweave	AVAIL
mapcorpus	AVAIL
turbinesift	AVAIL
bridgegauge	TAKEN
pathfreight	TAKEN
beaconcohort	AVAIL
trailsync	TAKEN
railsturbine	AVAIL
codexescrow	TAKEN
indexground	TAKEN
trackharden	AVAIL
docketcanvas	AVAIL
switchreel	AVAIL
codextrigger	AVAIL
indexsettle	AVAIL
patrolemblem	AVAIL
ridgesound	TAKEN
signalplot	TAKEN
gridpicket	AVAIL
lanesettle	AVAIL
boardcoin	TAKEN
wharfyield	AVAIL
dialclinic	TAKEN
anvilstream	AVAIL
sensormint	TAKEN
rostervault	TAKEN
tracesift	AVAIL
orbitsort	AVAIL
pressgate	TAKEN
loopcargo	TAKEN
streampallet	AVAIL
reactormerge	AVAIL
spancobot	AVAIL
prismsettle	AVAIL
tidechart	TAKEN
codexframe	TAKEN
signalpayer	AVAIL
covepayer	AVAIL
covespan	AVAIL
meterwarrant	AVAIL
trackcipher	AVAIL
graphlaunch	TAKEN
keepampere	AVAIL
scopestream	TAKEN
gaugeident	AVAIL
codexvitals	AVAIL
stackground	TAKEN
deskcredit	TAKEN
guardcipher	TAKEN
summitground	TAKEN
dockintake	TAKEN
foundryident	AVAIL
driftboost	TAKEN
meshquiet	AVAIL
bridgeoffset	TAKEN
dialsolid	AVAIL
lanepallet	AVAIL
stackcohort	AVAIL
fabricfeed	TAKEN
gatecommit	AVAIL
havenremit	AVAIL
frametoken	TAKEN
layerfleet	TAKEN
orbitmetric	TAKEN
enginecharge	TAKEN
tidevault	TAKEN
vigilsteer	AVAIL
layerplot	AVAIL
wharfcutlist	AVAIL
foundrytrack	AVAIL
pillaraudit	AVAIL
keepforge	TAKEN
yardactuate	AVAIL
trackpolicy	TAKEN
dossierbuild	AVAIL
spinesettle	AVAIL
panelpalette	AVAIL
ridgeconsign	AVAIL
towerampere	AVAIL
depotfleet	TAKEN
anchorlidar	AVAIL
basinpatrol	TAKEN
studioswift	TAKEN
anchortensor	TAKEN
towerclean	TAKEN
railfuel	AVAIL
latticenorth	TAKEN
tracetensor	TAKEN
pulseraise	TAKEN
meshactuate	AVAIL
anvilplot	AVAIL
workstempo	AVAIL
wardenclaim	AVAIL
sensordrive	TAKEN
depotreel	AVAIL
waveframe	TAKEN
picketlink	AVAIL
ledgerdebit	AVAIL
keepcast	TAKEN
wavesolid	TAKEN
beaconground	TAKEN
indexhydro	TAKEN
picketcraft	AVAIL
pathtabular	AVAIL
presspair	TAKEN
probebind	AVAIL
enginefuel	TAKEN
quayoffset	AVAIL
codexgauge	AVAIL
sensorseal	TAKEN
circuitlift	AVAIL
scopebedside	AVAIL
sonarlift	TAKEN
flowhaul	TAKEN
wharfpatrol	AVAIL
trusspolicy	AVAIL
layervault	TAKEN
trussturbine	AVAIL
loompayload	AVAIL
emberpilot	TAKEN
mapreferral	AVAIL
surveydock	TAKEN
panelconsign	AVAIL
trailtrim	TAKEN
capebeam	TAKEN
ledgercredit	TAKEN
turbinefuse	AVAIL
tideanchor	TAKEN
trusstabular	AVAIL
latticelink	TAKEN
tempopay	TAKEN
guardaudit	TAKEN
stackjoin	TAKEN
layerplain	AVAIL
forgecontrol	TAKEN
wharfcohort	AVAIL
graphwarden	TAKEN
tidefleet	TAKEN
chartbadge	AVAIL
portseal	TAKEN
boardescrow	AVAIL
dialfleet	TAKEN
pulsebedside	AVAIL
trussmoor	AVAIL
depotpayload	AVAIL
wardenweave	AVAIL
surveytoken	TAKEN
workshopfeed	AVAIL
summitdepot	TAKEN
braidground	AVAIL
spineboost	TAKEN
meterbrisk	AVAIL
rosterkindle	AVAIL
gridconsign	AVAIL
helmforge	TAKEN
depotmontage	AVAIL
meshdataset	AVAIL
gateinvoice	AVAIL
lanternsurge	AVAIL
anvilmodel	AVAIL
sealcraft	TAKEN
dockparallax	AVAIL
summitpicket	AVAIL
gridrank	TAKEN
stackpayout	AVAIL
foliocoin	TAKEN
dialschema	AVAIL
patrolalign	AVAIL
panelcadence	AVAIL
yardpatrol	TAKEN
reachnorth	TAKEN
chartagent	TAKEN
havenanchor	TAKEN
capequiet	AVAIL
baydosage	AVAIL
kilnanchor	AVAIL
recordweave	TAKEN
voltsurge	TAKEN
rosterschema	AVAIL
peakcredit	TAKEN
deskdepot	TAKEN
traildraft	TAKEN
vigilkeen	AVAIL
trailbind	TAKEN
signalinfer	TAKEN
patroltier	AVAIL
indexinvoice	AVAIL
recordmoor	AVAIL
patrolsharp	AVAIL
weaveconsign	AVAIL
dynamospan	AVAIL
dialkilowatt	AVAIL
baserank	TAKEN
kernelkindle	AVAIL
laneassign	AVAIL
havenkeen	TAKEN
atlasattest	TAKEN
peakconsign	AVAIL
summitstream	TAKEN
currentlens	TAKEN
benchtoken	TAKEN
scopegate	TAKEN
meshcargo	TAKEN
lookoutprime	AVAIL
sealbadge	AVAIL
radarprime	TAKEN
gatebastion	AVAIL
yardtune	AVAIL
picketsolid	AVAIL
guardcalm	AVAIL
helmyield	AVAIL
voltrank	TAKEN
ampsurge	TAKEN
relayrank	TAKEN
landingsteer	AVAIL
tracepayload	TAKEN
panelproof	TAKEN
circuitqueue	AVAIL
lanepayer	AVAIL
pulseroute	TAKEN
codexcraft	TAKEN
towerweight	AVAIL
gatesolar	TAKEN
panelescrow	TAKEN
vaultpayout	AVAIL
bridgecraft	TAKEN
compasstempo	AVAIL
vigilcharter	AVAIL
threadsurge	TAKEN
watchrecord	TAKEN
spantabular	AVAIL
indexwarrant	AVAIL
gridclean	TAKEN
bridgeledger	TAKEN
towerschema	AVAIL
trussvector	AVAIL
looprelease	AVAIL
scopeframe	TAKEN
traceoffset	AVAIL
ridgegate	TAKEN
keepemission	AVAIL
corefacet	AVAIL
capevault	TAKEN
dialclean	TAKEN
yardswift	TAKEN
conduitsift	AVAIL
pathsequence	AVAIL
anvildrive	AVAIL
havensettle	AVAIL
harborsettle	AVAIL
sealcipher	AVAIL
embershift	TAKEN
driftlading	AVAIL
benchcobot	AVAIL
rosteraudit	TAKEN
yardshield	TAKEN
sonarhydro	AVAIL
probegantry	AVAIL
peakpair	TAKEN
threadpayout	AVAIL
vaultsound	TAKEN
turbinealign	TAKEN
graphpayer	AVAIL
pillardrive	TAKEN
beacontempo	AVAIL
studioraise	TAKEN
latticeplot	AVAIL
chartservo	AVAIL
loomrank	TAKEN
layerindex	TAKEN
trackhydro	TAKEN
summitlading	AVAIL
indexpatrol	TAKEN
atlasdepth	AVAIL
currentprobe	TAKEN
scopebadge	AVAIL
loopjoin	TAKEN
pillarlift	TAKEN
orbitship	TAKEN
studiocell	TAKEN
anvilforge	TAKEN
tidelink	TAKEN
towersolar	TAKEN
crestguard	TAKEN
trunkrelay	AVAIL
driftfacet	AVAIL
portlens	TAKEN
deskplot	TAKEN
trunksynapse	AVAIL
dialindex	TAKEN
corebright	TAKEN
vaultrenew	TAKEN
kindleswift	AVAIL
gridmodel	TAKEN
voltcorpus	AVAIL
paneldepot	TAKEN
dockinfer	AVAIL
ledgercoin	TAKEN
scopeampere	AVAIL
gaugebright	AVAIL
trailscale	TAKEN
bridgedeploy	TAKEN
landingfeed	AVAIL
helmsolar	TAKEN
coreframe	TAKEN
atelierpatch	AVAIL
radarconsent	AVAIL
loomrelease	AVAIL
atlasmesh	TAKEN
gategantry	AVAIL
basecoin	TAKEN
spinecipher	AVAIL
streampilot	TAKEN
driftvault	TAKEN
panelsteer	AVAIL
enginebuild	TAKEN
harbortensor	AVAIL
codextempo	AVAIL
pulseprompt	TAKEN
harborinfer	AVAIL
braidspan	AVAIL
landingpilot	TAKEN
meshrecord	AVAIL
summitspan	TAKEN
probecrisp	AVAIL
railstensor	AVAIL
sparkhydro	TAKEN
vigilground	AVAIL
radarground	AVAIL
metercomply	AVAIL
relaysolid	AVAIL
looptriage	AVAIL
sentryemblem	AVAIL
enginestream	TAKEN
wardenrank	AVAIL
beaconwarden	AVAIL
studiobrisk	TAKEN
forgecalm	TAKEN
docketsift	AVAIL
depotplot	AVAIL
ridgetrue	TAKEN
surveytrim	AVAIL
trailcredit	TAKEN
loopsift	AVAIL
cadenceclean	AVAIL
pathalign	TAKEN
loopreel	TAKEN
embersteady	TAKEN
panelprime	TAKEN
pathtender	AVAIL
millsolid	AVAIL
circuitreel	AVAIL
yardtender	TAKEN
sparkfeed	TAKEN
picketsignet	AVAIL
portservo	AVAIL
tidefacet	AVAIL
scopepayout	AVAIL
forgethermal	TAKEN
weavemontage	AVAIL
scopemoor	AVAIL
kilnbuild	TAKEN
ledgercanvas	TAKEN
stackcoin	TAKEN
beaconbranch	TAKEN
railchart	TAKEN
quaydepot	TAKEN
ampopen	TAKEN
compassmint	TAKEN
spinepatch	TAKEN
currentdepot	TAKEN
baysound	TAKEN
harborcarbon	AVAIL
summitdraft	TAKEN
emberfeed	TAKEN
railsqueue	AVAIL
meshremit	AVAIL
probecell	TAKEN
compassclaim	TAKEN
cadencebeam	AVAIL
meshtune	TAKEN
sensorlaunch	AVAIL
deskclaim	AVAIL
loopdispatch	TAKEN
dockrenew	AVAIL
drifthaul	TAKEN
threadpallet	TAKEN
dynamoembed	AVAIL
railscomply	AVAIL
probeshift	TAKEN
atlasground	TAKEN
bridgecoin	TAKEN
plinthtier	AVAIL
fabricpilot	TAKEN
anvilmatch	AVAIL
baysteady	AVAIL
worksvector	AVAIL
peakpallet	AVAIL
scopestatute	AVAIL
spinepallet	AVAIL
graphsentry	TAKEN
flowescrow	TAKEN
yardtrue	AVAIL
quayprime	AVAIL
basinsharp	AVAIL
summitcargo	TAKEN
millsurge	AVAIL
flareopen	AVAIL
peakbeam	TAKEN
flowlevel	TAKEN
surveyboost	TAKEN
probesolid	TAKEN
latticeseal	TAKEN
orbitstaging	TAKEN
maplink	TAKEN
briefsurge	AVAIL
plinthcobot	AVAIL
bayclinic	TAKEN
trailfloat	TAKEN
landingweave	AVAIL
trunkthermal	AVAIL
kilnframe	AVAIL
gaugehandoff	AVAIL
trussreason	AVAIL
sealdisclose	AVAIL
switchrender	AVAIL
kilnbeam	AVAIL
trackdosage	AVAIL
plinthfuel	AVAIL
compassproof	AVAIL
trunkmerge	AVAIL
flaregrid	TAKEN
trunkcharge	TAKEN
conduitdrive	AVAIL
beaconember	TAKEN
atlascargo	TAKEN
summitsentry	TAKEN
railsound	TAKEN
gridfreight	TAKEN
deskcorpus	AVAIL
corebadge	TAKEN
harborattest	AVAIL
kilnstudio	TAKEN
deskpalette	TAKEN
helmsteer	AVAIL
spinelift	TAKEN
foliofloat	AVAIL
towerinfer	AVAIL
framecarbon	TAKEN
beaconkeen	AVAIL
boardcalm	AVAIL
frameship	TAKEN
kernelbright	AVAIL
ledgercharge	AVAIL
flowmontage	AVAIL
enginetrace	TAKEN
capeship	TAKEN
prismqueue	TAKEN
enginevault	TAKEN
scopeshield	TAKEN
sonarmatch	AVAIL
lanecredit	TAKEN
kilnsynapse	AVAIL
metercontext	AVAIL
tidematch	TAKEN
mapvault	TAKEN
maptrack	TAKEN
currentmint	TAKEN
covecoin	TAKEN
towerlift	TAKEN
sensorsteady	AVAIL
radarcoin	TAKEN
pillarharden	AVAIL
lanepilot	TAKEN
stackpair	TAKEN
wavegauge	TAKEN
studiojoin	TAKEN
turbinetrue	AVAIL
torchfeed	AVAIL
boardemblem	AVAIL
conduitremit	AVAIL
kilnkinetic	AVAIL
summitsolar	TAKEN
engineboost	TAKEN
kilnlaunch	AVAIL
scopetrigger	AVAIL
harborcolumn	AVAIL
reactorspan	AVAIL
worksconsign	AVAIL
trusstier	AVAIL
pillarsort	AVAIL
channelproof	TAKEN
pulsetrim	AVAIL
peakdock	TAKEN
quaybind	AVAIL
mapguard	TAKEN
capeintake	AVAIL
harborfiling	TAKEN
atlaspilot	TAKEN
rosterpallet	AVAIL
wharfscale	AVAIL
manifestreel	AVAIL
tempodrive	TAKEN
tidetransit	AVAIL
picketproof	TAKEN
lanegauge	TAKEN
basepatch	TAKEN
shieldtier	TAKEN
atlaspayload	AVAIL
codexcomply	AVAIL
braidplot	AVAIL
circuitpilot	TAKEN
layerpilot	TAKEN
indexvitals	AVAIL
landingember	AVAIL
anchorpilot	TAKEN
circuitbeam	TAKEN
havensentry	AVAIL
peaktriage	AVAIL
depotscale	TAKEN
wardenfuse	AVAIL
arcsynapse	AVAIL
caperank	TAKEN
trusscipher	AVAIL
basinfuse	AVAIL
surveysignal	TAKEN
railtensor	AVAIL
lookoutsift	AVAIL
gatelastmile	AVAIL
capesync	AVAIL
prismcorpus	AVAIL
pulsecognate	AVAIL
dockdisclose	AVAIL
ampground	TAKEN
rostersignal	TAKEN
dialpicket	AVAIL
plinthbeam	TAKEN
graphsignet	AVAIL
braidfacet	AVAIL
beacondebit	AVAIL
indexshield	TAKEN
lookoutfuse	AVAIL
harbormerge	AVAIL
meterbastion	AVAIL
codexemblem	AVAIL
deltaraise	TAKEN
peakfuel	TAKEN
meshjoin	TAKEN
sparkboost	TAKEN
ridgefuse	TAKEN
sentrytrust	TAKEN
baseshift	TAKEN
gaugegantry	AVAIL
crestmerge	TAKEN
quaycipher	AVAIL
reachvitals	AVAIL
lenstabular	AVAIL
weavesync	TAKEN
chartopen	TAKEN
meterdraft	AVAIL
dossierspan	AVAIL
trailclinic	TAKEN
keepdataset	AVAIL
anchorquiet	AVAIL
trussground	AVAIL
pathfacet	AVAIL
tidetune	TAKEN
tracelink	TAKEN
pillarbright	AVAIL
probebastion	AVAIL
helmservo	AVAIL
waveprime	TAKEN
gatehaul	AVAIL
mapember	TAKEN
loomruntime	AVAIL
layercontrol	TAKEN
dockcargo	TAKEN
beaconreckon	AVAIL
ridgefloat	TAKEN
recordtune	TAKEN
routepayer	AVAIL
reactorembed	AVAIL
bayfeed	TAKEN
sonarcipher	AVAIL
compassroute	TAKEN
yardcharge	TAKEN
beacondepth	AVAIL
spanlevel	AVAIL
graphinfer	TAKEN
deskscan	TAKEN
deltalift	TAKEN
proberaise	AVAIL
probeclaim	AVAIL
probelevel	AVAIL
signalboost	TAKEN
benchtune	AVAIL
railshield	TAKEN
deltapayer	AVAIL
corecontext	TAKEN
havenbind	AVAIL
vaultcontext	TAKEN
helmgantry	AVAIL
watchquiet	AVAIL
railsclean	AVAIL
signalagent	TAKEN
relayfacet	AVAIL
deskcharge	TAKEN
tracksteady	TAKEN
tidecohort	AVAIL
summitmerge	TAKEN
prismsteer	TAKEN
prismalign	TAKEN
portsignal	TAKEN
deltafirst	TAKEN
charterlift	TAKEN
loomartifact	AVAIL
sentrysharp	AVAIL
sealrank	TAKEN
trunkguard	TAKEN
lanerollback	AVAIL
kilnkindle	AVAIL
scoperecord	AVAIL
indexattest	AVAIL
arctrim	TAKEN
peakpayload	AVAIL
toweralign	AVAIL
quayboost	AVAIL
pathbuild	TAKEN
shieldmoor	TAKEN
railsrecord	AVAIL
threadfeed	TAKEN
pillarstream	AVAIL
ridgerender	AVAIL
layerhydro	AVAIL
havenescrow	TAKEN
signalsteady	TAKEN
fabricdepth	AVAIL
wavebind	AVAIL
landingfloat	AVAIL
prismoffset	TAKEN
probesharp	AVAIL
harbormint	TAKEN
wavetier	AVAIL
flareshift	TAKEN
trailtrue	TAKEN
codexbrisk	AVAIL
braidbrisk	AVAIL
bridgemint	TAKEN
indexactuate	AVAIL
threadspark	TAKEN
tempostaging	AVAIL
dialtriage	AVAIL
surveysolid	AVAIL
framelevel	TAKEN
briefbranch	TAKEN
flowcolumn	AVAIL
pulseconsent	AVAIL
helmsettle	AVAIL
havenscale	TAKEN
trailcrisp	AVAIL
relaycompile	AVAIL
towercast	TAKEN
watchpair	TAKEN
chartverify	TAKEN
meshtransit	TAKEN
surveydrive	TAKEN
threadjoin	TAKEN
railsteady	AVAIL
mapoffset	AVAIL
panelkindle	AVAIL
atelierlift	TAKEN
dossierbeam	AVAIL
dialfirst	TAKEN
emberlink	TAKEN
anvilground	AVAIL
capesound	TAKEN
vaultsignet	AVAIL
scopegauge	TAKEN
beaconprism	TAKEN
quayclear	AVAIL
graphsound	TAKEN
dockgantry	AVAIL
docketsync	TAKEN
mapseal	TAKEN
spinecadence	AVAIL
spanremit	AVAIL
dialdebit	AVAIL
deltabastion	AVAIL
scopecontrol	TAKEN
anchormetric	TAKEN
towershield	TAKEN
loopcharge	TAKEN
pillarcoin	TAKEN
pathfuse	TAKEN
yardemission	AVAIL
orbitclear	TAKEN
ampcognate	AVAIL
panelspan	TAKEN
dialroute	TAKEN
ledgerclear	TAKEN
railbiomass	AVAIL
picketcrisp	AVAIL
traceservo	AVAIL
patrolcomply	AVAIL
trunkplain	AVAIL
wavejoin	TAKEN
railtreasury	AVAIL
sealmerge	AVAIL
currentremit	AVAIL
havenclinic	TAKEN
traceboost	TAKEN
deltaintake	AVAIL
tracecognate	AVAIL
basincredit	TAKEN
channelframe	TAKEN
arcfirst	TAKEN
orbitvault	TAKEN
lanefuel	TAKEN
railsvolt	AVAIL
mapkinetic	AVAIL
depotpicket	AVAIL
flarekeen	AVAIL
voltalign	TAKEN
anchorclear	TAKEN
reachintake	TAKEN
milltrace	TAKEN
graphampere	AVAIL
tempoassign	AVAIL
kindlesolar	TAKEN
radarharden	AVAIL
deltaframe	TAKEN
scopecomply	AVAIL
boardverify	AVAIL
briefattest	AVAIL
benchcanvas	TAKEN
loomkindle	TAKEN
spantrim	AVAIL
ledgerwarden	AVAIL
depotnorth	AVAIL
surveylens	TAKEN
coveanchor	TAKEN
deltawarden	AVAIL
dialcontrol	TAKEN
circuitdepot	TAKEN
tempofreight	TAKEN
enginetune	TAKEN
streamcommit	TAKEN
worksmerge	AVAIL
corekeen	TAKEN
basesolid	TAKEN
tideframe	TAKEN
turbineprime	AVAIL
foundryservo	AVAIL
wharfbedside	AVAIL
folioplain	AVAIL
scopesentry	TAKEN
streamcraft	TAKEN
braidcorpus	AVAIL
flowrelease	TAKEN
flowtune	TAKEN
ridgetrace	TAKEN
sonaractuate	AVAIL
temporaise	AVAIL
coretensor	TAKEN
forgecutlist	AVAIL
basinspan	AVAIL
meshregister	TAKEN
charterqueue	AVAIL
gatepair	TAKEN
foliostudio	TAKEN
metershield	TAKEN
signaltensor	TAKEN
tideprism	TAKEN
signalsolar	TAKEN
traildepot	TAKEN
trackcarbon	TAKEN
turbinejoin	AVAIL
beaconcomply	TAKEN
conduitdepth	AVAIL
orbitbuild	TAKEN
corefirst	TAKEN
chartvector	TAKEN
anvilcutlist	AVAIL
quayledger	AVAIL
dialplot	AVAIL
anchorfiling	AVAIL
basinweave	AVAIL
portpayload	AVAIL
forgemodel	TAKEN
scopebind	AVAIL
vigilemblem	AVAIL
stacktrue	TAKEN
rosteremblem	AVAIL
atlaslaunch	TAKEN
havenship	TAKEN
surveytrack	TAKEN
trailshift	TAKEN
boardtrim	TAKEN
benchlidar	AVAIL
sensorshift	TAKEN
crestremit	AVAIL
reactorcrisp	AVAIL
kernelsignet	AVAIL
basinscale	AVAIL
indexsift	AVAIL
workscoin	TAKEN
almanacdraft	AVAIL
channelident	AVAIL
chartfiling	AVAIL
dynamocraft	AVAIL
docksteady	TAKEN
coveground	AVAIL
briefspark	TAKEN
coregrid	TAKEN
almanacvault	TAKEN
plinthsettle	AVAIL
kernelescrow	AVAIL
vaultseal	TAKEN
fabricmetric	AVAIL
trussboost	AVAIL
ampdock	TAKEN
summitdrive	TAKEN
havencast	TAKEN
yardsteady	AVAIL
gridescalate	AVAIL
plinthraise	AVAIL
rostersignet	AVAIL
fabricsignal	TAKEN
helmreckon	AVAIL
gridpallet	AVAIL
indexsurge	TAKEN
spanactuate	AVAIL
wardentier	AVAIL
currentpilot	TAKEN
tracesolid	TAKEN
studioweight	TAKEN
deskemblem	AVAIL
patroltune	AVAIL
corefreight	TAKEN
framehaul	TAKEN
channelcalm	AVAIL
trailclean	TAKEN
helmthermal	AVAIL
beaconjoin	AVAIL
deskcovenant	AVAIL
gaugecolumn	AVAIL
towertensor	AVAIL
conduitgrid	TAKEN
capebind	AVAIL
briefpay	TAKEN
laneclear	TAKEN
loomdepth	AVAIL
pillarshield	TAKEN
crestrender	AVAIL
capelink	TAKEN
wardenpair	AVAIL
rosterlaunch	AVAIL
wavesequence	TAKEN
studiocommit	AVAIL
bridgeprime	TAKEN
dialcolumn	AVAIL
anvilpair	AVAIL
capedraft	AVAIL
pathpayer	TAKEN
ridgeprime	TAKEN
weavedrive	AVAIL
mapclinic	TAKEN
tidepay	TAKEN
tracktender	TAKEN
scopekindle	AVAIL
tideconsign	AVAIL
pillarsolid	AVAIL
corecoin	TAKEN
atlasqueue	TAKEN
deskforge	TAKEN
boardgauge	TAKEN
laneindex	TAKEN
weaverank	TAKEN
prisminfer	AVAIL
dialreckon	AVAIL
reachcast	TAKEN
ridgeshield	TAKEN
landingmint	AVAIL
portpassport	TAKEN
towersurge	TAKEN
routefreight	TAKEN
docketbind	AVAIL
sparklaunch	TAKEN
anchorinfer	AVAIL
pulsegantry	AVAIL
guardground	TAKEN
surveysort	TAKEN
switchalign	TAKEN
layerwarrant	AVAIL
recordemblem	AVAIL
harborscan	TAKEN
layerfirst	TAKEN
sonarmodel	TAKEN
reachyield	TAKEN
meterpatrol	AVAIL
boardsound	TAKEN
atelierbind	AVAIL
prismsteady	AVAIL
atlasalign	TAKEN
deltaember	TAKEN
deskpayout	AVAIL
paneltempo	AVAIL
sonarqueue	AVAIL
beaconspark	TAKEN
helmrelease	TAKEN
foliointake	AVAIL
bridgeplot	TAKEN
scopevolt	AVAIL
gatesettle	AVAIL
foliogate	AVAIL
foliorelay	TAKEN
foundryember	TAKEN
lenstier	AVAIL
helmbuild	TAKEN
orbitprobe	AVAIL
deltarenew	TAKEN
tracebadge	AVAIL
ridgesteady	AVAIL
capescan	AVAIL
wharfcitadel	AVAIL
capecredit	TAKEN
tidestudio	TAKEN
pulsequiet	AVAIL
sonarsettle	AVAIL
orbitsignal	TAKEN
forgedraft	TAKEN
ridgemontage	AVAIL
corefiling	TAKEN
lanesound	TAKEN
rosterfiling	AVAIL
sealkindle	AVAIL
harbortrace	TAKEN
meterdosage	AVAIL
stackcognate	AVAIL
compassclean	TAKEN
reactorgate	AVAIL
vaulthydro	AVAIL
rosterfacet	AVAIL
indexsentry	AVAIL
currentcargo	TAKEN
summitswift	AVAIL
trackpay	TAKEN
yardfirst	TAKEN
sonarembed	AVAIL
conduitcast	TAKEN
sealcomply	AVAIL
patrolcraft	TAKEN
crestcargo	TAKEN
peakshield	TAKEN
spinehaul	AVAIL
flowmoor	TAKEN
lenscell	TAKEN
channelnorth	TAKEN
corestatute	AVAIL
benchapprove	AVAIL
quayhydro	AVAIL
boardhaul	TAKEN
reactorfirst	AVAIL
compassfeed	TAKEN
pathassign	AVAIL
crestframe	TAKEN
guardprime	TAKEN
chartcorpus	AVAIL
railshydro	AVAIL
chartoffset	AVAIL
loombranch	AVAIL
voltweave	TAKEN
covebedside	AVAIL
rosterfirst	AVAIL
vigilopen	AVAIL
docklastmile	AVAIL
wardenlaunch	AVAIL
arcpair	AVAIL
indexpay	TAKEN
pillarcredit	TAKEN
railpay	TAKEN
baynorth	TAKEN
weaveplain	AVAIL
dynamoflow	TAKEN
sonarthermal	AVAIL
arcsort	AVAIL
watchlaunch	TAKEN
stackident	AVAIL
wharfpalette	AVAIL
charterplain	AVAIL
framecell	TAKEN
haventrim	AVAIL
driftprobe	AVAIL
atlasfuse	TAKEN
crestpayload	AVAIL
layerclear	TAKEN
yardnorth	AVAIL
pillarember	AVAIL
dialsynapse	AVAIL
routesteady	TAKEN
tracecipher	TAKEN
meterkindle	AVAIL
haventriage	AVAIL
weavesort	AVAIL
basemandate	AVAIL
sensorvector	AVAIL
driftweave	TAKEN
turbineship	AVAIL
benchyield	AVAIL
spanhaul	AVAIL
pillarinfer	AVAIL
harboremblem	AVAIL
benchkeen	AVAIL
docketassign	AVAIL
towermint	TAKEN
folioaudit	TAKEN
raildepth	AVAIL
lensyield	AVAIL
helmbind	AVAIL
probesift	AVAIL
radarhydro	AVAIL
picketcalm	AVAIL
lensconsent	AVAIL
codexmoor	AVAIL
basegate	TAKEN
dockproof	TAKEN
radarvolt	TAKEN
prismbeam	TAKEN
metercarbon	AVAIL
compassmoor	AVAIL
emberbright	TAKEN
embercraft	TAKEN
depotfuel	AVAIL
framecargo	TAKEN
kilnpayload	AVAIL
forgedebit	AVAIL
spineprime	TAKEN
covestream	TAKEN
atlasfacet	AVAIL
recordaudit	TAKEN
turbinefeed	AVAIL
millcobot	AVAIL
sonarwarden	AVAIL
bayfuel	TAKEN
pulsespan	TAKEN
ampbrisk	AVAIL
gridemblem	AVAIL
capepair	AVAIL
landingvolt	AVAIL
kilnartifact	AVAIL
layertrue	TAKEN
scopecharge	TAKEN
layerswift	TAKEN
arcdraft	TAKEN
radarguard	TAKEN
basecalm	TAKEN
ridgeground	AVAIL
foliosort	TAKEN
trailrelease	AVAIL
coresort	TAKEN
graphproof	TAKEN
sparkreason	AVAIL
meshlaunch	TAKEN
ridgesteer	AVAIL
deskrollback	AVAIL
wavetune	TAKEN
frameplain	AVAIL
layerfreight	AVAIL
graphrelay	TAKEN
ridgepilot	TAKEN
sensorlens	TAKEN
mapcarbon	AVAIL
reachcrisp	TAKEN
guardnorth	TAKEN
radarship	TAKEN
anchormatch	TAKEN
charterscan	TAKEN
briefcalm	AVAIL
patrolcalm	AVAIL
studioclear	TAKEN
loopbind	TAKEN
sonardepth	TAKEN
benchinvoice	AVAIL
codexmetric	AVAIL
depotcargo	AVAIL
atlasdepot	TAKEN
vaultscale	TAKEN
compassboost	AVAIL
summitmint	TAKEN
deskpallet	AVAIL
recordreel	TAKEN
sealemblem	TAKEN
pathdataset	AVAIL
anchorcraft	TAKEN
spinehydro	AVAIL
folioconsign	AVAIL
watchfeed	TAKEN
baseclaim	TAKEN
prismtoken	TAKEN
havenvault	TAKEN
wharfcarbon	AVAIL
keepswift	TAKEN
prismcognate	AVAIL
beaconkindle	AVAIL
ateliersurge	TAKEN
anchorsharp	AVAIL
gridmandate	AVAIL
trailfleet	TAKEN
indexsteady	AVAIL
probematch	AVAIL
deltavitals	TAKEN
railsident	AVAIL
dockyield	AVAIL
bridgetender	TAKEN
pulsecontext	TAKEN
signalscale	TAKEN
tracealign	AVAIL
railscraft	TAKEN
desktrim	AVAIL
ledgerdraft	TAKEN
dynamodock	AVAIL
depotground	AVAIL
compassfloat	AVAIL
ledgerhydro	AVAIL
anchortoken	TAKEN
basinkindle	AVAIL
portcontext	TAKEN
registerkeen	AVAIL
tidecommit	AVAIL
dossierlift	AVAIL
streamtrim	TAKEN
recordsift	AVAIL
railtransit	TAKEN
gridopen	TAKEN
vaultbranch	TAKEN
codexdebit	AVAIL
looplink	TAKEN
ridgekeen	AVAIL
probetrue	AVAIL
mapcareteam	AVAIL
codexdeploy	TAKEN
boardanchor	TAKEN
layermint	TAKEN
foliotrim	AVAIL
atlascontrol	TAKEN
loopbeam	TAKEN
portactuate	AVAIL
layersettle	AVAIL
meshboost	TAKEN
spineswift	AVAIL
vaultcommit	AVAIL
graphopen	TAKEN
boardcompile	TAKEN
anchorbranch	TAKEN
stackledger	TAKEN
landingrenew	AVAIL
railspatrol	AVAIL
sonarbind	AVAIL
anchorscale	TAKEN
railsflow	TAKEN
prismembed	TAKEN
coredepth	TAKEN
peakfreight	TAKEN
capestudio	TAKEN
summitstudio	TAKEN
codexcommit	AVAIL
lanternplain	AVAIL
prismvitals	TAKEN
dockclinic	AVAIL
almanacfeed	AVAIL
ampjoin	TAKEN
kindleboost	TAKEN
panelfeed	AVAIL
covebiomass	AVAIL
atlastempo	TAKEN
trusscontrol	AVAIL
tracepayer	AVAIL
probebadge	AVAIL
trailjoin	TAKEN
prismdrive	TAKEN
keepindex	TAKEN
traceground	TAKEN
anvilshift	AVAIL
circuitclean	TAKEN
ledgercast	TAKEN
currentswift	TAKEN
pulsebadge	TAKEN
boardproof	TAKEN
bridgedrive	TAKEN
gridkeen	AVAIL
dossiersurge	AVAIL
railspay	TAKEN
rosterscan	TAKEN
meshreckon	AVAIL
pathjoin	TAKEN
driftclear	AVAIL
sealprime	TAKEN
kernelaudit	TAKEN
gridservo	AVAIL
anchorcarbon	TAKEN
docketpallet	AVAIL
signalmodel	TAKEN
covescale	AVAIL
depotrenew	AVAIL
kernelsound	AVAIL
railtender	TAKEN
yardintake	AVAIL
ampweave	TAKEN
towergate	TAKEN
towermerge	TAKEN
dialcobot	AVAIL
tempokindle	AVAIL
braidindex	AVAIL
tidetier	AVAIL
reachcraft	TAKEN
framefreight	AVAIL
pressquiet	TAKEN
conduitdraft	AVAIL
engineaudit	TAKEN
landingdebit	AVAIL
sealtrust	TAKEN
pathrollback	AVAIL
threadalign	AVAIL
briefwarrant	TAKEN
dialdock	TAKEN
baselens	TAKEN
havenshift	TAKEN
docketweave	AVAIL
tempoquiet	AVAIL
radarwarrant	AVAIL
chartsteer	AVAIL
arcwarrant	AVAIL
pathcadence	TAKEN
deltafuse	TAKEN
spinecargo	TAKEN
kerneldepot	TAKEN
meterwarden	AVAIL
surveyalign	AVAIL
surveygrid	TAKEN
almanaclink	AVAIL
atlasbright	TAKEN
mapweave	TAKEN
conduitcalm	AVAIL
vaultrank	TAKEN
scopehydro	AVAIL
basetempo	TAKEN
panelsignal	TAKEN
kilncontext	AVAIL
gridpipeline	TAKEN
orbitframe	TAKEN
mapsolid	AVAIL
helmweave	AVAIL
surveyindex	TAKEN
currentnorth	TAKEN
bridgelidar	AVAIL
railwarrant	AVAIL
beaconship	TAKEN
atlasinbound	TAKEN
pathdispatch	TAKEN
foundrybadge	AVAIL
braidboost	AVAIL
vaultconsign	AVAIL
tracefuel	TAKEN
meterstream	TAKEN
relaymontage	AVAIL
capespark	TAKEN
bridgepay	TAKEN
spansentinel	AVAIL
summityield	TAKEN
spanpolicy	AVAIL
railsemblem	AVAIL
harborpayer	AVAIL
helmcipher	AVAIL
dossierlink	TAKEN
basedock	TAKEN
trailtempo	TAKEN
benchreckon	AVAIL
gaugesharp	TAKEN
deltasettle	AVAIL
turbinetune	AVAIL
atlasdebit	AVAIL
pillarsignet	AVAIL
gridmetric	TAKEN
beaconforge	TAKEN
crestconsign	AVAIL
forgematch	TAKEN
wharfcargo	AVAIL
latticeweave	TAKEN
summitvolt	TAKEN
turbinesteer	AVAIL
probeguard	TAKEN
summitrank	TAKEN
mapsettle	AVAIL
weavedeploy	AVAIL
trusslevel	AVAIL
lensember	AVAIL
mapbastion	AVAIL
docketident	AVAIL
relaybind	TAKEN
meshpair	TAKEN
patrolcast	TAKEN
arctier	TAKEN
studioprompt	TAKEN
sonarprompt	AVAIL
scopelink	TAKEN
reactordraft	AVAIL
docketlink	TAKEN
sensorproof	TAKEN
crestcobot	AVAIL
benchrelease	AVAIL
channelspan	TAKEN
lensraise	AVAIL
trailbuild	TAKEN
loopboost	TAKEN
foundryhydro	TAKEN
trailcalm	AVAIL
keepcargo	TAKEN
havenfuse	TAKEN
atlaspatch	TAKEN
metertempo	AVAIL
harborclinic	TAKEN
tracktrigger	TAKEN
deskproof	TAKEN
relaystaging	TAKEN
framestaging	TAKEN
wavecohort	AVAIL
threadlading	AVAIL
trackbedside	AVAIL
stackhandoff	AVAIL
portpolicy	AVAIL
foundryguard	TAKEN
orbitfirst	TAKEN
recordpay	TAKEN
trailruntime	TAKEN
tracemodel	TAKEN
codexcanvas	TAKEN
foundrygauge	AVAIL
braidcohort	AVAIL
forgefuel	TAKEN
surveynorth	TAKEN
atlascipher	TAKEN
boardcharter	TAKEN
tempoclean	TAKEN
pulseampere	AVAIL
quaycrisp	AVAIL
panelschema	AVAIL
cadencecrisp	AVAIL
layerbrisk	AVAIL
tracedosage	AVAIL
ampsort	AVAIL
orbitinvoice	TAKEN
torchbeam	TAKEN
loopmoor	AVAIL
mapdebit	AVAIL
bridgebadge	TAKEN
maptrust	TAKEN
basetier	TAKEN
lanedrive	TAKEN
framebright	TAKEN
millfeed	TAKEN
deskanchor	TAKEN
graphframe	TAKEN
boardvault	TAKEN
flowrank	TAKEN
havenlink	TAKEN
probecognate	AVAIL
panelboost	TAKEN
spanpay	TAKEN
tempovitals	AVAIL
baydebit	AVAIL
trussmerge	AVAIL
arcemission	AVAIL
helmkeen	AVAIL
tempoprime	TAKEN
reachsteady	TAKEN
railscargo	AVAIL
deltasentry	TAKEN
dockinbound	AVAIL
tempohandoff	AVAIL
railslift	AVAIL
atlastrigger	TAKEN
basebiomass	AVAIL
panelsharp	AVAIL
trunkampere	AVAIL
ampsift	AVAIL
emberfuel	TAKEN
panelbrisk	AVAIL
depotsettle	AVAIL
conduitfeed	AVAIL
millbeam	AVAIL
railregister	TAKEN
trusscomply	AVAIL
pulseledger	TAKEN
codexhandoff	AVAIL
gridspatial	TAKEN
indexcell	TAKEN
reachtrue	TAKEN
voltpair	TAKEN
trailcadence	TAKEN
looptrace	TAKEN
capekeen	TAKEN
arcfeed	TAKEN
toweragent	TAKEN
radarcipher	AVAIL
watchemblem	AVAIL
pathsettle	AVAIL
routebright	TAKEN
chartermerge	AVAIL
sonarcell	AVAIL
plinthescrow	AVAIL
harborweave	TAKEN
kernelfleet	AVAIL
orbitfleet	TAKEN
quayfirst	AVAIL
dialsentinel	AVAIL
indexcoin	TAKEN
stacksettle	TAKEN
quayclean	TAKEN
sealswift	TAKEN
trunkanchor	AVAIL
portcohort	AVAIL
plinthtoken	AVAIL
millvector	AVAIL
trussreckon	AVAIL
baycast	TAKEN
pulsemetric	TAKEN
weavetrigger	AVAIL
radarclean	AVAIL
loopnorth	TAKEN
watchcitadel	AVAIL
meterprompt	TAKEN
boardtriage	AVAIL
benchvault	TAKEN
scopedepth	TAKEN
coreprompt	TAKEN
conduitprime	AVAIL
havengantry	AVAIL
codextrue	AVAIL
fabricreason	AVAIL
towerhydro	TAKEN
railsledger	AVAIL
chartercalm	AVAIL
framevector	TAKEN
sealquiet	AVAIL
forgemoor	TAKEN
tempopallet	AVAIL
kernelpatrol	AVAIL
studioreel	TAKEN
lanestream	TAKEN
anchordepth	AVAIL
recordbuild	AVAIL
gateprompt	AVAIL
recordscale	TAKEN
chartersort	AVAIL
dynamomatch	AVAIL
waveremit	TAKEN
surveyservo	AVAIL
plinthcargo	AVAIL
atlastrim	AVAIL
vigilflow	TAKEN
railsapprove	AVAIL
radarmoor	AVAIL
railsift	AVAIL
loopsteer	AVAIL
tempocutlist	AVAIL
reachdrive	TAKEN
wardenfiling	AVAIL
threadclinic	TAKEN
trackalign	TAKEN
pillarnorth	TAKEN
circuitplain	AVAIL
layerprompt	TAKEN
deltacraft	TAKEN
signalpay	TAKEN
arcprime	TAKEN
wardentune	AVAIL
keepmoor	AVAIL
wavemetric	TAKEN
sealsync	TAKEN
railsvector	AVAIL
graphlevel	AVAIL
trussfuel	AVAIL
torchlaunch	TAKEN
dockaudit	AVAIL
sensorescrow	AVAIL
wavecolumn	AVAIL
gaugeboost	AVAIL
vaultpay	TAKEN
trussaudit	AVAIL
foliofiling	AVAIL
recordtrue	AVAIL
meshscan	TAKEN
mapcitadel	TAKEN
landingscan	TAKEN
loopdebit	AVAIL
boardswift	TAKEN
stackforge	TAKEN
foundryinfer	AVAIL
trunkvector	AVAIL
worksrelay	AVAIL
sparkrenew	TAKEN
spantreasury	AVAIL
streamsteady	TAKEN
basecorpus	AVAIL
indexship	TAKEN
lanecommit	AVAIL
spinemint	AVAIL
archandoff	AVAIL
landingcrisp	AVAIL
framefloat	AVAIL
braidplain	AVAIL
patrolstream	TAKEN
lenstrue	TAKEN
sealclaim	TAKEN
latticelens	TAKEN
recordbranch	AVAIL
mapsound	TAKEN
helmbadge	AVAIL
arcgrid	TAKEN
anchorsteer	AVAIL
torchreckon	AVAIL
kilnspatial	AVAIL
shieldscale	TAKEN
driftmerge	AVAIL
briefboost	TAKEN
threadsignal	TAKEN
scopebright	TAKEN
tempodosage	AVAIL
basinspark	AVAIL
routecrisp	AVAIL
kernelcomply	AVAIL
workslidar	AVAIL
radartrue	AVAIL
mapcobot	AVAIL
codexyield	TAKEN
sonarchart	TAKEN
ridgeplot	TAKEN
layerlevel	TAKEN
flowpilot	TAKEN
panelcolumn	AVAIL
lensmerge	AVAIL
radargate	TAKEN
reactornorth	AVAIL
dockreason	AVAIL
studiolink	TAKEN
torchcarbon	TAKEN
gridbind	TAKEN
yardspan	TAKEN
ridgepallet	AVAIL
railscredit	AVAIL
meterspatial	AVAIL
foliohandoff	AVAIL
railscontext	AVAIL
guardemblem	AVAIL
summitframe	TAKEN
ledgermint	TAKEN
fabricdrive	TAKEN
indexfuse	AVAIL
boardrecord	TAKEN
routefleet	TAKEN
boardprime	TAKEN
portpipeline	AVAIL
keepbeam	AVAIL
latticefleet	AVAIL
ridgesentry	TAKEN
havenrenew	TAKEN
tideweave	TAKEN
kernelcrisp	AVAIL
lanesteer	AVAIL
capeclinic	TAKEN
trunksteady	AVAIL
torchlevel	AVAIL
reactorframe	AVAIL
mapemission	AVAIL
loopkindle	AVAIL
reactortrack	AVAIL
railsdraft	TAKEN
yardplain	AVAIL
railswarden	AVAIL
scoperaise	AVAIL
boardsharp	TAKEN
portpatrol	TAKEN
threadlaunch	TAKEN
wavekindle	AVAIL
helmkeystone	AVAIL
tideground	AVAIL
towerattest	AVAIL
dialcarbon	AVAIL
benchcoin	TAKEN
routeapprove	AVAIL
panelvitals	AVAIL
briefweave	AVAIL
pathcorpus	AVAIL
railsframe	AVAIL
flaretrue	AVAIL
baysentinel	TAKEN
landingshift	TAKEN
codexweave	TAKEN
covecraft	TAKEN
weavecast	TAKEN
signalsift	TAKEN
dialdisclose	AVAIL
vaultbuild	TAKEN
graphbadge	AVAIL
patrolground	AVAIL
braidprobe	AVAIL
threadfleet	AVAIL
loomraise	AVAIL
beaconpatch	TAKEN
flowlading	AVAIL
relaycutlist	AVAIL
bridgehydro	AVAIL
arcaudit	TAKEN
ledgervitals	AVAIL
arcanchor	TAKEN
maplift	TAKEN
arcactuate	AVAIL
compasscargo	TAKEN
mapvitals	TAKEN
chartcharge	TAKEN
quayforge	TAKEN
wavepalette	TAKEN
deltatrack	TAKEN
dossierframe	AVAIL
capefuel	AVAIL
tidepilot	TAKEN
rosterdebit	AVAIL
railaudit	TAKEN
meshinfer	TAKEN
sonarampere	AVAIL
sensorintake	AVAIL
picketaudit	AVAIL
railscorpus	AVAIL
folioplot	TAKEN
harborwarden	AVAIL
codexshift	TAKEN
helmregister	AVAIL
currentdock	TAKEN
briefpalette	AVAIL
recordsolid	AVAIL
wharfbastion	AVAIL
pulsekeen	AVAIL
watchverify	TAKEN
landingswift	TAKEN
peakwarden	TAKEN
recordcargo	AVAIL
briefcommit	AVAIL
conduitmint	TAKEN
meshmodel	TAKEN
studiosolid	TAKEN
peakopen	TAKEN
spanrampart	AVAIL
gatecraft	TAKEN
maptensor	TAKEN
quayintake	AVAIL
studiolaunch	TAKEN
weaveraise	AVAIL
codexcompile	AVAIL
stackgantry	AVAIL
anchorlift	TAKEN
flaredraft	AVAIL
channelcast	TAKEN
graphremit	AVAIL
deltasteer	AVAIL
railmesh	TAKEN
dynamochart	TAKEN
bridgeindex	TAKEN
vaultscan	TAKEN
fabricmodel	TAKEN
probecarbon	AVAIL
bridgebranch	TAKEN
sensoragent	TAKEN
vaultmoor	TAKEN
lensmodel	TAKEN
braidpayer	AVAIL
conduitscan	AVAIL
sensorfuse	TAKEN
meshguard	TAKEN
portbastion	AVAIL
tidecanvas	TAKEN
dynamotrue	AVAIL
gaugeremit	AVAIL
dockstatute	AVAIL
surveytender	TAKEN
quaysharp	AVAIL
dynamosort	AVAIL
scopesurge	TAKEN
capepay	TAKEN
tiderelay	TAKEN
portflow	TAKEN
railsbrisk	AVAIL
trunktensor	AVAIL
spineremit	AVAIL
helmlaunch	TAKEN
harborvitals	AVAIL
lanesort	AVAIL
spanship	TAKEN
benchpallet	AVAIL
wharfclinic	TAKEN
atlasconsent	AVAIL
reachopen	AVAIL
relayspark	TAKEN
reachbind	AVAIL
rosterident	AVAIL
railrecord	AVAIL
anvildraft	AVAIL
shieldtrim	TAKEN
wharfraise	AVAIL
towerfeed	TAKEN
braidcalm	AVAIL
stackcolumn	AVAIL
surveybadge	AVAIL
mapassign	TAKEN
anchorcredit	TAKEN
deskpipeline	AVAIL
dialship	TAKEN
pillarfuel	AVAIL
havensurge	TAKEN
spinespan	TAKEN
forgesynapse	TAKEN
meshmerge	TAKEN
vaultopen	TAKEN
relaystudio	TAKEN
layercalm	AVAIL
railtoken	TAKEN
kindledraft	AVAIL
mapthermal	TAKEN
foliocolumn	AVAIL
workshopbind	AVAIL
channelpatch	AVAIL
guardboost	TAKEN
railverify	AVAIL
paneltrim	TAKEN
arcfuel	TAKEN
dockbind	AVAIL
laneanchor	TAKEN
havenpalette	TAKEN
flareinfer	AVAIL
pillartrack	TAKEN
vigilbrisk	AVAIL
relayfreight	TAKEN
anvilrank	TAKEN
worksturbine	AVAIL
flowclean	TAKEN
meshwarrant	AVAIL
pulsecalm	TAKEN
shieldproof	TAKEN
wavebuild	TAKEN
ampframe	TAKEN
panelcraft	TAKEN
dialfacet	AVAIL
layerboost	TAKEN
millmoor	AVAIL
anchordrive	TAKEN
pulseapprove	AVAIL
latticeaudit	TAKEN
anvilclear	AVAIL
wavedebit	AVAIL
orbitkindle	AVAIL
yardfuse	AVAIL
laneyield	TAKEN
layerharden	AVAIL
surveyfuse	TAKEN
spanqueue	AVAIL
beaconattest	AVAIL
trunkinfer	AVAIL
trackspatial	AVAIL
dossiergate	AVAIL
graphservo	AVAIL
gridapprove	AVAIL
coreinfer	TAKEN
trussrelease	AVAIL
panelsound	TAKEN
mapfacet	AVAIL
vaultemblem	AVAIL
picketident	AVAIL
ledgersentry	TAKEN
compassopen	AVAIL
pulseinvoice	TAKEN
benchinfer	AVAIL
studioalign	TAKEN
chartpay	TAKEN
watchmoor	AVAIL
lookoutsort	AVAIL
bridgebright	TAKEN
prismcolumn	AVAIL
relaydepot	TAKEN
braidanchor	AVAIL
deltadosage	AVAIL
graphpicket	AVAIL
probefuel	AVAIL
chartpayload	AVAIL
lanternpilot	TAKEN
fabricfacet	AVAIL
indexaudit	TAKEN
railvector	TAKEN
beaconfuel	TAKEN
crestfleet	TAKEN
briefyield	AVAIL
anvilscan	AVAIL
gridbiomass	AVAIL
keepcharter	AVAIL
probedepth	AVAIL
foundrydock	TAKEN
landingdepot	TAKEN
dynamomerge	AVAIL
scopesynapse	AVAIL
benchbadge	AVAIL
bridgematch	TAKEN
panelplot	TAKEN
trunkprobe	AVAIL
loopsync	TAKEN
codextender	AVAIL
meshdeploy	TAKEN
peakmontage	AVAIL
dossierpay	AVAIL
tracekeen	AVAIL
sentrysolid	AVAIL
pulseshift	TAKEN
deskreferral	AVAIL
millrelease	AVAIL
docktabular	AVAIL
dialanchor	AVAIL
portqueue	TAKEN
compassgate	TAKEN
wavebright	TAKEN
codexclaim	AVAIL
tidefeed	TAKEN
haventune	AVAIL
orbitpatch	AVAIL
portsignet	AVAIL
loomsync	TAKEN
railvault	TAKEN
basebastion	AVAIL
havenhydro	TAKEN
channelembed	AVAIL
baybiomass	AVAIL
basefiling	TAKEN
reactoragent	TAKEN
laneintake	AVAIL
gaugeactuate	AVAIL
havenember	TAKEN
vigilprime	AVAIL
yardrender	TAKEN
pathtune	TAKEN
tracksynapse	AVAIL
foliodepot	TAKEN
capeshield	TAKEN
railrank	AVAIL
pathtrace	TAKEN
towerfleet	TAKEN
spinetransit	AVAIL
deltaoffset	AVAIL
workshaul	AVAIL
trackembed	AVAIL
probepilot	TAKEN
bayescrow	TAKEN
folionorth	TAKEN
haventier	AVAIL
keepregister	AVAIL
beaconprompt	TAKEN
gatepilot	TAKEN
fabricseal	TAKEN
threadscale	TAKEN
orbitsharp	AVAIL
beaconhydro	AVAIL
bridgedraft	TAKEN
yardcohort	AVAIL
prismquiet	AVAIL
plinthalign	AVAIL
currentalign	AVAIL
ledgerclean	TAKEN
reactorsift	AVAIL
relayfeed	TAKEN
trunkgantry	AVAIL
studiocast	TAKEN
lookoutsolid	AVAIL
trusslading	AVAIL
sonarpilot	TAKEN
millsync	TAKEN
plinthroute	AVAIL
vigilscan	TAKEN
forgeplain	AVAIL
tracesync	TAKEN
voltmodel	TAKEN
kindlesharp	AVAIL
radarmetric	TAKEN
summitsort	TAKEN
kernelcalm	TAKEN
lookoutpair	AVAIL
voltembed	AVAIL
enginecrisp	AVAIL
tracedepth	TAKEN
pulsecolumn	TAKEN
atelierbeam	TAKEN
peaksolar	TAKEN
meshruntime	TAKEN
shieldboost	TAKEN
towerdebit	AVAIL
trunkmandate	AVAIL
caperaise	AVAIL
pillarcohort	AVAIL
havenforge	TAKEN
plinthquiet	AVAIL
radartrace	TAKEN
kernelroute	TAKEN
yardboost	TAKEN
codexdock	TAKEN
dockfacet	AVAIL
radarbind	AVAIL
threadcalm	AVAIL
landingmatch	TAKEN
arcdataset	AVAIL
meterledger	TAKEN
coretrue	TAKEN
codexbedside	AVAIL
conduitraise	AVAIL
radarscale	TAKEN
switchtune	AVAIL
conduitbrisk	AVAIL
lenscomply	AVAIL
layerstream	TAKEN
loopdeploy	TAKEN
portstatute	AVAIL
flowtriage	TAKEN
railframe	TAKEN
routebranch	TAKEN
ampsolar	TAKEN
anchorsync	TAKEN
threadtrace	TAKEN
pathdrive	TAKEN
registerpair	AVAIL
voltsynapse	TAKEN
circuitcraft	TAKEN
probeplain	AVAIL
wavelevel	TAKEN
tracksettle	AVAIL
sensorservo	AVAIL
sensorforge	TAKEN
dynamoprime	AVAIL
basesignal	TAKEN
gridsteer	TAKEN
basetrust	TAKEN
kernelframe	AVAIL
sonarframe	AVAIL
bridgegate	TAKEN
pressfeed	TAKEN
dialshield	TAKEN
rostersolid	AVAIL
kindlecraft	TAKEN
basindebit	AVAIL
kernelsync	TAKEN
lookoutbeam	AVAIL
meshrelay	TAKEN
radarembed	AVAIL
signalswift	TAKEN
dockreferral	AVAIL
layermesh	TAKEN
radarplot	TAKEN
spinerampart	AVAIL
mapsignal	TAKEN
basincipher	AVAIL
surveylink	TAKEN
charterdraft	AVAIL
pathregistry	AVAIL
stackember	TAKEN
compassindex	TAKEN
arcruntime	TAKEN
flowbeam	TAKEN
pulseframe	TAKEN
landinglift	TAKEN
docketattest	AVAIL
rostertender	AVAIL
braidshift	AVAIL
pillartier	AVAIL
briefsignet	AVAIL
rostermoor	AVAIL
layerbastion	AVAIL
mapfuse	TAKEN
railinfer	AVAIL
keepregistry	AVAIL
crestclear	TAKEN
dockattest	AVAIL
pillargantry	AVAIL
panelcredit	TAKEN
latticefuse	TAKEN
helmdepot	TAKEN
arcassign	AVAIL
compassembed	AVAIL
stacksteer	TAKEN
fabricvector	TAKEN
rostershift	TAKEN
towersettle	AVAIL
spanparallax	AVAIL
shieldsteer	AVAIL
switchweave	TAKEN
streamscan	TAKEN
reachbeam	TAKEN
coretransit	TAKEN
towercontext	AVAIL
depotinbound	AVAIL
loombind	AVAIL
spanpipeline	AVAIL
channelprobe	TAKEN
fabricmerge	AVAIL
almanackeen	AVAIL
summitforge	TAKEN
circuitsync	TAKEN
trussampere	AVAIL
surveyampere	AVAIL
pulseprism	TAKEN
arcverify	TAKEN
embermoor	TAKEN
trunkscale	TAKEN
chartampere	AVAIL
lenscoin	TAKEN
ridgecell	AVAIL
spansynapse	AVAIL
towerprism	AVAIL
pathfuel	TAKEN
charterpair	AVAIL
beaconbadge	TAKEN
panelrank	TAKEN
recordqueue	AVAIL
meshtier	TAKEN
towersignal	TAKEN
chartertempo	AVAIL
toweroffset	AVAIL
capecarbon	TAKEN
trailtransit	TAKEN
graphrecord	AVAIL
channelremit	AVAIL
panelshift	TAKEN
tracesynapse	AVAIL
meshweight	TAKEN
covedrive	TAKEN
indexsort	AVAIL
helmcharter	TAKEN
lensharden	AVAIL
spancargo	TAKEN
helmseal	AVAIL
millreason	AVAIL
plinthrenew	AVAIL
lanternpair	AVAIL
charterfleet	TAKEN
charterclear	TAKEN
covemerge	AVAIL
atlasguard	TAKEN
gaugejoin	AVAIL
baytender	TAKEN
sealplot	AVAIL
sensoroffset	AVAIL
folioroute	AVAIL
guardtrim	AVAIL
quaydebit	AVAIL
sensorgauge	AVAIL
helmescrow	AVAIL
benchpair	AVAIL
maprampart	AVAIL
quayfleet	TAKEN
guardtrust	TAKEN
railraise	TAKEN
recordfiling	AVAIL
studiotrue	TAKEN
pathframe	TAKEN
trunkcolumn	AVAIL
deskbeam	TAKEN
dossierident	AVAIL
bayreferral	TAKEN
sensorgate	TAKEN
codexlens	TAKEN
helmattest	AVAIL
towerfiling	AVAIL
forgeharden	AVAIL
sensorvault	TAKEN
prismverify	TAKEN
loopchart	TAKEN
capeinvoice	AVAIL
indexraise	AVAIL
loopschema	TAKEN
havenyield	TAKEN
kernelgauge	AVAIL
cadencecalm	TAKEN
compassbind	AVAIL
atlasturbine	TAKEN
pillarcalm	AVAIL
dockpipeline	AVAIL
radartoken	TAKEN
studiospark	TAKEN
corebeam	TAKEN
landingfleet	TAKEN
helmsignet	AVAIL
havensync	TAKEN
voltcarbon	TAKEN
benchpay	TAKEN
briefcast	TAKEN
trunkseal	AVAIL
loomcontext	AVAIL
landingalign	AVAIL
vaultcognate	AVAIL
capeampere	AVAIL
panelstudio	TAKEN
layerguard	TAKEN
pillarvault	TAKEN
boardpair	TAKEN
pillarsettle	AVAIL
voltsift	AVAIL
sonarfuel	AVAIL
currentshift	TAKEN
channelcobot	AVAIL
quaysteer	AVAIL
atelierplot	AVAIL
foundrylift	AVAIL
capefuse	AVAIL
chartsynapse	AVAIL
presscognate	AVAIL
sonargate	TAKEN
codexfiling	AVAIL
portlidar	AVAIL
meshcitadel	AVAIL
capesurge	AVAIL
trusspayload	AVAIL
spinecohort	AVAIL
trunktender	AVAIL
gatebrisk	AVAIL
metermandate	AVAIL
trackcontext	TAKEN
channelhaul	AVAIL
weavesteady	AVAIL
lenskindle	AVAIL
switchsound	TAKEN
harboralign	TAKEN
signalmint	TAKEN
anchortender	AVAIL
flaretrack	TAKEN
tracesharp	TAKEN
layertier	TAKEN
depotpallet	TAKEN
braidsurge	AVAIL
briefrank	TAKEN
dossiertune	AVAIL
latticesurge	AVAIL
lanepatch	AVAIL
traceprompt	TAKEN
dynamoagent	TAKEN
helmship	TAKEN
radarstream	TAKEN
baystudio	TAKEN
tracebright	TAKEN
chartident	AVAIL
trunkmetric	AVAIL
scopeoffset	AVAIL
corecharter	TAKEN
spineopen	AVAIL
atlasampere	AVAIL
keepcobot	AVAIL
kernelraise	AVAIL
chartcontext	AVAIL
recordsettle	AVAIL
sealclear	TAKEN
portfuse	TAKEN
gaugecrisp	AVAIL
codexsurge	AVAIL
spancharge	AVAIL
sonarcadence	AVAIL
harbordraft	AVAIL
wavesift	AVAIL
indextender	AVAIL
gaterollback	AVAIL
vaultcorpus	AVAIL
basealign	TAKEN
gaugeservo	AVAIL
conduitflow	TAKEN
chartremit	AVAIL
flowapprove	TAKEN
loomstream	TAKEN
layeropen	TAKEN
deltatune	TAKEN
spancalm	AVAIL
traceopen	AVAIL
reactorsync	TAKEN
braidsync	AVAIL
compassdock	TAKEN
sonarplain	AVAIL
dockcobot	AVAIL
trailsharp	AVAIL
yardconsign	AVAIL
mapsequence	AVAIL
wharfactuate	AVAIL
looptabular	AVAIL
compasskeen	AVAIL
charteraudit	AVAIL
sentryfuse	AVAIL
keepbright	TAKEN
bridgesurge	AVAIL
harborfeed	AVAIL
ridgebastion	AVAIL
boardbind	TAKEN
kernelyield	AVAIL
milltensor	AVAIL
ridgerampart	AVAIL
dynamosift	AVAIL
circuitspark	TAKEN
prismdataset	AVAIL
almanactrace	AVAIL
braidsteer	AVAIL
tempobuild	TAKEN
tidedock	TAKEN
railhydro	TAKEN
embersharp	AVAIL
graphbiomass	AVAIL
braidtune	AVAIL
gatealign	TAKEN
surveycredit	TAKEN
switchforge	TAKEN
bayship	TAKEN
orbitgauge	TAKEN
channelfuel	TAKEN
kilncommit	AVAIL
basequiet	AVAIL
reachdraft	TAKEN
anchorcalm	TAKEN
probejoin	AVAIL
fabricprompt	AVAIL
forgesurge	TAKEN
reachlading	AVAIL
pulsecorpus	AVAIL
harborfloat	TAKEN
bridgesteer	AVAIL
sentryraise	AVAIL
quaylading	AVAIL
surveyrenew	AVAIL
tempoboost	TAKEN
paneltriage	AVAIL
quaycalm	AVAIL
millflow	TAKEN
spandebit	AVAIL
scopecoin	TAKEN
channelscale	TAKEN
sentrytrim	AVAIL
anvilstudio	TAKEN
relaydraft	AVAIL
patrolfirst	TAKEN
dockconsign	AVAIL
spanescalate	AVAIL
mapdispatch	AVAIL
lookoutquiet	AVAIL
briefraise	AVAIL
forgetune	TAKEN
beaconoffset	TAKEN
stackemblem	AVAIL
cadencesurge	TAKEN
ridgebrisk	AVAIL
dossierqueue	AVAIL
trailassign	AVAIL
bayshift	TAKEN
relaytransit	TAKEN
waveindex	TAKEN
folioscan	TAKEN
fabrictensor	TAKEN
relayclear	TAKEN
circuitcrisp	AVAIL
loopcohort	AVAIL
vaultsort	TAKEN
corepayload	TAKEN
harborprobe	AVAIL
quaycredit	AVAIL
tracelidar	AVAIL
lenspayer	AVAIL
railsweight	AVAIL
codexroute	TAKEN
yardgantry	AVAIL
meshcharter	AVAIL
gatetrigger	AVAIL
orbitsolid	AVAIL
pillarplot	AVAIL
trusshandoff	AVAIL
desksync	TAKEN
sealident	AVAIL
benchtensor	AVAIL
gaugeshield	TAKEN
peakharden	AVAIL
helmsentry	TAKEN
trailcommit	AVAIL
keepmanifest	AVAIL
baybedside	AVAIL
meshcarbon	TAKEN
portcobot	AVAIL
gatedrive	TAKEN
keepgantry	AVAIL
spanfleet	AVAIL
sonarcalm	AVAIL
graphdrive	TAKEN
millmodel	TAKEN
forgeremit	AVAIL
prismreason	AVAIL
signalremit	AVAIL
dynamojoin	AVAIL
presslidar	AVAIL
pulselink	TAKEN
orbitbright	TAKEN
basecrisp	AVAIL
meteralign	AVAIL
picketground	AVAIL
prismprime	TAKEN
basebright	TAKEN
loopalign	TAKEN
spinetrigger	AVAIL
boardplain	AVAIL
voltship	TAKEN
signalsettle	AVAIL
ampshift	TAKEN
tracereason	AVAIL
reachfeed	TAKEN
studiomodel	TAKEN
ridgetriage	AVAIL
helmprobe	AVAIL
baserenew	AVAIL
dialrelay	TAKEN
wardensteady	AVAIL
havenbastion	AVAIL
briefmontage	AVAIL
railregistry	TAKEN
routedeploy	AVAIL
bridgetensor	AVAIL
harbortrack	TAKEN
radarprompt	AVAIL
charterplot	AVAIL
registercast	AVAIL
reachcitadel	AVAIL
traceproof	TAKEN
streamraise	TAKEN
prismcohort	AVAIL
summitpair	AVAIL
signalprime	TAKEN
gatewarrant	AVAIL
gaugeharden	AVAIL
towervault	TAKEN
braidpatch	AVAIL
stackindex	TAKEN
wavefeed	TAKEN
sealtrue	TAKEN
anchoroffset	TAKEN
dialtrace	TAKEN
kernelvector	TAKEN
routecoin	TAKEN
docketstudio	TAKEN
depotfuse	AVAIL
wharfremit	AVAIL
harborcipher	AVAIL
fabrickeen	AVAIL
engineweave	AVAIL
probequeue	AVAIL
relaypair	AVAIL
tracegantry	AVAIL
keepscale	TAKEN
deskpair	TAKEN
signalsound	TAKEN
meteroffset	AVAIL
railinvoice	TAKEN
radarturbine	AVAIL
foliosteady	AVAIL
depotlevel	AVAIL
harborgrid	TAKEN
briefsettle	AVAIL
keeptier	TAKEN
basefirst	TAKEN
spanembed	AVAIL
basinreel	AVAIL
kindlesound	AVAIL
basedebit	AVAIL
basinlevel	AVAIL
desktier	AVAIL
spinereason	AVAIL
boardmerge	AVAIL
peakremit	TAKEN
millgantry	AVAIL
peakthermal	TAKEN
conduitpay	TAKEN
currentmerge	AVAIL
picketscan	AVAIL
dossierweave	AVAIL
trailcoin	TAKEN
basepatrol	TAKEN
conduitmoor	AVAIL
charterpayer	AVAIL
graphfacet	TAKEN
almanacraise	AVAIL
channelember	AVAIL
beaconrank	TAKEN
guardproof	TAKEN
ateliermoor	AVAIL
railpassport	TAKEN
panelconsent	AVAIL
wavehaul	AVAIL
fabricdock	TAKEN
shieldcast	TAKEN
railsurge	AVAIL
currentrank	TAKEN
quayinbound	AVAIL
havenpicket	AVAIL
capefleet	TAKEN
almanacplain	AVAIL
graphindex	TAKEN
sonarmoor	AVAIL
pulsepayer	AVAIL
deskmanifest	AVAIL
foundryship	TAKEN
rosterpayer	TAKEN
beacontrue	TAKEN
orbitbrisk	AVAIL
trunkconsent	AVAIL
coredraft	TAKEN
portforge	TAKEN
relaydeploy	TAKEN
recordfacet	AVAIL
pathsync	TAKEN
recordplot	AVAIL
forgetrim	TAKEN
emberkeen	TAKEN
keepescalate	AVAIL
studiodraft	TAKEN
bayfuse	AVAIL
relaynorth	TAKEN
pillarbadge	AVAIL
coretoken	TAKEN
beaconcargo	TAKEN
gatefacet	AVAIL
framesurge	TAKEN
streamjoin	TAKEN
flowfuse	TAKEN
loopdrive	TAKEN
loomcompile	AVAIL
yardstudio	TAKEN
capeplot	AVAIL
lanterntrack	TAKEN
ledgermatch	TAKEN
currentplot	AVAIL
scopefirst	TAKEN
briefseal	TAKEN
millopen	AVAIL
coveharden	AVAIL
foundrymodel	TAKEN
presspayload	AVAIL
wharfember	AVAIL
guardfuse	TAKEN
trackremit	AVAIL
dossiersift	AVAIL
radarinvoice	AVAIL
anchorsignet	TAKEN
quaywarden	AVAIL
tracefuse	TAKEN
capehaul	AVAIL
forgehandoff	AVAIL
gaugefuse	AVAIL
keepbind	AVAIL
amptune	TAKEN
beaconident	AVAIL
railscontrol	TAKEN
gridscan	TAKEN
dockcoin	TAKEN
cadencecraft	TAKEN
latticescale	TAKEN
voltpilot	TAKEN
vigilwarrant	AVAIL
circuitsound	TAKEN
traceagent	TAKEN
spinevolt	TAKEN
landingbeam	TAKEN
deltalading	AVAIL
benchbeam	AVAIL
fabricwarden	AVAIL
tideartifact	AVAIL
traceinvoice	TAKEN
boardsurge	AVAIL
workstune	TAKEN
peakpay	TAKEN
deltabiomass	TAKEN
braidclear	AVAIL
braidcrisp	AVAIL
tidesettle	AVAIL
patrolquiet	AVAIL
loopmanifest	AVAIL
vigilcast	TAKEN
mapintake	AVAIL
peakplain	AVAIL
plinthremit	AVAIL
pillargrid	TAKEN
maprank	TAKEN
depotchart	AVAIL
charteryield	AVAIL
loomrender	TAKEN
capekindle	AVAIL
spineconsent	TAKEN
kerneldrive	TAKEN
railsfacet	AVAIL
reactorember	AVAIL
chartertoken	TAKEN
anchorhaul	AVAIL
wharfkeen	AVAIL
gridlevel	TAKEN
railspallet	AVAIL
plinthaudit	AVAIL
shieldsteady	AVAIL
probeyield	AVAIL
bridgesolar	TAKEN
meshfacet	AVAIL
forgecobot	AVAIL
kernelsteer	AVAIL
trailschema	AVAIL
summitvitals	TAKEN
bayforge	TAKEN
gatekeystone	AVAIL
anvilbranch	AVAIL
loomdock	TAKEN
depotdrive	TAKEN
dynamopair	AVAIL
gridrelease	AVAIL
flarespan	AVAIL
wavesound	TAKEN
vaultraise	AVAIL
dockclean	TAKEN
benchintake	TAKEN
codexsignet	AVAIL
dossierdebit	AVAIL
ledgerspark	TAKEN
worksfuel	TAKEN
landinghydro	AVAIL
turbineweave	AVAIL
basinpallet	TAKEN
patrolbright	AVAIL
sensorsolar	TAKEN
depotescrow	AVAIL
stackcitadel	AVAIL
pressboost	TAKEN
metercharge	TAKEN
benchroute	TAKEN
havenplot	AVAIL
surveystream	TAKEN
framequiet	AVAIL
prismclean	TAKEN
pulsetoken	TAKEN
picketscale	AVAIL
gridcorpus	AVAIL
railschema	TAKEN
picketshift	AVAIL
mapident	TAKEN
gridguard	TAKEN
forgeagent	TAKEN
recordcoin	TAKEN
summitdebit	AVAIL
rostersort	TAKEN
maptier	TAKEN
briefpayer	AVAIL
vigilrank	AVAIL
towercharter	AVAIL
shieldbright	TAKEN
basecommit	TAKEN
pressinfer	AVAIL
kernelplot	AVAIL
vigilnorth	TAKEN
ridgeclear	AVAIL
corelaunch	TAKEN
layerstatute	AVAIL
boardfreight	AVAIL
almanacship	AVAIL
currentfacet	AVAIL
relayboost	TAKEN
bridgecell	TAKEN
gaugefuel	AVAIL
keepspan	TAKEN
depotvolt	TAKEN
crestkinetic	AVAIL
probelift	AVAIL
sensorfleet	TAKEN
dockconsent	AVAIL
forgelidar	AVAIL
benchmerge	AVAIL
layerdebit	AVAIL
lookoutchart	AVAIL
probespatial	AVAIL
traceident	AVAIL
basinvitals	AVAIL
cadencetrue	TAKEN
gatebright	TAKEN
chartcomply	AVAIL
peakescrow	TAKEN
railsynapse	AVAIL
rosterprism	AVAIL
patroltrust	AVAIL
compassprime	TAKEN
deskgate	TAKEN
ampbiomass	AVAIL
dialsound	TAKEN
towersolid	AVAIL
brieftier	AVAIL
desksteady	AVAIL
keepcell	TAKEN
summitkeen	AVAIL
pillarmerge	TAKEN
pillarpicket	AVAIL
prismfleet	TAKEN
sonarcohort	AVAIL
prismopen	AVAIL
ledgerpayer	AVAIL
arcsurge	TAKEN
towergantry	AVAIL
boardsteady	TAKEN
sensortender	AVAIL
yardcalm	TAKEN
sonardock	AVAIL
scopespark	TAKEN
dynamobright	AVAIL
reachsharp	AVAIL
helmjoin	AVAIL
millscale	TAKEN
quayplot	AVAIL
pathlaunch	TAKEN
threadroute	TAKEN
compassfuse	AVAIL
raildebit	AVAIL
covefirst	TAKEN
compasslift	AVAIL
railgate	TAKEN
basedispatch	AVAIL
deltashift	TAKEN
towerspatial	AVAIL
layertrust	TAKEN
wavesort	TAKEN
graphescrow	AVAIL
sensorframe	TAKEN
sentryscan	TAKEN
streamlift	TAKEN
lensdispatch	AVAIL
benchweave	AVAIL
sentryfiling	AVAIL
radarfuel	AVAIL
streamescrow	AVAIL
gaugeinvoice	AVAIL
probecohort	AVAIL
bridgecomply	TAKEN
sonarsolid	AVAIL
atlaslift	TAKEN
dynamospark	AVAIL
gaugecredit	AVAIL
cadencepair	AVAIL
weavetune	AVAIL
radarcomply	AVAIL
keepsharp	TAKEN
surveyclaim	TAKEN
arcfloat	TAKEN
latticesound	AVAIL
probespark	TAKEN
signalintake	TAKEN
worksfacet	AVAIL
circuitshift	TAKEN
anvilchart	AVAIL
pulseassign	AVAIL
plinthtensor	AVAIL
harbordrive	TAKEN
flaretune	TAKEN
surveyrecord	TAKEN
spancitadel	AVAIL
orbitfacet	AVAIL
sparkpair	TAKEN
recordpallet	AVAIL
tidesignal	TAKEN
fabrictender	AVAIL
tracebedside	AVAIL
dockdrive	TAKEN
keepartifact	AVAIL
anvilreckon	AVAIL
coremetric	TAKEN
keepfacet	AVAIL
corefloat	TAKEN
turbinesurge	AVAIL
deltavault	TAKEN
mapjoin	TAKEN
compassdebit	AVAIL
plinthverify	AVAIL
yardcredit	TAKEN
plinthyield	AVAIL
foundryclean	TAKEN
compassquiet	AVAIL
crestescrow	TAKEN
tracecomply	AVAIL
ledgeraudit	TAKEN
lookoutplain	AVAIL
covegantry	AVAIL
worksrenew	AVAIL
latticelift	AVAIL
corestaging	TAKEN
atelierplain	AVAIL
atlasescrow	TAKEN
looptune	TAKEN
almanacplot	AVAIL
metersort	AVAIL
quayvolt	TAKEN
atlasgantry	AVAIL
layerthermal	AVAIL
sentrylevel	TAKEN
spinefreight	AVAIL
loomtrace	TAKEN
trackoffset	AVAIL
pulsespark	TAKEN
havenspark	TAKEN
graphmodel	TAKEN
shieldattest	AVAIL
bayvolt	TAKEN
circuitchart	AVAIL
sonarpayload	AVAIL
arctensor	TAKEN
corepay	TAKEN
laneshift	TAKEN
orbitpay	TAKEN
probenorth	AVAIL
trunktrigger	AVAIL
basepay	TAKEN
harbordock	TAKEN
ampswift	TAKEN
braidtempo	AVAIL
gatepay	TAKEN
streamsurge	TAKEN
benchembed	AVAIL
meshdepot	TAKEN
layerbeam	TAKEN
bridgeclaim	TAKEN
panelroute	TAKEN
deskbuild	TAKEN
vaultapprove	AVAIL
guardbind	AVAIL
summitmoor	AVAIL
gatecharge	TAKEN
docksolid	TAKEN
havenlevel	TAKEN
vaultcitadel	TAKEN
dossierboost	AVAIL
trailcanvas	TAKEN
sealharden	AVAIL
meshclaim	TAKEN
reachsift	TAKEN
ledgersync	TAKEN
switchcommit	AVAIL
layerkinetic	AVAIL
probeclinic	TAKEN
depotalign	AVAIL
panelpayout	TAKEN
anviltrue	AVAIL
workskeen	AVAIL
dialthermal	AVAIL
sparkcognate	AVAIL
frameboost	TAKEN
meshaudit	TAKEN
railstrim	AVAIL
surveyfirst	TAKEN
baseindex	TAKEN
shieldswift	TAKEN
boardtrust	TAKEN
peakcanvas	TAKEN
portkeen	AVAIL
deltadock	TAKEN
indexlevel	TAKEN
trailrender	TAKEN
harborseal	TAKEN
mapstream	TAKEN
briefquiet	AVAIL
summithaul	TAKEN
reachbedside	TAKEN
quaygantry	AVAIL
trailquiet	AVAIL
quayspan	AVAIL
voltlaunch	TAKEN
forgeinfer	TAKEN
picketpair	AVAIL
layershift	TAKEN
meshattest	AVAIL
pathintake	AVAIL
forgesettle	TAKEN
threadtier	AVAIL
scopegantry	AVAIL
summitcoin	TAKEN
bridgetrace	TAKEN
vigilfiling	AVAIL
dynamoalign	AVAIL
watchbastion	AVAIL
sonarcomply	AVAIL
chartsignet	AVAIL
prismattest	AVAIL
basincarbon	AVAIL
kilnquiet	AVAIL
sealraise	AVAIL
gaugesift	AVAIL
almanacpatch	AVAIL
dossiersteer	AVAIL
metersignet	AVAIL
picketprime	AVAIL
probepayload	AVAIL
atlasbeam	TAKEN
registership	TAKEN
atlastrack	TAKEN
signalpilot	TAKEN
ridgepatrol	TAKEN
graphaudit	TAKEN
meterfirst	AVAIL
scopebiomass	AVAIL
railconsent	AVAIL
scopequeue	TAKEN
dockship	TAKEN
conduitship	AVAIL
driftcredit	AVAIL
meterbedside	AVAIL
portwarrant	AVAIL
spinelevel	TAKEN
dialspark	TAKEN
portcalm	TAKEN
basemetric	TAKEN
radarcorpus	AVAIL
recordstudio	TAKEN
probemodel	AVAIL
lensemblem	AVAIL
flarescale	TAKEN
frameassign	AVAIL
pulserank	TAKEN
lanetriage	AVAIL
rosterpilot	TAKEN
framesolid	TAKEN
compassfirst	TAKEN
radarlift	AVAIL
charterpilot	TAKEN
flowscale	TAKEN
atlascolumn	TAKEN
sensorcrisp	AVAIL
patrolclear	AVAIL
workspilot	TAKEN
foundrycast	TAKEN
flowinvoice	TAKEN
capeclear	TAKEN
tempobranch	AVAIL
loomscan	AVAIL
sealtrim	AVAIL
framedebit	AVAIL
kernelembed	AVAIL
peakdrive	TAKEN
tidecoin	TAKEN
benchassign	AVAIL
helmguard	TAKEN
latticecast	AVAIL
beacontender	TAKEN
shieldemblem	AVAIL
atelierprime	TAKEN
trailplot	TAKEN
keepsentry	AVAIL
boardpallet	AVAIL
flaresync	TAKEN
portinfer	AVAIL
lanepalette	AVAIL
lookoutshift	AVAIL
sealfeed	AVAIL
deskmint	TAKEN
probelidar	AVAIL
pathledger	TAKEN
recordcorpus	AVAIL
anchorclean	TAKEN
studiopatch	TAKEN
compassbuild	TAKEN
almanacbeam	AVAIL
vigilalign	AVAIL
probepayer	AVAIL
flowboost	TAKEN
laneground	AVAIL
meterflow	TAKEN
helmconsent	AVAIL
charterpatch	AVAIL
capeground	AVAIL
vigilquiet	AVAIL
deltapalette	AVAIL
loopcoin	TAKEN
sensortrace	TAKEN
deskqueue	TAKEN
bridgecohort	AVAIL
circuitpay	TAKEN
layercommit	AVAIL
dynamolaunch	AVAIL
studioclean	TAKEN
boardlink	TAKEN
wharfopen	AVAIL
railshift	TAKEN
indexfacet	AVAIL
deltaturbine	TAKEN
baseswift	TAKEN
probeopen	AVAIL
ledgersolar	AVAIL
meshtender	TAKEN
briefsort	AVAIL
gateshift	TAKEN
millanchor	AVAIL
indexmoor	AVAIL
watchlevel	TAKEN
harbordebit	AVAIL
helminbound	AVAIL
braidalign	AVAIL
lookoutplot	AVAIL
keepgauge	AVAIL
stackinvoice	TAKEN
helmlading	AVAIL
gridproof	TAKEN
sonardrive	AVAIL
trackinfer	AVAIL
recordfuse	AVAIL
patrolsort	AVAIL
dockcitadel	AVAIL
scopetrust	TAKEN
pulsematch	TAKEN
latticecoin	TAKEN
metersift	AVAIL
kilnactuate	AVAIL
loopescalate	AVAIL
pillarcolumn	AVAIL
trailanchor	TAKEN
trunksentry	TAKEN
graphsolid	AVAIL
vaultbright	TAKEN
waveprism	TAKEN
gateship	TAKEN
lanebright	TAKEN
framereckon	AVAIL
channelmoor	AVAIL
circuitscan	TAKEN
manifestscan	TAKEN
havenstudio	TAKEN
forgepair	AVAIL
surveyspan	AVAIL
spineplot	AVAIL
sensorclinic	TAKEN
corepilot	TAKEN
landingremit	AVAIL
surveyassign	AVAIL
almanacfuse	AVAIL
atlasgrid	TAKEN
reachfuse	TAKEN
codexbind	AVAIL
pathfleet	TAKEN
sparkoffset	TAKEN
panelrelease	AVAIL
deltacredit	TAKEN
surveycast	TAKEN
indexconsent	AVAIL
portrelease	AVAIL
deltabrisk	AVAIL
circuitlevel	TAKEN
stackthermal	AVAIL
yardsettle	AVAIL
foliolift	TAKEN
sensorspark	TAKEN
dynamoraise	AVAIL
foliomontage	AVAIL
corespatial	TAKEN
driftassign	AVAIL
dossierspark	AVAIL
gridsignet	AVAIL
deskflow	TAKEN
vigilcraft	TAKEN
orbitlift	TAKEN
briefnorth	TAKEN
indexremit	AVAIL
routelevel	AVAIL
driftinbound	AVAIL
flareclear	AVAIL
anchordeploy	AVAIL
pillarsift	AVAIL
basincalm	AVAIL
deskground	AVAIL
towermodel	TAKEN
relaybrisk	AVAIL
corecalm	TAKEN
plinthcohort	AVAIL
toweremblem	AVAIL
wharfsound	AVAIL
dossierswift	AVAIL
capecanvas	AVAIL
codexfloat	AVAIL
boardremit	AVAIL
amptrim	AVAIL
radaractuate	AVAIL
scopeattest	AVAIL
sensorcoin	TAKEN
capegrid	TAKEN
quaylastmile	AVAIL
keepcipher	TAKEN
switchindex	TAKEN
amptier	TAKEN
graphplain	AVAIL
deltapayout	AVAIL
maptender	AVAIL
layermerge	AVAIL
compassforge	TAKEN
fabricshift	TAKEN
towerledger	TAKEN
harborintake	AVAIL
switchcargo	TAKEN
dialharden	AVAIL
gaugeattest	AVAIL
torchkindle	AVAIL
baseaudit	TAKEN
codexlading	AVAIL
depotoffset	AVAIL
gridschedule	TAKEN
spinerelease	TAKEN
indexlaunch	TAKEN
corecrisp	TAKEN
cresthydro	AVAIL
landingpayer	AVAIL
trailchart	TAKEN
arcframe	TAKEN
meshtoken	TAKEN
depotfreight	TAKEN
signalvitals	TAKEN
vigilanchor	AVAIL
quaycraft	TAKEN
keepdeploy	TAKEN
orbitbeam	TAKEN
bayhydro	TAKEN
portmerge	TAKEN
watchbeam	TAKEN
atlasmetric	TAKEN
ledgercobot	AVAIL
sonarbrisk	AVAIL
vaultqueue	AVAIL
fabrictempo	AVAIL
compasslink	TAKEN
towercredit	TAKEN
quayfreight	AVAIL
prismkindle	AVAIL
prismtabular	AVAIL
dialbright	TAKEN
keepcalm	TAKEN
pillarsignal	TAKEN
reachcell	TAKEN
capecoin	TAKEN
compasscobot	AVAIL
anvilcompile	AVAIL
bridgegantry	AVAIL
briefsharp	AVAIL
railsruntime	AVAIL
flowfleet	TAKEN
manifestcoin	TAKEN
probedraft	AVAIL
desklastmile	AVAIL
flowcohort	TAKEN
ridgereel	AVAIL
coreartifact	TAKEN
plinthreckon	AVAIL
deltaship	TAKEN
probesurge	AVAIL
dockfuel	TAKEN
fabricsync	TAKEN
vaultkeen	AVAIL
mapharden	AVAIL
circuitquiet	AVAIL
foundryrelay	TAKEN
vaultplot	AVAIL
depotbedside	AVAIL
recordvitals	AVAIL
meshbiomass	AVAIL
harborcoin	TAKEN
pillaryield	AVAIL
trussindex	AVAIL
ampsync	TAKEN
coveprime	TAKEN
boardinvoice	AVAIL
surveymerge	TAKEN
paneldebit	AVAIL
routecast	TAKEN
fabricscan	TAKEN
driftledger	TAKEN
pillarvector	TAKEN
wardenflow	TAKEN
pathanchor	TAKEN
trailinvoice	AVAIL
fabricrenew	TAKEN
boardcohort	AVAIL
chartmodel	TAKEN
enginesettle	AVAIL
brieftrim	AVAIL
harborfirst	TAKEN
railstatute	AVAIL
crestpayer	AVAIL
crestpallet	AVAIL
streambright	TAKEN
ridgetier	AVAIL
corewarrant	AVAIL
loomlidar	AVAIL
spinesound	AVAIL
chartfeed	TAKEN
dockfloat	TAKEN
boardnorth	TAKEN
compasscell	AVAIL
spinemetric	TAKEN
guardsync	TAKEN
keeprelease	AVAIL
depotbeam	AVAIL
braidmatch	TAKEN
orbitshift	TAKEN
panelhandoff	AVAIL
pathboost	TAKEN
lanterndraft	TAKEN
tempodebit	AVAIL
reachsound	TAKEN
temposolid	AVAIL
bayvault	TAKEN
plinthtune	AVAIL
reachturbine	AVAIL
mapopen	TAKEN
yardsurge	AVAIL
stackoffset	AVAIL
chartersift	AVAIL
trunkpatrol	AVAIL
kilnprime	AVAIL
kernelcargo	TAKEN
fabricproof	AVAIL
kernelvault	TAKEN
portmodel	TAKEN
guardtune	AVAIL
sensormoor	AVAIL
frameinvoice	AVAIL
railpolicy	AVAIL
scopecipher	TAKEN
atlasfeed	TAKEN
lanternsync	TAKEN
basinrender	AVAIL
arcpatch	AVAIL
frameagent	TAKEN
bridgedepot	TAKEN
tidevitals	AVAIL
spanyield	TAKEN
gatecrisp	AVAIL
lanesignal	TAKEN
charterdepot	TAKEN
relayscale	TAKEN
reachcargo	TAKEN
signalprompt	TAKEN
towerbranch	AVAIL
gaugeclinic	AVAIL
compassclear	TAKEN
pulsepicket	AVAIL
corefleet	TAKEN
sensorboost	TAKEN
gateservo	AVAIL
foliomint	TAKEN
currentprime	TAKEN
kilnmoor	TAKEN
docketcommit	AVAIL
codexprism	TAKEN
peakanchor	TAKEN
gaugeconsent	AVAIL
loomtrim	AVAIL
bayflow	TAKEN
lanesolid	AVAIL
panelfiling	AVAIL
lenscontrol	TAKEN
reachkindle	AVAIL
plinthindex	AVAIL
railtune	TAKEN
graphcoin	TAKEN
havenrender	AVAIL
tracksteer	TAKEN
loomclear	AVAIL
pillarkindle	TAKEN
surveyagent	TAKEN
forgereel	TAKEN
weavefleet	TAKEN
surveysteer	AVAIL
coveboost	AVAIL
codexassign	AVAIL
lanedraft	AVAIL
rosterpay	TAKEN
railsmodel	AVAIL
patroldraft	TAKEN
ampthermal	TAKEN
flaresolar	TAKEN
keepsignal	TAKEN
ridgeflow	TAKEN
recordtrust	TAKEN
boardfeed	TAKEN
braidbeam	AVAIL
lensdisclose	AVAIL
panelforge	TAKEN
deskgauge	TAKEN
basincutlist	AVAIL
embership	TAKEN
dossierfuel	AVAIL
scopefiling	AVAIL
lanelastmile	AVAIL
dynamokeen	AVAIL
signalraise	TAKEN
bridgeforge	TAKEN
portfuel	TAKEN
docketrank	TAKEN
keepsound	TAKEN
enginesteer	TAKEN
wavetender	AVAIL
pillarcarbon	AVAIL
trailmontage	AVAIL
baseschedule	AVAIL
gridcolumn	TAKEN
emberdraft	TAKEN
millcell	TAKEN
wharflading	AVAIL
weavesteer	AVAIL
fabricyield	AVAIL
trailsound	TAKEN
summithydro	TAKEN
spanaudit	TAKEN
portbadge	AVAIL
torchopen	AVAIL
threadvitals	AVAIL
spinecharge	AVAIL
fabricescrow	AVAIL
railinbound	AVAIL
radarescrow	AVAIL
kindleoffset	AVAIL
stackescrow	AVAIL
compassflow	TAKEN
threadgauge	TAKEN
depotplain	AVAIL
patrolsolid	AVAIL
railsampere	AVAIL
peakbastion	TAKEN
codexseal	AVAIL
dossieryield	AVAIL
reactorpair	AVAIL
bridgemodel	TAKEN
vaultyield	TAKEN
tideindex	TAKEN
dynamoswift	AVAIL
trussapprove	AVAIL
boardident	AVAIL
trunkdrive	TAKEN
kernelcraft	TAKEN
rosterfuse	AVAIL
codexpatch	AVAIL
pulseindex	TAKEN
bayboost	TAKEN
probelink	TAKEN
depotkeen	AVAIL
graphconsent	AVAIL
codexchart	TAKEN
streamlaunch	TAKEN
stackweight	TAKEN
signalember	TAKEN
surveyvitals	TAKEN
foliocomply	AVAIL
harborlevel	TAKEN
bridgebind	TAKEN
briefclear	TAKEN
gridfacet	TAKEN
enginefeed	TAKEN
anvilopen	AVAIL
railsolid	AVAIL
currentscale	TAKEN
kindleplot	AVAIL
routerank	TAKEN
boardcanvas	TAKEN
guardsurge	TAKEN
atlasvault	TAKEN
tidecharge	TAKEN
weavefirst	AVAIL
circuitsolid	AVAIL
emberthermal	TAKEN
embersort	AVAIL
keepraise	TAKEN
layersound	TAKEN
spinedepth	AVAIL
radarbrisk	AVAIL
threadbuild	AVAIL
engineassign	AVAIL
keepship	TAKEN
codexstudio	TAKEN
towerbrisk	AVAIL
arcinvoice	TAKEN
sparkfuse	TAKEN
loopreferral	AVAIL
deltatrue	TAKEN
trackassign	AVAIL
portscale	TAKEN
trunkemblem	AVAIL
kernelschema	AVAIL
wavevitals	TAKEN
millship	TAKEN
rosterescrow	AVAIL
channeltempo	AVAIL
tidetriage	AVAIL
railswift	TAKEN
millcompile	AVAIL
streamprime	TAKEN
trailpilot	TAKEN
millclean	TAKEN
gridcell	TAKEN
basesignet	AVAIL
pillarguard	TAKEN
keeplevel	TAKEN
wavetrack	TAKEN
deltafeed	TAKEN
basingrid	AVAIL
kernelsort	AVAIL
helmharden	AVAIL
foliofeed	TAKEN
tidetender	TAKEN
orbitfuse	TAKEN
plinthdebit	AVAIL
pathtrue	TAKEN
tideassign	AVAIL
radarsettle	AVAIL
recordnorth	AVAIL
shieldplain	AVAIL
landingcobot	AVAIL
ledgercorpus	AVAIL
tracecontext	TAKEN
covelift	TAKEN
docketbranch	AVAIL
channelprime	TAKEN
meshpallet	TAKEN
almanactune	AVAIL
scopesift	TAKEN
deskboost	TAKEN
meshrelease	AVAIL
capeharden	AVAIL
scopecontext	AVAIL
sparktrue	TAKEN
dossiermoor	AVAIL
loopsignal	TAKEN
watchtoken	TAKEN
portcipher	TAKEN
helmplain	AVAIL
picketsharp	AVAIL
anchorcomply	TAKEN
streamswift	TAKEN
docketscale	TAKEN
briefintake	AVAIL
meshdrive	TAKEN
ampfuse	TAKEN
anchortrust	TAKEN
tideprime	TAKEN
lenstensor	AVAIL
temposift	AVAIL
briefcharge	AVAIL
ledgerscale	TAKEN
forgerenew	TAKEN
helmcarbon	AVAIL
braidinbound	AVAIL
threadcredit	TAKEN
helmsift	AVAIL
anvildeploy	TAKEN
mapcredit	TAKEN
tracesteady	AVAIL
scopelidar	AVAIL
meterbind	AVAIL
deltacalm	AVAIL
peakgrid	TAKEN
probeboost	AVAIL
harborcohort	AVAIL
tempoqueue	AVAIL
meterlevel	TAKEN
kernelfuse	TAKEN
recordbeam	TAKEN
pillarprobe	AVAIL
bridgelink	TAKEN
graphactuate	AVAIL
prismpair	TAKEN
docketcast	TAKEN
corematch	TAKEN
spanopen	AVAIL
signalyield	TAKEN
millmontage	AVAIL
routesettle	AVAIL
beaconstream	TAKEN
studiofirst	TAKEN
routequiet	AVAIL
trunkattest	AVAIL
trunkproof	TAKEN
landingtune	AVAIL
graphsurge	TAKEN
radargrid	TAKEN
weavescan	TAKEN
voltcast	TAKEN
bridgeclean	AVAIL
sentryswift	TAKEN
compassplot	AVAIL
desksolid	AVAIL
deltamoor	TAKEN
basinclear	AVAIL
panelcalm	AVAIL
beaconmesh	TAKEN
baysort	AVAIL
weavecraft	TAKEN
relaysteady	AVAIL
lanemerge	TAKEN
basekeystone	AVAIL
deskfuel	TAKEN
sentrykindle	AVAIL
loopclean	TAKEN
enginecell	TAKEN
reachtrim	TAKEN
landingkeen	AVAIL
loopdosage	AVAIL
vaultweight	AVAIL
relayopen	AVAIL
gridreckon	AVAIL
waveplain	TAKEN
layerquiet	AVAIL
indexcognate	AVAIL
pillardock	TAKEN
radarmodel	AVAIL
gaugequiet	AVAIL
wavecommit	AVAIL
keepcovenant	TAKEN
pressruntime	AVAIL
briefindex	TAKEN
conduitmodel	AVAIL
capelading	AVAIL
worksweight	AVAIL
trackmerge	TAKEN
dialcorpus	AVAIL
guardpilot	TAKEN
chartqueue	TAKEN
mapcell	TAKEN
driftprime	TAKEN
quaysolid	AVAIL
lensmetric	TAKEN
voltlink	TAKEN
baseapprove	TAKEN
peakhydro	TAKEN
coverenew	AVAIL
spinestaging	AVAIL
stackruntime	TAKEN
worksqueue	AVAIL
lookoutcrisp	AVAIL
wavesignal	TAKEN
bridgetempo	TAKEN
foliosound	TAKEN
gridparallax	AVAIL
tracksignet	AVAIL
vaultbrisk	TAKEN
graphfloat	AVAIL
forgequiet	AVAIL
gridtransit	TAKEN
gatemoor	TAKEN
braidbuild	TAKEN
mapbiomass	AVAIL
relayprime	TAKEN
baserampart	AVAIL
dossierscan	TAKEN
prismfuse	TAKEN
tempopayer	AVAIL
keepframe	TAKEN
dialprime	TAKEN
covedock	TAKEN
graphroute	TAKEN
wardenfirst	AVAIL
tideintake	AVAIL
kindletrim	AVAIL
plinthsignal	TAKEN
trusscobot	AVAIL
quaypicket	AVAIL
railsinfer	AVAIL
trussfleet	AVAIL
signalopen	TAKEN
capedock	TAKEN
flowsort	TAKEN
rosterassign	AVAIL
baselift	TAKEN
spanrollback	AVAIL
engineoffset	AVAIL
foundryalign	AVAIL
orbitmontage	AVAIL
switchremit	TAKEN
almanacboost	AVAIL
reachcalm	TAKEN
chartplain	AVAIL
prismjoin	AVAIL
wharflevel	AVAIL
graphstatute	AVAIL
havenrank	TAKEN
temposync	TAKEN
foundrypatch	AVAIL
layersynapse	AVAIL
routeclinic	AVAIL
scopesound	TAKEN
latticeraise	AVAIL
capecalm	TAKEN
radarboost	TAKEN
trussgantry	AVAIL
dialintake	AVAIL
sensorpay	TAKEN
railsdepth	AVAIL
picketlevel	AVAIL
graphkinetic	AVAIL
deskassign	TAKEN
channelsurge	TAKEN
docklift	TAKEN
reachbright	TAKEN
lenspayload	AVAIL
codexmerge	TAKEN
tempolaunch	TAKEN
guardfiling	AVAIL
yardservo	AVAIL
railident	AVAIL
dossierbrisk	AVAIL
meshfreight	TAKEN
layertensor	TAKEN
yardguard	TAKEN
dockmint	TAKEN
switchcolumn	AVAIL
forgescale	TAKEN
layerpicket	AVAIL
torchsolar	TAKEN
foundrytrace	TAKEN
wharfvitals	AVAIL
graphdataset	AVAIL
panelclear	TAKEN
summitsync	TAKEN
conduitmerge	AVAIL
peakcutlist	AVAIL
summitgrid	TAKEN
pillaralign	AVAIL
docketfeed	TAKEN
spankeen	AVAIL
dialdrive	TAKEN
ridgehydro	AVAIL
prismcobot	AVAIL
mapattest	AVAIL
scopealign	TAKEN
arctender	AVAIL
kilnalign	AVAIL
boardspark	TAKEN
signalembed	TAKEN
sensorcredit	TAKEN
cadenceshift	TAKEN
railtrace	TAKEN
arcproof	TAKEN
spaninbound	AVAIL
crestpalette	AVAIL
railtrust	TAKEN
railsprime	AVAIL
keepapprove	AVAIL
reactorjoin	AVAIL
bridgecast	TAKEN
towerservo	AVAIL
helmcohort	AVAIL
coveledger	AVAIL
lanternseal	AVAIL
harborlink	TAKEN
keepconsign	AVAIL
lookoutmerge	AVAIL
anchorsolar	TAKEN
vaultsift	AVAIL
basincohort	AVAIL
codextoken	TAKEN
meteranchor	AVAIL
foundrylink	TAKEN
atelierkeen	TAKEN
peakbrisk	AVAIL
coregate	TAKEN
meterframe	TAKEN
deskpassport	AVAIL
lensmoor	TAKEN
loopweave	TAKEN
voltscale	TAKEN
peakbedside	AVAIL
weavebranch	AVAIL
boardtier	AVAIL
dialmatch	TAKEN
driftroute	TAKEN
bayswift	TAKEN
routeopen	TAKEN
peaktune	TAKEN
foliosharp	AVAIL
capetrack	TAKEN
trussqueue	AVAIL
havencraft	TAKEN
havencobot	AVAIL
recordcharge	AVAIL
watchpicket	AVAIL
beaconcredit	TAKEN
frameopen	TAKEN
sonarcraft	TAKEN
spanmint	AVAIL
trussdataset	AVAIL
reachmerge	AVAIL
dockverify	TAKEN
weavetender	AVAIL
reactorclear	AVAIL
wharftriage	AVAIL
kindlelift	AVAIL
peakcalm	TAKEN
gridstatute	AVAIL
basehandoff	AVAIL
channelsort	AVAIL
trackdebit	AVAIL
meterstatute	AVAIL
loomground	AVAIL
pillarpilot	TAKEN
sonarember	AVAIL
lanternmatch	AVAIL
lanescale	TAKEN
sentrysteer	AVAIL
tideruntime	AVAIL
towerlens	TAKEN
quayharden	AVAIL
crestclean	TAKEN
vaultcompile	TAKEN
switchcoin	TAKEN
turbineclear	AVAIL
trusscolumn	AVAIL
forgesort	AVAIL
benchmandate	AVAIL
docketscan	TAKEN
dockvitals	AVAIL
guardbastion	TAKEN
loopcredit	TAKEN
dockdosage	AVAIL
tempobeam	TAKEN
kernelfeed	TAKEN
radarclaim	TAKEN
tempocharge	TAKEN
gridsentinel	TAKEN
docketbeam	AVAIL
currentopen	AVAIL
railtier	AVAIL
pulseaudit	TAKEN
railmatch	TAKEN
lanedebit	AVAIL
forgeshift	TAKEN
metermoor	AVAIL
keepcognate	AVAIL
ampanchor	TAKEN
benchraise	AVAIL
spantensor	AVAIL
spinecraft	TAKEN
sonarident	AVAIL
ridgelink	TAKEN
towerhandoff	AVAIL
sensormerge	TAKEN
deskbedside	AVAIL
kilnpipeline	AVAIL
driftcohort	AVAIL
routesound	TAKEN
crestintake	AVAIL
picketraise	AVAIL
studiolidar	AVAIL
dialpayload	AVAIL
loomcast	TAKEN
workskinetic	AVAIL
kilndeploy	TAKEN
plinthfiling	AVAIL
currentboost	TAKEN
lensdataset	AVAIL
towerwarrant	AVAIL
panelchart	TAKEN
sentryground	AVAIL
vigiltrace	TAKEN
dockdebit	AVAIL
stackscale	TAKEN
gateremit	AVAIL
frameactuate	AVAIL
ledgerweight	AVAIL
emberpair	TAKEN
prismpayout	TAKEN
millrender	AVAIL
sentryproof	TAKEN
keepbadge	AVAIL
dockagent	TAKEN
watchsignet	AVAIL
vaultpatrol	AVAIL
dockhydro	TAKEN
waveclear	TAKEN
circuitlens	TAKEN
pulsescale	TAKEN
rosternorth	TAKEN
graphverify	AVAIL
torchcorpus	AVAIL
crestgantry	AVAIL
portfiling	AVAIL
torchtune	TAKEN
cadenceship	AVAIL
portpallet	TAKEN
turbinelink	AVAIL
kernelprime	TAKEN
railcalm	AVAIL
metershift	TAKEN
mapflow	TAKEN
scopeprompt	TAKEN
prismspatial	TAKEN
foliopalette	AVAIL
forgefuse	TAKEN
layertempo	AVAIL
mapship	TAKEN
forgeconsign	AVAIL
sparkdrive	TAKEN
sonarcharge	AVAIL
radaroffset	AVAIL
sonartrigger	AVAIL
spancommit	AVAIL
picketlift	AVAIL
capesolar	TAKEN
driftsteady	AVAIL
relaycredit	TAKEN
lensampere	AVAIL
gatesteady	AVAIL
enginenorth	TAKEN
millpilot	TAKEN
loomcanvas	TAKEN
braidpair	AVAIL
pathsignal	TAKEN
spansteer	AVAIL
depotquiet	AVAIL
tempofleet	TAKEN
landingpair	AVAIL
almanactrack	AVAIL
harborbranch	TAKEN
gatebiomass	AVAIL
sparkinfer	TAKEN
peakjoin	TAKEN
arcsentry	TAKEN
flowcast	TAKEN
watchsound	TAKEN
baytrue	TAKEN
kilnreason	AVAIL
voltreason	AVAIL
portvolt	TAKEN
voltlevel	AVAIL
pulsecipher	TAKEN
currentfuel	TAKEN
fabricfuel	TAKEN
portdispatch	TAKEN
benchconsign	AVAIL
briefhandoff	AVAIL
driftremit	AVAIL
forgetrue	TAKEN
spanfreight	TAKEN
peakcharge	TAKEN
basepair	TAKEN
docketcorpus	AVAIL
deltascan	TAKEN
forgequeue	TAKEN
panelaudit	TAKEN
layersolar	TAKEN
meshclean	TAKEN
reactoralign	AVAIL
threadyield	AVAIL
watchseal	TAKEN
scopeplot	TAKEN
spinegate	TAKEN
quaykilowatt	AVAIL
bayremit	AVAIL
stacksignal	TAKEN
boardkeen	AVAIL
probetriage	AVAIL
helmscan	AVAIL
stackrecord	TAKEN
wavestream	TAKEN
anviltrace	AVAIL
helmtreasury	AVAIL
rostertrack	TAKEN
fabricgauge	AVAIL
weavecredit	TAKEN
codexprime	TAKEN
latticetrust	TAKEN
circuitswift	TAKEN
studioscan	TAKEN
tidelift	TAKEN
braidgate	AVAIL
deltafloat	TAKEN
raildraft	TAKEN
railproof	TAKEN
streamhaul	TAKEN
beaconemblem	AVAIL
arcfuse	TAKEN
keeprank	TAKEN
indexdebit	AVAIL
gridweight	AVAIL
corepatrol	TAKEN
millcutlist	AVAIL
ateliersift	AVAIL
prismturbine	AVAIL
relaycargo	TAKEN
dynamogate	AVAIL
recordyield	TAKEN
flowfacet	TAKEN
kernelident	AVAIL
foliobedside	AVAIL
frameremit	AVAIL
gaugeplot	AVAIL
spinemerge	TAKEN
radarflow	TAKEN
graphtempo	AVAIL
yardthermal	AVAIL
coreweave	TAKEN
spinepayout	AVAIL
panelfleet	AVAIL
basetransit	TAKEN
weaveinbound	AVAIL
raildeploy	TAKEN
vaultshift	TAKEN
portattest	AVAIL
pillarident	AVAIL
wharftrace	AVAIL
emberscan	TAKEN
harborcast	TAKEN
layerspark	TAKEN
braidchart	AVAIL
scopeyield	AVAIL
rostertrace	AVAIL
beaconflow	TAKEN
meterweight	AVAIL
towercorpus	AVAIL
kerneltrace	TAKEN
gatelaunch	TAKEN
forgecast	TAKEN
railsignal	TAKEN
workshopdock	TAKEN
beaconescrow	TAKEN
graphmetric	TAKEN
quaybastion	AVAIL
flarefuel	TAKEN
lanternchart	TAKEN
tempocohort	AVAIL
atlasrampart	AVAIL
traceswift	TAKEN
sentrytoken	TAKEN
wharfweave	AVAIL
desksteer	AVAIL
railtrigger	AVAIL
gaugeprompt	AVAIL
atlasprime	TAKEN
ledgersettle	TAKEN
braidlaunch	AVAIL
kernelscale	TAKEN
tracefleet	TAKEN
turbineplain	AVAIL
tempoapprove	AVAIL
streampay	TAKEN
foundrysolid	AVAIL
orbithandoff	AVAIL
dialshift	TAKEN
arcmandate	AVAIL
spanprime	TAKEN
tidelens	TAKEN
foundrytoken	TAKEN
desksequence	AVAIL
plinthbuild	TAKEN
loomtune	TAKEN
towerfacet	AVAIL
graphembed	TAKEN
enginedraft	AVAIL
worksbuild	TAKEN
atelierboost	TAKEN
driftsteer	TAKEN
reactorlift	AVAIL
surveyprobe	TAKEN
trunksound	AVAIL
braidbright	AVAIL
pulsehydro	TAKEN
meterquiet	AVAIL
reactorlink	TAKEN
turbinesound	TAKEN
tempocraft	TAKEN
docketfuel	TAKEN
rostercolumn	AVAIL
anchorlevel	TAKEN
capejoin	AVAIL
switchtempo	AVAIL
docketsurge	AVAIL
stackboost	TAKEN
voltkeen	AVAIL
gridplain	AVAIL
graphbedside	AVAIL
deskmerge	TAKEN
lensclaim	AVAIL
bayactuate	AVAIL
spinedebit	AVAIL
briefbeam	TAKEN
kilnfuse	AVAIL
sensorprompt	AVAIL
relaypalette	AVAIL
basecobot	AVAIL
dossierflow	TAKEN
plinthweight	AVAIL
anchortrue	TAKEN
boardchart	TAKEN
kernelprompt	TAKEN
conduitident	AVAIL
indexident	AVAIL
mapkilowatt	AVAIL
dynamoscale	TAKEN
spinemandate	AVAIL
dialgauge	TAKEN
beacontrim	AVAIL
yardmatch	TAKEN
trailstream	TAKEN
surveybeam	TAKEN
gatebranch	AVAIL
streamdeploy	TAKEN
streamclinic	TAKEN
lanepayout	AVAIL
railmandate	AVAIL
trunksolid	AVAIL
dossierdepot	TAKEN
lanternfeed	TAKEN
fabricsolar	TAKEN
mapcontrol	TAKEN
trackcontrol	TAKEN
reactorcraft	AVAIL
weavebedside	AVAIL
reachtriage	TAKEN
tidetrace	TAKEN
weavelift	AVAIL
frameprompt	TAKEN
yardsound	TAKEN
fabricsolid	AVAIL
gatesolid	AVAIL
helmsync	TAKEN
waveroute	TAKEN
deskvitals	AVAIL
railpilot	TAKEN
portcharter	TAKEN
ledgerbrisk	AVAIL
docketdebit	AVAIL
flowinbound	TAKEN
relayschema	AVAIL
spinerenew	TAKEN
fabricquiet	AVAIL
lookoutseal	AVAIL
sentryspark	TAKEN
signalservo	AVAIL
worksdebit	AVAIL
sealaudit	TAKEN
circuitmint	TAKEN
deskfloat	TAKEN
harboranchor	TAKEN
ridgescale	TAKEN
relayplain	AVAIL
radarpilot	TAKEN
covecanvas	TAKEN
layertransit	AVAIL
deskreel	TAKEN
trunkfloat	AVAIL
sealproof	TAKEN
gaugecipher	AVAIL
gatematch	TAKEN
corecompile	TAKEN
circuitspan	TAKEN
driftgate	TAKEN
wharfcoin	TAKEN
graphcadence	AVAIL
havenguard	TAKEN
helmlidar	AVAIL
lanterntrust	TAKEN
ridgesharp	AVAIL
reactormoor	AVAIL
docketship	TAKEN
summitremit	TAKEN
threadtempo	TAKEN
plinthvault	AVAIL
orbitdraft	TAKEN
layerlading	AVAIL
harborcraft	TAKEN
forgepilot	TAKEN
picketfuel	AVAIL
boardlift	TAKEN
almanacproof	AVAIL
metersync	TAKEN
landingyield	AVAIL
landingdraft	AVAIL
driftindex	TAKEN
almanacjoin	AVAIL
vigildrive	TAKEN
loompilot	TAKEN
coreconsent	TAKEN
orbitpallet	TAKEN
dialfeed	TAKEN
threadframe	TAKEN
scopeflow	TAKEN
dialclear	TAKEN
covecast	TAKEN
dialsignal	TAKEN
graphqueue	AVAIL
tracemoor	AVAIL
codexaudit	TAKEN
anchorharden	AVAIL
switchpayer	AVAIL
enginerank	TAKEN
meshinvoice	AVAIL
towermatch	TAKEN
helmcalm	AVAIL
lookoutgate	AVAIL
gridharden	TAKEN
atlasbuild	TAKEN
basinsort	AVAIL
sonarlevel	AVAIL
briefclaim	AVAIL
sensorkindle	AVAIL
weavepalette	AVAIL
wavecadence	AVAIL
millcognate	AVAIL
driftcompile	AVAIL
depotclinic	AVAIL
foundrybeam	TAKEN
dynamoweave	AVAIL
bridgecarbon	TAKEN
spineship	AVAIL
threadclean	AVAIL
kindlemodel	AVAIL
dynamobeam	AVAIL
lookoutsurge	AVAIL
scopeswift	TAKEN
loomspatial	AVAIL
depotharden	AVAIL
railsboost	TAKEN
stackreason	AVAIL
lensturbine	TAKEN
helmtender	AVAIL
sensorcast	TAKEN
atlasrelease	AVAIL
depotpatrol	TAKEN
lanternforge	TAKEN
trailmoor	AVAIL
lensverify	TAKEN
sentryquiet	AVAIL
panelpayer	AVAIL
kindlesteer	AVAIL
braidstream	TAKEN
tracemandate	AVAIL
loopground	TAKEN
trackfloat	AVAIL
picketlaunch	AVAIL
bridgefeed	TAKEN
threadforge	TAKEN
lookoutcast	AVAIL
benchqueue	TAKEN
probedrive	AVAIL
ledgerlaunch	TAKEN
codexinvoice	AVAIL
spanbiomass	AVAIL
flowclinic	TAKEN
spineattest	AVAIL
graphfleet	AVAIL
kernelfiling	AVAIL
foliocontrol	TAKEN
dossiervault	TAKEN
tideplot	TAKEN
stacktensor	TAKEN
keepspark	TAKEN
chartertier	AVAIL
vigilsharp	AVAIL
graphpair	AVAIL
latticevault	TAKEN
reachlink	TAKEN
landingtrace	AVAIL
probeharden	AVAIL
orbitcadence	AVAIL
yardsentry	TAKEN
coresignal	TAKEN
mapwarden	TAKEN
gatesequence	AVAIL
sensortoken	TAKEN
spancorpus	AVAIL
gridlift	TAKEN
reachtrack	TAKEN
sparkground	TAKEN
flarespark	TAKEN
frameraise	AVAIL
benchreel	TAKEN
switchyield	AVAIL
conduitswift	AVAIL
atlaspicket	AVAIL
docketsound	TAKEN
trackmodel	TAKEN
trackbadge	TAKEN
scopehandoff	AVAIL
rostercraft	TAKEN
picketsift	AVAIL
recordswift	AVAIL
millcorpus	AVAIL
streambeam	TAKEN
codextrim	AVAIL
boardruntime	AVAIL
cadencelink	TAKEN
turbinemoor	AVAIL
tidesharp	TAKEN
railscipher	AVAIL
emberweave	TAKEN
waveclinic	TAKEN
sealstatute	AVAIL
sealmoor	AVAIL
voltbind	TAKEN
workshoptier	AVAIL
meshsteady	AVAIL
framelift	TAKEN
atlasflow	TAKEN
workshopcast	TAKEN
tidetrigger	TAKEN
emberprime	TAKEN
depotcoin	TAKEN
basinpay	TAKEN
anchorground	TAKEN
emberprompt	TAKEN
railsbiomass	AVAIL
kindleprompt	AVAIL
keeplidar	AVAIL
chartpayout	AVAIL
sensorqueue	AVAIL
flarebiomass	AVAIL
radarsync	TAKEN
basesurge	TAKEN
capetriage	AVAIL
tidecrisp	AVAIL
railreckon	AVAIL
shieldtrue	TAKEN
yardfeed	TAKEN
emberplain	AVAIL
amplaunch	TAKEN
sentrysift	AVAIL
channelswift	TAKEN
gridmanifest	AVAIL
basesort	TAKEN
wharfsteer	AVAIL
vaultjoin	AVAIL
layerhaul	AVAIL
lanetrim	AVAIL
paneldock	TAKEN
surveyfleet	TAKEN
vaultdepth	TAKEN
lenstriage	AVAIL
anchorscan	TAKEN
millalign	AVAIL
gatelevel	TAKEN
braidlink	TAKEN
sensorpair	AVAIL
pillarvolt	AVAIL
lensboost	TAKEN
braidcharge	AVAIL
arcbadge	AVAIL
meshrenew	AVAIL
peakcast	TAKEN
reachsolid	TAKEN
meshlading	AVAIL
loomsurge	TAKEN
almanacdrive	AVAIL
patrolmoor	AVAIL
scopevector	TAKEN
loopdepot	TAKEN
recordcomply	AVAIL
vigiltrack	TAKEN
scopewarrant	AVAIL
forgerank	TAKEN
tempomerge	AVAIL
enginegrid	TAKEN
codexcoin	TAKEN
braidsolid	AVAIL
ridgegrid	TAKEN
cadencenorth	AVAIL
streamintake	AVAIL
braidbind	AVAIL
signalfirst	TAKEN
meshthermal	AVAIL
panelstaging	TAKEN
ledgerassign	AVAIL
mapkindle	AVAIL
pulsesignet	AVAIL
kernelfirst	AVAIL
peakvault	TAKEN
towerdeploy	AVAIL
relayfirst	TAKEN
kernelember	AVAIL
basebadge	TAKEN
yardsharp	TAKEN
depotcalm	AVAIL
trunkagent	TAKEN
worksinvoice	AVAIL
conduitcrisp	AVAIL
relaybranch	AVAIL
sealpair	TAKEN
stackyield	TAKEN
threadmerge	AVAIL
guardlink	TAKEN
toweractuate	AVAIL
vaultmodel	TAKEN
pathclear	TAKEN
helmkilowatt	AVAIL
currentlink	TAKEN
peakgate	TAKEN
folioapprove	AVAIL
temposettle	TAKEN
radarlens	TAKEN
baysharp	TAKEN
pillarprime	TAKEN
pressanchor	TAKEN
compassplain	AVAIL
briefcharter	AVAIL
loopbrisk	AVAIL
depotcobot	AVAIL
capefeed	TAKEN
radarsteer	AVAIL
keepcraft	TAKEN
railsvault	AVAIL
covepay	TAKEN
foundrypair	AVAIL
docketjoin	AVAIL
quayflow	TAKEN
reachflow	TAKEN
signalcell	TAKEN
wharfpair	AVAIL
sparkfuel	TAKEN
crestforge	TAKEN
sonarcredit	TAKEN
briefprism	AVAIL
surveybright	TAKEN
sonarseal	AVAIL
watchalign	AVAIL
traceapprove	AVAIL
railsraise	AVAIL
railfleet	TAKEN
conduitroute	AVAIL
signalsort	TAKEN
kernelmatch	AVAIL
baseopen	TAKEN
metertrace	AVAIL
trussharden	AVAIL
scopetrim	AVAIL
mapreckon	AVAIL
meterembed	AVAIL
kernelfloat	AVAIL
pillarfloat	AVAIL
railpair	AVAIL
dynamosharp	AVAIL
wavehandoff	AVAIL
sentrylift	AVAIL
spanhandoff	AVAIL
peakdebit	AVAIL
radartrigger	AVAIL
lenslevel	TAKEN
bayconsign	AVAIL
pillardeploy	AVAIL
framemodel	TAKEN
beaconagent	TAKEN
gaugeweight	AVAIL
cadencequiet	AVAIL
havencargo	TAKEN
foundryspark	TAKEN
layercargo	AVAIL
lanevault	TAKEN
basinescrow	AVAIL
basemoor	AVAIL
sonarschema	AVAIL
sentrysync	TAKEN
tracecredit	TAKEN
panelanchor	AVAIL
crestkindle	AVAIL
portmesh	TAKEN
foliocadence	AVAIL
briefrecord	TAKEN
sealsift	AVAIL
briefroute	TAKEN
millsort	TAKEN
circuitframe	AVAIL
benchlaunch	AVAIL
meterfuel	TAKEN
embercontext	AVAIL
prismagent	TAKEN
surveymetric	TAKEN
gridtender	TAKEN
stackcontrol	TAKEN
layerproof	TAKEN
keepguard	TAKEN
almanacspan	AVAIL
metermodel	AVAIL
gatelading	AVAIL
yardbright	TAKEN
foliotransit	AVAIL
picketcipher	AVAIL
pathplot	TAKEN
baypair	AVAIL
atelierdraft	TAKEN
latticeindex	TAKEN
atlascraft	TAKEN
signalsync	TAKEN
basinpair	AVAIL
framepair	AVAIL
coredispatch	TAKEN
rosterscale	AVAIL
beaconweight	AVAIL
routeremit	AVAIL
anvilpalette	AVAIL
recordbind	AVAIL
framecast	TAKEN
meshconsent	AVAIL
braidship	AVAIL
guardswift	TAKEN
trunklevel	AVAIL
gridprime	TAKEN
emberoffset	AVAIL
capevolt	AVAIL
watchfiling	AVAIL
covehaul	AVAIL
traceampere	AVAIL
basedisclose	AVAIL
vaultmetric	TAKEN
watchforge	TAKEN
signalkindle	AVAIL
helmsurge	AVAIL
reachgate	TAKEN
bridgeraise	TAKEN
basematch	TAKEN
kilnmodel	AVAIL
lensvolt	TAKEN
meterforge	TAKEN
compassalign	AVAIL
wavefreight	TAKEN
enginecast	TAKEN
coveshield	TAKEN
pillarclaim	TAKEN
yardpayer	AVAIL
basintrim	AVAIL
ledgerembed	AVAIL
tempospark	TAKEN
gaugereason	AVAIL
probeinvoice	AVAIL
fabricschema	AVAIL
lensinvoice	TAKEN
enginesharp	AVAIL
ledgerhaul	TAKEN
portpair	TAKEN
compasshydro	AVAIL
spanemblem	AVAIL
recordjoin	AVAIL
workshoptune	AVAIL
basegantry	AVAIL
almanacprime	AVAIL
helmquiet	AVAIL
routevitals	TAKEN
beaconhaul	AVAIL
enginetier	AVAIL
keepmatch	TAKEN
vaultdebit	AVAIL
sensorcohort	AVAIL
folioident	AVAIL
briefescrow	AVAIL
braidpilot	TAKEN
lanecharge	TAKEN
millruntime	AVAIL
sensorcharge	AVAIL
trailfacet	AVAIL
codexident	AVAIL
sensorground	TAKEN
circuitsurge	TAKEN
ridgemerge	TAKEN
railschedule	TAKEN
orbitraise	AVAIL
gaugematch	TAKEN
switchsolid	AVAIL
forgebeam	TAKEN
loomsteer	AVAIL
anvilfeed	AVAIL
folioshift	TAKEN
sensorfuel	TAKEN
railstender	AVAIL
indexhandoff	AVAIL
depotintake	AVAIL
tempodraft	AVAIL
railflow	TAKEN
crestcutlist	AVAIL
threadcoin	TAKEN
threadscan	TAKEN
indexmerge	AVAIL
gridsurge	TAKEN
lenshandoff	AVAIL
havenraise	AVAIL
sensorprime	TAKEN
lensreason	AVAIL
briefreel	TAKEN
harboroffset	AVAIL
railbastion	AVAIL
weavebind	AVAIL
portfacet	AVAIL
benchpalette	AVAIL
vaultfeed	TAKEN
fabricweight	AVAIL
gateident	AVAIL
corehaul	TAKEN
trunktoken	AVAIL
portsequence	AVAIL
temporemit	AVAIL
sentrynorth	TAKEN
meshvolt	TAKEN
foliobuild	TAKEN
docketprism	TAKEN
bridgeyield	TAKEN
dialsync	TAKEN
gatefeed	TAKEN
anvilsort	AVAIL
trusswarden	AVAIL
flowcanvas	TAKEN
towerstatute	AVAIL
loopscale	TAKEN
orbitmoor	AVAIL
laneflow	TAKEN
dialchart	AVAIL
lenscontext	AVAIL
voltfuel	TAKEN
pillarsharp	AVAIL
reachdosage	AVAIL
corecontrol	TAKEN
studiolevel	TAKEN
foliopilot	TAKEN
vaultident	AVAIL
ampspark	TAKEN
temposcale	TAKEN
tempojoin	AVAIL
dialbiomass	AVAIL
bridgeflow	TAKEN
covesound	TAKEN
dynamoforge	TAKEN
gaugeturbine	AVAIL
portmint	TAKEN
worksanchor	AVAIL
spanreason	TAKEN
chartapprove	AVAIL
routeruntime	AVAIL
forgefirst	TAKEN
covevolt	AVAIL
helmident	AVAIL
coreampere	AVAIL
circuitweave	TAKEN
basebeam	TAKEN
graphprobe	TAKEN
helmscale	TAKEN
prismbadge	AVAIL
railsteer	AVAIL
briefcanvas	TAKEN
trunkbastion	AVAIL
lensemission	AVAIL
torchinfer	TAKEN
sonartrack	TAKEN
wardenbeam	AVAIL
kernelqueue	AVAIL
currentpair	AVAIL
harbortempo	AVAIL
indexkindle	TAKEN
havenfuel	AVAIL
fabricaudit	AVAIL
guardcontrol	TAKEN
radarclinic	TAKEN
spinelaunch	TAKEN
amplevel	TAKEN
towertrue	AVAIL
peakscale	TAKEN
radarpair	AVAIL
workshoplift	TAKEN
millrollback	AVAIL
dialbadge	AVAIL
docketfacet	AVAIL
rosterweave	AVAIL
lenstrim	AVAIL
foundryshift	TAKEN
streamrender	TAKEN
tidebright	TAKEN
briefgate	TAKEN
gridregistry	TAKEN
depotstudio	TAKEN
baydraft	TAKEN
trunklading	AVAIL
flarefeed	TAKEN
gaugeclaim	AVAIL
wavecompile	AVAIL
foundrykeen	AVAIL
raildepot	TAKEN
tidesync	TAKEN
picketbeam	AVAIL
capeinbound	TAKEN
rostermerge	AVAIL
lenslift	TAKEN
switchcohort	AVAIL
foliokindle	AVAIL
loopcrisp	TAKEN
coveforge	TAKEN
probecipher	AVAIL
foliobeam	TAKEN
plinthpolicy	AVAIL
wardenkeen	AVAIL
spinecompile	AVAIL
sensorsync	TAKEN
vaultcast	TAKEN
conduitalign	AVAIL
portconsign	AVAIL
dialrampart	AVAIL
surveysteady	AVAIL
workspicket	AVAIL
portdrive	TAKEN
keepfreight	TAKEN
pulsedosage	AVAIL
looprender	TAKEN
trussjoin	AVAIL
peakdraft	TAKEN
indexproof	TAKEN
layercognate	AVAIL
benchopen	AVAIL
sparktier	TAKEN
gaugefeed	AVAIL
boardmatch	TAKEN
pillarprism	AVAIL
foundrysurge	AVAIL
picketspark	AVAIL
pulseclear	TAKEN
stackquiet	AVAIL
tracecraft	TAKEN
quaysolar	AVAIL
kernelsolar	AVAIL
switchopen	TAKEN
fabricmatch	TAKEN
railsforge	TAKEN
basespark	TAKEN
trackweight	TAKEN
channeltoken	TAKEN
beaconsync	TAKEN
sonarbadge	AVAIL
recordlevel	TAKEN
probehydro	AVAIL
reachsentry	AVAIL
probeprime	AVAIL
watchident	AVAIL
bayrank	TAKEN
driftbuild	TAKEN
mapspatial	TAKEN
ridgeshift	TAKEN
dockactuate	AVAIL
ateliernorth	TAKEN
emberclear	TAKEN
quayshift	AVAIL
spineforge	TAKEN
emberquiet	TAKEN
braidclean	AVAIL
railrelease	TAKEN
workshopmesh	AVAIL
engineplot	AVAIL
cadencelift	TAKEN
dialmesh	TAKEN
mapschedule	TAKEN
metercrisp	AVAIL
gaugetoken	TAKEN
docketdeploy	AVAIL
boardprism	TAKEN
arcplot	TAKEN
coretrigger	TAKEN
sentryharden	AVAIL
switchfuse	TAKEN
dialrank	TAKEN
pathruntime	AVAIL
conduithydro	AVAIL
landingquiet	AVAIL
beacongauge	TAKEN
briefassign	AVAIL
briefrelease	AVAIL
havencutlist	AVAIL
haventrack	TAKEN
quayguard	AVAIL
arcprobe	TAKEN
harborbadge	AVAIL
gaugefacet	AVAIL
bayfreight	TAKEN
circuitcast	TAKEN
codexstatute	AVAIL
tracelift	TAKEN
towerseal	AVAIL
bridgespark	TAKEN
portdepot	TAKEN
routebuild	TAKEN
lensbeam	TAKEN
towerclear	TAKEN
channelmatch	TAKEN
weavecommit	AVAIL
forgelaunch	TAKEN
gridsolid	TAKEN
pressprime	TAKEN
corebastion	TAKEN
framelink	TAKEN
enginebright	TAKEN
spinetrack	TAKEN
railsmetric	AVAIL
trunkruntime	AVAIL
dossiermint	AVAIL
boardyield	TAKEN
anvilservo	AVAIL
atlasinvoice	TAKEN
foliosignal	TAKEN
switchdosage	AVAIL
worksverify	TAKEN
corehydro	TAKEN
circuitlink	TAKEN
baychart	TAKEN
trunksurge	AVAIL
dialcadence	TAKEN
flareswift	TAKEN
lanternident	AVAIL
worksfiling	AVAIL
metercontrol	TAKEN
meshmint	TAKEN
kilnflow	TAKEN
codexcadence	AVAIL
kilnboost	AVAIL
recordbrisk	AVAIL
channelclear	TAKEN
kindlevector	AVAIL
landingchart	AVAIL
rosterswift	TAKEN
basinalign	AVAIL
millsteady	AVAIL
tidefirst	TAKEN
ledgerlidar	AVAIL
towershift	TAKEN
covebastion	AVAIL
circuitscale	TAKEN
wardenmerge	AVAIL
braidyield	AVAIL
embersurge	TAKEN
meshbuild	TAKEN
conduitweave	AVAIL
atlasgauge	TAKEN
prismpolicy	AVAIL
benchident	AVAIL
baypayload	AVAIL
trackapprove	AVAIL
keepverify	AVAIL
kernelgate	TAKEN
rostersound	AVAIL
framepayload	AVAIL
sensorfiling	AVAIL
landingmerge	AVAIL
voltquiet	AVAIL
baseclear	TAKEN
mapdataset	AVAIL
frameprime	TAKEN
harborembed	AVAIL
basetrace	TAKEN
boardcomply	TAKEN
trackmandate	AVAIL
kindleclean	AVAIL
fabricident	AVAIL
layerclaim	AVAIL
reactoropen	AVAIL
presscorpus	AVAIL
folioclaim	TAKEN
gatepayload	AVAIL
coresolar	TAKEN
braidrelay	AVAIL
watchanchor	TAKEN
sealplain	AVAIL
dialparallax	AVAIL
lanenorth	TAKEN
sensorcomply	AVAIL
flareflow	TAKEN
stackgate	TAKEN
basebuild	TAKEN
vigilmatch	AVAIL
conduitsound	TAKEN
arcdrive	TAKEN
pulsedock	TAKEN
spineapprove	AVAIL
basecarbon	TAKEN
ampboost	TAKEN
loomcognate	AVAIL
layercomply	AVAIL
coveintake	AVAIL
lanternbeam	TAKEN
depotopen	AVAIL
anchorpatch	AVAIL
streamtender	TAKEN
spanruntime	AVAIL
frameinfer	AVAIL
spinepay	TAKEN
tracewarrant	AVAIL
relayruntime	TAKEN
meterbadge	AVAIL
routetrim	AVAIL
lanternbind	AVAIL
metergrid	TAKEN
dynamodraft	TAKEN
pillarweave	AVAIL
railcell	TAKEN
pathcohort	AVAIL
chartbedside	AVAIL
temposound	TAKEN
landingsort	AVAIL
ledgercohort	TAKEN
pulsefiling	AVAIL
torchmoor	AVAIL
sonarshift	TAKEN
gaugecohort	AVAIL
dossiersharp	AVAIL
sonartrim	AVAIL
lanternflow	TAKEN
ampspan	TAKEN
surveylevel	AVAIL
patrolnorth	AVAIL
picketopen	AVAIL
guardrampart	TAKEN
scopecognate	AVAIL
scopeprobe	TAKEN
towercharge	TAKEN
spandispatch	AVAIL
compasslens	TAKEN
pillarbranch	AVAIL
layerhandoff	AVAIL
bridgeopen	TAKEN
vaultdraft	TAKEN
desktreasury	AVAIL
reactorkeen	AVAIL
latticetrue	AVAIL
capeswift	AVAIL
haventender	AVAIL
meterclean	TAKEN
kernelmoor	AVAIL
routekeen	AVAIL
railmerge	AVAIL
havensound	TAKEN
pillarmetric	TAKEN
compassrelay	TAKEN
sensornorth	AVAIL
docketpilot	TAKEN
indexcalm	AVAIL
orbitdock	TAKEN
atlasaudit	TAKEN
brieftrack	TAKEN
amprenew	TAKEN
scopetriage	AVAIL
sensorclaim	AVAIL
compassmatch	TAKEN
spanstaging	AVAIL
peaklink	TAKEN
shieldkindle	AVAIL
anchorplain	TAKEN
stackfacet	AVAIL
radarcohort	AVAIL
deskweave	TAKEN
anvilgate	TAKEN
trusscorpus	AVAIL
vigilplot	AVAIL
switchgate	TAKEN
cadencespark	TAKEN
cadencefuse	AVAIL
meterservo	AVAIL
indextriage	TAKEN
fabricemblem	AVAIL
pathpalette	TAKEN
pillarlidar	AVAIL
forgelink	TAKEN
flareanchor	AVAIL
pathclean	TAKEN
meterground	AVAIL
enginemerge	TAKEN
picketrank	AVAIL
meshrollback	AVAIL
kindlelaunch	TAKEN
foliotempo	AVAIL
sentryweave	AVAIL
trusskindle	AVAIL
summitcobot	AVAIL
dynamoframe	AVAIL
layerframe	TAKEN
framefuse	TAKEN
probesteer	AVAIL
fabricweave	TAKEN
wharftransit	AVAIL
meshpayout	AVAIL
trailcast	TAKEN
helmprime	TAKEN
briefident	AVAIL
coremesh	TAKEN
dossiertrace	TAKEN
temposteer	AVAIL
wavescale	TAKEN
flowbind	TAKEN
keepcomply	AVAIL
lookoutjoin	AVAIL
codexrelease	AVAIL
gaugelevel	TAKEN
atelierjoin	AVAIL
bridgeremit	TAKEN
ridgematch	TAKEN
wharfpilot	AVAIL
framerelease	AVAIL
helmcovenant	AVAIL
tidecast	TAKEN
quaychart	AVAIL
deskspan	TAKEN
gatemetric	TAKEN
tidebeam	TAKEN
spinefeed	TAKEN
vaultprompt	TAKEN
weavefuel	AVAIL
chartercast	TAKEN
currentbeam	TAKEN
covegate	TAKEN
beaconfacet	AVAIL
coreopen	TAKEN
docketstream	TAKEN
boardsync	TAKEN
docketcrisp	AVAIL
latticepatch	AVAIL
arctrue	TAKEN
gaugefiling	AVAIL
amprank	TAKEN
helmcadence	AVAIL
trackattest	AVAIL
kilnplain	AVAIL
traceattest	AVAIL
flowcoin	TAKEN
railsrelease	AVAIL
railsprobe	AVAIL
railsbranch	AVAIL
sentryclean	TAKEN
ridgepicket	AVAIL
pathpilot	TAKEN
trusspatrol	AVAIL
graphsignal	TAKEN
routescale	TAKEN
covedosage	AVAIL
framecommit	AVAIL
corekeystone	TAKEN
vaulthandoff	TAKEN
basinsteady	AVAIL
sonarship	TAKEN
conduitcargo	AVAIL
threadsharp	TAKEN
vaultstatute	AVAIL
gridreason	TAKEN
portclaim	TAKEN
anvilcorpus	AVAIL
panelinvoice	AVAIL
ledgerfacet	AVAIL
coveturbine	AVAIL
kernelclear	AVAIL
reachpallet	AVAIL
helmoffset	AVAIL
dockthermal	AVAIL
lanetrigger	AVAIL
patrolbind	AVAIL
stacktrigger	AVAIL
waverelease	AVAIL
spinecredit	AVAIL
corescale	TAKEN
yardjoin	TAKEN
panelemblem	AVAIL
coregantry	AVAIL
recordclear	TAKEN
docketdepot	TAKEN
flowdispatch	TAKEN
meterproof	TAKEN
kindlefuse	AVAIL
tidespark	TAKEN
studiocrisp	TAKEN
foliobrisk	TAKEN
covecrisp	AVAIL
dialhydro	AVAIL
helmstatute	AVAIL
tempocompile	AVAIL
havenclear	TAKEN
vaultattest	TAKEN
studiofuel	TAKEN
vaultfleet	TAKEN
registertier	AVAIL
kernelcarbon	AVAIL
gatecarbon	AVAIL
railscan	TAKEN
spinecontext	AVAIL
havenharden	AVAIL
dialforge	TAKEN
baseplain	AVAIL
stackqueue	TAKEN
flowsteady	TAKEN
threadrender	TAKEN
patrolscan	TAKEN
panelrender	AVAIL
ledgerharden	AVAIL
arcbastion	AVAIL
layerdrive	TAKEN
helmanchor	TAKEN
helmturbine	AVAIL
orbitpalette	AVAIL
probesettle	AVAIL
stackdrive	TAKEN
basinmerge	AVAIL
docketprime	AVAIL
lookoutdrive	TAKEN
spanmerge	AVAIL
scopesettle	AVAIL
scopetoken	TAKEN
dialtrim	AVAIL
beaconlidar	AVAIL
kernelshield	TAKEN
lensrenew	TAKEN
indexember	AVAIL
sealnorth	AVAIL
gaugetriage	AVAIL
flowlastmile	AVAIL
peakboost	TAKEN
quaysurge	AVAIL
registerhaul	AVAIL
flowfreight	TAKEN
lanetempo	AVAIL
lanematch	TAKEN
portcell	TAKEN
pillarsteady	AVAIL
layerescrow	AVAIL
cadencedrive	TAKEN
meshampere	AVAIL
arcmint	TAKEN
reachinvoice	AVAIL
reactorcalm	AVAIL
signaltier	TAKEN
yardclinic	AVAIL
sonarcharter	AVAIL
forgespatial	TAKEN
wardensift	AVAIL
quaysound	AVAIL
railkinetic	AVAIL
probetrust	TAKEN
meshember	AVAIL
flowcalm	TAKEN
vigilharden	AVAIL
coretender	TAKEN
trailtender	TAKEN
gridcipher	TAKEN
routefloat	AVAIL
ridgesettle	AVAIL
braidcommit	AVAIL
scopecarbon	TAKEN
stackframe	TAKEN
sensorattest	AVAIL
fabricdeploy	AVAIL
metersound	AVAIL
voltclear	AVAIL
dossierfleet	AVAIL
emberhydro	AVAIL
loomactuate	AVAIL
kindlematch	TAKEN
reactorsolid	AVAIL
wardenlevel	AVAIL
prismraise	AVAIL
docksignet	AVAIL
recordmerge	TAKEN
indexpayout	AVAIL
prismampere	AVAIL
forgetoken	TAKEN
peakmerge	TAKEN
indexschema	TAKEN
kilnsound	TAKEN
relayinvoice	TAKEN
sonarcrisp	AVAIL
latticeguard	TAKEN
capecipher	AVAIL
compassmodel	TAKEN
beaconspan	TAKEN
helmindex	AVAIL
sonarcontrol	AVAIL
ridgescan	TAKEN
indexseal	AVAIL
chartmetric	TAKEN
latticedrive	TAKEN
pathdeploy	TAKEN
cadencekeen	TAKEN
routeplot	TAKEN
pulsemerge	TAKEN
ampraise	TAKEN
capebiomass	AVAIL
braidfeed	AVAIL
kernelcobot	AVAIL
routehaul	TAKEN
briefpolicy	AVAIL
tempobind	AVAIL
trussfloat	AVAIL
baseguard	TAKEN
arcmetric	TAKEN
pulsecast	TAKEN
reachgrid	TAKEN
workscomply	AVAIL
coresharp	TAKEN
gatespatial	AVAIL
mapstatute	AVAIL
patroldrive	AVAIL
routescan	TAKEN
codexcorpus	AVAIL
peakdepot	TAKEN
spinethermal	AVAIL
cadencebind	AVAIL
harborsignet	AVAIL
havendrive	TAKEN
trailprism	AVAIL
emberbind	AVAIL
gaugelink	TAKEN
compasstrim	AVAIL
workstabular	AVAIL
dialrecord	TAKEN
currentbind	AVAIL
millpalette	AVAIL
railstabular	AVAIL
flareturbine	AVAIL
surveypair	AVAIL
chartersound	AVAIL
folioprime	TAKEN
recordbadge	AVAIL
radarsignal	TAKEN
pulseyield	TAKEN
metertriage	AVAIL
codexfuel	TAKEN
boardcredit	TAKEN
weavebuild	TAKEN
plinthsound	AVAIL
anvilbind	AVAIL
boardlevel	TAKEN
reactorquiet	AVAIL
trunkfuse	AVAIL
pathlevel	TAKEN
tideclinic	TAKEN
metercalm	AVAIL
sensorember	AVAIL
lenslaunch	TAKEN
sealfiling	AVAIL
bayspark	TAKEN
helmsignal	TAKEN
ridgepair	AVAIL
mapbind	AVAIL
circuitgauge	AVAIL
plinthassign	AVAIL
beacondraft	AVAIL
reactorshift	AVAIL
sonarinvoice	AVAIL
relayquiet	AVAIL
voltsound	TAKEN
anvilsharp	AVAIL
weaveintake	AVAIL
sealdraft	AVAIL
arcremit	AVAIL
trusscohort	AVAIL
pillarmoor	AVAIL
meterspan	AVAIL
helmactuate	AVAIL
guardfeed	TAKEN
basingate	AVAIL
turbinelift	AVAIL
trusstransit	AVAIL
basesteady	AVAIL
signaldosage	AVAIL
portgantry	AVAIL
sonarcognate	AVAIL
driftrender	AVAIL
sealjoin	AVAIL
kernelwarden	AVAIL
radarhandoff	AVAIL
ledgervolt	TAKEN
benchrender	AVAIL
foliofreight	AVAIL
flowdrive	TAKEN
sonarpatrol	AVAIL
ledgerlift	TAKEN
panelfloat	AVAIL
wardenproof	AVAIL
gaugefloat	AVAIL
threadescrow	AVAIL
signalkeen	AVAIL
baseconsign	AVAIL
trackfuel	TAKEN
anchorfirst	TAKEN
gridkilowatt	AVAIL
deltaprime	TAKEN
gateswift	TAKEN
deltatrim	TAKEN
trunkrecord	AVAIL
enginemoor	AVAIL
radarweave	AVAIL
probefirst	TAKEN
maptreasury	AVAIL
charterscale	TAKEN
dialspatial	AVAIL
tempoclinic	TAKEN
trusswarrant	AVAIL
trunkledger	TAKEN
surveyground	TAKEN
railcontrol	TAKEN
fabrictier	TAKEN
portbiomass	AVAIL
baseinvoice	TAKEN
trackwarrant	TAKEN
signalcomply	TAKEN
enginemint	AVAIL
scopeactuate	AVAIL
lanternopen	AVAIL
gatecompile	AVAIL
dockopen	AVAIL
laneprime	TAKEN
vigilcalm	AVAIL
deltahaul	TAKEN
codexship	TAKEN
conduitdepot	AVAIL
fabricfloat	TAKEN
chartersteer	AVAIL
wharfturbine	AVAIL
ampcrisp	AVAIL
mapspark	TAKEN
trussconsent	AVAIL
atelierfuel	AVAIL
foliodebit	AVAIL
spineproof	AVAIL
surveyproof	TAKEN
desklading	AVAIL
sealbrisk	AVAIL
layerpolicy	AVAIL
watchguard	TAKEN
docketframe	TAKEN
briefcomply	AVAIL
covemontage	AVAIL
docketboost	TAKEN
graphfeed	TAKEN
signalcalm	TAKEN
circuitroute	TAKEN
prismclinic	TAKEN
codexcutlist	AVAIL
loomprime	TAKEN
railsalign	AVAIL
codexconsent	AVAIL
baypilot	TAKEN
covecell	TAKEN
surveycell	TAKEN
scopebrisk	AVAIL
vaultescrow	TAKEN
capelift	TAKEN
pathcolumn	AVAIL
surveyscan	TAKEN
plinthcoin	AVAIL
sonarpicket	AVAIL
charterhaul	AVAIL
scopecalm	AVAIL
braidsift	AVAIL
railcontext	AVAIL
driftcutlist	AVAIL
dockfeed	TAKEN
loomstudio	TAKEN
bridgestream	TAKEN
fabricrecord	AVAIL
panelruntime	AVAIL
wavecast	TAKEN
gaugeoffset	AVAIL
gridrecord	TAKEN
vaultguard	TAKEN
ledgerlink	TAKEN
codexgate	TAKEN
summitlaunch	TAKEN
dialsolar	TAKEN
pathscale	TAKEN
baycipher	AVAIL
pillartune	AVAIL
orbitrender	TAKEN
stackcarbon	TAKEN
worksmetric	AVAIL
workscipher	AVAIL
gatecargo	TAKEN
stackcargo	TAKEN
looptrue	TAKEN
gaugebeam	TAKEN
boardtoken	TAKEN
indexswift	AVAIL
loopcommit	TAKEN
presscanvas	TAKEN
summitpatrol	TAKEN
boardcommit	AVAIL
ridgecarbon	TAKEN
streamquiet	AVAIL
portcarbon	TAKEN
frametender	TAKEN
deltasort	TAKEN
mapclean	TAKEN
keepvault	TAKEN
threadlift	TAKEN
picketfiling	AVAIL
chartfleet	AVAIL
dialscan	TAKEN
probelaunch	AVAIL
capesettle	AVAIL
torchforge	TAKEN
pressactuate	AVAIL
wardenopen	AVAIL
latticefirst	AVAIL
beaconbeam	TAKEN
probecraft	TAKEN
stackraise	TAKEN
millplot	AVAIL
graphreason	TAKEN
spineshield	TAKEN
loomsort	AVAIL
streampayout	TAKEN
kernelrank	TAKEN
forgealign	TAKEN
currentquiet	AVAIL
vaultembed	AVAIL
pulsebright	TAKEN
boardmint	TAKEN
beaconfiling	TAKEN
signalquiet	AVAIL
framecoin	TAKEN
quayremit	AVAIL
docketcohort	AVAIL
vaultlink	TAKEN
quaykindle	AVAIL
dockassign	AVAIL
gaugevitals	AVAIL
shieldcipher	TAKEN
signaloffset	AVAIL
signalplain	TAKEN
gaugecharge	AVAIL
sparksteady	AVAIL
gatepassport	TAKEN
paneljoin	AVAIL
radarsharp	AVAIL
lookoutship	AVAIL
trailpatch	TAKEN
driftjoin	AVAIL
recordtempo	AVAIL
raildisclose	AVAIL
trussbastion	AVAIL
spinetoken	TAKEN
bridgegrid	TAKEN
towerspan	TAKEN
benchgantry	AVAIL
bridgerenew	TAKEN
circuitdock	TAKEN
weaveschema	AVAIL
surveycohort	AVAIL
wavelens	TAKEN
workshopsync	TAKEN
baseremit	TAKEN
basinship	AVAIL
pulseweight	AVAIL
laneplain	AVAIL
looplastmile	AVAIL
routedrive	TAKEN
wharfsentry	AVAIL
signalqueue	TAKEN
bridgepatrol	TAKEN
metercoin	TAKEN
scopetender	AVAIL
signalfleet	TAKEN
pillarbrisk	AVAIL
capesentry	AVAIL
gaugehydro	AVAIL
scopecharter	TAKEN
ledgersort	TAKEN
relayjoin	TAKEN
towerflow	TAKEN
docketdraft	TAKEN
basinground	AVAIL
probemint	AVAIL
pillarassign	AVAIL
lanestaging	AVAIL
layercarbon	AVAIL
ampmatch	TAKEN
quayember	AVAIL
foundrysteer	AVAIL
tempotriage	AVAIL
picketsync	AVAIL
tracecalm	AVAIL
stackdataset	AVAIL
patrolkindle	AVAIL
braidassign	AVAIL
helmboost	AVAIL
spineindex	TAKEN
radarsentry	TAKEN
patrolshift	TAKEN
driftdebit	AVAIL
corejoin	TAKEN
bayrenew	AVAIL
trackclean	TAKEN
channelcraft	TAKEN
capeyield	AVAIL
surveytrust	TAKEN
beaconcolumn	AVAIL
pulsekindle	AVAIL
patroltrim	AVAIL
capecohort	AVAIL
basetensor	TAKEN
atlasclaim	TAKEN
scopeprime	TAKEN
enginekindle	AVAIL
towercarbon	TAKEN
havenshield	TAKEN
relayship	TAKEN
ampcast	TAKEN
helmtempo	AVAIL
voltvector	TAKEN
layerledger	TAKEN
meshturbine	AVAIL
gaugeplain	AVAIL
deltasteady	AVAIL
towercompile	AVAIL
corelink	TAKEN
mapcovenant	AVAIL
deltabeam	TAKEN
atelierspark	TAKEN
braidtabular	AVAIL
beaconlevel	AVAIL
gaugecoin	TAKEN
currentclear	TAKEN
layergrid	TAKEN
ledgertender	AVAIL
beaconsift	AVAIL
scopeweave	TAKEN
harbordepth	AVAIL
reachplot	AVAIL
sensorpilot	TAKEN
arcsolid	TAKEN
briefsync	TAKEN
portkinetic	AVAIL
compasstune	AVAIL
lanternspan	TAKEN
mapweight	AVAIL
dialcognate	AVAIL
wharfpayout	AVAIL
gatetoken	TAKEN
ridgeopen	AVAIL
dossiertrue	AVAIL
anvilcast	TAKEN
streamkeen	AVAIL
fabricvault	TAKEN
lanefacet	AVAIL
foundryvolt	TAKEN
helmcognate	AVAIL
sealsentinel	TAKEN
benchverify	AVAIL
weavemoor	AVAIL
flowrollback	AVAIL
baysettle	AVAIL
ridgesync	TAKEN
lanternclear	AVAIL
ateliertrace	TAKEN
baseprobe	TAKEN
braidcast	TAKEN
metergate	TAKEN
reachcutlist	AVAIL
ampkeen	TAKEN
flowcareteam	AVAIL
lenscobot	AVAIL
beaconcobot	AVAIL
dialguard	TAKEN
pulselift	TAKEN
pulsesound	TAKEN
dockfreight	TAKEN
recordrank	TAKEN
engineagent	TAKEN
layerverify	TAKEN
sentrypair	AVAIL
vigilsync	TAKEN
gaugewarrant	AVAIL
boardfuse	TAKEN
recordquiet	AVAIL
chartsettle	AVAIL
indexsolid	AVAIL
wavebrisk	AVAIL
ledgercalm	AVAIL
baseraise	TAKEN
portspan	TAKEN
atlasbastion	TAKEN
panelapprove	AVAIL
lenskeen	TAKEN
rostercohort	AVAIL
ridgecobot	AVAIL
towerquiet	AVAIL
coreindex	TAKEN
gatetrim	AVAIL
deskclear	TAKEN
weavesound	AVAIL
ledgerbright	TAKEN
landingplot	AVAIL
peaknorth	TAKEN
havenquiet	AVAIL
tidereel	AVAIL
tracktoken	TAKEN
mapcontext	TAKEN
braidraise	AVAIL
pathlastmile	AVAIL
surveyplot	TAKEN
dialpilot	TAKEN
yardvitals	TAKEN
orbitfreight	TAKEN
signalassign	AVAIL
corepicket	AVAIL
benchindex	TAKEN
rosterclean	AVAIL
sonarcorpus	AVAIL
tideledger	TAKEN
forgereason	TAKEN
summitprime	TAKEN
framehandoff	AVAIL
graphagent	TAKEN
chartercoin	TAKEN
ampcorpus	AVAIL
anchorjoin	AVAIL
baypalette	AVAIL
ledgernorth	TAKEN
currentrelay	TAKEN
emberweight	AVAIL
arcrecord	TAKEN
haventrue	TAKEN
guardflow	TAKEN
vigilfeed	AVAIL
landingboost	TAKEN
sensorcarbon	AVAIL
indexcorpus	TAKEN
paneltrigger	AVAIL
helmemblem	AVAIL
shieldlaunch	TAKEN
beaconmerge	AVAIL
looptreasury	AVAIL
braidlading	AVAIL
trackservo	AVAIL
arcapprove	AVAIL
basindrive	AVAIL
charterlink	TAKEN
waveflow	TAKEN
lensactuate	AVAIL
towerstream	TAKEN
pathkindle	AVAIL
capemontage	AVAIL
landinghaul	AVAIL
chartrampart	AVAIL
pulserelay	TAKEN
trussfeed	AVAIL
driftcharge	TAKEN
spinesift	AVAIL
portprobe	TAKEN
scopetune	AVAIL
havenspan	TAKEN
threadcohort	AVAIL
spinesurge	AVAIL
beaconrenew	AVAIL
portkilowatt	AVAIL
charterbadge	AVAIL
depotmerge	AVAIL
channelvault	TAKEN
lookoutaudit	TAKEN
briefkeen	AVAIL
helmapprove	AVAIL
benchactuate	AVAIL
railground	AVAIL
quaycharge	TAKEN
circuitbind	AVAIL
gridtier	TAKEN
graphmoor	AVAIL
wardensharp	AVAIL
railweight	TAKEN
enginepatch	TAKEN
anchormint	TAKEN
kindlebind	AVAIL
layerassign	AVAIL
havenmint	TAKEN
deltasolid	TAKEN
pulsesurge	TAKEN
signaldrive	TAKEN
ampember	AVAIL
surveyscale	TAKEN
tidefuse	AVAIL
stackrenew	TAKEN
wharfsteady	AVAIL
almanacreel	AVAIL
basincrisp	AVAIL
orbitplot	TAKEN
wavetrim	TAKEN
railspayout	AVAIL
threadcolumn	AVAIL
sealkeen	AVAIL
peakmoor	TAKEN
trackmetric	TAKEN
tidequiet	AVAIL
workscorpus	AVAIL
reactorprime	AVAIL
atlasrenew	TAKEN
vigilsort	AVAIL
deskstudio	TAKEN
gatecast	TAKEN
probedosage	AVAIL
trailboost	TAKEN
ampvector	TAKEN
tidecadence	AVAIL
atlastransit	TAKEN
recordproof	TAKEN
radaranchor	AVAIL
trackthermal	AVAIL
spanpair	AVAIL
dialtrust	TAKEN
sensorlidar	TAKEN
peakfleet	TAKEN
docktreasury	AVAIL
weaveboost	AVAIL
atlasclean	TAKEN
lookoutboost	AVAIL
depotsolar	TAKEN
threadopen	TAKEN
sonarguard	TAKEN
threadtrue	AVAIL
rostercrisp	AVAIL
prismtrue	TAKEN
routeground	AVAIL
traildataset	AVAIL
framecontext	TAKEN
lanecrisp	AVAIL
gaugeclean	TAKEN
atlastender	TAKEN
relayhaul	TAKEN
relayapprove	AVAIL
layercohort	AVAIL
pathlading	AVAIL
torchember	AVAIL
arcfreight	TAKEN
presstune	TAKEN
watchcomply	TAKEN
harborschema	AVAIL
conduitinfer	AVAIL
peakcraft	TAKEN
recordroute	TAKEN
recordmatch	TAKEN
chartweight	AVAIL
framesignet	AVAIL
dialverify	TAKEN
surveyschema	AVAIL
pillarescrow	AVAIL
dialnorth	TAKEN
pathdock	TAKEN
forgeopen	TAKEN
tempoplain	AVAIL
maptrace	TAKEN
dockmoor	TAKEN
spinereckon	AVAIL
spinequeue	AVAIL
quaybedside	AVAIL
reachmoor	TAKEN
quayframe	TAKEN
trunkbuild	TAKEN
trussagent	TAKEN
meshlastmile	AVAIL
railservo	AVAIL
anchorweight	TAKEN
baydepot	TAKEN
keepweight	TAKEN
paneltender	AVAIL
braidlens	TAKEN
quaycast	AVAIL
toweryield	AVAIL
signaltrim	AVAIL
kilnlift	AVAIL
radarbright	AVAIL
temponorth	AVAIL
anchorbeam	TAKEN
meteraudit	TAKEN
meshlidar	AVAIL
sensorquiet	AVAIL
stackharden	TAKEN
pulseinfer	TAKEN
harborkeen	AVAIL
gridstream	TAKEN
panelmandate	AVAIL
docketsteady	AVAIL
dossiersort	AVAIL
indexharden	AVAIL
scopefuel	TAKEN
ridgedock	TAKEN
picketsteady	AVAIL
corecraft	TAKEN
framegantry	AVAIL
vaultkindle	AVAIL
lanterntrace	TAKEN
wardendrive	AVAIL
crestpayout	AVAIL
chartboost	TAKEN
railscompile	AVAIL
vigilscale	TAKEN
capelastmile	AVAIL
sonarsteady	AVAIL
foundrycalm	AVAIL
ridgestudio	TAKEN
dossierforge	TAKEN
fabricbadge	AVAIL
depotsentry	TAKEN
railtrue	AVAIL
worksfuse	AVAIL
circuitindex	TAKEN
anchornorth	TAKEN
gridfuse	TAKEN
loophandoff	AVAIL
signalsteer	TAKEN
ledgertoken	TAKEN
plinthpay	AVAIL
maptrim	AVAIL
threadgate	TAKEN
enginechart	AVAIL
arcswift	TAKEN
lookoutfeed	AVAIL
peakvolt	TAKEN
shieldmerge	AVAIL
beaconsignal	TAKEN
pulsefuse	TAKEN
vaultdrive	TAKEN
picketcomply	AVAIL
charterfeed	TAKEN
almanacsort	AVAIL
covenorth	TAKEN
plinthtender	AVAIL
arclink	TAKEN
studiosort	TAKEN
yardcutlist	AVAIL
meterthermal	AVAIL
relaykeen	AVAIL
kerneltensor	TAKEN
helmlevel	AVAIL
trailsteady	TAKEN
laneschedule	AVAIL
waverelay	TAKEN
coveframe	AVAIL
meterindex	TAKEN
helmsequence	AVAIL
havenampere	AVAIL
signalshield	TAKEN
presscommit	TAKEN
sentryflow	TAKEN
basindepot	TAKEN
boardcrisp	AVAIL
sensorjoin	AVAIL
meterdebit	AVAIL
arckilowatt	AVAIL
trackemblem	AVAIL
streamschema	AVAIL
atlasjoin	TAKEN
mapescalate	AVAIL
routefeed	TAKEN
dialbrisk	AVAIL
pulsegauge	TAKEN
gaterelease	AVAIL
railcovenant	AVAIL
channelplain	TAKEN
trunkqueue	AVAIL
graphgauge	TAKEN
torchagent	TAKEN
rostercorpus	AVAIL
rostertoken	AVAIL
enginemesh	TAKEN
pressrelease	TAKEN
layercompile	AVAIL
looptier	TAKEN
conduitsort	AVAIL
arcpassport	AVAIL
currentdebit	TAKEN
meshflow	TAKEN
spanpilot	TAKEN
benchlading	AVAIL
rosterprobe	AVAIL
arcregistry	TAKEN
mapinvoice	TAKEN
bridgeguard	TAKEN
anchormoor	TAKEN
sensorclear	AVAIL
pathconsign	AVAIL
basinampere	AVAIL
sensorcell	TAKEN
briefbedside	AVAIL
deskframe	TAKEN
vigilident	AVAIL
helmvector	AVAIL
plinthcipher	AVAIL
prismkeen	TAKEN
trunkclaim	AVAIL
sentryjoin	AVAIL
reachbastion	AVAIL
conduitplain	AVAIL
picketbind	AVAIL
spancoin	TAKEN
ridgecraft	TAKEN
atlasdeploy	TAKEN
basinforge	AVAIL
ridgeswift	TAKEN
routetransit	AVAIL
plinthpatrol	AVAIL
depotcraft	TAKEN
reactorsurge	AVAIL
dossierquiet	AVAIL
tidelading	AVAIL
atlastoken	TAKEN
keepdock	TAKEN
codexproof	TAKEN
shieldpair	AVAIL
spanconsent	AVAIL
plinthfuse	AVAIL
dialcareteam	AVAIL
surveylaunch	TAKEN
corerampart	AVAIL
gaugeguard	TAKEN
lensproof	TAKEN
recordcohort	AVAIL
summitharden	AVAIL
probekeen	AVAIL
loomspan	TAKEN
basefuel	TAKEN
gridjoin	TAKEN
ridgedraft	AVAIL
bayharden	AVAIL
deltacharge	TAKEN
dockbeam	TAKEN
trailmatch	TAKEN
crestfloat	AVAIL
keepdrive	TAKEN
forgecipher	TAKEN
briefmerge	AVAIL
signalfacet	TAKEN
probecredit	AVAIL
sealbind	TAKEN
recordpair	AVAIL
loopfreight	TAKEN
wardenmatch	AVAIL
bridgetrack	TAKEN
meshpipeline	TAKEN
probesort	AVAIL
basesteer	AVAIL
pathquiet	TAKEN
towerindex	TAKEN
spanfiling	AVAIL
railsharp	AVAIL
coveclear	TAKEN
coresift	TAKEN
metercadence	AVAIL
pathprobe	TAKEN
switchpair	TAKEN
trunkroute	TAKEN
gaugesynapse	AVAIL
basefeed	TAKEN
indexsolar	TAKEN
deskdosage	AVAIL
worksbeam	AVAIL
vaultcolumn	AVAIL
latticebrisk	AVAIL
manifestkeen	AVAIL
yardtier	AVAIL
kilnlevel	AVAIL
trunkmoor	AVAIL
anvilweight	AVAIL
surveyanchor	TAKEN
conduitbuild	AVAIL
routenorth	TAKEN
maptrigger	TAKEN
flarethermal	AVAIL
deskmoor	AVAIL
pulsetrigger	TAKEN
wharfwarden	AVAIL
graphforge	TAKEN
kilnpalette	AVAIL
meshlevel	AVAIL
wardenbind	AVAIL
deskclean	TAKEN
lenstreasury	AVAIL
foundrytempo	AVAIL
probepayout	AVAIL
fabrictrim	TAKEN
baycarbon	TAKEN
emberstream	TAKEN
basetrack	TAKEN
manifestfuel	TAKEN
weavepallet	AVAIL
kerneltrack	TAKEN
channelclaim	TAKEN
bridgevolt	TAKEN
latticeproof	TAKEN
havenservo	AVAIL
trunkrampart	AVAIL
dossierdock	TAKEN
railpatch	TAKEN
towertier	AVAIL
briefremit	AVAIL
vigiltier	AVAIL
pulseprime	TAKEN
foundrysharp	AVAIL
enginevolt	TAKEN
coveweave	TAKEN
folioassign	AVAIL
relaybeam	TAKEN
gateapprove	AVAIL
lanecanvas	AVAIL
spanverify	AVAIL
weaveplot	AVAIL
corefuel	TAKEN
lanternraise	TAKEN
torchsynapse	AVAIL
brieftoken	AVAIL
covesort	AVAIL
basinbind	AVAIL
anviltier	TAKEN
channelchart	TAKEN
radarbeam	TAKEN
torchcognate	AVAIL
ampinfer	TAKEN
torchquiet	AVAIL
dialkindle	AVAIL
quaysentry	AVAIL
gridemission	AVAIL
pillarfeed	TAKEN
engineflow	TAKEN
trunkcobot	AVAIL
ridgemoor	TAKEN
basinswift	AVAIL
arcsync	TAKEN
capeshift	AVAIL
currentdraft	TAKEN
vigiltrim	AVAIL
loopinvoice	TAKEN
docketalign	AVAIL
enginecraft	TAKEN
workshopbeam	AVAIL
fabricbeam	AVAIL
helmhandoff	AVAIL
dialtempo	TAKEN
threadswift	TAKEN
reachsolar	TAKEN
sparktune	TAKEN
sonarquiet	AVAIL
wharfconsign	AVAIL
docketescrow	AVAIL
desksurge	TAKEN
sonarvolt	AVAIL
docketqueue	AVAIL
briefstatute	AVAIL
maptempo	AVAIL
studioreason	TAKEN
ampcarbon	TAKEN
lookoutcalm	AVAIL
basebranch	TAKEN
forgecontext	TAKEN
channeldrive	TAKEN
spinevault	TAKEN
recordkeen	AVAIL
layerweave	TAKEN
bridgeseal	TAKEN
coreship	TAKEN
corecargo	TAKEN
trailcharge	TAKEN
stacklading	AVAIL
ridgehaul	TAKEN
wavedispatch	TAKEN
prismpay	TAKEN
loomcalm	TAKEN
foliotier	AVAIL
mapscan	TAKEN
vaultquiet	AVAIL
spantransit	AVAIL
docketanchor	AVAIL
looplens	TAKEN
covepayload	AVAIL
watchtune	TAKEN
radarfacet	AVAIL
compasspilot	TAKEN
driftdataset	AVAIL
harbordeploy	AVAIL
scopeinfer	AVAIL
landingflow	TAKEN
relaypilot	TAKEN
ridgeguard	TAKEN
sonarsound	TAKEN
indexrenew	AVAIL
keepremit	AVAIL
spansort	AVAIL
vigiltrue	AVAIL
streampair	TAKEN
ridgetrim	AVAIL
switchsignal	TAKEN
channelpay	TAKEN
channeltune	TAKEN
loomtrue	AVAIL
yardshift	TAKEN
gridfiling	AVAIL
maptoken	TAKEN
dialemblem	AVAIL
capegantry	AVAIL
panelweave	AVAIL
metersentry	TAKEN
fabricremit	AVAIL
keepfirst	TAKEN
keepsentinel	TAKEN
tempocargo	TAKEN
meshclear	TAKEN
meshapprove	AVAIL
rosterdraft	TAKEN
crestledger	TAKEN
yardfloat	AVAIL
trusstensor	AVAIL
guardkeen	AVAIL
watchwarrant	TAKEN
trussrelay	AVAIL
summitclinic	TAKEN
conduitgate	AVAIL
brieflaunch	TAKEN
havencalm	TAKEN
surveylift	TAKEN
ledgerpilot	TAKEN
wardenship	TAKEN
reactordrive	AVAIL
helmtrue	AVAIL
millmerge	AVAIL
patrolship	TAKEN
pulsebiomass	AVAIL
lensfleet	TAKEN
covealign	AVAIL
recordattest	AVAIL
tempomontage	AVAIL
sonarsteer	AVAIL
weavepayer	AVAIL
railskinetic	AVAIL
kernelemblem	AVAIL
workscognate	AVAIL
enginebeam	TAKEN
switchfeed	TAKEN
anchortier	AVAIL
gaugebiomass	AVAIL
lenscolumn	AVAIL
indexclean	AVAIL
sentryplot	AVAIL
compassfuel	TAKEN
basestream	TAKEN
sonarsharp	AVAIL
benchgauge	TAKEN
kilnpilot	TAKEN
railemblem	AVAIL
indexoffset	TAKEN
reachconsign	AVAIL
quaybiomass	AVAIL
sonardebit	AVAIL
gaugeswift	TAKEN
pulseswift	TAKEN
compassmerge	AVAIL
covepatrol	AVAIL
railskindle	AVAIL
reachfreight	TAKEN
docketsignal	TAKEN
tracksurge	TAKEN
docksift	AVAIL
panelhaul	AVAIL
benchreason	AVAIL
benchtempo	AVAIL
enginelift	TAKEN
railjoin	AVAIL
relaydosage	AVAIL
studiomoor	TAKEN
channelservo	AVAIL
foundrycoin	TAKEN
maplevel	TAKEN
channelboost	TAKEN
deskship	TAKEN
boardconsent	TAKEN
railpipeline	TAKEN
conduitspan	AVAIL
coveplot	AVAIL
bridgeagent	TAKEN
flowtreasury	TAKEN
plinthpallet	AVAIL
rostergate	TAKEN
vigilchart	AVAIL
vaultmatch	TAKEN
sonaranchor	AVAIL
conduitclear	AVAIL
bridgescan	TAKEN
havenmerge	TAKEN
voltemission	AVAIL
railprime	TAKEN
pillarhaul	AVAIL
harbormetric	TAKEN
railscognate	AVAIL
studioinfer	TAKEN
railspilot	TAKEN
dossierlevel	AVAIL
driftinvoice	TAKEN
benchquiet	AVAIL
scopedraft	TAKEN
lanternguard	TAKEN
baseboost	TAKEN
cadenceplain	AVAIL
mapledger	TAKEN
probesync	TAKEN
meshcalm	AVAIL
covemint	TAKEN
towerpayload	AVAIL
radarmerge	AVAIL
graphsynapse	AVAIL
weavecolumn	AVAIL
mapcast	TAKEN
briefpair	AVAIL
covetransit	AVAIL
threadchart	TAKEN
codexquiet	AVAIL
meshinbound	AVAIL
mapverify	TAKEN
ampnorth	TAKEN
turbineflow	TAKEN
waveapprove	AVAIL
trussinvoice	AVAIL
studiotrack	TAKEN
graphtier	TAKEN
meterscan	TAKEN
crestcitadel	AVAIL
chartspatial	AVAIL
bridgeship	TAKEN
scopeinvoice	TAKEN
signalampere	AVAIL
frameclear	TAKEN
corepassport	TAKEN
meshcredit	TAKEN
currentqueue	AVAIL
engineclaim	AVAIL
fabricgantry	AVAIL
conduitaudit	AVAIL
baysift	AVAIL
vaultpicket	AVAIL
millstudio	TAKEN
watchcipher	TAKEN
metersteady	AVAIL
helmpay	TAKEN
sonarescrow	AVAIL
boardpayer	AVAIL
portvault	TAKEN
dossierindex	AVAIL
picketkindle	AVAIL
loopmerge	TAKEN
flaremodel	TAKEN
stackwarden	TAKEN
basinpayload	AVAIL
sparkcontext	TAKEN
threadcargo	AVAIL
gaugesurge	AVAIL
scopewarden	TAKEN
docktrue	AVAIL
streambind	TAKEN
basinshift	TAKEN
dossiercargo	AVAIL
arcpipeline	TAKEN
rosterlink	TAKEN
pulsetrust	TAKEN
prismhydro	TAKEN
meterguard	TAKEN
helmplot	AVAIL
baybeam	TAKEN
kindlebrisk	AVAIL
railsgauge	AVAIL
reachember	TAKEN
sentryfirst	TAKEN
wavefuel	TAKEN
wardencraft	TAKEN
deskstatute	AVAIL
cadencequeue	AVAIL
vigilmoor	AVAIL
codexqueue	AVAIL
signalcharge	TAKEN
keeprenew	AVAIL
summitrender	TAKEN
portscan	TAKEN
dynamolink	TAKEN
beacontensor	AVAIL
chartertrust	TAKEN
chartlaunch	TAKEN
sentryalign	TAKEN
sonarwarrant	AVAIL
compassdepot	TAKEN
spanschema	AVAIL
kerneloffset	AVAIL
driftrelay	TAKEN
tempolink	TAKEN
trailgauge	TAKEN
trussmodel	TAKEN
vigilclear	AVAIL
havenpayload	AVAIL
spinedock	TAKEN
towerbastion	AVAIL
threadprobe	AVAIL
codexintake	AVAIL
arcsteer	TAKEN
yardclear	TAKEN
covetier	TAKEN
kernelsolid	AVAIL
flaremoor	TAKEN
benchbedside	AVAIL
lanesync	TAKEN
helmpolicy	AVAIL
vaultagent	TAKEN
forgemandate	AVAIL
havensolid	TAKEN
signalcast	TAKEN
spinebiomass	AVAIL
probeconsent	AVAIL
ridgeoffset	AVAIL
forgemerge	TAKEN
towertransit	TAKEN
keeplastmile	AVAIL
indexclinic	TAKEN
portregister	TAKEN
railbuild	TAKEN
kernelagent	TAKEN
flowquiet	TAKEN
tidecraft	TAKEN
boardrelease	TAKEN
summitdock	TAKEN
helmrollback	AVAIL
layerprism	TAKEN
channelprism	TAKEN
gaugecell	AVAIL
studiodepth	TAKEN
kindlescan	AVAIL
sentryrank	TAKEN
trailsurge	TAKEN
routecraft	TAKEN
looplift	TAKEN
wardenlink	TAKEN
covesettle	AVAIL
streamfacet	AVAIL
sonarspark	TAKEN
fabricrelay	TAKEN
lensattest	AVAIL
recordident	AVAIL
bridgecommit	TAKEN
scopesort	AVAIL
braidhaul	AVAIL
beaconlaunch	TAKEN
anvilcanvas	AVAIL
tracetoken	TAKEN
beaconsettle	AVAIL
tempocoin	TAKEN
bridgeboost	TAKEN
indexsynapse	AVAIL
codexscan	TAKEN
channeltrace	TAKEN
brieflading	AVAIL
gridpayout	TAKEN
railsjoin	AVAIL
maplaunch	TAKEN
basinservo	AVAIL
mapcomply	AVAIL
metercognate	AVAIL
reachlift	TAKEN
routelift	TAKEN
dockcalm	TAKEN
engineindex	TAKEN
atlasvector	TAKEN
braidcanvas	AVAIL
pulseattest	TAKEN
railgrid	TAKEN
foundrycell	AVAIL
prismsynapse	AVAIL
compassinfer	AVAIL
driftreel	TAKEN
peakreel	TAKEN
kernelsift	AVAIL
trussattest	AVAIL
atlaspayout	AVAIL
trunkfeed	AVAIL
dockcharge	TAKEN
stackconsent	AVAIL
flarenorth	AVAIL
sentrysound	AVAIL
landingopen	AVAIL
graphdebit	AVAIL
fabriclink	TAKEN
wavecanvas	TAKEN
registerbeam	AVAIL
deskrelay	TAKEN
stackagent	TAKEN
spinealign	TAKEN
trailscan	TAKEN
quaytreasury	AVAIL
braidstaging	TAKEN
fabricguard	TAKEN
helmreason	AVAIL
panelclean	TAKEN
trailfuel	TAKEN
dockrollback	AVAIL
deltadebit	AVAIL
watchfuse	TAKEN
flowsurge	TAKEN
enginedock	TAKEN
docketrender	AVAIL
layernorth	TAKEN
sparkpilot	TAKEN
graphcomply	AVAIL
orbitlevel	TAKEN
harborweight	AVAIL
meterfleet	AVAIL
ledgerscan	TAKEN
keepcolumn	AVAIL
ridgepay	TAKEN
meterprime	AVAIL
codexkeen	AVAIL
graphcredit	TAKEN
forgegantry	AVAIL
mapmesh	TAKEN
layeremblem	AVAIL
arcwarehouse	TAKEN
dockclear	TAKEN
graphtoken	TAKEN
beaconvolt	TAKEN
trusspicket	AVAIL
spinecolumn	AVAIL
covesurge	AVAIL
stackfuel	TAKEN
lenscohort	AVAIL
wharfshield	AVAIL
spanmetric	TAKEN
tracesolar	TAKEN
worksguard	TAKEN
signalhydro	AVAIL
arclevel	TAKEN
graphmandate	TAKEN
benchsignet	AVAIL
briefcraft	TAKEN
surveyharden	AVAIL
trunkstatute	AVAIL
tracefiling	AVAIL
baypallet	AVAIL
trusskeen	AVAIL
keeptrack	TAKEN
currentprism	AVAIL
rostersift	AVAIL
studioshift	TAKEN
sealscan	TAKEN
meterclinic	AVAIL
tidedrive	TAKEN
beacontier	AVAIL
vaultalign	TAKEN
wavelastmile	AVAIL
compassqueue	AVAIL
boardship	TAKEN
helmpipeline	AVAIL
threadnorth	TAKEN
loopgate	TAKEN
railcraft	TAKEN
sealsteer	AVAIL
studiofleet	TAKEN
reachactuate	AVAIL
foliorender	AVAIL
reachsync	TAKEN
fabrictoken	TAKEN
kernelfacet	AVAIL
keepjoin	AVAIL
voltsort	AVAIL
coreprobe	TAKEN
foliolading	AVAIL
trussescrow	AVAIL
portmetric	TAKEN
basinvault	TAKEN
sonarbright	AVAIL
baycobot	AVAIL
panelcutlist	AVAIL
anchorfuse	TAKEN
patrolsound	AVAIL
railstrigger	AVAIL
latticesharp	AVAIL
chartcoin	TAKEN
panelcomply	AVAIL
streamboost	TAKEN
railsoffset	AVAIL
beaconcarbon	AVAIL
radarbadge	AVAIL
weavenorth	AVAIL
dockcipher	TAKEN
pathlink	TAKEN
caperenew	AVAIL
ledgertensor	TAKEN
spanescrow	TAKEN
loomcrisp	AVAIL
bayintake	AVAIL
driftcargo	TAKEN
turbinesync	AVAIL
briefcrisp	AVAIL
mapampere	AVAIL
surveycoin	TAKEN
portroute	TAKEN
boardraise	TAKEN
lenskilowatt	AVAIL
railweave	TAKEN
sparkthermal	TAKEN
chartsound	TAKEN
kernelrelay	TAKEN
vaultverify	TAKEN
peakbiomass	AVAIL
flowqueue	TAKEN
rostersync	TAKEN
boardjoin	TAKEN
forgetrust	TAKEN
charterflow	TAKEN
tempotrim	AVAIL
voltsteer	AVAIL
folioclinic	AVAIL
reactorsharp	AVAIL
latticebuild	TAKEN
shieldsound	TAKEN
havenpatrol	AVAIL
stackturbine	AVAIL
harborsort	AVAIL
indextoken	TAKEN
depothaul	AVAIL
voltmerge	TAKEN
radarchart	TAKEN
tempolading	AVAIL
enginesync	TAKEN
fabricsound	TAKEN
rosterspark	TAKEN
dialinfer	AVAIL
pathcargo	TAKEN
docketmatch	TAKEN
railclean	TAKEN
charterproof	TAKEN
railslidar	AVAIL
trunkinvoice	AVAIL
almanacmoor	AVAIL
towerqueue	AVAIL
deltacarbon	TAKEN
gaugesignet	AVAIL
orbitclinic	TAKEN
surveyember	AVAIL
spinelens	AVAIL
gatelidar	AVAIL
kindleraise	TAKEN
pathtrigger	AVAIL
braidlift	AVAIL
graphpayload	AVAIL
railsagent	TAKEN
arcparallax	AVAIL
meterscale	TAKEN
voltbeam	TAKEN
radartrack	TAKEN
havenpair	AVAIL
baybright	TAKEN
framealign	TAKEN
charterfacet	AVAIL
engineweight	TAKEN
ledgerstudio	TAKEN
guardwarrant	TAKEN
covetriage	AVAIL
sonarprime	TAKEN
keepaudit	TAKEN
graphmerge	AVAIL
worksinfer	AVAIL
braidfloat	AVAIL
gridbadge	AVAIL
amptrace	TAKEN
relayclean	TAKEN
foundryspan	AVAIL
pressbeam	TAKEN
workshopfuse	AVAIL
frameconsent	AVAIL
surveyemblem	AVAIL
sensorsteer	AVAIL
orbitprism	TAKEN
threadlevel	TAKEN
atlasoffset	AVAIL
tempotender	AVAIL
corerollback	AVAIL
portreckon	TAKEN
loomsound	AVAIL
portparallax	AVAIL
deltabind	TAKEN
flareweight	AVAIL
vigilswift	TAKEN
driftkindle	AVAIL
loomplot	AVAIL
layercharter	AVAIL
flarelaunch	TAKEN
channelcoin	TAKEN
meshcontext	TAKEN
trunkopen	AVAIL
railspicket	AVAIL
railsquiet	AVAIL
pathroute	TAKEN
registerflow	TAKEN
spinesync	TAKEN
gaugerank	TAKEN
pathbeam	TAKEN
tidepayer	AVAIL
ridgecipher	AVAIL
trunksignal	AVAIL
reachstudio	TAKEN
fabricqueue	AVAIL
pillarprompt	AVAIL
kilncobot	AVAIL
sonarweight	AVAIL
stackfleet	TAKEN
boardreel	TAKEN
basinlink	TAKEN
railscoin	TAKEN
probeservo	AVAIL
bridgefacet	AVAIL
dialprobe	AVAIL
threadpair	TAKEN
docketmetric	AVAIL
weavehandoff	AVAIL
gatestaging	AVAIL
braidtriage	AVAIL
ateliersteer	AVAIL
kindlefeed	TAKEN
spantender	AVAIL
coresignet	AVAIL
summitclean	TAKEN
dockruntime	AVAIL
vaultbastion	TAKEN
trunkcompile	AVAIL
sealconsent	AVAIL
trussembed	AVAIL
trunkwarrant	AVAIL
portproof	TAKEN
arctrigger	AVAIL
surveyreason	AVAIL
rostersteady	AVAIL
ridgestream	TAKEN
keepboost	TAKEN
vigiltrust	TAKEN
spinesignet	AVAIL
harborident	AVAIL
graphfuel	TAKEN
vaultfacet	AVAIL
sonarfleet	TAKEN
loopcorpus	AVAIL
engineprompt	TAKEN
meshsettle	AVAIL
kindleground	AVAIL
relaytrigger	TAKEN
prismstatute	AVAIL
braidapprove	AVAIL
orbitescrow	AVAIL
gateartifact	AVAIL
conduitsync	TAKEN
foliorelease	AVAIL
sonarvitals	AVAIL
harborledger	TAKEN
quaytransit	AVAIL
corecorpus	TAKEN
railclear	TAKEN
loomscale	TAKEN
channeldraft	AVAIL
ridgewarden	AVAIL
crestkeen	AVAIL
pathlens	TAKEN
tidestaging	AVAIL
sensorguard	TAKEN
pulsereason	AVAIL
turbineagent	TAKEN
towerdrive	TAKEN
atlasboost	TAKEN
sentrycast	TAKEN
depotsync	TAKEN
sparkmoor	TAKEN
forgemetric	TAKEN
vaultfuel	TAKEN
foliofleet	TAKEN
helmgauge	TAKEN
fabricbranch	AVAIL
emberlevel	AVAIL
baysteer	AVAIL
loomspark	TAKEN
arcreckon	AVAIL
codexinbound	AVAIL
kernelbranch	AVAIL
metertune	AVAIL
panelquiet	AVAIL
wavesync	TAKEN
kilntensor	AVAIL
signalcohort	AVAIL
millinfer	AVAIL
voltagent	TAKEN
mapreason	AVAIL
harborhydro	AVAIL
baseartifact	AVAIL
guardmerge	TAKEN
baybrisk	AVAIL
conduitembed	AVAIL
embercast	TAKEN
atlasrelay	TAKEN
forgesolar	TAKEN
basecraft	TAKEN
stackcobot	AVAIL
sensorsort	AVAIL
vaultconsent	TAKEN
baseagent	TAKEN
portcognate	AVAIL
surveyvault	TAKEN
helmframe	AVAIL
railthermal	AVAIL
surveyraise	AVAIL
lensplot	AVAIL
deltacobot	AVAIL
watchmerge	AVAIL
patrolsurge	AVAIL
guardfirst	TAKEN
traceclean	TAKEN
quaysort	AVAIL
meshprime	TAKEN
turbinebeam	AVAIL
weaverender	TAKEN
fabricember	AVAIL
kindlereason	AVAIL
compasspatch	AVAIL
scoperoute	TAKEN
wharfboost	AVAIL
sensoropen	AVAIL
wharfmontage	AVAIL
gatecontrol	TAKEN
deskcharter	AVAIL
benchservo	AVAIL
beaconweave	AVAIL
reachclean	TAKEN
pillargauge	AVAIL
compasscraft	TAKEN
harborprime	TAKEN
trailmint	TAKEN
radarident	AVAIL
wardenraise	AVAIL
radarbedside	AVAIL
rosterindex	AVAIL
vaultsurge	TAKEN
towercomply	AVAIL
driftscale	TAKEN
quayanchor	AVAIL
lanterncrisp	AVAIL
vigilcrisp	AVAIL
radarforge	TAKEN
beaconsolar	TAKEN
foliofirst	TAKEN
crestbiomass	AVAIL
pulseclean	TAKEN
rostercast	TAKEN
dockmandate	AVAIL
rosterbuild	TAKEN
spanschedule	AVAIL
basinrenew	AVAIL
frameharden	AVAIL
foundryremit	AVAIL
scopelevel	TAKEN
arcgantry	AVAIL
benchagent	TAKEN
traceintake	AVAIL
vaultsharp	TAKEN
probereckon	AVAIL
atlasopen	TAKEN
kindlefuel	AVAIL
panelyield	AVAIL
layerpair	AVAIL
sealsort	AVAIL
weavetriage	AVAIL
weavepair	AVAIL
trussproof	AVAIL
orbitcast	TAKEN
threadrelay	TAKEN
trailprime	TAKEN
codexplain	TAKEN
looptrim	AVAIL
spinedrive	TAKEN
studiofuse	TAKEN
coresurge	TAKEN
portescalate	AVAIL
turbinekeen	AVAIL
scopecadence	AVAIL
surveyfloat	AVAIL
dynamotrace	AVAIL
flowyield	TAKEN
weavesettle	TAKEN
tracefloat	AVAIL
beaconindex	TAKEN
spinenorth	TAKEN
lenstoken	TAKEN
surveyrank	TAKEN
probefleet	AVAIL
layerbind	AVAIL
benchrecord	TAKEN
briefplain	AVAIL
loomdrive	TAKEN
harborpatrol	TAKEN
switchmerge	TAKEN
radarweight	AVAIL
vigilstream	TAKEN
loomshift	TAKEN
gatebadge	AVAIL
gridkeystone	AVAIL
millboost	AVAIL
voltjoin	TAKEN
indexstatute	AVAIL
harborcalm	TAKEN
weaveclear	AVAIL
anvilanchor	TAKEN
meshcompile	AVAIL
dockdataset	AVAIL
sentrysteady	AVAIL
spinecontrol	TAKEN
ampclear	TAKEN
yardpay	TAKEN
benchlevel	AVAIL
flaretensor	AVAIL
signalaudit	TAKEN
capeclean	TAKEN
tidespan	TAKEN
pulsevolt	TAKEN
relaybuild	TAKEN
driftfloat	TAKEN
spinegantry	AVAIL
latticealign	AVAIL
rostertriage	AVAIL
probefeed	AVAIL
trackinvoice	TAKEN
loomvector	AVAIL
indexplot	AVAIL
briefjoin	AVAIL
tidedispatch	AVAIL
coveinbound	AVAIL
watchjoin	AVAIL
dockclaim	TAKEN
meterbright	TAKEN
laneforge	TAKEN
pillartempo	AVAIL
harborfuse	AVAIL
worksaudit	AVAIL
layercell	TAKEN
yardpilot	TAKEN
forgesync	TAKEN
latticefloat	AVAIL
signalcipher	TAKEN
summitcarbon	TAKEN
probemerge	AVAIL
spanvector	TAKEN
railassign	AVAIL
dialvolt	AVAIL
arcescalate	AVAIL
lanternclean	AVAIL
workspallet	AVAIL
radarservo	AVAIL
orbitstudio	TAKEN
coreraise	TAKEN
keepcredit	TAKEN
boardseal	TAKEN
relaycoin	TAKEN
chartquiet	AVAIL
portartifact	AVAIL
lensguard	TAKEN
loopquiet	TAKEN
foundryraise	AVAIL
beaconmodel	TAKEN
lanterncast	TAKEN
trailinbound	AVAIL
spanclean	TAKEN
pathescalate	AVAIL
pathmetric	TAKEN
coveoffset	AVAIL
metercredit	TAKEN
fabricsort	AVAIL
gateplain	AVAIL
relaymoor	AVAIL
atelierbuild	TAKEN
radarcharter	AVAIL
loopgauge	TAKEN
vaultgantry	AVAIL
arcagent	TAKEN
trunkdepot	TAKEN
prismdosage	AVAIL
temporender	AVAIL
docketmerge	AVAIL
loomparallax	AVAIL
currenthaul	AVAIL
chartclean	AVAIL
tempofeed	TAKEN
almanaclift	AVAIL
docksentinel	TAKEN
emberopen	AVAIL
dockbedside	AVAIL
tracevitals	TAKEN
foundryboost	AVAIL
studiogate	TAKEN
pulsebeam	TAKEN
cadencehaul	TAKEN
fabricembed	AVAIL
forgemontage	AVAIL
channeltrue	AVAIL
sealtier	AVAIL
indexfuel	TAKEN
signalfuse	TAKEN
panelsort	TAKEN
capedebit	AVAIL
quaycitadel	AVAIL
pillarseal	AVAIL
pulsevault	TAKEN
studiosteady	TAKEN
havenintake	AVAIL
atlasanchor	TAKEN
tideapprove	AVAIL
kernelpatch	TAKEN
pressfleet	TAKEN
sensorsharp	AVAIL
atlaspatrol	TAKEN
meshsequence	AVAIL
watchweave	TAKEN
studiosurge	TAKEN
portprime	TAKEN
cadencepayer	AVAIL
channelpilot	TAKEN
recordclaim	AVAIL
kilnsort	AVAIL
radarspan	AVAIL
ledgeralign	AVAIL
mapsentinel	TAKEN
bridgeampere	AVAIL
anvilkeen	AVAIL
forgeconsent	AVAIL
ledgerpatch	TAKEN
codexsync	TAKEN
summitplain	TAKEN
orbitsurge	TAKEN
sensorident	AVAIL
chartertrim	AVAIL
sonarkeen	AVAIL
sensormodel	TAKEN
surveysignet	AVAIL
keepconsent	AVAIL
railprobe	AVAIL
streamcalm	TAKEN
lookoutnorth	TAKEN
chartpolicy	TAKEN
probethermal	AVAIL
docklading	AVAIL
flaregate	TAKEN
radarvector	TAKEN
worksmodel	AVAIL
atlasbrisk	AVAIL
gridtrim	TAKEN
quaycarbon	AVAIL
layerconsign	AVAIL
beaconpilot	TAKEN
kindlescale	AVAIL
sonarforge	TAKEN
helmverify	AVAIL
framekeen	AVAIL
tempocanvas	TAKEN
sonarcarbon	AVAIL
reachcohort	AVAIL
plinthagent	AVAIL
deltainvoice	AVAIL
beaconswift	AVAIL
keepvector	TAKEN
gridcargo	TAKEN
foundrydebit	AVAIL
panelfuse	AVAIL
indexcipher	TAKEN
towersync	TAKEN
dossieraudit	AVAIL
panelpatch	AVAIL
waverollback	AVAIL
cadencesteer	AVAIL
dialseal	AVAIL
signalbadge	AVAIL
rostermint	TAKEN
foliospan	TAKEN
rostersettle	AVAIL
mapbedside	AVAIL
indexbright	AVAIL
forgevector	TAKEN
scopeclear	TAKEN
flowcorpus	TAKEN
metercharter	AVAIL
landingjoin	AVAIL
gatemodel	TAKEN
meshbind	TAKEN
keeptensor	AVAIL
havenfleet	TAKEN
railsyield	AVAIL
foliotune	TAKEN
conduitlidar	AVAIL
driftconsign	AVAIL
compassremit	AVAIL
lanterntier	AVAIL
fabrictrack	TAKEN
sensortrim	AVAIL
pulsepay	TAKEN
corevector	TAKEN
braidvitals	AVAIL
indexcobot	AVAIL
prismremit	AVAIL
railsrelay	AVAIL
panelbind	AVAIL
trusslaunch	AVAIL
scopeledger	TAKEN
recordspark	TAKEN
vaultcomply	TAKEN
layersurge	TAKEN
trunkdataset	AVAIL
sentrycraft	TAKEN
basinrank	AVAIL
meshpatrol	AVAIL
spinetrim	AVAIL
reachclinic	TAKEN
lanelevel	AVAIL
keepembed	AVAIL
baytreasury	AVAIL
streamsound	TAKEN
railspan	TAKEN
stackclear	TAKEN
harborclean	TAKEN
chartmerge	TAKEN
metertoken	TAKEN
ledgertrue	TAKEN
boardassign	AVAIL
signalsharp	TAKEN
towerhaul	AVAIL
turbinescan	TAKEN
arcjoin	TAKEN
trackpayer	AVAIL
sensorchart	TAKEN
chartwarrant	AVAIL
dossiergauge	AVAIL
gridtrue	TAKEN
indexscale	TAKEN
vigilfirst	AVAIL
surveywarden	AVAIL
gridcontext	TAKEN
paneldrive	TAKEN
threadquiet	AVAIL
shieldfuel	TAKEN
panelframe	TAKEN
sonarproof	AVAIL
tempobedside	AVAIL
mapinfer	AVAIL
gatedebit	AVAIL
foliosync	TAKEN
bridgetoken	TAKEN
loopbedside	AVAIL
desktrue	TAKEN
cadencejoin	AVAIL
tidebind	TAKEN
pathrelease	AVAIL
trailalign	AVAIL
prismgantry	AVAIL
switchmetric	TAKEN
recordclean	TAKEN
trailtrace	TAKEN
yardframe	TAKEN
helmground	AVAIL
laneinvoice	AVAIL
docketsort	TAKEN
sensorgrid	TAKEN
anchorsettle	AVAIL
framecipher	TAKEN
vigilmerge	AVAIL
meshyield	TAKEN
boardground	TAKEN
surveymesh	TAKEN
enginedepth	AVAIL
millagent	TAKEN
spinerelay	AVAIL
emberbiomass	TAKEN
routesort	AVAIL
pillarmatch	TAKEN
layerdeploy	AVAIL
lookoutscale	AVAIL
lanternprime	AVAIL
registermint	AVAIL
mapdrive	TAKEN
reachcanvas	TAKEN
dynamoprompt	AVAIL
latticerank	AVAIL
meterfloat	AVAIL
havenbeam	TAKEN
meshwarden	TAKEN
charterclaim	AVAIL
yardlink	TAKEN
lanternfuse	AVAIL
relaysharp	AVAIL
pulsespatial	TAKEN
scopetrue	TAKEN
helmpallet	AVAIL
helmfacet	AVAIL
ledgerfiling	AVAIL
basecadence	AVAIL
capefloat	TAKEN
kilnreel	AVAIL
anchorbuild	TAKEN
graphcarbon	TAKEN
keepgrid	TAKEN
beaconpallet	AVAIL
peakflow	TAKEN
briefvault	TAKEN
circuitbrisk	AVAIL
spinestatute	AVAIL
anvilscale	AVAIL
pillarindex	TAKEN
arcplain	AVAIL
summitlink	TAKEN
deskapprove	AVAIL
layerweight	AVAIL
codexnorth	TAKEN
trailtier	AVAIL
tidefreight	TAKEN
meshseal	AVAIL
radardock	TAKEN
atlashydro	TAKEN
paneltransit	AVAIL
codexbadge	AVAIL
patrolmerge	AVAIL
embersound	TAKEN
emberampere	AVAIL
gaugetrigger	AVAIL
foliocohort	AVAIL
dialpassport	AVAIL
railschart	AVAIL
almanacquiet	AVAIL
workshopflow	TAKEN
towerfuel	TAKEN
summitampere	AVAIL
kernelcast	TAKEN
kilnraise	AVAIL
ridgecohort	AVAIL
conduitboost	AVAIL
laneledger	TAKEN
railscharge	AVAIL
lensopen	TAKEN
loompipeline	AVAIL
desksignet	AVAIL
spinepair	AVAIL
boardplot	AVAIL
depotbrisk	AVAIL
anchorclaim	TAKEN
capepatrol	AVAIL
dockcarbon	AVAIL
bridgeframe	TAKEN
chartyield	TAKEN
yardlastmile	AVAIL
sonartune	AVAIL
studioplot	TAKEN
helmpicket	AVAIL
dossiertrim	AVAIL
wavebranch	TAKEN
railscast	TAKEN
streamlink	TAKEN
latticevolt	AVAIL
summitdosage	AVAIL
quaydraft	AVAIL
scopeintake	AVAIL
gaterenew	AVAIL
plinthoffset	AVAIL
radaragent	TAKEN
pathinbound	AVAIL
lensground	TAKEN
codexfuse	AVAIL
ledgermoor	AVAIL
folioanchor	AVAIL
basecharge	TAKEN
deltabright	TAKEN
keepbastion	AVAIL
waveschedule	AVAIL
gridsync	TAKEN
harborcorpus	AVAIL
millraise	AVAIL
shieldtoken	TAKEN
signaltrue	TAKEN
plinthkeen	AVAIL
stackapprove	TAKEN
keepsynapse	AVAIL
capecraft	TAKEN
railscohort	AVAIL
orbithaul	TAKEN
worksfeed	AVAIL
pillarclear	AVAIL
tidefuel	TAKEN
reachpayout	AVAIL
latticequeue	AVAIL
yardremit	AVAIL
bridgeweave	TAKEN
prismescrow	AVAIL
pillarshift	AVAIL
railsfleet	TAKEN
engineprime	TAKEN
deltatier	TAKEN
rosterdock	TAKEN
peakship	TAKEN
conduitcobot	AVAIL
prismcipher	TAKEN
towerpayout	AVAIL
gaugepicket	AVAIL
kernelclaim	AVAIL
fabricpicket	AVAIL
sealattest	AVAIL
kernelpilot	TAKEN
loomlevel	AVAIL
towercrisp	AVAIL
codextrust	TAKEN
railsremit	AVAIL
plinthrecord	AVAIL
deltasound	TAKEN
forgecrisp	AVAIL
spanoffset	AVAIL
probehandoff	AVAIL
vigildock	AVAIL
dockcontrol	TAKEN
cadencedraft	AVAIL
dossierplot	AVAIL
quaycareteam	AVAIL
beaconsignet	AVAIL
dialmandate	AVAIL
pulseweave	TAKEN
crestinvoice	AVAIL
loomcutlist	AVAIL
capesort	AVAIL
lanesharp	AVAIL
lanemoor	AVAIL
sensorscale	TAKEN
fabricprism	AVAIL
streamfeed	TAKEN
probemoor	AVAIL
frameruntime	AVAIL
orbitlading	AVAIL
millartifact	AVAIL
railcorpus	AVAIL
weavedebit	AVAIL
summitpay	TAKEN
basincanvas	AVAIL
lookoutsync	AVAIL
flarescan	TAKEN
trunkcadence	AVAIL
kilntier	AVAIL
indexfleet	TAKEN
peakswift	TAKEN
trussprobe	AVAIL
stackcomply	TAKEN
portdock	TAKEN
bridgesolid	AVAIL
torchweight	AVAIL
framesynapse	AVAIL
towergrid	TAKEN
loomgate	TAKEN
latticeboost	TAKEN
wavesteer	TAKEN
metertender	AVAIL
routebind	AVAIL
meshraise	AVAIL
peakvitals	TAKEN
braidflow	TAKEN
forgesound	TAKEN
chartlevel	TAKEN
switchjoin	AVAIL
tempomatch	TAKEN
gaugeaudit	AVAIL
wharftune	AVAIL
crestmoor	TAKEN
trunkpayload	AVAIL
routefuel	TAKEN
deskindex	TAKEN
covebright	TAKEN
streamremit	TAKEN
loomframe	TAKEN
keeptoken	TAKEN
driftfreight	TAKEN
probeweight	AVAIL
vaultcarbon	TAKEN
studiochart	TAKEN
havenfeed	TAKEN
trussactuate	AVAIL
spancognate	AVAIL
frameoffset	TAKEN
landingbrisk	AVAIL
worksembed	AVAIL
routepalette	AVAIL
baycoin	TAKEN
keepflow	TAKEN
foundryflow	TAKEN
indexopen	TAKEN
enginedrive	TAKEN
gatecomply	TAKEN
plinthbadge	AVAIL
orbitrelay	TAKEN
studiomerge	TAKEN
gridtensor	TAKEN
foundrytrue	AVAIL
helmlastmile	AVAIL
dialattest	AVAIL
loopvitals	TAKEN
yardpayout	AVAIL
coresolid	TAKEN
dynamobind	AVAIL
beacongate	TAKEN
trunkclean	AVAIL
rosterground	AVAIL
trailapprove	AVAIL
dockmerge	AVAIL
spanlidar	AVAIL
almanacsteer	AVAIL
worksescrow	AVAIL
workshopship	AVAIL
spanspatial	AVAIL
bridgejoin	TAKEN
railsgate	TAKEN
keepsift	TAKEN
mapcolumn	AVAIL
cadencescan	AVAIL
coresteady	TAKEN
presscontext	AVAIL
fabricprime	TAKEN
picketplot	AVAIL
yardsteer	AVAIL
helmspan	TAKEN
prismbiomass	AVAIL
peakpayer	AVAIL
charterbuild	TAKEN
framecobot	AVAIL
orbitsettle	AVAIL
patrolattest	AVAIL
benchconsent	AVAIL
trusscargo	AVAIL
pathopen	TAKEN
trussclear	AVAIL
tempobright	TAKEN
deskfleet	TAKEN
driftplain	TAKEN
spinewarrant	AVAIL
gaugedrive	TAKEN
sonartrace	TAKEN
gaugesync	TAKEN
routedosage	AVAIL
keepcorpus	AVAIL
lookoutmatch	TAKEN
ridgerenew	TAKEN
folioruntime	AVAIL
foliodock	TAKEN
scopetrace	TAKEN
routeintake	AVAIL
millkeen	AVAIL
pulsescan	TAKEN
harborproof	TAKEN
capedispatch	TAKEN
surveycolumn	TAKEN
radaraudit	TAKEN
indexbiomass	TAKEN
beaconclean	TAKEN
worksember	AVAIL
benchmodel	TAKEN
briefground	AVAIL
trackescrow	AVAIL
forgeservo	TAKEN
dockjoin	AVAIL
trailsteer	AVAIL
summitcrisp	AVAIL
layership	TAKEN
threadrank	TAKEN
rosterfeed	TAKEN
meshemblem	AVAIL
kernelbind	AVAIL
surveytrace	AVAIL
dossierpayer	AVAIL
threadcommit	AVAIL
gridclaim	TAKEN
dialsettle	AVAIL
weavesift	AVAIL
weavereel	TAKEN
basinpilot	AVAIL
pathtreasury	AVAIL
forgeassign	AVAIL
panelbright	TAKEN
deltacoin	TAKEN
scopecraft	TAKEN
boardrank	TAKEN
waveopen	TAKEN
orbitschema	AVAIL
peakweave	TAKEN
wavecredit	TAKEN
capepallet	AVAIL
lenspay	TAKEN
forgeinbound	AVAIL
portshield	TAKEN
coreident	TAKEN
almanacroute	AVAIL
indexkeen	AVAIL
quayrenew	AVAIL
bridgehaul	TAKEN
millregistry	AVAIL
latticebeam	AVAIL
pillarflow	TAKEN
vigilsurge	AVAIL
panelattest	AVAIL
circuitnorth	TAKEN
indexfeed	TAKEN
driftstaging	AVAIL
harborpicket	AVAIL
surveycorpus	AVAIL
harbormoor	TAKEN
boardflow	TAKEN
baseturbine	AVAIL
pathweave	TAKEN
weavecanvas	TAKEN
framereason	AVAIL
gridkinetic	TAKEN
gaugefleet	AVAIL
lanternquiet	AVAIL
railstempo	AVAIL
meterlens	TAKEN
meterboost	TAKEN
laneartifact	AVAIL
havensort	TAKEN
docktrim	AVAIL
folioscale	TAKEN
rostersurge	TAKEN
basesynapse	AVAIL
graphcharter	AVAIL
portrecord	AVAIL
baymerge	AVAIL
dialprompt	TAKEN
panelrelay	TAKEN
loopcast	TAKEN
braidopen	AVAIL
driftkeen	AVAIL
gaugedebit	AVAIL
sealbeam	AVAIL
gaugelift	AVAIL
ledgerkeen	AVAIL
prismpicket	AVAIL
foliorecord	TAKEN
harbortune	AVAIL
foundryprism	AVAIL
forgeoffset	AVAIL
railcarbon	TAKEN
mapclaim	TAKEN
bayreel	TAKEN
torchmodel	TAKEN
watchaudit	TAKEN
chartermatch	TAKEN
foliosift	TAKEN
docketvitals	AVAIL
wardensolid	AVAIL
railpayload	AVAIL
sonarground	AVAIL
gatedisclose	AVAIL
depotcarbon	AVAIL
fabricharden	AVAIL
probesynapse	AVAIL
latticemint	TAKEN
forgeident	AVAIL
scopetier	TAKEN
depotlift	AVAIL
trunkember	AVAIL
probeschema	AVAIL
kerneltier	AVAIL
sonarclear	AVAIL
probeident	AVAIL
quaythermal	AVAIL
tracebind	TAKEN
pulsequeue	TAKEN
pulsejoin	TAKEN
basinguard	AVAIL
lanternrank	AVAIL
orbitlens	TAKEN
flowplot	TAKEN
sealcast	TAKEN
bridgesync	TAKEN
wardenclear	AVAIL
helmcontext	AVAIL
reachtune	AVAIL
foundrychart	AVAIL
rosterquiet	AVAIL
atlashandoff	AVAIL
lensvector	TAKEN
driftvitals	AVAIL
anvilsteady	AVAIL
currentspan	TAKEN
chartsteady	AVAIL
keepinvoice	TAKEN
depotswift	AVAIL
radarcraft	TAKEN
lensbadge	AVAIL
foliotrack	TAKEN
indexreckon	AVAIL
baselevel	TAKEN
towerwarden	AVAIL
spinesort	AVAIL
pillardepot	AVAIL
vaultcobot	AVAIL
wardenharden	AVAIL
portmoor	TAKEN
yardbastion	AVAIL
reachdepot	TAKEN
dockcovenant	AVAIL
spanquiet	AVAIL
tidepalette	AVAIL
docketpair	AVAIL
railcargo	TAKEN
weavestaging	AVAIL
ateliership	AVAIL
indexapprove	AVAIL
fabricroute	TAKEN
compassfleet	TAKEN
chartpayer	AVAIL
folioquiet	AVAIL
braidcutlist	AVAIL
fabricbind	AVAIL
benchcadence	AVAIL
covepallet	AVAIL
frameconsign	AVAIL
plinthsentry	AVAIL
pillarquiet	AVAIL
trusstrigger	AVAIL
baycutlist	AVAIL
chartharden	AVAIL
compasspair	AVAIL
railsbright	AVAIL
dialactuate	AVAIL
dialkeystone	AVAIL
surveyprompt	TAKEN
summitcast	TAKEN
flarevolt	TAKEN
sonartrue	AVAIL
layerdepth	TAKEN
indexjoin	AVAIL
relaymint	TAKEN
relaysort	AVAIL
layerkeen	AVAIL
radarintake	TAKEN
anvilspan	AVAIL
orbitintake	AVAIL
cadenceprime	TAKEN
braidmoor	AVAIL
mapocclusion	AVAIL
keepcarbon	TAKEN
sonarindex	TAKEN
picketweave	AVAIL
wharfintake	AVAIL
dynamoclean	TAKEN
lensbastion	AVAIL
ampsolid	TAKEN
layerbuild	TAKEN
conduitember	AVAIL
depotyield	AVAIL
arcinfer	AVAIL
sonarmetric	TAKEN
radarvitals	TAKEN
orbitmerge	AVAIL
trailremit	AVAIL
reactorsteer	AVAIL
rostercommit	AVAIL
framematch	TAKEN
pulseboost	TAKEN
loopmatch	TAKEN
radarspatial	AVAIL
landingplain	AVAIL
peakfeed	TAKEN
pathqueue	AVAIL
orbitspark	TAKEN
pulsehandoff	AVAIL
threadraise	AVAIL
gatesurge	TAKEN
beacondock	TAKEN
atelierswift	TAKEN
foundryprime	TAKEN
codexcharge	AVAIL
towerswift	AVAIL
anchorbind	TAKEN
rostercalm	AVAIL
coverank	TAKEN
corealign	TAKEN
anchorhydro	TAKEN
switchpallet	AVAIL
weavelink	TAKEN
ridgesift	AVAIL
towerbiomass	AVAIL
docketcolumn	AVAIL
dialkinetic	AVAIL
indexcrisp	TAKEN
kerneldebit	AVAIL
ridgevault	TAKEN
conduitmesh	TAKEN
frameident	AVAIL
braidkeen	AVAIL
mapschema	AVAIL
arcinbound	AVAIL
docketclean	AVAIL
patrolsteer	AVAIL
deltayield	TAKEN
indexsignet	AVAIL
channelsolar	TAKEN
mapsolar	TAKEN
railcharge	TAKEN
beaconaudit	TAKEN
layermodel	TAKEN
railbind	TAKEN
vaultlevel	TAKEN
sealsound	TAKEN
lensaudit	TAKEN
peakcell	TAKEN
brieftrigger	AVAIL
fabricboost	TAKEN
turbinecast	AVAIL
tempometric	TAKEN
peakturbine	AVAIL
arcvolt	TAKEN
deltashield	TAKEN
worksemblem	AVAIL
kernelindex	TAKEN
railmetric	TAKEN
gridcitadel	AVAIL
deskinbound	AVAIL
forgebrisk	AVAIL
gaugewarden	TAKEN
covescan	TAKEN
boardclinic	TAKEN
kindlenorth	AVAIL
atlaspay	TAKEN
threadweave	TAKEN
loopdock	TAKEN
loopsequence	TAKEN
sonarbedside	AVAIL
foundrynorth	TAKEN
foundrylevel	AVAIL
docketprobe	AVAIL
chartassign	AVAIL
pressweave	TAKEN
scopemerge	TAKEN
dynamosteer	AVAIL
pressreel	TAKEN
wharfsettle	AVAIL
yardsync	TAKEN
spineweave	TAKEN
towercoin	TAKEN
enginetrue	AVAIL
harborsentry	TAKEN
framewarrant	AVAIL
lanedock	TAKEN
reachreel	TAKEN
flarematch	TAKEN
portcargo	TAKEN
threadfuel	TAKEN
foundrymoor	AVAIL
vigiltoken	AVAIL
recordlaunch	TAKEN
relayswift	TAKEN
basedrive	TAKEN
gridinbound	AVAIL
foundryopen	AVAIL
meshsteer	AVAIL
landingrank	TAKEN
kindleship	TAKEN
covelading	AVAIL
relayintake	TAKEN
flarecontext	TAKEN
cadencefuel	TAKEN
radarplain	AVAIL
dynamosurge	AVAIL
yardtrim	TAKEN
gridship	TAKEN
pulsestatute	AVAIL
dockident	AVAIL
keeprecord	TAKEN
peaklevel	TAKEN
kindlecrisp	AVAIL
flowcutlist	AVAIL
radarframe	TAKEN
towerassign	AVAIL
tracebastion	AVAIL
forgecolumn	AVAIL
codexkindle	AVAIL
covecarbon	AVAIL
beaconcommit	AVAIL
wavescan	TAKEN
kilntrim	AVAIL
bridgefiling	AVAIL
sensorshield	TAKEN
compassvault	TAKEN
scopesync	TAKEN
reachdebit	AVAIL
foliolens	TAKEN
radarcell	TAKEN
boardbedside	AVAIL
arcocclusion	AVAIL
registertrue	AVAIL
routeinvoice	AVAIL
docketvault	TAKEN
benchfuse	TAKEN
deskcutlist	AVAIL
orbitdrive	TAKEN
engineforge	TAKEN
pillarbeam	TAKEN
baserelease	AVAIL
benchtender	AVAIL
yardprime	TAKEN
gridattest	TAKEN
braidledger	TAKEN
enginepayout	AVAIL
routefirst	TAKEN
vaultsync	TAKEN
arcgauge	AVAIL
traceclaim	TAKEN
gridthermal	TAKEN
stackstaging	TAKEN
dockmontage	AVAIL
manifestlens	TAKEN
sentrybadge	TAKEN
flowdosage	AVAIL
pulsefuel	TAKEN
wharfharden	AVAIL
foliopallet	AVAIL
mapyield	AVAIL
shieldscan	TAKEN
layeroffset	AVAIL
tempopilot	TAKEN
lenscognate	AVAIL
turbinequiet	AVAIL
wavetransit	TAKEN
layerember	AVAIL
bridgepallet	AVAIL
ridgecrisp	AVAIL
meshground	TAKEN
conduitdock	TAKEN
keeplaunch	TAKEN
docketpayout	AVAIL
atlasindex	TAKEN
trackgantry	AVAIL
gaugemandate	AVAIL
lanefeed	TAKEN
railshandoff	AVAIL
havenground	TAKEN
channelplot	AVAIL
atelierdock	AVAIL
basinfreight	TAKEN
surveypay	TAKEN
landingscale	TAKEN
worksweave	AVAIL
portgate	TAKEN
scopedock	TAKEN
almanacshift	AVAIL
rosterdosage	AVAIL
frameshift	TAKEN
boardkindle	AVAIL
helmrenew	AVAIL
scopecredit	TAKEN
pulseplot	TAKEN
ampembed	AVAIL
cadencescale	TAKEN
lanefuse	TAKEN
prismfloat	AVAIL
embertier	AVAIL
lanternlink	TAKEN
driftpair	AVAIL
trackjoin	AVAIL
rosterfuel	TAKEN
landingcalm	AVAIL
flowcharge	TAKEN
vigilaudit	TAKEN
sonarsignal	TAKEN
chartcontrol	TAKEN
towermandate	AVAIL
coredepot	TAKEN
gaugepilot	TAKEN
laneprobe	AVAIL
relaytriage	TAKEN
briefchart	TAKEN
kernelcredit	TAKEN
dialmerge	AVAIL
kindlesurge	TAKEN
flowassign	TAKEN
spinepicket	AVAIL
foliotrue	AVAIL
prismfacet	TAKEN
reachscan	TAKEN
briefrelay	TAKEN
framedraft	TAKEN
keepemblem	AVAIL
radarinfer	AVAIL
driftground	AVAIL
meterinfer	AVAIL
currentkeen	AVAIL
codexcalm	AVAIL
pulseground	TAKEN
ledgershield	TAKEN
tracebiomass	AVAIL
scopematch	TAKEN
torchweave	TAKEN
desktabular	AVAIL
radarfiling	AVAIL
bridgekeen	TAKEN
surveytune	AVAIL
prismwarden	TAKEN
brieflevel	AVAIL
sonarvault	TAKEN
tiderelease	AVAIL
summitpayout	AVAIL
helmcredit	TAKEN
sealboost	TAKEN
desktransit	AVAIL
presstrue	TAKEN
radarfleet	TAKEN
scopeprism	TAKEN
probevolt	AVAIL
weavematch	AVAIL
latticegauge	TAKEN
almanacsync	AVAIL
ridgetransit	AVAIL
sonarlaunch	AVAIL
docketaudit	TAKEN
sentrydraft	AVAIL
coremerge	TAKEN
railcadence	AVAIL
scopequiet	AVAIL
covesift	TAKEN
spinecobot	AVAIL
gaugeinfer	AVAIL
anchoropen	AVAIL
deskseal	TAKEN
codexcolumn	AVAIL
corespan	TAKEN
codextrace	AVAIL
meshplot	TAKEN
ledgerprime	TAKEN
anvilkindle	AVAIL
watchfuel	TAKEN
loomfirst	AVAIL
deltaclean	TAKEN
railscell	AVAIL
lookoutident	AVAIL
ledgerboost	TAKEN
wardenplain	AVAIL
picketmoor	AVAIL
lanereel	AVAIL
wardenplot	AVAIL
prismsurge	TAKEN
forgeswift	TAKEN
capedosage	AVAIL
recordsurge	TAKEN
foliohaul	AVAIL
dossieropen	AVAIL
helmclean	TAKEN
trusscadence	AVAIL
sealcovenant	AVAIL
capecargo	TAKEN
foundrytrim	AVAIL
covebeam	TAKEN
meterdrive	AVAIL
trunktune	AVAIL
harboryield	TAKEN
trunkyield	AVAIL
shieldclean	TAKEN
weavelevel	AVAIL
metermatch	TAKEN
portagent	TAKEN
trunkpilot	TAKEN
reactorplot	AVAIL
kilngantry	AVAIL
panelcast	TAKEN
signalsignet	AVAIL
signalscan	TAKEN
atlasmoor	TAKEN
tempotrue	AVAIL
deskfeed	TAKEN
helmfeed	AVAIL
sonarsort	AVAIL
boardmetric	TAKEN
wharfinvoice	AVAIL
foundryroute	TAKEN
kilnship	TAKEN
ridgetrack	TAKEN
indexemblem	AVAIL
surveysharp	TAKEN
forgeprompt	TAKEN
fabrictrue	AVAIL
baysync	TAKEN
chartemblem	AVAIL
chartdrive	TAKEN
gridsound	TAKEN
beaconpair	AVAIL
shieldsync	TAKEN
trussmetric	AVAIL
manifestsift	AVAIL
anchordebit	AVAIL
almanacscale	AVAIL
almanacnorth	TAKEN
portrollback	AVAIL
anchorcast	TAKEN
currentweave	AVAIL
relaybedside	AVAIL
dialdosage	AVAIL
fabrichaul	TAKEN
deltamerge	TAKEN
yardship	TAKEN
pressmodel	TAKEN
depotmoor	AVAIL
loomweight	AVAIL
baseinfer	TAKEN
dynamoanchor	AVAIL
ridgecast	TAKEN
emberground	TAKEN
bridgeattest	AVAIL
baymatch	TAKEN
portstaging	AVAIL
braidhandoff	AVAIL
railsmerge	AVAIL
forgeschema	TAKEN
dialwarden	AVAIL
pulsepilot	TAKEN
wharfkindle	AVAIL
desksort	AVAIL
trailforge	TAKEN
workstender	AVAIL
anvilalign	AVAIL
tempopatch	AVAIL
mapshield	TAKEN
railslaunch	TAKEN
dossiership	AVAIL
channeltier	TAKEN
relayvitals	AVAIL
arcsequence	TAKEN
mapcalm	AVAIL
codexrelay	TAKEN
deltastream	TAKEN
channelbuild	TAKEN
lanternclaim	TAKEN
panelqueue	AVAIL
basemint	TAKEN
railemission	AVAIL
anchorcoin	TAKEN
atelierscan	AVAIL
switchraise	AVAIL
anvilfleet	TAKEN
briefdosage	AVAIL
peakraise	TAKEN
ridgepayer	AVAIL
spinelink	TAKEN
rosterlevel	AVAIL
charterpay	TAKEN
mapcadence	AVAIL
atlascommit	AVAIL
flarebright	TAKEN
currentsync	TAKEN
braidbranch	AVAIL
trussbuild	TAKEN
vaultreason	TAKEN
deltaguard	TAKEN
millcontext	AVAIL
covetrace	AVAIL
summitreel	TAKEN
quayreferral	AVAIL
summitchart	AVAIL
beaconrecord	TAKEN
orbitjoin	AVAIL
gatetransit	TAKEN
flareprime	TAKEN
gridrampart	AVAIL
relayground	TAKEN
indexclear	TAKEN
threadhaul	TAKEN
sparkscale	TAKEN
conduitpatch	AVAIL
harborcrisp	AVAIL
plinthmoor	AVAIL
stacksolar	TAKEN
dialtreasury	AVAIL
fabricplain	AVAIL
haventrace	TAKEN
summitshield	TAKEN
dockbastion	AVAIL
covetrue	AVAIL
meshsound	TAKEN
laneraise	AVAIL
shieldpilot	TAKEN
gridconsent	TAKEN
bridgenorth	TAKEN
tidehandoff	AVAIL
beaconplain	AVAIL
meterpayer	AVAIL
driftlevel	AVAIL
dialboost	TAKEN
snonkldio	AVAIL
clordxio	AVAIL
wouplu	AVAIL
breizkea	AVAIL
latticesync	TAKEN
brufaink	AVAIL
plestaink	AVAIL
wurkrnio	AVAIL
foudskia	AVAIL
rigiom	AVAIL
voaterk	AVAIL
ploulfa	AVAIL
ntiakif	AVAIL
snoundeex	AVAIL
fenku	TAKEN
niaskntea	AVAIL
surveyident	AVAIL
flostea	TAKEN
frialdia	AVAIL
xakust	AVAIL
chartclinic	TAKEN
skaspunk	AVAIL
gloskiaf	AVAIL
ltabaird	AVAIL
rteaceirt	AVAIL
doantauix	AVAIL
roultrka	AVAIL
reastind	AVAIL
pesoar	AVAIL
laivard	AVAIL
plankion	AVAIL
flaumort	AVAIL
rkatrould	AVAIL
cleigeas	AVAIL
vaidzea	AVAIL
dockqueue	TAKEN
kafold	AVAIL
snixei	AVAIL
laniard	TAKEN
grisert	AVAIL
daurnink	AVAIL
clikeala	AVAIL
kriostldi	AVAIL
kromaua	AVAIL
clailgea	AVAIL
gloloaer	AVAIL
kroaldel	AVAIL
nioskauix	AVAIL
leakraind	AVAIL
sloulndi	AVAIL
sneirau	AVAIL
zairtura	AVAIL
diondto	AVAIL
spoufal	AVAIL
lemrdio	AVAIL
gladei	AVAIL
slomear	AVAIL
saundou	AVAIL
jaurttou	AVAIL
naindez	AVAIL
piostboa	AVAIL
leiflonk	AVAIL
siopti	TAKEN
briarntio	AVAIL
spiamaily	AVAIL
slairnia	AVAIL
stuxeark	AVAIL
fiordior	AVAIL
xiaderk	AVAIL
breikim	AVAIL
raumdai	AVAIL
sokeab	AVAIL
soantrnoa	AVAIL
wouzad	AVAIL
slustava	AVAIL
froarily	AVAIL
briabrta	AVAIL
steglud	AVAIL
daidga	AVAIL
vaixnto	AVAIL
bradu	TAKEN
spurdouis	AVAIL
frubioa	AVAIL
gouskek	AVAIL
paistaias	AVAIL
prauldoas	AVAIL
grauka	AVAIL
tiankldo	AVAIL
deasourk	AVAIL
sasery	AVAIL
hegnkio	AVAIL
treabndi	AVAIL
honltia	AVAIL
frazoav	AVAIL
fiasteaon	AVAIL
koacoum	AVAIL
sloupgi	AVAIL
krelei	AVAIL
vesut	TAKEN
konkou	TAKEN
weavbau	AVAIL
piofret	AVAIL
loopspan	TAKEN
kraibldo	AVAIL
kiagloap	AVAIL
cradio	TAKEN
moastreis	AVAIL
saplov	AVAIL
krosto	TAKEN
dreiftoa	AVAIL
tudrenk	AVAIL
pleneao	AVAIL
kroandiap	AVAIL
brourtiav	AVAIL
fardrdi	AVAIL
kreardkau	AVAIL
wardenfeed	TAKEN
skiasra	AVAIL
viowiaf	AVAIL
briefhaul	AVAIL
denteif	AVAIL
spinesolid	TAKEN
folioseal	TAKEN
voarkxea	AVAIL
diltau	AVAIL
heaknto	AVAIL
sensorhydro	AVAIL
neami	TAKEN
varant	TAKEN
patob	TAKEN
nenair	TAKEN
kausteirn	AVAIL
frourdea	AVAIL
tucreag	AVAIL
anvilcraft	TAKEN
xaclint	AVAIL
wavepayout	AVAIL
freiveil	AVAIL
fleilteil	AVAIL
ceazeak	AVAIL
sanklti	AVAIL
vialdzu	AVAIL
clantord	AVAIL
ceinteit	AVAIL
cauldioel	AVAIL
courdea	TAKEN
studiosound	TAKEN
slionknea	AVAIL
queniosk	AVAIL
gliokir	AVAIL
voutnta	AVAIL
ceartaila	AVAIL
cadenceboost	AVAIL
pantxa	AVAIL
flibau	AVAIL
strefoa	AVAIL
sonarledger	AVAIL
froundaix	AVAIL
candauil	AVAIL
cliorteio	AVAIL
niafop	AVAIL
cuntnkai	AVAIL
framerank	TAKEN
slogila	AVAIL
toanoag	AVAIL
clepuan	AVAIL
sleveag	AVAIL
gandeiex	AVAIL
plaiskeax	AVAIL
bodroam	AVAIL
spaikiast	AVAIL
braunauer	TAKEN
vatrunt	AVAIL
zentsu	TAKEN
nauskot	AVAIL
soarkiask	AVAIL
strultea	AVAIL
kraufio	AVAIL
xeiwaind	AVAIL
speiskayx	AVAIL
keskionk	AVAIL
vundault	AVAIL
drimdu	AVAIL
praila	TAKEN
jiasend	AVAIL
fruflio	AVAIL
skafaun	AVAIL
rkeiglerk	AVAIL
boarnu	AVAIL
hosiory	AVAIL
fouken	AVAIL
firkeita	AVAIL
fridard	AVAIL
branio	TAKEN
gendmea	AVAIL
ldeipeax	AVAIL
traskrkia	AVAIL
soalu	TAKEN
gremvea	AVAIL
prerdeva	AVAIL
kaulask	AVAIL
zanstou	AVAIL
sleatoa	AVAIL
surveyembed	AVAIL
proaskvia	AVAIL
plendeel	AVAIL
pourkioel	AVAIL
caurtio	AVAIL
cloarkory	AVAIL
taipaum	AVAIL
sporkiab	AVAIL
sulium	TAKEN
bebaux	AVAIL
strearnoa	AVAIL
frearkia	AVAIL
binoael	AVAIL
sneakaily	AVAIL
teiba	TAKEN
hirdist	AVAIL
raskei	AVAIL
nkiskom	AVAIL
sloldou	AVAIL
kaitearn	AVAIL
dremail	TAKEN
siproant	AVAIL
vaultrna	AVAIL
broazrtea	AVAIL
stounti	AVAIL
snaimima	AVAIL
goarkauf	AVAIL
waixldoa	AVAIL
brialdsau	AVAIL
tridiak	TAKEN
toultndia	AVAIL
plaugurd	AVAIL
pintaion	AVAIL
kriasko	AVAIL
cedial	TAKEN
finult	TAKEN
goaxskoa	AVAIL
taireik	AVAIL
rufiord	AVAIL
glionrdoa	AVAIL
cliapaly	AVAIL
mupud	AVAIL
meintdu	AVAIL
griorio	AVAIL
koudauv	AVAIL
geanda	TAKEN
baugpia	AVAIL
heiro	TAKEN
slorniaar	AVAIL
spaisei	AVAIL
snouboaas	AVAIL
slendeta	AVAIL
reankiael	AVAIL
kauslup	AVAIL
counko	AVAIL
rafik	TAKEN
rouni	TAKEN
zauskina	AVAIL
zamau	TAKEN
zirdmia	AVAIL
meltuyx	AVAIL
rtebem	AVAIL
hoardpou	AVAIL
griotoil	AVAIL
vournaur	AVAIL
plaurea	AVAIL
roakier	AVAIL
piosfo	AVAIL
hentix	TAKEN
ntepriz	AVAIL
branki	TAKEN
kufrear	AVAIL
tiplionk	AVAIL
ltiazoun	AVAIL
vourdoa	AVAIL
meisuer	AVAIL
gleisaik	AVAIL
buprair	AVAIL
beanskei	AVAIL
lairtltoa	AVAIL
seplask	AVAIL
ndeamaunk	AVAIL
zealteila	AVAIL
gimio	TAKEN
floupiael	AVAIL
sunkauol	AVAIL
liadrert	AVAIL
treanstau	AVAIL
riankio	AVAIL
fipink	AVAIL
jifana	TAKEN
xevarn	AVAIL
skibriar	AVAIL
beariel	AVAIL
vaunkkia	AVAIL
feiwoum	AVAIL
plirdai	AVAIL
diafaund	AVAIL
zaustial	AVAIL
helmdebit	AVAIL
liorkiol	AVAIL
graixnta	AVAIL
ldiohaut	AVAIL
dixork	AVAIL
fikoarn	AVAIL
rtiozost	AVAIL
skifeal	AVAIL
troasauyx	AVAIL
briakairy	AVAIL
jiazkau	AVAIL
clauvioas	AVAIL
flounoo	AVAIL
pleildxoa	AVAIL
farkoas	AVAIL
selio	TAKEN
neisku	AVAIL
glistnkei	AVAIL
ndioteat	AVAIL
driasord	AVAIL
prialauor	AVAIL
troastita	AVAIL
kizunt	AVAIL
glinria	AVAIL
drounkura	AVAIL
kraldou	AVAIL
nkougruz	AVAIL
spultiaum	AVAIL
meiplourk	AVAIL
vartean	AVAIL
beahaild	AVAIL
frouxaius	AVAIL
nelei	TAKEN
girkound	AVAIL
pased	TAKEN
stroanbia	AVAIL
vuslaf	AVAIL
floupouar	AVAIL
trounkef	AVAIL
trineat	TAKEN
reazndau	AVAIL
nankauk	AVAIL
trioreva	AVAIL
soateb	AVAIL
streziand	AVAIL
froslda	AVAIL
runtroa	AVAIL
pleinko	AVAIL
hiostau	AVAIL
gibrta	AVAIL
drouvio	AVAIL
skeaskea	AVAIL
viglos	TAKEN
treitio	AVAIL
fagliond	AVAIL
clioffa	AVAIL
kriartus	AVAIL
zaidndau	AVAIL
spoukeon	AVAIL
snultu	AVAIL
muxeiva	AVAIL
drausea	AVAIL
vaiskaid	AVAIL
gairtoa	AVAIL
prinkeen	AVAIL
kroudio	AVAIL
hainiap	AVAIL
nabrtu	AVAIL
bountioen	AVAIL
gemiaas	AVAIL
plordioan	AVAIL
nioldiarn	AVAIL
snaimio	AVAIL
waugiam	AVAIL
doaclaint	AVAIL
frairlau	AVAIL
glonord	AVAIL
grouldav	AVAIL
feirkfai	AVAIL
baiskei	AVAIL
cludea	TAKEN
sloskeita	AVAIL
zevek	TAKEN
reiskurd	AVAIL
gizoula	AVAIL
pleaneix	AVAIL
cakou	TAKEN
griaxpau	AVAIL
gronio	TAKEN
bearteaar	AVAIL
bubruz	AVAIL
neaxurk	AVAIL
neibrauf	AVAIL
soasteias	AVAIL
piadein	AVAIL
cleabaol	AVAIL
frudeld	AVAIL
viazu	TAKEN
turdldea	AVAIL
crouzei	AVAIL
slousteia	AVAIL
crouru	AVAIL
skendu	TAKEN
rezork	TAKEN
ldufleirt	AVAIL
cloviard	AVAIL
sniskank	AVAIL
paufrak	AVAIL
ploateaum	AVAIL
dotrdia	AVAIL
glentnka	AVAIL
ldiogeank	AVAIL
sniltut	AVAIL
floasiab	AVAIL
riolailt	AVAIL
holtrkau	AVAIL
rkoniolt	AVAIL
skaitmai	TAKEN
snainkpou	AVAIL
pegoank	AVAIL
beandei	AVAIL
riardioas	AVAIL
caima	TAKEN
lialdant	AVAIL
bennto	TAKEN
cakios	AVAIL
snomou	AVAIL
raubnoa	AVAIL
joultstia	AVAIL
moustia	AVAIL
prausent	AVAIL
glesteier	AVAIL
brenkrki	AVAIL
clandenk	AVAIL
bounus	TAKEN
zuvaita	AVAIL
keidu	TAKEN
skaxntai	AVAIL
fouperd	AVAIL
ziohig	AVAIL
beagiork	AVAIL
moulbia	AVAIL
greivio	AVAIL
clauru	AVAIL
sniadaid	AVAIL
journiag	AVAIL
plirdu	AVAIL
snupau	AVAIL
gakri	AVAIL
lundroa	AVAIL
niadaund	AVAIL
glinmou	AVAIL
fitead	AVAIL
striolei	AVAIL
doandark	AVAIL
feapiont	AVAIL
neiskrto	AVAIL
slurtory	AVAIL
bucraik	AVAIL
quondstia	AVAIL
tiagoux	AVAIL
krioltau	AVAIL
nogor	TAKEN
fouxlia	AVAIL
nouweant	AVAIL
soadint	AVAIL
quaurturt	AVAIL
starkiex	AVAIL
stoupleim	AVAIL
turtfea	AVAIL
sounory	AVAIL
rnogiorn	AVAIL
soldbu	AVAIL
gliankou	AVAIL
slodioza	AVAIL
fleinkloa	AVAIL
straupez	AVAIL
freskioly	AVAIL
glianai	AVAIL
cliartia	AVAIL
rialteium	AVAIL
monteaer	AVAIL
coantouv	AVAIL
brevoor	AVAIL
koazltau	AVAIL
dukvio	AVAIL
droafxa	AVAIL
grizai	TAKEN
hefous	AVAIL
rearnrnoa	AVAIL
creaxia	TAKEN
coartauld	AVAIL
strigoaf	AVAIL
periois	AVAIL
daiglask	AVAIL
frubeus	AVAIL
beznta	AVAIL
skuvstei	AVAIL
krarenk	AVAIL
kruldeisk	AVAIL
raixo	TAKEN
liatiob	AVAIL
vauplaink	AVAIL
zealdi	AVAIL
juliont	AVAIL
frandian	TAKEN
jiomila	AVAIL
spoateava	AVAIL
triokmau	AVAIL
noucraus	AVAIL
teifri	AVAIL
triadoen	AVAIL
braibpia	AVAIL
spoaxiork	AVAIL
cloumnou	AVAIL
cubeary	AVAIL
girdaird	AVAIL
drubal	TAKEN
strultgi	AVAIL
ziagita	AVAIL
doldrkoa	AVAIL
teaksti	AVAIL
woaru	AVAIL
drandoer	AVAIL
crearrno	AVAIL
kautreind	AVAIL
snairtoa	AVAIL
rikrki	AVAIL
fratauf	AVAIL
paufraz	AVAIL
zevoar	AVAIL
pivntou	AVAIL
furtndu	AVAIL
xezist	AVAIL
ndaumian	AVAIL
ludug	AVAIL
ndeafet	AVAIL
toagrep	AVAIL
dioteird	AVAIL
nurtult	AVAIL
tugeild	AVAIL
rdegaint	AVAIL
ldeajix	AVAIL
zaubit	AVAIL
dudiog	AVAIL
stroavauf	AVAIL
skoankoum	AVAIL
nintuva	AVAIL
piazov	AVAIL
wernnkea	AVAIL
skoaquiaz	AVAIL
frirkeara	AVAIL
nkahead	AVAIL
larkmai	AVAIL
zemia	TAKEN
ploasouos	AVAIL
spavi	TAKEN
hoskoaon	AVAIL
stouldoa	AVAIL
glonesk	AVAIL
jiordold	AVAIL
skaispauk	AVAIL
braunkif	AVAIL
beinskio	AVAIL
ruldea	TAKEN
pleziar	AVAIL
gadbau	AVAIL
dougeit	AVAIL
kegxau	AVAIL
mantouna	AVAIL
linkiog	AVAIL
snanfia	AVAIL
kroutern	AVAIL
clealtoup	AVAIL
snivrou	AVAIL
fonknkau	AVAIL
teanti	AVAIL
seindead	AVAIL
striornmo	AVAIL
desma	TAKEN
staucaund	AVAIL
briontei	AVAIL
meskeig	AVAIL
traxeaar	AVAIL
foarkoarn	AVAIL
diadom	TAKEN
slisouva	AVAIL
fioceilt	AVAIL
niozairk	AVAIL
ziakam	TAKEN
grala	TAKEN
buvoag	AVAIL
lartes	TAKEN
stavpau	AVAIL
xoskiank	AVAIL
boplest	AVAIL
koabuas	AVAIL
werio	TAKEN
dairairk	AVAIL
mugrard	AVAIL
geiskioel	AVAIL
paudrald	AVAIL
speimea	AVAIL
raveva	TAKEN
belduos	AVAIL
ntiokroud	AVAIL
weanaip	AVAIL
zialtul	AVAIL
neclam	TAKEN
veidurn	AVAIL
flendpio	AVAIL
freitioum	AVAIL
snaustiex	AVAIL
zeirneild	AVAIL
glaurkata	AVAIL
woaskoark	AVAIL
crioskei	AVAIL
queinkot	AVAIL
ltiaveild	AVAIL
woandauix	AVAIL
spourtou	AVAIL
peareint	AVAIL
strurdei	AVAIL
plaipi	AVAIL
lturen	AVAIL
hofioma	AVAIL
floskouo	AVAIL
strexeaix	AVAIL
teirtaira	AVAIL
poldoma	TAKEN
ceinkkia	AVAIL
kriolaunk	AVAIL
xocaist	AVAIL
joarku	AVAIL
dreiluyx	AVAIL
risti	TAKEN
jindaik	AVAIL
speadsi	AVAIL
glaxea	TAKEN
zizmoa	AVAIL
goundaunt	AVAIL
broaleon	AVAIL
liabaib	AVAIL
kriardei	AVAIL
kabreilt	AVAIL
virteayx	AVAIL
fanoust	AVAIL
tianeax	AVAIL
beizoux	AVAIL
nionzia	AVAIL
zuskiaf	AVAIL
paurtiex	AVAIL
flouniant	AVAIL
meirnoen	AVAIL
proudfau	AVAIL
mausteaz	AVAIL
slusaior	AVAIL
queatoart	AVAIL
faurnuis	AVAIL
snexa	TAKEN
todaiix	AVAIL
groapa	TAKEN
gloaxlou	AVAIL
nordntea	AVAIL
seilturk	AVAIL
seavoar	AVAIL
ltoufriof	AVAIL
glaizoaor	AVAIL
fraiged	AVAIL
glauluil	AVAIL
skearkia	AVAIL
briasklei	AVAIL
seiglaiz	AVAIL
faltank	AVAIL
striltda	AVAIL
wigiata	AVAIL
priarniil	AVAIL
daurno	AVAIL
sleimntai	AVAIL
greapfou	AVAIL
prankourt	AVAIL
sleiltoa	AVAIL
rkifleirt	AVAIL
prorkou	AVAIL
cluvoank	AVAIL
ciarksou	AVAIL
teveos	TAKEN
probaip	AVAIL
quorald	AVAIL
priofoun	AVAIL
spournorn	AVAIL
spaisial	AVAIL
zouziald	AVAIL
mioxsko	AVAIL
fliortava	AVAIL
ldolaurt	AVAIL
rkurar	AVAIL
skeskiop	AVAIL
seakin	TAKEN
neituv	AVAIL
kiagsia	AVAIL
felaik	AVAIL
niardnto	AVAIL
steandi	AVAIL
ceistaior	AVAIL
plurdrkea	AVAIL
praultloa	AVAIL
snati	TAKEN
rteploav	AVAIL
miartli	AVAIL
craskou	AVAIL
rneapriog	AVAIL
feakios	AVAIL
baubroug	AVAIL
koastis	AVAIL
ntuvouz	AVAIL
gataup	AVAIL
snainod	AVAIL
strirkiel	AVAIL
garkirk	AVAIL
kisnaid	AVAIL
dreateary	AVAIL
grialio	TAKEN
joareas	AVAIL
steastus	AVAIL
murdeael	AVAIL
krenkoa	AVAIL
fraixael	AVAIL
graintia	AVAIL
snoadpa	AVAIL
stego	TAKEN
floaldi	AVAIL
stiarea	AVAIL
heiskio	AVAIL
geinto	AVAIL
flionkiom	AVAIL
skouxso	AVAIL
croamuex	AVAIL
buriarn	AVAIL
slaro	TAKEN
fluvldea	AVAIL
snepaira	AVAIL
kaxouel	AVAIL
pizoaf	AVAIL
rtispeig	AVAIL
doaliox	AVAIL
viavfo	AVAIL
krurkeaar	AVAIL
priortoa	AVAIL
ldobep	AVAIL
mauhial	AVAIL
deirnoa	AVAIL
greitgu	AVAIL
deinko	TAKEN
proarkoal	AVAIL
creimru	AVAIL
travailt	AVAIL
muvad	TAKEN
stijauz	AVAIL
drougis	AVAIL
kaimola	TAKEN
nogiak	AVAIL
naukriond	AVAIL
feando	AVAIL
strouvo	AVAIL
traizmau	AVAIL
bidonk	TAKEN
slaxeily	AVAIL
bauseal	TAKEN
nusnes	AVAIL
fliazoar	AVAIL
rauvrai	AVAIL
tagrilt	AVAIL
skianldei	AVAIL
logio	TAKEN
weavto	AVAIL
rteabeart	AVAIL
nigliank	AVAIL
cuskaien	AVAIL
tiafleink	AVAIL
rornoza	AVAIL
snidiola	AVAIL
kreirdu	AVAIL
cairteila	AVAIL
loantea	TAKEN
gloukdea	AVAIL
dabreir	AVAIL
paclunk	AVAIL
faumskea	AVAIL
snouxa	AVAIL
tarnouv	AVAIL
preirei	AVAIL
fliadoun	AVAIL
tistoum	AVAIL
sirkef	AVAIL
rneamab	AVAIL
maurtia	AVAIL
jiafaen	AVAIL
vokrirn	AVAIL
rkopliad	AVAIL
seirdiora	AVAIL
jelderd	AVAIL
londaud	AVAIL
quoundoat	AVAIL
feistal	TAKEN
ceipo	TAKEN
bagreb	AVAIL
goabern	AVAIL
gaubrog	AVAIL
plibo	TAKEN
quana	TAKEN
frailtau	AVAIL
tastio	TAKEN
flaupa	TAKEN
krunou	AVAIL
sebouz	AVAIL
kiofria	AVAIL
straintea	AVAIL
skiosniok	AVAIL
plapaura	AVAIL
tozun	TAKEN
stiostoa	AVAIL
gobfio	AVAIL
triogi	TAKEN
heanord	AVAIL
kassea	TAKEN
vourdtau	AVAIL
broldrnu	AVAIL
ndouleark	AVAIL
bugoaan	AVAIL
saizli	AVAIL
froleix	AVAIL
snaltoun	AVAIL
stiondirt	AVAIL
draustum	AVAIL
crokkai	AVAIL
sloakaiz	AVAIL
gresox	AVAIL
grairura	AVAIL
stialtio	AVAIL
frurtoar	AVAIL
plunduk	AVAIL
leaxig	AVAIL
stintora	AVAIL
skustrat	AVAIL
gozaita	AVAIL
leartstoa	AVAIL
skoudauta	AVAIL
rniopaik	AVAIL
mantrnai	AVAIL
skeagleim	AVAIL
pronkop	AVAIL
snesmio	AVAIL
zauntou	AVAIL
streaskea	AVAIL
gerdboa	AVAIL
teaplouz	AVAIL
nditrelt	AVAIL
rnakruz	AVAIL
grondei	AVAIL
snebael	AVAIL
nousiok	AVAIL
prultou	AVAIL
skautia	TAKEN
prendiof	AVAIL
ziopount	AVAIL
reideal	TAKEN
coabaf	AVAIL
deiskdio	AVAIL
groxu	TAKEN
creipnkou	AVAIL
megraz	TAKEN
peirdrta	AVAIL
ltegrink	AVAIL
wentrko	AVAIL
nkiatiarn	AVAIL
stoapa	AVAIL
ceibet	TAKEN
ntamoarn	AVAIL
ldoucrab	AVAIL
crufoais	AVAIL
staikoug	AVAIL
rkeijairt	AVAIL
krenden	TAKEN
zaizuv	AVAIL
ndeslion	AVAIL
qualta	TAKEN
niodary	AVAIL
snoupoa	AVAIL
craskrdai	AVAIL
snialdu	AVAIL
rtefleak	AVAIL
trafndea	AVAIL
clelmou	AVAIL
netreist	AVAIL
puneen	AVAIL
glaitau	AVAIL
seafuz	AVAIL
dikei	TAKEN
moafzoa	AVAIL
doardau	AVAIL
stugnkio	AVAIL
slartoan	AVAIL
preamird	AVAIL
proarurk	AVAIL
skotiast	AVAIL
gartstio	AVAIL
braifa	AVAIL
gleista	AVAIL
heldo	TAKEN
broaseaer	AVAIL
spiokeaza	AVAIL
miskend	AVAIL
koldgia	AVAIL
cregkau	AVAIL
glauvnou	AVAIL
slioneid	AVAIL
paumfou	AVAIL
skorkvou	AVAIL
cloaskia	AVAIL
trultnea	AVAIL
pintia	TAKEN
steizskoa	AVAIL
preinef	AVAIL
slerkltai	AVAIL
clinttia	AVAIL
dounfau	AVAIL
mialoar	AVAIL
steazout	AVAIL
zeistaius	AVAIL
reiltoa	AVAIL
flartura	AVAIL
xaliarn	AVAIL
fritost	AVAIL
soaseiv	AVAIL
clugeand	AVAIL
dramuix	AVAIL
jiosek	AVAIL
rukei	TAKEN
beisteag	AVAIL
brairdau	AVAIL
coufa	TAKEN
cluro	TAKEN
bearnta	AVAIL
saistream	AVAIL
roultauer	AVAIL
skiadriak	AVAIL
fekoa	AVAIL
brendiza	AVAIL
troartlti	AVAIL
peawed	AVAIL
wiostoa	AVAIL
jiandiolt	AVAIL
speigaex	AVAIL
fiocreilt	AVAIL
tepaun	AVAIL
rdadreirt	AVAIL
koundpei	AVAIL
loagroun	AVAIL
rteirauv	AVAIL
deavoak	AVAIL
raufeind	AVAIL
koardiama	AVAIL
flausa	TAKEN
sterau	AVAIL
voliog	AVAIL
sneidoa	AVAIL
viaknkoa	AVAIL
ceiskoaza	AVAIL
foteiel	AVAIL
crourdia	AVAIL
troasind	AVAIL
sniornio	AVAIL
gamdea	TAKEN
woudaer	AVAIL
koulrko	AVAIL
lifag	TAKEN
rkifeir	AVAIL
rkeanin	AVAIL
laikoar	AVAIL
trialit	TAKEN
rkeasoask	AVAIL
cleita	AVAIL
spunntou	AVAIL
coltnko	AVAIL
mainkonk	AVAIL
lamora	TAKEN
daistirn	AVAIL
sufrounk	AVAIL
crorniaza	AVAIL
sniatia	AVAIL
rdaiboud	AVAIL
zoatrtou	AVAIL
flusioex	AVAIL
goareax	AVAIL
pleadtia	AVAIL
cleavio	TAKEN
rdohiond	AVAIL
ndouprik	AVAIL
safau	TAKEN
kisbia	AVAIL
spoarkask	AVAIL
meardea	AVAIL
ziordea	AVAIL
claiskki	AVAIL
ntespiold	AVAIL
steirern	TAKEN
vouka	TAKEN
ntouzian	AVAIL
dreildeio	AVAIL
brugior	AVAIL
creileaz	AVAIL
baifreald	AVAIL
flaraier	AVAIL
griodoa	AVAIL
brailkoa	AVAIL
frioltai	AVAIL
snearknko	AVAIL
spindoux	AVAIL
teinxau	AVAIL
ndiatous	AVAIL
stafres	AVAIL
gaurnury	AVAIL
glustory	AVAIL
cleaxeav	AVAIL
podrauv	AVAIL
lounrnoa	AVAIL
taindoa	AVAIL
foandouil	AVAIL
skeaceip	AVAIL
nideb	TAKEN
geameint	AVAIL
bioltrtou	AVAIL
bekrior	AVAIL
werkea	TAKEN
groapnkau	AVAIL
drobsto	AVAIL
priadeaen	AVAIL
quaigauld	AVAIL
plauxiand	AVAIL
vicaul	AVAIL
fulaum	AVAIL
ntausnort	AVAIL
goartpio	AVAIL
ciomer	TAKEN
stiomoza	AVAIL
rdadast	AVAIL
presboa	AVAIL
ndabriart	AVAIL
snabaima	AVAIL
zecorn	TAKEN
snugearn	AVAIL
meaguld	AVAIL
criankma	AVAIL
griofioza	AVAIL
rkoadraug	AVAIL
voubaor	AVAIL
maidrauk	AVAIL
rudkea	AVAIL
hiodoask	AVAIL
siptio	AVAIL
grundi	TAKEN
saildei	AVAIL
lomoar	AVAIL
gliortuor	AVAIL
naltvia	AVAIL
fialdouis	AVAIL
bauris	TAKEN
grailtsei	AVAIL
bupiolt	AVAIL
ntosneas	AVAIL
crondial	AVAIL
quaftau	AVAIL
riamury	AVAIL
briavurd	AVAIL
rdeikraud	AVAIL
clugea	AVAIL
xiabeld	AVAIL
pleidou	TAKEN
gloubart	AVAIL
teitiak	AVAIL
hopea	TAKEN
snaudstio	AVAIL
hiazeal	AVAIL
brekeaar	AVAIL
crurkart	AVAIL
soandos	AVAIL
soustei	AVAIL
risteava	AVAIL
neildia	AVAIL
ploliava	AVAIL
koxldea	AVAIL
laiprask	AVAIL
mailteilt	AVAIL
rdaglour	AVAIL
hauta	TAKEN
quistaura	AVAIL
dioxig	AVAIL
hiantep	AVAIL
foatail	AVAIL
baidldi	AVAIL
sauzous	AVAIL
maibeab	AVAIL
harldea	AVAIL
straudely	AVAIL
giortei	AVAIL
plistuk	AVAIL
brikap	TAKEN
glourteyx	AVAIL
ndivoak	AVAIL
veabzia	AVAIL
vailtourt	AVAIL
truzntu	AVAIL
kousort	AVAIL
snaiskmio	AVAIL
vomib	AVAIL
kroza	TAKEN
maunkski	AVAIL
sleafoult	AVAIL
bukias	AVAIL
doatev	AVAIL
kondio	TAKEN
tuzant	AVAIL
stiastaug	AVAIL
skevoab	AVAIL
wedsei	AVAIL
sleavu	AVAIL
hileark	AVAIL
plaindios	AVAIL
flonelt	AVAIL
tudrauv	AVAIL
veartkai	AVAIL
preasio	AVAIL
spiorkous	AVAIL
breinkep	AVAIL
niordeirk	AVAIL
spidiand	AVAIL
rdumurt	AVAIL
dourkauol	AVAIL
grodeask	AVAIL
nkoucror	AVAIL
geizndou	AVAIL
dapoaor	AVAIL
sioslox	AVAIL
vesai	TAKEN
gleimok	AVAIL
sliofrnoa	AVAIL
roandrdia	AVAIL
greinaura	AVAIL
voska	TAKEN
drigstei	AVAIL
tolteax	AVAIL
taiflais	AVAIL
cabeiil	AVAIL
hiadin	AVAIL
doajav	AVAIL
criomvo	AVAIL
claises	AVAIL
sleirdiis	AVAIL
heildoa	AVAIL
snaugaula	AVAIL
meildaim	AVAIL
braiskoax	AVAIL
treasia	TAKEN
priska	TAKEN
slizo	TAKEN
graukok	AVAIL
clegi	TAKEN
ltoasaur	AVAIL
cagnou	AVAIL
greizair	AVAIL
keiltnkia	AVAIL
rountior	AVAIL
snenai	AVAIL
goursko	AVAIL
sleakea	AVAIL
crarduix	AVAIL
mafiol	TAKEN
giabiar	AVAIL
pougluld	AVAIL
pruskau	AVAIL
vaufldi	AVAIL
judldei	AVAIL
stuvla	AVAIL
crouskpi	AVAIL
floudnti	AVAIL
sneavntio	AVAIL
fobgau	AVAIL
plougo	AVAIL
fotba	TAKEN
giorltea	AVAIL
spuzei	AVAIL
drastia	AVAIL
kroaklei	AVAIL
graltaion	AVAIL
stelioum	AVAIL
gauproam	AVAIL
skurkuly	AVAIL
mubirk	AVAIL
dialdud	AVAIL
xupleirk	AVAIL
cleirdo	AVAIL
slano	TAKEN
greavei	AVAIL
slaupo	AVAIL
zankioer	AVAIL
caupiab	AVAIL
hiantoa	AVAIL
dreaneib	AVAIL
deildeird	AVAIL
daixaild	AVAIL
frartem	AVAIL
neflaunk	AVAIL
sniansta	AVAIL
glifo	TAKEN
skiardzei	AVAIL
giapleiv	AVAIL
prupio	AVAIL
noutald	AVAIL
mougairn	AVAIL
graunda	AVAIL
fibura	TAKEN
faumaus	AVAIL
zistkou	AVAIL
ndoglound	AVAIL
voufiak	AVAIL
spouxorn	AVAIL
zetaus	TAKEN
neardeip	AVAIL
rkaudreak	AVAIL
tiskior	AVAIL
vainkoata	AVAIL
kirern	AVAIL
cairnsku	AVAIL
grarna	AVAIL
geimlai	AVAIL
testrisk	TAKEN
deixi	TAKEN
skuvek	AVAIL
cruxroa	AVAIL
leildeist	AVAIL
mairkdau	AVAIL
geivmau	AVAIL
clelai	AVAIL
fonrni	AVAIL
seixrtia	AVAIL
snetai	TAKEN
rounkord	AVAIL
treigau	AVAIL
luldrnia	AVAIL
coazntou	AVAIL
vautik	AVAIL
stentgea	AVAIL
bramvai	AVAIL
heskaier	AVAIL
niaskskio	AVAIL
feirkiona	AVAIL
trultai	AVAIL
neirdzai	AVAIL
slusus	AVAIL
wivourk	AVAIL
cobea	TAKEN
jorko	TAKEN
weantpa	AVAIL
trioldiat	AVAIL
korau	TAKEN
stoarnpio	AVAIL
naistskio	AVAIL
griogrtei	AVAIL
staulab	AVAIL
plearei	AVAIL
sefion	TAKEN
spaufdau	AVAIL
sandia	TAKEN
snoafaind	AVAIL
tiadint	AVAIL
dubeior	AVAIL
prauldia	AVAIL
breizoum	AVAIL
groapola	AVAIL
zaidiad	AVAIL
slibfu	AVAIL
cuntaug	AVAIL
breantoas	AVAIL
zaplid	TAKEN
dosox	TAKEN
flousoaix	AVAIL
coandau	AVAIL
croaveird	AVAIL
goaffei	AVAIL
floaltrou	AVAIL
keildi	AVAIL
gelta	TAKEN
fliorsti	AVAIL
skibrurk	AVAIL
satuma	TAKEN
premouv	AVAIL
striornuz	AVAIL
freizand	AVAIL
priankiol	AVAIL
skitrat	AVAIL
jiantealt	AVAIL
caurtiael	AVAIL
krionteik	AVAIL
rnanaif	AVAIL
borda	TAKEN
soupoab	AVAIL
deabiosk	AVAIL
tronmia	AVAIL
braunto	AVAIL
ldesnild	AVAIL
siobrtea	AVAIL
voames	AVAIL
drabaas	AVAIL
voutldo	AVAIL
saurdiat	AVAIL
pruldpei	AVAIL
vaunteil	AVAIL
proatiob	AVAIL
snursto	AVAIL
bouksoa	AVAIL
stoakaild	AVAIL
raltai	AVAIL
laimed	TAKEN
skeadfoa	AVAIL
froakous	AVAIL
fasea	TAKEN
goarna	TAKEN
sloulda	AVAIL
crearteld	AVAIL
stisldi	AVAIL
bekaup	AVAIL
trepdea	AVAIL
steiskea	AVAIL
feloark	AVAIL
draurtek	AVAIL
cialdzai	AVAIL
jovoa	TAKEN
koudo	TAKEN
clasou	AVAIL
siorian	AVAIL
frarata	AVAIL
kiosiat	AVAIL
spafouo	AVAIL
nournzea	AVAIL
deiteiz	AVAIL
stioclan	AVAIL
draiggi	AVAIL
queindim	AVAIL
pliankeil	AVAIL
gloaltru	AVAIL
quetool	TAKEN
fliastau	AVAIL
larnvi	AVAIL
forkrna	AVAIL
skontaily	AVAIL
resled	AVAIL
lteitraip	AVAIL
loustota	AVAIL
kousti	AVAIL
diardxia	AVAIL
raupint	AVAIL
tauglup	AVAIL
creatxei	AVAIL
groku	TAKEN
proastlto	AVAIL
ldoaneal	AVAIL
koatend	AVAIL
dioxmai	AVAIL
rkuzerd	AVAIL
flardoua	AVAIL
geistiois	AVAIL
fliafiaar	AVAIL
gukiaza	AVAIL
rdeabror	AVAIL
waulul	AVAIL
cudust	TAKEN
stiargia	AVAIL
mouvern	AVAIL
grustvea	AVAIL
staimouv	AVAIL
mustait	AVAIL
riostnau	AVAIL
slearklti	AVAIL
spoundia	AVAIL
glirtary	AVAIL
roloap	AVAIL
claloao	AVAIL
croldund	AVAIL
breankxai	AVAIL
nkugrern	AVAIL
creirdosk	AVAIL
loartearn	AVAIL
rearkoex	AVAIL
groara	AVAIL
gleastia	AVAIL
dregain	AVAIL
seadraim	AVAIL
gealdrnu	AVAIL
tairnlai	AVAIL
saidrdi	AVAIL
heikoex	AVAIL
detei	TAKEN
fleisou	AVAIL
glozorn	AVAIL
niadroad	AVAIL
fleistai	AVAIL
haultoz	AVAIL
stailpi	AVAIL
snabxau	AVAIL
stistoank	AVAIL
vadaurn	AVAIL
minom	TAKEN
prourauel	AVAIL
poarkeird	AVAIL
kreatal	AVAIL
clitvai	AVAIL
skiskoum	AVAIL
foabrark	AVAIL
creibfei	AVAIL
moustrun	AVAIL
streirou	AVAIL
meitrkea	AVAIL
nouldant	AVAIL
briomvia	AVAIL
ntaivux	AVAIL
leartioex	AVAIL
bomaur	AVAIL
rausrdoa	AVAIL
slarkaiio	AVAIL
staistia	AVAIL
sloamrda	AVAIL
slurnuor	AVAIL
biasird	AVAIL
loslounk	AVAIL
clondstai	AVAIL
nkiocrod	AVAIL
saugrio	AVAIL
plistnku	AVAIL
doasear	AVAIL
donteius	AVAIL
skotaias	AVAIL
snobi	TAKEN
clulauon	AVAIL
zulteaar	AVAIL
liornary	AVAIL
cloaburd	AVAIL
faldio	TAKEN
frosko	TAKEN
jondio	AVAIL
spouldo	AVAIL
ntoplix	AVAIL
tirnaio	AVAIL
strearauf	AVAIL
broabaury	AVAIL
doalaus	AVAIL
neirna	AVAIL
steiskix	AVAIL
rkeispiak	AVAIL
vurtio	TAKEN
vouskaut	AVAIL
giakrea	AVAIL
vineap	AVAIL
gratost	TAKEN
seardauas	AVAIL
frilou	TAKEN
spufeala	AVAIL
siagnea	AVAIL
nkoflair	AVAIL
skaildo	AVAIL
measkau	AVAIL
zentoata	AVAIL
driarkau	AVAIL
steati	AVAIL
fliateum	AVAIL
jioli	TAKEN
doaplias	AVAIL
glauri	TAKEN
dourdi	AVAIL
krairteyx	AVAIL
fliandep	AVAIL
pioqueask	AVAIL
krimio	TAKEN
flezoa	AVAIL
boukaurd	AVAIL
liafem	AVAIL
tiortout	AVAIL
rnaicor	AVAIL
dourtau	AVAIL
jeistlea	AVAIL
stroroa	AVAIL
rkestroad	AVAIL
seasnir	AVAIL
learka	TAKEN
drourkgio	AVAIL
ldiospox	AVAIL
striskiop	AVAIL
lealion	TAKEN
snianiog	AVAIL
nditroav	AVAIL
vikauld	AVAIL
biabaurk	AVAIL
ciaski	AVAIL
spantfa	AVAIL
treaddi	AVAIL
skausauma	AVAIL
zimrnei	AVAIL
snaudndia	AVAIL
crioldrdu	AVAIL
pigouex	AVAIL
prupouv	AVAIL
ldiaviom	AVAIL
poxoab	AVAIL
riadrup	AVAIL
failtfoa	AVAIL
soxab	AVAIL
cliagio	AVAIL
droabola	AVAIL
wetoala	AVAIL
grirtu	AVAIL
zasiax	AVAIL
snildox	AVAIL
strankit	AVAIL
ciobi	TAKEN
pruleis	AVAIL
ntiodounk	AVAIL
pleamoab	AVAIL
rkucer	AVAIL
feankei	AVAIL
kiarkaiza	AVAIL
douskum	AVAIL
strasauma	AVAIL
vantlei	AVAIL
katront	AVAIL
clailtob	AVAIL
herkair	AVAIL
mulim	TAKEN
plibeus	AVAIL
fobroav	AVAIL
kedrup	AVAIL
pepova	TAKEN
veacenk	AVAIL
breantio	AVAIL
spoanka	AVAIL
vouzird	AVAIL
feirrdo	AVAIL
rkotilt	AVAIL
wauntzau	AVAIL
xipiop	AVAIL
leasom	TAKEN
nexrnoa	AVAIL
lurtoar	AVAIL
poubrti	AVAIL
vutouex	AVAIL
glupiav	AVAIL
jiontiar	AVAIL
wexonk	AVAIL
flubaif	AVAIL
maido	TAKEN
zubriab	AVAIL
moantius	AVAIL
krionist	AVAIL
snoubova	AVAIL
vautroald	AVAIL
gioseir	AVAIL
zeigrern	AVAIL
kamuf	TAKEN
fiadkio	AVAIL
daidrilt	AVAIL
pliroa	AVAIL
glainif	AVAIL
frinkoalt	AVAIL
xoustrev	AVAIL
liamu	TAKEN
wabmoa	AVAIL
steildik	AVAIL
hustndau	AVAIL
skauslan	AVAIL
rnisnes	AVAIL
greintu	AVAIL
roultu	AVAIL
glistealt	AVAIL
coaltau	AVAIL
nairkata	AVAIL
ndeikion	AVAIL
kroalldou	AVAIL
frilda	TAKEN
ndalain	AVAIL
kipoa	TAKEN
ldoakrirk	AVAIL
seipeirk	AVAIL
priztea	AVAIL
lelxia	AVAIL
tusis	TAKEN
bigurn	TAKEN
ceabeind	AVAIL
neirnvio	AVAIL
vabouna	AVAIL
poulaup	AVAIL
kougltai	AVAIL
raurkaer	AVAIL
maitraux	AVAIL
driarara	AVAIL
goulrda	AVAIL
houltoail	AVAIL
stobeiry	AVAIL
slialtea	AVAIL
ciornek	AVAIL
drurtoaan	AVAIL
cirnola	AVAIL
dravoyx	AVAIL
keirnol	AVAIL
naultvo	AVAIL
farneart	AVAIL
dauskil	AVAIL
crainkzu	AVAIL
gaurkltau	AVAIL
fleaxskei	AVAIL
snildoaz	AVAIL
kroultog	AVAIL
doskrdia	AVAIL
fiafdea	AVAIL
floulten	AVAIL
zoandal	AVAIL
neibska	AVAIL
tautaurd	AVAIL
gladxei	AVAIL
kraibau	AVAIL
flipfi	TAKEN
skolnu	AVAIL
croundiel	AVAIL
souplond	AVAIL
tauntaira	AVAIL
skugei	AVAIL
cliki	TAKEN
glouldtio	AVAIL
ceinva	TAKEN
rnuplaist	AVAIL
sneabeata	AVAIL
ndoafos	AVAIL
hougoap	AVAIL
striapio	AVAIL
siosond	TAKEN
vourdiob	AVAIL
soantlai	AVAIL
trexau	AVAIL
vaibaust	AVAIL
nondo	TAKEN
treastau	AVAIL
troanio	AVAIL
creirdu	AVAIL
flourrdio	AVAIL
piorfi	AVAIL
teiskaix	AVAIL
clumauo	AVAIL
mizaury	AVAIL
caivsoa	AVAIL
kiavfei	AVAIL
rdekeat	AVAIL
glukfei	AVAIL
raiquoz	AVAIL
ltouvaink	AVAIL
skifuel	TAKEN
diortaira	AVAIL
beantnoa	AVAIL
skeirut	AVAIL
violdoza	AVAIL
naxeaor	AVAIL
vuzoav	AVAIL
naskoux	AVAIL
beaprenk	AVAIL
waurtoa	AVAIL
misio	TAKEN
kruliia	AVAIL
rulxu	AVAIL
xudug	AVAIL
grortiaor	AVAIL
tisain	TAKEN
giataisk	AVAIL
stoasious	AVAIL
kaiva	TAKEN
siasnaird	AVAIL
troardbia	AVAIL
fialed	AVAIL
snontai	AVAIL
meikraurn	AVAIL
saldi	TAKEN
freatoaon	AVAIL
gristaid	AVAIL
cainku	AVAIL
staldou	AVAIL
gloaka	AVAIL
clontia	AVAIL
romrnou	AVAIL
skimrau	AVAIL
hexoat	AVAIL
hionkata	AVAIL
roukoank	AVAIL
noafrax	AVAIL
xagoub	AVAIL
failtaima	AVAIL
krutrtoa	AVAIL
fokov	TAKEN
speazaiex	AVAIL
quaildrta	AVAIL
vigrkau	AVAIL
lirdstea	AVAIL
speikau	AVAIL
signtou	AVAIL
spogat	AVAIL
woubpo	AVAIL
brivfio	AVAIL
glegauan	AVAIL
spoubat	AVAIL
faulnea	AVAIL
gliopau	AVAIL
froulrko	AVAIL
douvsai	AVAIL
steigiold	AVAIL
toundiry	AVAIL
woskeiex	AVAIL
taukga	AVAIL
coastio	TAKEN
piobldio	AVAIL
slakoio	AVAIL
gairkiaz	AVAIL
munig	TAKEN
jurniol	AVAIL
kiafaip	AVAIL
slivldau	AVAIL
grioldaiz	AVAIL
teirailt	AVAIL
naiplend	AVAIL
naiheas	AVAIL
sliotai	AVAIL
gloskema	AVAIL
realek	AVAIL
teaprdu	AVAIL
deama	TAKEN
donkuer	AVAIL
ziantiar	AVAIL
plaikeaol	AVAIL
pleavei	AVAIL
fauntaior	AVAIL
mouzskau	AVAIL
prandia	TAKEN
houdub	AVAIL
mauhord	AVAIL
veskoust	AVAIL
reskea	AVAIL
jefiank	AVAIL
sioflairk	AVAIL
sloakta	AVAIL
grontu	AVAIL
slukiael	AVAIL
goatrouk	AVAIL
miamrkai	AVAIL
raufaip	AVAIL
claltaus	AVAIL
beihub	TAKEN
mounkaiel	AVAIL
buddoa	AVAIL
tufstia	AVAIL
glaunmu	AVAIL
clixauv	AVAIL
menean	TAKEN
beirnaix	AVAIL
staidnko	AVAIL
brionkaiz	AVAIL
tucloap	AVAIL
glearoil	AVAIL
dauvsu	AVAIL
preilaug	AVAIL
bujiov	AVAIL
wabaurt	AVAIL
fintio	TAKEN
hirkiala	AVAIL
sunait	TAKEN
baustia	AVAIL
peandsu	AVAIL
nkialairn	AVAIL
fleaza	TAKEN
hoantio	AVAIL
plardaurd	AVAIL
liastpia	AVAIL
lofrask	AVAIL
vourteg	AVAIL
streldu	AVAIL
grestu	AVAIL
quiseip	AVAIL
bilef	TAKEN
liobgo	AVAIL
rdioseild	AVAIL
testaina	AVAIL
sleiza	AVAIL
snoudauos	AVAIL
dortoa	AVAIL
brealaiel	AVAIL
kiokrda	AVAIL
spaxurk	AVAIL
demio	TAKEN
koastia	AVAIL
beiskert	AVAIL
rtefreax	AVAIL
braintdo	AVAIL
fobost	AVAIL
souliog	AVAIL
zudia	TAKEN
tiazauv	AVAIL
traundiok	AVAIL
titna	TAKEN
ziondeais	AVAIL
baini	TAKEN
rountgau	AVAIL
doanndea	AVAIL
liostrirk	AVAIL
muskuil	AVAIL
ntucauk	AVAIL
stornxa	AVAIL
liortiark	AVAIL
jernia	TAKEN
stunourd	AVAIL
koalias	TAKEN
souxor	AVAIL
snoaltlea	AVAIL
clobea	TAKEN
ntukriald	AVAIL
toaskoaly	AVAIL
flordrdau	AVAIL
riopoun	AVAIL
priarei	AVAIL
nkespiol	AVAIL
draumeen	AVAIL
nocreak	AVAIL
rdubeak	AVAIL
vavoul	AVAIL
droaltau	AVAIL
kupous	AVAIL
tatrtia	AVAIL
kruskzai	AVAIL
vesto	TAKEN
licraurd	AVAIL
ltiobag	AVAIL
ltusleib	AVAIL
seintio	AVAIL
snefaunt	AVAIL
faucrak	AVAIL
stunkema	AVAIL
peaclad	AVAIL
ltispaud	AVAIL
joaliop	AVAIL
junki	TAKEN
violoug	AVAIL
finoast	AVAIL
teakib	AVAIL
detraurt	AVAIL
friarkiil	AVAIL
ltiafrem	AVAIL
biarez	TAKEN
vofail	AVAIL
xibraim	AVAIL
loukgu	AVAIL
soagfi	AVAIL
carkiava	AVAIL
meandio	TAKEN
cisrdoa	AVAIL
koazltio	AVAIL
lopurt	AVAIL
cleintoon	AVAIL
zeknku	AVAIL
skeirkfio	AVAIL
cirauld	AVAIL
spiomio	AVAIL
grautdai	AVAIL
quanta	TAKEN
kraizrdai	AVAIL
stauwaub	AVAIL
jouku	TAKEN
fauskrtoa	AVAIL
jemltea	AVAIL
cunkauva	AVAIL
liontrkai	AVAIL
flaixirn	AVAIL
vaikpu	AVAIL
trildouon	AVAIL
rdoukat	AVAIL
vaubaur	AVAIL
pomfau	AVAIL
nuxeg	AVAIL
griortoun	AVAIL
xaiquaild	AVAIL
craistea	AVAIL
prestal	TAKEN
quaultsi	AVAIL
leispiont	AVAIL
plionkuex	AVAIL
ziamgoa	AVAIL
fleixonk	AVAIL
ldoapeiz	AVAIL
niageax	AVAIL
wiasku	AVAIL
glainev	AVAIL
regndai	AVAIL
caxeira	AVAIL
ntecleart	AVAIL
kroataurt	AVAIL
tustrust	AVAIL
preaxea	AVAIL
dourtid	AVAIL
votiand	AVAIL
nainkury	AVAIL
founeis	AVAIL
tiloard	AVAIL
leirnioor	AVAIL
betraig	AVAIL
lialteol	AVAIL
zoagno	AVAIL
giodoask	AVAIL
croazlea	AVAIL
grumiaas	AVAIL
leindeiyx	AVAIL
feimunt	AVAIL
spiankau	AVAIL
zurnto	AVAIL
voadvi	AVAIL
jamai	TAKEN
cliordand	AVAIL
warkaint	AVAIL
skiandio	AVAIL
clefouor	AVAIL
crovip	TAKEN
bebrold	AVAIL
glaidbai	AVAIL
fiordaik	AVAIL
verkon	TAKEN
snoltrkoa	AVAIL
pairdind	AVAIL
goartvai	AVAIL
giastrios	AVAIL
skaumai	AVAIL
triantort	AVAIL
nandama	AVAIL
crugio	AVAIL
pealov	TAKEN
jeabeza	AVAIL
preagiaer	AVAIL
rkaquib	AVAIL
kugrunt	AVAIL
speirniv	AVAIL
stiajon	AVAIL
launoun	AVAIL
clordeark	AVAIL
closkrnea	AVAIL
beiska	TAKEN
spoabia	AVAIL
ntosloark	AVAIL
caunkof	AVAIL
criodau	AVAIL
queartoaz	AVAIL
rkequeid	AVAIL
sneimndou	AVAIL
touslaid	AVAIL
trendi	TAKEN
marbia	TAKEN
trentau	AVAIL
fepask	AVAIL
deifraum	AVAIL
kreataon	AVAIL
draundiof	AVAIL
skiofark	AVAIL
kreantu	AVAIL
xeiwior	AVAIL
slourkont	AVAIL
nirduon	AVAIL
daixoald	AVAIL
plaldlto	AVAIL
kiagik	AVAIL
saiskskea	AVAIL
dastuan	AVAIL
vefoaas	AVAIL
glitia	TAKEN
fiaroant	AVAIL
piacroalt	AVAIL
putaid	AVAIL
slolnoa	AVAIL
preaftea	AVAIL
riartiova	AVAIL
prouloa	AVAIL
kespoab	AVAIL
graubiat	AVAIL
skofeiv	AVAIL
flepiao	AVAIL
troandom	AVAIL
cloaseza	AVAIL
sleaboun	AVAIL
kuprarn	AVAIL
ntoacreb	AVAIL
vurdes	AVAIL
ploupauva	AVAIL
mionourn	AVAIL
stotoaza	AVAIL
flila	TAKEN
hodrdi	AVAIL
skiobrou	AVAIL
poasialt	AVAIL
rdeiquaun	AVAIL
fotdai	AVAIL
dodoaor	AVAIL
florkaer	AVAIL
skoabial	AVAIL
miarturn	AVAIL
konkxou	AVAIL
ripeard	AVAIL
crorkio	AVAIL
frelldei	AVAIL
pauneilt	AVAIL
steavei	AVAIL
jaupo	AVAIL
custouor	AVAIL
skodirn	AVAIL
rdevut	AVAIL
brianio	AVAIL
riondou	AVAIL
ziarkpio	AVAIL
triobeig	AVAIL
boagaus	AVAIL
broubou	AVAIL
heiftea	AVAIL
soadu	TAKEN
femauv	AVAIL
vigrust	AVAIL
sosvai	AVAIL
meisu	TAKEN
deltav	TAKEN
glestain	TAKEN
preartoa	AVAIL
gaitnti	AVAIL
giornoix	AVAIL
mouglont	AVAIL
flupi	TAKEN
werdlio	AVAIL
faideird	AVAIL
strouzio	AVAIL
reaseik	AVAIL
faiprird	AVAIL
ceiba	TAKEN
noundiorn	AVAIL
grearnork	AVAIL
strouvayx	AVAIL
naijard	TAKEN
grartauna	AVAIL
totoama	AVAIL
zineat	AVAIL
zeatkou	AVAIL
hurkrdio	AVAIL
hartount	AVAIL
clouvfoa	AVAIL
cukioer	AVAIL
ndeitauk	AVAIL
slirtoma	AVAIL
laugast	AVAIL
soucliok	AVAIL
purki	TAKEN
gourdup	AVAIL
roupend	AVAIL
plourfea	AVAIL
tultua	AVAIL
tiadi	TAKEN
lealtfei	AVAIL
greariala	AVAIL
bragad	TAKEN
preizel	AVAIL
streixes	AVAIL
florkeask	AVAIL
gragien	AVAIL
preasoast	AVAIL
tionust	AVAIL
fleatoaor	AVAIL
boudit	TAKEN
crurkbei	AVAIL
krundira	AVAIL
fraukeais	AVAIL
volea	TAKEN
koaltza	AVAIL
floukei	AVAIL
saintio	TAKEN
stintaol	AVAIL
laiplux	AVAIL
distei	AVAIL
cleskiar	AVAIL
triadvu	AVAIL
breiskauk	AVAIL
reibiost	AVAIL
wairdia	AVAIL
saitrab	AVAIL
foudlda	AVAIL
flaxau	AVAIL
broardez	AVAIL
dreistuil	AVAIL
nkodort	AVAIL
jalai	TAKEN
hoarnuer	AVAIL
piotreap	AVAIL
keileon	TAKEN
vagliart	AVAIL
zoanskoa	AVAIL
dauxtea	AVAIL
plougntea	AVAIL
snairdeg	AVAIL
nkenisk	AVAIL
noahiask	AVAIL
strapbia	AVAIL
nkuspiak	AVAIL
loarkol	AVAIL
peacrat	AVAIL
pidou	TAKEN
clouza	TAKEN
strailtoa	AVAIL
mestoa	AVAIL
crintoor	AVAIL
vebag	TAKEN
graizu	AVAIL
boandvo	AVAIL
floavsia	AVAIL
rtakrot	AVAIL
ciankoary	AVAIL
meastian	AVAIL
tialtoaf	AVAIL
teskioon	AVAIL
lounkouan	AVAIL
muboup	AVAIL
zeitso	AVAIL
stospauf	AVAIL
friandi	AVAIL
viarnrdi	AVAIL
pliaskmia	AVAIL
cloudoas	AVAIL
steicot	AVAIL
pirta	TAKEN
saurkstei	AVAIL
trerdia	AVAIL
waxod	AVAIL
jioskoank	AVAIL
kroneta	AVAIL
hertoa	AVAIL
nureg	TAKEN
tomfea	AVAIL
plubai	AVAIL
geprean	AVAIL
niarkska	AVAIL
wezast	TAKEN
sextia	TAKEN
roakaon	AVAIL
munkaird	AVAIL
snearfoa	AVAIL
goufird	AVAIL
nkaiheas	AVAIL
snunkioa	AVAIL
criortaly	AVAIL
quairkam	AVAIL
skaurkiva	AVAIL
paupa	TAKEN
loasliad	AVAIL
doawaurk	AVAIL
kinti	TAKEN
drartoub	AVAIL
brioviona	AVAIL
gauxnkio	AVAIL
flamu	TAKEN
zavoam	AVAIL
wiondeiix	AVAIL
giordnai	AVAIL
rkasneim	AVAIL
ldecliork	AVAIL
traxo	TAKEN
wurvai	AVAIL
diontmou	AVAIL
trilda	TAKEN
nugsai	AVAIL
peafaurn	AVAIL
kiohaurn	AVAIL
gasound	TAKEN
hozaex	AVAIL
wankaula	AVAIL
xiafrirt	AVAIL
griadeilt	AVAIL
piadriond	AVAIL
serdaos	AVAIL
ltougreap	AVAIL
tiabily	AVAIL
crairkou	AVAIL
striopu	AVAIL
strodndia	AVAIL
triaza	TAKEN
clauveex	AVAIL
gebera	TAKEN
cunklai	AVAIL
speikiop	AVAIL
snufouz	AVAIL
purtoa	AVAIL
saudriox	AVAIL
stiordkau	AVAIL
fiafrig	AVAIL
kontrtio	AVAIL
rkoawiold	AVAIL
stoamus	AVAIL
wordoum	AVAIL
skevoust	AVAIL
liceiz	AVAIL
laufreig	AVAIL
stoukien	AVAIL
ldiozead	AVAIL
sourrtou	AVAIL
pevert	AVAIL
roazon	TAKEN
staikelt	AVAIL
rdoused	AVAIL
parrnio	AVAIL
grairna	AVAIL
doaplauv	AVAIL
giafbau	AVAIL
kaindiop	AVAIL
stiafliol	AVAIL
diakltei	AVAIL
debeist	AVAIL
ndopoank	AVAIL
trealior	AVAIL
demai	TAKEN
telnkou	AVAIL
conkear	AVAIL
mebroud	AVAIL
gekeaen	AVAIL
sloarkai	AVAIL
tapurn	AVAIL
roavaol	AVAIL
stunteil	AVAIL
voagank	AVAIL
gliantaa	AVAIL
rouvaunk	AVAIL
vubeiz	AVAIL
kruldstu	AVAIL
kreppei	AVAIL
quonteirt	AVAIL
bratu	TAKEN
daintup	AVAIL
trospau	AVAIL
quertoa	AVAIL
bipreirk	AVAIL
kousla	AVAIL
prankska	AVAIL
grortel	AVAIL
reroax	AVAIL
clotaink	AVAIL
pinen	TAKEN
briornvu	AVAIL
griaskeex	AVAIL
ntowid	AVAIL
zeidonk	AVAIL
goxialy	AVAIL
drortsio	AVAIL
clugei	AVAIL
giaxeid	AVAIL
zegai	TAKEN
krandaon	AVAIL
skoucek	AVAIL
zustarn	AVAIL
zeseag	AVAIL
snoarko	AVAIL
ceizeg	AVAIL
sliskaif	AVAIL
neabaip	AVAIL
zuslil	AVAIL
nipoul	AVAIL
griovounk	AVAIL
rteispaup	AVAIL
tiarteix	AVAIL
friapaup	AVAIL
meiskiom	AVAIL
trauldux	AVAIL
getauil	AVAIL
souxu	TAKEN
rdauclurd	AVAIL
fouskrdea	AVAIL
tolltou	AVAIL
sniltail	AVAIL
liandaula	AVAIL
sposksko	AVAIL
breagdia	AVAIL
jouskndou	AVAIL
flaudnoa	AVAIL
liastreas	AVAIL
greinkola	AVAIL
herea	TAKEN
stroukaly	AVAIL
baski	TAKEN
rioskkau	AVAIL
tiakriant	AVAIL
kaukox	AVAIL
baustei	AVAIL
nuslaup	AVAIL
wefoara	AVAIL
genkei	TAKEN
rufiont	AVAIL
fliadis	AVAIL
mourtndau	AVAIL
taskoula	AVAIL
prunaier	AVAIL
waldias	AVAIL
drinxi	TAKEN
cifldei	AVAIL
rnitrask	AVAIL
kraugau	AVAIL
liarnvoa	AVAIL
liazat	AVAIL
snafa	TAKEN
naufid	AVAIL
dirtai	TAKEN
karoan	AVAIL
grouza	AVAIL
rkeitand	AVAIL
teigstio	AVAIL
rtiacaut	AVAIL
wauzroa	AVAIL
priornrko	AVAIL
cekndea	AVAIL
spaukai	AVAIL
liclout	AVAIL
spausskoa	AVAIL
gofauor	AVAIL
mostna	AVAIL
slaildoa	AVAIL
crouskria	AVAIL
gluprkea	AVAIL
zoafiord	AVAIL
ciabim	TAKEN
soarrnu	AVAIL
reflian	AVAIL
slintta	TAKEN
vamxu	AVAIL
streirtoa	AVAIL
xasleal	AVAIL
mirtuas	AVAIL
sistiort	AVAIL
trianksea	AVAIL
zeicain	AVAIL
krairtio	AVAIL
liasiarn	AVAIL
fianklti	AVAIL
clontaunt	AVAIL
rialeik	AVAIL
baubrold	AVAIL
raustreid	AVAIL
skardeaum	AVAIL
frauxona	AVAIL
preskak	AVAIL
fleitouex	AVAIL
strunkei	AVAIL
tauzaid	AVAIL
skendeiex	AVAIL
fleiria	AVAIL
glioznta	AVAIL
ciomiand	AVAIL
siosti	AVAIL
fragbea	AVAIL
wogaid	AVAIL
skaberd	AVAIL
striarau	AVAIL
viarar	AVAIL
grankaid	AVAIL
creibbea	AVAIL
roanan	TAKEN
loula	TAKEN
tusload	AVAIL
roaskaum	AVAIL
surdea	TAKEN
ltosleil	AVAIL
waskeily	AVAIL
slixoa	AVAIL
bigleant	AVAIL
queipeark	AVAIL
ldoquiog	AVAIL
kiaquev	AVAIL
ldaspint	AVAIL
medard	TAKEN
jiadausk	AVAIL
treigkau	AVAIL
droagea	AVAIL
beageus	AVAIL
spuvou	AVAIL
flutouel	AVAIL
dausteaen	AVAIL
loafana	AVAIL
denkeam	AVAIL
huski	TAKEN
celtroa	AVAIL
krouteol	AVAIL
claubstia	AVAIL
siasrnu	AVAIL
stourdtou	AVAIL
ziclag	AVAIL
seineist	AVAIL
xispiaf	AVAIL
moufein	AVAIL
steizai	AVAIL
rildealt	AVAIL
croxio	TAKEN
skadeil	AVAIL
jeagntio	AVAIL
voldiaos	AVAIL
floadeig	AVAIL
ndicrear	AVAIL
stroatom	AVAIL
frinkoa	AVAIL
xiaclask	AVAIL
maifol	AVAIL
pealdmea	AVAIL
pribstai	AVAIL
nkuniot	AVAIL
frapo	TAKEN
slantios	AVAIL
prunza	TAKEN
rdiofait	AVAIL
speirti	AVAIL
veskioza	AVAIL
streapi	AVAIL
rdaiglint	AVAIL
fliobaund	AVAIL
clautrkio	AVAIL
courtioly	AVAIL
ninti	TAKEN
fiamata	TAKEN
diastaisk	AVAIL
leidrat	AVAIL
vougdei	AVAIL
vauzaurd	AVAIL
glofei	AVAIL
stovia	TAKEN
piastrap	AVAIL
raintfea	AVAIL
ntavand	AVAIL
laicriast	AVAIL
koarkat	AVAIL
rtiawist	AVAIL
goxstou	AVAIL
naufliord	AVAIL
frainka	AVAIL
ndoustal	AVAIL
grouvri	AVAIL
beitnto	AVAIL
kreimau	AVAIL
fliofas	AVAIL
cliartzi	AVAIL
rdoagronk	AVAIL
skeidntau	AVAIL
meavask	AVAIL
cralnto	AVAIL
boasneisk	AVAIL
kaicast	TAKEN
palei	TAKEN
miaquox	AVAIL
ldeastiax	AVAIL
wioblia	AVAIL
frondoar	AVAIL
freirnfo	AVAIL
nauhent	AVAIL
saurka	AVAIL
ldugleag	AVAIL
slausuor	AVAIL
heirtaian	AVAIL
straitnai	AVAIL
laintaita	AVAIL
kazond	AVAIL
routiam	AVAIL
keiko	TAKEN
drealdga	AVAIL
krortvia	AVAIL
drireild	AVAIL
geirdurd	AVAIL
pruxog	AVAIL
leiflurt	AVAIL
breikeiel	AVAIL
xiodroug	AVAIL
ntaronk	AVAIL
nkaufiark	AVAIL
rordairt	AVAIL
strainea	AVAIL
zodrerk	AVAIL
spiakurn	AVAIL
rteigoank	AVAIL
viafo	TAKEN
tokgo	TAKEN
jidoza	AVAIL
groateiil	AVAIL
gourtaist	AVAIL
diotso	AVAIL
lteiveink	AVAIL
raldei	AVAIL
zapeax	AVAIL
plailoa	AVAIL
ndesliork	AVAIL
hardaiil	AVAIL
fezaist	AVAIL
windai	TAKEN
graufnkei	AVAIL
droaldei	AVAIL
clindndo	AVAIL
zauslaurd	AVAIL
foultea	AVAIL
tokion	TAKEN
hasrdou	AVAIL
braistmai	AVAIL
glazgio	AVAIL
glarei	AVAIL
zourdndi	AVAIL
saudirk	AVAIL
nkeister	AVAIL
vildauz	AVAIL
saurkib	AVAIL
raiweint	AVAIL
ploumeaex	AVAIL
cliazauas	AVAIL
caurtltou	AVAIL
siartoa	AVAIL
crindbo	AVAIL
niahaist	AVAIL
gomnkia	AVAIL
mijeist	AVAIL
zourtoav	AVAIL
praupouk	AVAIL
ploabauna	AVAIL
bountaup	AVAIL
plaizo	TAKEN
cleazxau	AVAIL
skaiskop	AVAIL
snomeaa	AVAIL
cigfou	AVAIL
measolt	AVAIL
piovzoa	AVAIL
gaudiag	AVAIL
jiordou	AVAIL
houmaup	AVAIL
wailein	AVAIL
valoax	AVAIL
fantntau	AVAIL
reanaind	AVAIL
drarkau	AVAIL
sauntaiz	AVAIL
rauntio	AVAIL
jozstei	AVAIL
joapiast	AVAIL
traipoa	AVAIL
driabou	AVAIL
striandma	AVAIL
regau	TAKEN
rkioslem	AVAIL
makroab	AVAIL
riosoab	AVAIL
taipurn	TAKEN
sponust	AVAIL
fakltai	AVAIL
pluxaist	AVAIL
spiamstai	AVAIL
daukskio	AVAIL
crankldi	AVAIL
doultound	AVAIL
plizea	AVAIL
spapaon	AVAIL
nisleink	AVAIL
strariob	AVAIL
rteiclig	AVAIL
croalau	AVAIL
fauskag	AVAIL
skipausk	AVAIL
kroafuld	AVAIL
treltunt	AVAIL
laitiask	AVAIL
gaultix	AVAIL
frivald	AVAIL
drioxmei	AVAIL
xaukag	AVAIL
ldaurailt	AVAIL
lteitar	AVAIL
heildo	AVAIL
hoazax	AVAIL
pizoas	AVAIL
rkioliox	AVAIL
lusrti	AVAIL
kaistaix	AVAIL
sleazous	AVAIL
zeildsi	AVAIL
spaizxea	AVAIL
rteagruld	AVAIL
breipu	AVAIL
riaprkau	AVAIL
heirnsa	AVAIL
heixayx	AVAIL
nducliont	AVAIL
kutio	TAKEN
waurnaion	AVAIL
skamxa	AVAIL
driogou	AVAIL
kriordsio	AVAIL
vaibog	AVAIL
gloumed	TAKEN
crofgio	AVAIL
slougto	AVAIL
borkus	TAKEN
pleivouex	AVAIL
lortnkau	AVAIL
gailtea	AVAIL
krauzia	AVAIL
respairn	AVAIL
skixius	AVAIL
soltioos	AVAIL
queni	TAKEN
xaustrusk	AVAIL
stepia	TAKEN
nausta	TAKEN
coaxskea	AVAIL
jairkea	AVAIL
kiskound	AVAIL
quiardto	AVAIL
spoapiont	AVAIL
slenrdo	AVAIL
frioxuna	AVAIL
rosnos	TAKEN
droskrtau	AVAIL
mordeiry	AVAIL
ltauflap	AVAIL
seartet	AVAIL
nkaunaip	AVAIL
braisou	AVAIL
fliaxu	AVAIL
joaldely	AVAIL
snemnta	AVAIL
spiovaas	AVAIL
hivmu	TAKEN
biantldoa	AVAIL
leirkkoa	AVAIL
boakrex	AVAIL
glulei	AVAIL
rnoaprunk	AVAIL
sleivil	AVAIL
craziol	AVAIL
snuldoa	AVAIL
vealtoary	AVAIL
raunturn	AVAIL
dreadiar	AVAIL
kimeiz	AVAIL
rdoastren	AVAIL
deafriab	AVAIL
hanpi	TAKEN
zeizra	AVAIL
strexou	AVAIL
prerdo	AVAIL
sperkuma	AVAIL
wiolgu	AVAIL
spixo	TAKEN
flourenk	AVAIL
staldailt	AVAIL
prearkeor	AVAIL
grasria	AVAIL
pauntut	AVAIL
stoukaim	AVAIL
stiokia	AVAIL
greskio	AVAIL
koastad	AVAIL
brusea	AVAIL
dristous	AVAIL
ternaut	AVAIL
ltiawust	AVAIL
rioso	TAKEN
nosliold	AVAIL
fearrkau	AVAIL
foaza	TAKEN
gliazoand	AVAIL
spaipoa	AVAIL
fauni	TAKEN
rtiaglurd	AVAIL
grerdous	AVAIL
flaitmoa	AVAIL
loubreiz	AVAIL
krontalt	AVAIL
sousa	TAKEN
dreipalt	AVAIL
stixoa	AVAIL
frendoal	AVAIL
grurava	AVAIL
maujaus	AVAIL
grairkia	AVAIL
soaleast	AVAIL
trotlio	AVAIL
skoacult	AVAIL
ndibud	AVAIL
readeird	AVAIL
snauldei	AVAIL
kriagausk	AVAIL
cleltrdo	AVAIL
rekroum	AVAIL
bumauex	AVAIL
foarkeisk	AVAIL
clafbou	AVAIL
rokeix	AVAIL
fuguer	TAKEN
pleitoaix	AVAIL
wakouk	AVAIL
graulioor	AVAIL
pritiond	AVAIL
glasxa	AVAIL
haulo	TAKEN
proabok	AVAIL
prouzialt	AVAIL
doukiar	AVAIL
mikouf	AVAIL
clauzeink	AVAIL
vauxeist	AVAIL
rneakreak	AVAIL
stiozeard	AVAIL
rdoasaild	AVAIL
giafnou	AVAIL
zakialt	AVAIL
fleknoa	AVAIL
trugearn	AVAIL
bendoex	AVAIL
banub	TAKEN
paneiil	AVAIL
toundious	AVAIL
criordeil	AVAIL
zeiglet	TAKEN
sirdou	AVAIL
sterdaink	AVAIL
liagoab	AVAIL
kiaclauv	AVAIL
poarkrdau	AVAIL
teapaug	AVAIL
laussko	AVAIL
zotpio	AVAIL
rkaikart	AVAIL
skeadntea	AVAIL
croasri	AVAIL
wurdia	TAKEN
snaulstea	AVAIL
briontai	AVAIL
quamnea	AVAIL
ltiafrusk	AVAIL
paufrent	AVAIL
simask	TAKEN
deipvia	AVAIL
jurdaila	AVAIL
birtard	AVAIL
ziocaib	AVAIL
timary	TAKEN
snurnu	AVAIL
snougeirn	AVAIL
deamoux	AVAIL
grioxuna	AVAIL
ndouplun	AVAIL
waskialt	AVAIL
groankea	AVAIL
snoaltbea	AVAIL
gliartauk	AVAIL
friopioar	AVAIL
hazealt	AVAIL
ntiosnok	AVAIL
draurdol	AVAIL
brefdi	AVAIL
mouquan	TAKEN
joartouar	AVAIL
kaudfea	AVAIL
paigoas	AVAIL
dauvult	AVAIL
nusti	TAKEN
joaskrdi	AVAIL
stioltxo	AVAIL
prealtai	AVAIL
krairdso	AVAIL
piobeird	AVAIL
stomeilt	AVAIL
zairkouix	AVAIL
vetrauv	AVAIL
graldauis	AVAIL
sioraup	AVAIL
flirtrtia	AVAIL
stioput	AVAIL
skaldfo	AVAIL
noxeama	AVAIL
gliobrtio	AVAIL
streidbea	AVAIL
pairkeyx	AVAIL
distau	TAKEN
tredeat	AVAIL
zeibriarn	AVAIL
brotu	TAKEN
draunturd	AVAIL
glaivo	TAKEN
nifiot	AVAIL
fliandu	AVAIL
sniordant	AVAIL
quauktu	AVAIL
stiazait	AVAIL
steisoum	AVAIL
stovool	AVAIL
kioneaz	AVAIL
stospiol	AVAIL
gaskrtu	AVAIL
vaiska	TAKEN
steagourk	AVAIL
floultio	AVAIL
struriala	AVAIL
glavast	AVAIL
frouvayx	AVAIL
sloufnkia	AVAIL
nuldir	AVAIL
xeiceit	AVAIL
hoaldeira	AVAIL
tiogroust	AVAIL
crioltu	AVAIL
braiglti	AVAIL
ldeasliax	AVAIL
taijias	AVAIL
rtiofront	AVAIL
dufrnai	AVAIL
seana	TAKEN
spiliond	AVAIL
lereip	AVAIL
sobialt	AVAIL
sionko	AVAIL
ziafag	AVAIL
riabiax	AVAIL
fentart	TAKEN
proankua	AVAIL
leiltorn	AVAIL
snustltu	AVAIL
carka	TAKEN
fauskouyx	AVAIL
zaukiont	AVAIL
dedia	TAKEN
vidoaf	AVAIL
ceiltaunt	AVAIL
krouvgo	AVAIL
kontail	AVAIL
skioslib	AVAIL
quoalrtu	AVAIL
friosrkau	AVAIL
claski	TAKEN
vagink	AVAIL
crigok	AVAIL
glouki	AVAIL
feimiond	AVAIL
feaboak	AVAIL
snudu	TAKEN
crouziarn	AVAIL
zaugldoa	AVAIL
woanzia	AVAIL
sleildia	AVAIL
speifea	AVAIL
tauluta	AVAIL
baipas	TAKEN
gaurdu	AVAIL
skaundou	AVAIL
giomeist	AVAIL
sufloat	AVAIL
snintail	AVAIL
nteaslon	AVAIL
gliteaon	AVAIL
stoutail	AVAIL
vairkoen	AVAIL
spoaleien	AVAIL
krounkiak	AVAIL
feankai	AVAIL
natea	TAKEN
griola	TAKEN
beimault	AVAIL
ldukreir	AVAIL
froufeiz	AVAIL
poumist	AVAIL
peiveag	AVAIL
steastzia	AVAIL
brialdiz	AVAIL
stontstei	AVAIL
fliozaurn	AVAIL
dristai	AVAIL
loundirt	AVAIL
vourdium	AVAIL
drarkouv	AVAIL
clioteirt	AVAIL
plirtldu	AVAIL
nkufleask	AVAIL
niafrouk	AVAIL
drairkerk	AVAIL
strerkia	AVAIL
giakreink	AVAIL
rtekaik	AVAIL
sasko	TAKEN
ntoplef	AVAIL
steasrnea	AVAIL
creartoel	AVAIL
fistria	AVAIL
kirner	TAKEN
clauxnda	AVAIL
texza	TAKEN
brikntea	AVAIL
ndugleif	AVAIL
rneazak	AVAIL
vaisnauk	AVAIL
pagrox	TAKEN
vejould	AVAIL
mourast	AVAIL
freleia	AVAIL
rnicrairt	AVAIL
skoantgea	AVAIL
spailrdo	AVAIL
rtiaroan	AVAIL
ldoproab	AVAIL
piaxski	AVAIL
grouxous	AVAIL
grinkind	AVAIL
portrtou	AVAIL
quaundaz	AVAIL
skiaskiaa	AVAIL
crarnioel	AVAIL
teartaiex	AVAIL
crudma	AVAIL
tesei	TAKEN
xusoark	AVAIL
gianux	AVAIL
kiastei	AVAIL
tiordaiz	AVAIL
roasnaib	AVAIL
heiltldau	AVAIL
feadeib	AVAIL
piordia	AVAIL
quetiask	AVAIL
proumaiil	AVAIL
beiraly	AVAIL
giarim	AVAIL
saislailt	AVAIL
strizouta	AVAIL
skomof	AVAIL
raitaun	AVAIL
poarkirn	AVAIL
tiodnkio	AVAIL
speltona	AVAIL
woutskei	AVAIL
vagea	TAKEN
sousnti	AVAIL
kastraild	AVAIL
murdrno	AVAIL
slamak	TAKEN
naunkai	AVAIL
spentind	AVAIL
clonu	TAKEN
lteigug	AVAIL
zoaspairt	AVAIL
quiaskboa	AVAIL
saudkei	AVAIL
rdiliost	AVAIL
rournod	AVAIL
laivsia	AVAIL
reiriost	AVAIL
kriopeaus	AVAIL
salio	TAKEN
rkiokig	AVAIL
weirdeaf	AVAIL
skoazoark	AVAIL
ndaukraib	AVAIL
snourunt	AVAIL
caundaiix	AVAIL
stouboust	AVAIL
roankei	AVAIL
toufap	AVAIL
kadei	TAKEN
broumeam	AVAIL
firkntau	AVAIL
draski	TAKEN
sauzirt	AVAIL
tisaut	AVAIL
spegiata	AVAIL
snealdau	AVAIL
crirtaia	AVAIL
criokold	AVAIL
taugrount	AVAIL
zaifex	AVAIL
skufuon	AVAIL
sneaxiorn	AVAIL
dikrit	AVAIL
zeamltoa	AVAIL
coardod	AVAIL
striogaer	AVAIL
roundout	TAKEN
dirtend	TAKEN
druniob	AVAIL
greitai	TAKEN
spiba	TAKEN
rdauslurd	AVAIL
grasxai	AVAIL
stoafxa	AVAIL
ceardia	AVAIL
stroanti	AVAIL
skoasiel	AVAIL
driarduza	AVAIL
gledoa	AVAIL
staukoaix	AVAIL
clabei	AVAIL
snainia	AVAIL
saijaut	AVAIL
ndiafliot	AVAIL
ritauv	AVAIL
snepely	AVAIL
jourklia	AVAIL
dupaint	TAKEN
voanrkoa	AVAIL
mafaiz	AVAIL
sneagea	AVAIL
ndosaik	AVAIL
naizoul	AVAIL
skeixlti	AVAIL
driamei	AVAIL
sneintvo	AVAIL
caitoand	AVAIL
flexaza	TAKEN
ziariad	AVAIL
jaurkuix	AVAIL
renkialt	AVAIL
krainei	AVAIL
carkaer	TAKEN
mauvauk	AVAIL
trearkou	AVAIL
voundauol	AVAIL
rontiio	AVAIL
rkicrenk	AVAIL
ruzard	TAKEN
boultou	AVAIL
ndoacran	AVAIL
rdizirk	AVAIL
speviava	AVAIL
skioflof	AVAIL
weamldo	AVAIL
kekux	AVAIL
speireif	AVAIL
flouvouly	AVAIL
naino	TAKEN
gofrto	AVAIL
kiowauk	AVAIL
spouznau	AVAIL
steacroaf	AVAIL
vaufrurn	AVAIL
weidrnio	AVAIL
briomo	TAKEN
kaiskeina	AVAIL
sneigdo	AVAIL
spumoa	AVAIL
spertbou	AVAIL
flournau	AVAIL
toaldaan	AVAIL
krabord	AVAIL
slatosk	AVAIL
quoupourk	AVAIL
clounxou	AVAIL
nikead	TAKEN
prouzu	AVAIL
tiabird	AVAIL
faurkgai	AVAIL
krepoa	TAKEN
poultoail	AVAIL
peabrnou	AVAIL
beixo	TAKEN
cleipind	AVAIL
badrauld	AVAIL
criltei	AVAIL
gozius	AVAIL
frauskais	AVAIL
guseint	AVAIL
brauntni	AVAIL
rkoaspild	AVAIL
keidriar	AVAIL
broustiix	AVAIL
flautar	AVAIL
sionkdei	AVAIL
nearti	TAKEN
wirtnei	AVAIL
gesouas	AVAIL
spadoa	AVAIL
skujoup	AVAIL
stronkia	AVAIL
woankei	AVAIL
toazri	AVAIL
kundiork	AVAIL
slekzia	AVAIL
driarog	AVAIL
glaito	AVAIL
kionkaind	AVAIL
graivmoa	AVAIL
querdio	AVAIL
beasourd	AVAIL
gandi	TAKEN
dreazeat	AVAIL
quenu	TAKEN
priankeaf	AVAIL
slortpoa	AVAIL
heantialt	AVAIL
skoumiorn	AVAIL
neasku	AVAIL
clubauo	AVAIL
nuhaiv	AVAIL
voapiax	AVAIL
koucent	AVAIL
taizfia	AVAIL
skorarn	AVAIL
rukiot	AVAIL
ltoaslorn	AVAIL
cramait	AVAIL
snezair	AVAIL
preipo	TAKEN
cindpoa	AVAIL
nealto	AVAIL
rirai	TAKEN
ltasteark	AVAIL
naunkaid	AVAIL
raurto	AVAIL
dreafrna	AVAIL
clazaurd	AVAIL
coultia	AVAIL
skoxko	AVAIL
soadaist	AVAIL
spairtast	AVAIL
waildndei	AVAIL
slorioa	AVAIL
skeibrdo	AVAIL
clonalt	AVAIL
loakiov	AVAIL
sneavltou	AVAIL
daisniant	AVAIL
broasai	AVAIL
spiaskpi	AVAIL
slidu	TAKEN
rtiameirt	AVAIL
slankaila	AVAIL
tiapkea	AVAIL
pliolu	AVAIL
piankuis	AVAIL
nkeilausk	AVAIL
zipei	TAKEN
veankru	AVAIL
droaxma	AVAIL
pliantrta	AVAIL
steltea	AVAIL
kountiza	AVAIL
tionias	AVAIL
credai	TAKEN
fliapouz	AVAIL
veardou	AVAIL
gaifesk	AVAIL
ldulab	AVAIL
dankgi	AVAIL
papliz	AVAIL
gruxeala	AVAIL
lilduf	AVAIL
keinkeily	AVAIL
slaidauar	AVAIL
draixntau	AVAIL
breisek	AVAIL
rniapleid	AVAIL
naumaup	AVAIL
beirto	AVAIL
reltai	AVAIL
pelrkai	AVAIL
groutiol	AVAIL
pearnmai	AVAIL
glardox	AVAIL
geicost	AVAIL
toadurn	AVAIL
saultiex	AVAIL
veisut	AVAIL
skinteiz	AVAIL
driodau	AVAIL
sarstio	AVAIL
skoaspirt	AVAIL
caugeg	AVAIL
kordiog	AVAIL
vonkiail	AVAIL
vakeist	AVAIL
juxsia	AVAIL
doatndei	AVAIL
priobsea	AVAIL
glaino	AVAIL
claisouf	AVAIL
cleirkeap	AVAIL
feagloank	AVAIL
doultnko	AVAIL
wupvoa	AVAIL
clonkauer	AVAIL
broatea	AVAIL
ntaikrunt	AVAIL
stroutiod	AVAIL
tuntei	TAKEN
criabria	AVAIL
veiltau	AVAIL
zairdioza	AVAIL
slortnkio	AVAIL
proulura	AVAIL
nordgoa	AVAIL
rtarid	AVAIL
gloprtai	AVAIL
brendu	TAKEN
gaildei	AVAIL
grarnea	AVAIL
cleilima	AVAIL
prartbou	AVAIL
kreadeiex	AVAIL
lairdi	AVAIL
skoakiz	AVAIL
sluvbai	AVAIL
criortaum	AVAIL
liankiont	AVAIL
gleildurn	AVAIL
floarnto	AVAIL
trauxiord	AVAIL
kiostred	AVAIL
sapeiar	AVAIL
quoarnlou	AVAIL
coskuta	AVAIL
noltai	TAKEN
zakina	TAKEN
faigrurk	AVAIL
fuskou	AVAIL
trouvea	TAKEN
glozuas	AVAIL
diordoex	AVAIL
ntaquout	AVAIL
staxionk	AVAIL
skairoap	AVAIL
ltauwum	AVAIL
plisxia	AVAIL
boultuon	AVAIL
nastonk	TAKEN
vialdai	AVAIL
goaskild	AVAIL
skiagloul	AVAIL
krondia	AVAIL
ltaiwaurn	AVAIL
graurkeif	AVAIL
ldicealt	AVAIL
niatoust	AVAIL
slauvema	AVAIL
nospiom	AVAIL
gardfio	AVAIL
zuhiord	AVAIL
spialtiaz	AVAIL
niolttoa	AVAIL
glardrna	AVAIL
doatroud	AVAIL
brousti	AVAIL
paunoz	AVAIL
deintaum	AVAIL
straifpei	AVAIL
paurkrkea	AVAIL
geisneid	AVAIL
skeiziana	AVAIL
quinkntai	AVAIL
gloampea	AVAIL
genkauis	AVAIL
berdu	TAKEN
gartia	TAKEN
kraiskgu	AVAIL
plokouex	AVAIL
skoxoa	AVAIL
treprdau	AVAIL
draugand	AVAIL
wioskno	AVAIL
stiatrif	AVAIL
koultiais	AVAIL
slortrdia	AVAIL
sliazord	AVAIL
ldaipaf	AVAIL
jefoa	AVAIL
nailteol	AVAIL
lobtio	AVAIL
nkuclouf	AVAIL
croalteax	AVAIL
certaind	AVAIL
cleandtou	AVAIL
heinddei	AVAIL
quardev	TAKEN
neiltiak	AVAIL
loukausk	AVAIL
mearngou	AVAIL
gliofrnia	AVAIL
ntefusk	AVAIL
loziard	AVAIL
boundrtio	AVAIL
quiorkbau	AVAIL
soaskeen	AVAIL
snirau	AVAIL
mourdstou	AVAIL
cauxiof	AVAIL
breintaio	AVAIL
maugout	AVAIL
sloantud	AVAIL
rialtmou	AVAIL
breipri	AVAIL
mipuld	AVAIL
finteam	TAKEN
creka	TAKEN
traunkord	AVAIL
gourausk	AVAIL
frouveart	AVAIL
snoustzei	AVAIL
quiosknia	AVAIL
zeartom	AVAIL
snurfu	AVAIL
stroalai	AVAIL
krestuk	AVAIL
vinta	TAKEN
snaukial	AVAIL
deako	TAKEN
moaskrtio	AVAIL
coleat	TAKEN
poudeap	AVAIL
slivrdau	AVAIL
krozfau	AVAIL
kefiax	AVAIL
froreaus	AVAIL
geigairk	AVAIL
critgoa	AVAIL
trinduz	AVAIL
moasiak	AVAIL
brandeaer	AVAIL
spobrkea	AVAIL
lealtai	TAKEN
brinki	TAKEN
plataut	AVAIL
ltoheilt	AVAIL
proumnkia	AVAIL
coalltu	AVAIL
wirint	TAKEN
gaucloav	AVAIL
kikid	TAKEN
treafmo	AVAIL
poaflom	AVAIL
skauprirn	AVAIL
juseir	AVAIL
glankaust	AVAIL
slildark	AVAIL
neankuza	AVAIL
roskoaza	AVAIL
noalelt	AVAIL
ntofol	AVAIL
vontog	TAKEN
fleiszi	AVAIL
deliort	AVAIL
piantlai	AVAIL
ldoafias	AVAIL
kreikndoa	AVAIL
glailo	AVAIL
jaivxea	AVAIL
bausi	TAKEN
fexmio	AVAIL
nelndoa	AVAIL
brundioma	AVAIL
zoultkou	AVAIL
plearda	AVAIL
stronkrai	AVAIL
praimndio	AVAIL
pasaiz	AVAIL
frioniosk	AVAIL
maldeif	AVAIL
zutein	AVAIL
gronkuol	AVAIL
nibiama	AVAIL
lirkei	AVAIL
faugrud	AVAIL
mubai	TAKEN
cliaxiant	AVAIL
brumgei	AVAIL
voniont	AVAIL
seaham	TAKEN
sitaild	AVAIL
strustar	AVAIL
nosaiyx	AVAIL
teagink	AVAIL
beastoust	AVAIL
treidstou	AVAIL
ndeidrad	AVAIL
siota	TAKEN
komkei	AVAIL
grozerd	AVAIL
prirnaunk	AVAIL
griaxska	AVAIL
ploastu	AVAIL
hondnkio	AVAIL
triolldei	AVAIL
zeirdrkau	AVAIL
rtaukosk	AVAIL
grirta	AVAIL
koudeld	AVAIL
badauna	AVAIL
cliarul	AVAIL
briofei	AVAIL
skiodou	AVAIL
houskoank	AVAIL
drebiond	AVAIL
ziortu	AVAIL
koanom	AVAIL
tuxoud	AVAIL
spaulea	AVAIL
ldojoank	AVAIL
ltustorn	AVAIL
raidurd	AVAIL
nispuld	AVAIL
croasois	AVAIL
gevrkea	AVAIL
hiodim	AVAIL
staidai	AVAIL
londoa	AVAIL
zimeas	AVAIL
doviox	AVAIL
snourti	AVAIL
grauxis	AVAIL
snairdnio	AVAIL
staspep	AVAIL
rnaisaig	AVAIL
joavoap	AVAIL
flirdoaix	AVAIL
feindrkoa	AVAIL
stesiama	AVAIL
faildoael	AVAIL
sialoask	AVAIL
riostai	AVAIL
trautnta	AVAIL
noundvai	AVAIL
clankud	AVAIL
frondai	TAKEN
peaspenk	AVAIL
dournko	AVAIL
laifroult	AVAIL
kenkail	AVAIL
dileiix	AVAIL
glizu	TAKEN
brultiara	AVAIL
hiantea	AVAIL
skomould	AVAIL
skapread	AVAIL
folerk	AVAIL
gudruf	AVAIL
leajauz	AVAIL
floudnau	AVAIL
zaibarn	AVAIL
rtusourd	AVAIL
siasteaor	AVAIL
stiosto	AVAIL
skeavioar	AVAIL
kiasiex	AVAIL
vioniard	AVAIL
deavlou	AVAIL
gleadi	AVAIL
spildias	AVAIL
preikei	AVAIL
nkoudreib	AVAIL
glioldu	AVAIL
rtialoat	AVAIL
voustana	AVAIL
keirna	TAKEN
mipleir	AVAIL
hurkoa	AVAIL
plemiox	AVAIL
tronkrto	AVAIL
fliaford	AVAIL
steiltsia	AVAIL
crougiail	AVAIL
zoardoa	AVAIL
baultuk	AVAIL
wanstei	AVAIL
glourdema	AVAIL
drekeo	AVAIL
nteapeist	AVAIL
weipios	AVAIL
slezntu	AVAIL
flaurni	AVAIL
xehoav	AVAIL
beifloug	AVAIL
krivoaus	AVAIL
proxmei	AVAIL
toustert	AVAIL
ntuvont	AVAIL
toarnou	AVAIL
skeiket	AVAIL
failtiov	AVAIL
clukntea	AVAIL
draizei	AVAIL
sleixku	AVAIL
snumau	AVAIL
flaunddia	AVAIL
delto	TAKEN
liapkio	AVAIL
prauvauol	AVAIL
greantia	AVAIL
trazou	AVAIL
rairta	AVAIL
preimiar	AVAIL
woudmau	AVAIL
voxouza	AVAIL
dultioas	AVAIL
maldltea	AVAIL
sluzei	AVAIL
plenldoa	AVAIL
luplig	AVAIL
queiloust	AVAIL
gealdouon	AVAIL
geankaza	AVAIL
zausily	AVAIL
kauflask	AVAIL
noaskiark	AVAIL
fluguos	AVAIL
feaxltio	AVAIL
merdntou	AVAIL
toava	TAKEN
pealdeala	AVAIL
josour	TAKEN
rteibig	AVAIL
frugoum	AVAIL
drafouel	AVAIL
viospour	AVAIL
lixauma	AVAIL
floarel	AVAIL
fluxnkou	AVAIL
riogis	TAKEN
rdiodrart	AVAIL
dreildier	AVAIL
clendaury	AVAIL
mealdoel	AVAIL
treartu	AVAIL
greastiab	AVAIL
cumia	TAKEN
prokvio	AVAIL
goazvi	AVAIL
prapo	TAKEN
meltai	TAKEN
weido	TAKEN
meispei	AVAIL
quiaskios	AVAIL
greindint	AVAIL
speirldea	AVAIL
feloav	AVAIL
grirdoum	AVAIL
kedoaol	AVAIL
gliopault	AVAIL
fanko	TAKEN
staspaf	AVAIL
kioldouz	AVAIL
girnina	AVAIL
leanku	TAKEN
dreipstio	AVAIL
krairkaia	AVAIL
rneasald	AVAIL
steigou	AVAIL
wionouv	AVAIL
snindoa	AVAIL
boleax	AVAIL
siostear	AVAIL
spiorkild	AVAIL
jultstea	AVAIL
saskrai	AVAIL
rtairail	AVAIL
rkeiburd	AVAIL
hauteild	AVAIL
ltamisk	AVAIL
quirein	AVAIL
fliarnnko	AVAIL
dioclur	AVAIL
neiveix	AVAIL
stoaxrtou	AVAIL
troupuld	AVAIL
beistauol	AVAIL
griafed	AVAIL
faustlu	AVAIL
gripoast	AVAIL
ciafousk	AVAIL
sneatank	AVAIL
bionkiora	AVAIL
fruldairy	AVAIL
glarkaund	AVAIL
trogia	TAKEN
tiandouon	AVAIL
preapeiis	AVAIL
flira	TAKEN
sleinama	AVAIL
striafoel	AVAIL
vojauz	AVAIL
clentaor	AVAIL
sauspiox	AVAIL
reixdau	AVAIL
gleinkrda	AVAIL
krotkau	AVAIL
nioltoaor	AVAIL
fereirt	AVAIL
plauslia	AVAIL
stireib	AVAIL
sliomiona	AVAIL
cliazei	AVAIL
gliltrkau	AVAIL
rtiateav	AVAIL
sailtea	TAKEN
miazoud	AVAIL
wiomntea	AVAIL
rdaivam	AVAIL
kaufiard	AVAIL
noarkiog	AVAIL
flounaur	AVAIL
zamok	TAKEN
criazoaos	AVAIL
kriamant	AVAIL
sinpia	TAKEN
reluos	AVAIL
riofo	TAKEN
broalduna	AVAIL
friatzo	AVAIL
naisnur	AVAIL
greldzio	AVAIL
bontauf	AVAIL
trastiox	AVAIL
cauldoa	AVAIL
stauplaus	AVAIL
rkoafust	AVAIL
ntiwiont	AVAIL
hogef	AVAIL
stoafiom	AVAIL
slirtu	AVAIL
dealeld	AVAIL
rkoudaun	AVAIL
tecriab	AVAIL
noclount	AVAIL
staliaz	AVAIL
sloadion	AVAIL
tantldai	AVAIL
clirngo	AVAIL
gleafeama	AVAIL
flulgio	AVAIL
quaustam	TAKEN
jiornoais	AVAIL
frouffi	AVAIL
freintvou	AVAIL
friandor	AVAIL
hauveild	AVAIL
snaidzo	AVAIL
skiofeail	AVAIL
diandoas	AVAIL
rirnauta	AVAIL
skoaskou	AVAIL
rtubreirn	AVAIL
rdeibik	AVAIL
preaskxi	AVAIL
viarkolt	AVAIL
wioskauf	AVAIL
keafloa	AVAIL
jebltea	AVAIL
stesloak	AVAIL
claixav	AVAIL
miaclonk	AVAIL
teiriza	AVAIL
maufeist	AVAIL
gonddea	AVAIL
sletioly	AVAIL
reanbi	AVAIL
rdiohiard	AVAIL
panot	TAKEN
mioltio	AVAIL
quouvurt	AVAIL
steaskax	AVAIL
gloaxu	AVAIL
navfei	AVAIL
wialrdu	AVAIL
vaibrounk	AVAIL
roalaiv	AVAIL
gaivfau	AVAIL
niorneal	AVAIL
brukuan	AVAIL
crabeais	AVAIL
deagriof	AVAIL
runka	TAKEN
niolgau	AVAIL
xoleim	AVAIL
fiozrkia	AVAIL
miasndea	AVAIL
ltiakout	AVAIL
slerkaim	AVAIL
laildarn	AVAIL
kunkana	AVAIL
deipko	AVAIL
loundei	AVAIL
gleignou	AVAIL
spairtia	AVAIL
riavior	AVAIL
rtaiplok	AVAIL
xoujiom	AVAIL
faraus	TAKEN
dequop	AVAIL
nkagreir	AVAIL
preirnbea	AVAIL
deidair	AVAIL
peasund	AVAIL
grokfea	AVAIL
fliodeag	AVAIL
trarnelt	AVAIL
razai	TAKEN
miazourn	AVAIL
kreanaima	AVAIL
liobrairt	AVAIL
ploleina	AVAIL
flialeisk	AVAIL
stufriant	AVAIL
tasknkou	AVAIL
fiornaid	AVAIL
roudrelt	AVAIL
tugreisk	AVAIL
krauskbou	AVAIL
liagndu	AVAIL
piojaz	AVAIL
flovilt	AVAIL
zuvould	AVAIL
glordnkou	AVAIL
fruldrdoa	AVAIL
brulkia	AVAIL
kroreld	AVAIL
fediolt	AVAIL
spioriayx	AVAIL
drubdio	AVAIL
snoukauld	AVAIL
slouvet	AVAIL
ropairt	AVAIL
trarkndu	AVAIL
deirdum	AVAIL
kriosteel	AVAIL
faikout	TAKEN
trerteima	AVAIL
plousoo	AVAIL
spoadzu	AVAIL
skiodaly	AVAIL
searkorn	AVAIL
grivdia	AVAIL
miozeild	AVAIL
jiastia	AVAIL
coustau	AVAIL
flouto	TAKEN
goumist	AVAIL
vimial	TAKEN
stiortloa	AVAIL
piopian	AVAIL
rneiheird	AVAIL
geaseld	AVAIL
zioplound	AVAIL
natoand	AVAIL
kailtel	AVAIL
neldeink	AVAIL
forkion	AVAIL
wournnkei	AVAIL
raugba	AVAIL
foarxau	AVAIL
vouskairk	AVAIL
snastia	AVAIL
voaldoa	AVAIL
tisleink	AVAIL
cleadiola	AVAIL
plintbia	AVAIL
miardndio	AVAIL
weilnei	AVAIL
froankki	AVAIL
grovoast	AVAIL
piacroas	AVAIL
reistou	AVAIL
bounona	AVAIL
basar	TAKEN
rkotond	AVAIL
pabez	TAKEN
snamoa	AVAIL
frepova	AVAIL
stannkio	AVAIL
doankau	AVAIL
pliva	TAKEN
wiarnea	AVAIL
fraureip	AVAIL
jeiskou	AVAIL
nuclusk	AVAIL
garteza	AVAIL
skiornvi	AVAIL
fraunntoa	AVAIL
jiardu	AVAIL
comig	TAKEN
greikeis	AVAIL
trarur	AVAIL
pumap	TAKEN
globei	TAKEN
rdagrir	AVAIL
geirkilt	AVAIL
lteakiat	AVAIL
jastest	TAKEN
pliopien	AVAIL
pubiaum	AVAIL
naiststoa	AVAIL
cukouer	AVAIL
baiseif	AVAIL
deindeily	AVAIL
rtitark	AVAIL
fireaar	AVAIL
weruen	AVAIL
skaurkom	AVAIL
zestund	AVAIL
norkourt	AVAIL
strufiaos	AVAIL
mouront	AVAIL
bonkau	AVAIL
gromi	TAKEN
sentu	TAKEN
peistaiz	AVAIL
hodam	TAKEN
pekerd	AVAIL
nunouk	AVAIL
vaulgai	AVAIL
xeabais	AVAIL
bordun	TAKEN
driarnort	AVAIL
rioviold	AVAIL
quondiom	AVAIL
turkoa	AVAIL
strioxea	AVAIL
vianausk	AVAIL
rainkrkei	AVAIL
priaseiix	AVAIL
fruldaas	AVAIL
sontio	TAKEN
faipo	TAKEN
taundea	AVAIL
fretag	TAKEN
voabeip	AVAIL
ltunuk	AVAIL
tabed	TAKEN
pleapoa	AVAIL
spiogoa	AVAIL
ciskaar	AVAIL
rkihort	AVAIL
xaistoam	AVAIL
skoliord	AVAIL
stroarota	AVAIL
beska	TAKEN
naildoask	AVAIL
rdeiwoart	AVAIL
craufo	AVAIL
pougi	TAKEN
ruxtoa	AVAIL
slintstou	AVAIL
spioraias	AVAIL
trondurn	AVAIL
rkasaim	AVAIL
floardi	AVAIL
giavzo	AVAIL
touras	TAKEN
slozuel	AVAIL
soploud	AVAIL
keaniak	AVAIL
reazstea	AVAIL
poaga	TAKEN
teandeit	AVAIL
fronkeax	AVAIL
skiafia	AVAIL
triartoa	AVAIL
fotok	TAKEN
skarkeama	AVAIL
fladrna	AVAIL
treinkisk	AVAIL
treitsto	AVAIL
paleisk	TAKEN
hasrou	AVAIL
prearltea	AVAIL
recrof	AVAIL
zoubeam	AVAIL
ntifouk	AVAIL
vudai	TAKEN
soulvea	TAKEN
fraisxau	AVAIL
hiaxbea	AVAIL
fraimnkei	AVAIL
ziasteas	AVAIL
gacriorn	AVAIL
genoaf	AVAIL
faundoa	AVAIL
velau	TAKEN
kriondeig	AVAIL
keicrauk	AVAIL
femiort	AVAIL
clausoum	AVAIL
baudriant	AVAIL
gleapau	AVAIL
maundoark	AVAIL
woaltoa	AVAIL
jiantndoa	AVAIL
greinkfei	AVAIL
pauhusk	AVAIL
noaslum	AVAIL
bouskrnou	AVAIL
kolont	AVAIL
braignkei	AVAIL
stourktio	AVAIL
festea	TAKEN
kriostouo	AVAIL
dairtea	AVAIL
foukark	AVAIL
strealias	AVAIL
kepor	TAKEN
vixium	TAKEN
sliaxei	AVAIL
houskioor	AVAIL
rdesniorn	AVAIL
nernu	TAKEN
ndeanilt	AVAIL
skeakea	AVAIL
rnauvez	AVAIL
striata	TAKEN
buneib	AVAIL
tiogrom	AVAIL
brukrki	AVAIL
stedrio	AVAIL
groaru	AVAIL
taumnka	AVAIL
brikoald	AVAIL
driakiort	AVAIL
sialdzoa	AVAIL
skiozourn	AVAIL
lindai	TAKEN
straipi	AVAIL
zionkait	AVAIL
froadiaix	AVAIL
kepraind	AVAIL
gloapmo	AVAIL
fleleix	AVAIL
borttou	AVAIL
diaruis	AVAIL
greirtary	AVAIL
mounkeig	AVAIL
glulgia	AVAIL
straitoex	AVAIL
lduvouk	AVAIL
saiglaid	AVAIL
tuldio	AVAIL
sneanoad	AVAIL
spisai	AVAIL
peantid	AVAIL
rurdai	AVAIL
croazik	AVAIL
cilealt	AVAIL
froafldi	AVAIL
drioxia	AVAIL
lourtea	AVAIL
tiondiast	AVAIL
skoagoat	AVAIL
luskskau	AVAIL
drulndau	AVAIL
skafauf	AVAIL
daboub	TAKEN
piokoark	AVAIL
grioldena	AVAIL
lteital	AVAIL
bigoat	TAKEN
fustiaol	AVAIL
gaplot	AVAIL
giakoen	AVAIL
viabrouk	AVAIL
muzia	TAKEN
mautso	AVAIL
maiplost	AVAIL
korkug	AVAIL
skaniast	AVAIL
clulteaen	AVAIL
geirnol	AVAIL
rirrdi	AVAIL
katsa	TAKEN
toazairt	AVAIL
deamrkau	AVAIL
stiojot	AVAIL
peistrin	AVAIL
rondalt	AVAIL
ldaivark	AVAIL
trista	TAKEN
lirkiask	AVAIL
vougboa	AVAIL
quinkoa	AVAIL
wealema	AVAIL
somoal	AVAIL
seasaurd	AVAIL
cruvaurd	AVAIL
bialdef	AVAIL
crealtei	AVAIL
vutrain	TAKEN
veiskea	AVAIL
sliskauil	AVAIL
gliazo	AVAIL
plunkea	AVAIL
roakeist	AVAIL
tirtea	AVAIL
hirtot	AVAIL
frafia	TAKEN
haxei	AVAIL
braisez	AVAIL
laulaid	AVAIL
gliorkou	AVAIL
feirkea	AVAIL
skeaslein	AVAIL
cioktia	AVAIL
geirdaiol	AVAIL
gliskdei	AVAIL
mioru	TAKEN
beisnom	AVAIL
graufra	AVAIL
friasa	TAKEN
raudraur	AVAIL
hoskup	AVAIL
braskpou	AVAIL
ldaimeirt	AVAIL
skatou	TAKEN
zoatirk	AVAIL
vorneik	AVAIL
hindair	TAKEN
cuduta	AVAIL
fioquoank	AVAIL
cleasksi	AVAIL
linkoa	TAKEN
miolaup	AVAIL
voabeint	AVAIL
dauzo	TAKEN
flaskus	TAKEN
ldiorart	AVAIL
pranksku	AVAIL
meinolt	AVAIL
plairnnai	AVAIL
skakert	AVAIL
snauteiol	AVAIL
kauslib	AVAIL
nauprous	AVAIL
snaira	TAKEN
teistoex	AVAIL
keirnouna	AVAIL
ciomi	TAKEN
stoadaima	AVAIL
modauf	AVAIL
noxou	TAKEN
rkaglaurn	AVAIL
gloviom	AVAIL
doarialt	AVAIL
stenoa	TAKEN
spiaskiak	AVAIL
nkouvauk	AVAIL
popeib	AVAIL
ndaufluz	AVAIL
vianirn	AVAIL
struraiis	AVAIL
drafmo	AVAIL
straisova	AVAIL
kroupaud	AVAIL
faxoaor	AVAIL
faugoum	AVAIL
lauvi	TAKEN
nkaliox	AVAIL
skudron	AVAIL
drurku	AVAIL
hemai	TAKEN
reirdirn	AVAIL
skuwaip	AVAIL
beintro	TAKEN
zaikoarn	AVAIL
fixmau	AVAIL
gretsai	AVAIL
rdeasiof	AVAIL
claurkaig	AVAIL
riagliz	AVAIL
drukeat	AVAIL
veipriok	AVAIL
skuheak	AVAIL
trerkeak	AVAIL
nkidreisk	AVAIL
zifrint	AVAIL
tiozaux	AVAIL
grozoak	AVAIL
terdur	AVAIL
cunldai	AVAIL
cloamfou	AVAIL
zigliod	AVAIL
crautap	AVAIL
ribltio	AVAIL
drautrdou	AVAIL
ltoakorn	AVAIL
pafleint	AVAIL
gurkaion	AVAIL
kraumern	AVAIL
kibest	TAKEN
snassia	AVAIL
jeintzau	AVAIL
tufia	TAKEN
peiwiant	AVAIL
slialu	AVAIL
joapeald	AVAIL
siatka	TAKEN
glebuor	AVAIL
waundlou	AVAIL
toadraur	AVAIL
zailtord	AVAIL
traubil	AVAIL
ndaiprol	AVAIL
nonndea	AVAIL
raxtei	AVAIL
nuglas	TAKEN
plournoug	AVAIL
kudiota	AVAIL
preikea	AVAIL
wuldzau	AVAIL
clauvank	AVAIL
feavskau	AVAIL
gontio	AVAIL
zaistest	AVAIL
fiandou	AVAIL
prirtail	AVAIL
kriskei	AVAIL
griomoult	AVAIL
doukboa	AVAIL
gronkion	AVAIL
ciopob	AVAIL
jadoask	AVAIL
strifeird	AVAIL
veardsta	AVAIL
glaugoa	AVAIL
ndiakal	AVAIL
cuvpo	AVAIL
teantta	AVAIL
raufru	AVAIL
steveirt	AVAIL
litralt	AVAIL
wauntou	AVAIL
veaprip	AVAIL
rouzdai	AVAIL
lauzaurk	AVAIL
triabund	AVAIL
snusou	AVAIL
soaltlda	AVAIL
skiafndei	AVAIL
vaglior	AVAIL
kildio	AVAIL
miopnda	AVAIL
gravoux	AVAIL
tauskiox	AVAIL
jodau	TAKEN
flurni	TAKEN
jainkvau	AVAIL
creizax	AVAIL
reintea	AVAIL
daiser	TAKEN
siciald	AVAIL
kreagou	AVAIL
flairno	TAKEN
raixu	AVAIL
drunkrko	AVAIL
strulntia	AVAIL
wounkouk	AVAIL
rtedril	AVAIL
viopaurd	AVAIL
strurdayx	AVAIL
miontarn	AVAIL
glirnoael	AVAIL
steariam	AVAIL
creidioly	AVAIL
skupreip	AVAIL
cronkzea	AVAIL
nkezaist	AVAIL
merold	TAKEN
lainkaind	AVAIL
vindita	TAKEN
nourkian	AVAIL
proaltoer	AVAIL
streirdib	AVAIL
dreagup	AVAIL
struxia	TAKEN
skardeiva	AVAIL
pleigin	AVAIL
dougso	AVAIL
soxsia	AVAIL
frideas	TAKEN
loundea	AVAIL
goummai	AVAIL
truldioex	AVAIL
rinkov	TAKEN
hizio	TAKEN
zimiaf	AVAIL
rufeaex	AVAIL
ndimeid	AVAIL
steakldia	AVAIL
fergoa	TAKEN
troandba	AVAIL
ldegroarn	AVAIL
steislaf	AVAIL
veibax	AVAIL
gloartru	AVAIL
prurko	AVAIL
hiarnldo	AVAIL
preveik	AVAIL
soarko	AVAIL
searnu	AVAIL
giokink	AVAIL
crertoa	AVAIL
preidoug	AVAIL
croldrka	AVAIL
speivoar	AVAIL
doastrtea	AVAIL
dairdtou	AVAIL
maitndi	AVAIL
clofialt	AVAIL
hiarnisk	AVAIL
tiaskely	AVAIL
coarto	TAKEN
rdiaglouf	AVAIL
sleraian	AVAIL
kauldrkoa	AVAIL
ltifeix	AVAIL
nteakeird	AVAIL
kiodstia	AVAIL
nkaifaun	AVAIL
ldeproad	AVAIL
craimauta	AVAIL
zustab	AVAIL
frilteg	AVAIL
rteiwox	AVAIL
queixeink	AVAIL
groasauer	AVAIL
prutlda	AVAIL
skaurdi	AVAIL
traupoar	AVAIL
nkoaprirk	AVAIL
slaupio	AVAIL
braltiak	AVAIL
mafea	TAKEN
caugkai	AVAIL
nkepel	AVAIL
tardldai	AVAIL
kustreif	AVAIL
bioskalt	AVAIL
drouxau	AVAIL
jornio	TAKEN
snauviayx	AVAIL
frirdi	AVAIL
noltrnea	AVAIL
jaiski	AVAIL
gleafva	AVAIL
graigod	AVAIL
grorltou	AVAIL
skomu	TAKEN
nkoahank	AVAIL
groundai	TAKEN
fleagndea	AVAIL
skibou	AVAIL
fainkear	AVAIL
zevea	TAKEN
biandai	TAKEN
pioland	TAKEN
rdiaveist	AVAIL
trefioz	AVAIL
doaskfei	AVAIL
glimmio	TAKEN
drordoayx	AVAIL
coustzau	AVAIL
dovloa	AVAIL
waurto	AVAIL
flezndou	AVAIL
lubiaz	TAKEN
diosrno	AVAIL
glistaiva	AVAIL
doaweiz	AVAIL
streigein	AVAIL
sioldaan	AVAIL
suglark	AVAIL
gaslea	AVAIL
rdaidaix	AVAIL
countoux	AVAIL
zautiol	AVAIL
haurdeta	AVAIL
veateind	AVAIL
kindtau	AVAIL
stazuix	AVAIL
fliorxa	AVAIL
griontaub	AVAIL
ploanddo	AVAIL
zoltsti	AVAIL
kraskart	TAKEN
brovrkou	AVAIL
plaimku	AVAIL
kiokiosk	TAKEN
vounkiaor	AVAIL
durteias	AVAIL
liatourn	AVAIL
clidrei	AVAIL
clontult	AVAIL
speariva	AVAIL
poafreant	AVAIL
quorkiob	AVAIL
heantldea	AVAIL
weibaen	AVAIL
haisona	AVAIL
wilteio	AVAIL
loucrik	AVAIL
ndiseard	AVAIL
creazim	AVAIL
xougrund	AVAIL
spevau	AVAIL
stedeaan	AVAIL
wunkiz	AVAIL
snoguex	AVAIL
skiazeark	AVAIL
raidmu	TAKEN
zokium	TAKEN
snoafsku	AVAIL
straintez	AVAIL
noukrdia	AVAIL
gaipat	TAKEN
tailtrdei	AVAIL
glokat	TAKEN
xaiclouf	AVAIL
quorkend	AVAIL
kubana	TAKEN
nkeafliog	AVAIL
drardiza	AVAIL
quisturt	AVAIL
foantgea	AVAIL
gadein	TAKEN
turdaiel	AVAIL
trupzei	AVAIL
crouldoar	AVAIL
jourteiry	AVAIL
sairtoank	AVAIL
skoahax	AVAIL
triartrto	AVAIL
krealdiyx	AVAIL
ldairut	AVAIL
zaitdia	AVAIL
wiostaf	AVAIL
zoakdai	AVAIL
noacliam	AVAIL
suslart	AVAIL
xeaseald	AVAIL
rnioniar	AVAIL
ploburn	AVAIL
rourtouyx	AVAIL
ploaxiof	AVAIL
quesoam	AVAIL
tiafoal	AVAIL
spantnkai	AVAIL
tetailt	AVAIL
grunkvi	AVAIL
tedem	TAKEN
vaikist	AVAIL
luleg	TAKEN
tiakltoa	AVAIL
grabldoa	AVAIL
creiskai	AVAIL
flonkei	AVAIL
bialdioel	AVAIL
poupiork	AVAIL
frougfio	AVAIL
wouruor	AVAIL
cluldra	AVAIL
stardou	TAKEN
foadnto	AVAIL
froalteas	AVAIL
staltza	AVAIL
cleskeirk	AVAIL
gleldouar	AVAIL
bairtea	AVAIL
tafleb	AVAIL
claga	TAKEN
ntaskud	AVAIL
nourno	AVAIL
munkier	AVAIL
moudav	AVAIL
temra	TAKEN
beastound	AVAIL
steaspov	AVAIL
nasai	TAKEN
kaindrnou	AVAIL
strexema	TAKEN
snedroa	AVAIL
glikpi	AVAIL
ndoudiart	AVAIL
rtiobork	AVAIL
jelturt	AVAIL
ldiamord	AVAIL
zoanta	TAKEN
krikiory	AVAIL
kaxaurk	AVAIL
trentkei	AVAIL
krigiork	AVAIL
douskou	AVAIL
ntoskoart	AVAIL
riondrtau	AVAIL
vadouk	TAKEN
stefam	TAKEN
pliamgou	AVAIL
trealirn	AVAIL
piacior	AVAIL
pugei	TAKEN
skoxeama	AVAIL
cloldount	AVAIL
meidaly	AVAIL
prondea	TAKEN
skoavnoa	AVAIL
rtiapreir	AVAIL
skastsei	AVAIL
rirnaiv	AVAIL
gedrausk	AVAIL
rnaleid	AVAIL
fustauf	AVAIL
neifeask	AVAIL
gliarneab	AVAIL
flirtalt	AVAIL
spornou	AVAIL
fodltio	AVAIL
febai	TAKEN
friti	TAKEN
liaspax	AVAIL
soustrolt	AVAIL
peastiold	AVAIL
trudaio	AVAIL
skeilti	AVAIL
kolout	TAKEN
proafzoa	AVAIL
praiskial	AVAIL
sneaxiaex	AVAIL
quialdo	AVAIL
xiosnurn	AVAIL
piorold	AVAIL
ciorail	AVAIL
skeistbau	AVAIL
paxionk	AVAIL
rourki	AVAIL
brudiaz	AVAIL
niazrea	AVAIL
boahoag	AVAIL
meldou	AVAIL
zaivein	AVAIL
vonuz	TAKEN
claurdvea	AVAIL
steirnaex	AVAIL
skidroum	AVAIL
nirdoyx	AVAIL
dioltiava	AVAIL
skuspiond	AVAIL
quaxmai	AVAIL
deamurd	AVAIL
lolzei	AVAIL
stubrad	AVAIL
lurnrdo	AVAIL
cuskouor	AVAIL
mikiava	AVAIL
puxvea	AVAIL
seapeind	AVAIL
doaziog	AVAIL
heandaan	AVAIL
zaidiak	AVAIL
hiortu	AVAIL
spouliold	AVAIL
housrtoa	AVAIL
perkeand	AVAIL
trousuil	AVAIL
sticlos	AVAIL
nkoadrin	AVAIL
rniolould	AVAIL
biogiard	AVAIL
glezaz	AVAIL
tiorkaild	AVAIL
clairna	TAKEN
ziofvou	AVAIL
frerdalt	AVAIL
rtewiag	AVAIL
weigi	TAKEN
brortldou	AVAIL
trouveva	AVAIL
treloa	TAKEN
naugrei	AVAIL
giafriov	AVAIL
pleateax	AVAIL
tarnuk	TAKEN
wiovo	TAKEN
cropauex	AVAIL
kuntia	AVAIL
ploasoa	AVAIL
frevuar	AVAIL
geapntoa	AVAIL
nkaustiv	AVAIL
bruga	TAKEN
babep	TAKEN
rdaureb	AVAIL
turkoly	AVAIL
heirdep	AVAIL
praurtory	AVAIL
driozi	TAKEN
gruzau	AVAIL
bivil	TAKEN
skapouex	AVAIL
loukirn	AVAIL
freivi	TAKEN
stuleirt	AVAIL
nubren	TAKEN
slekairt	AVAIL
ndauskind	AVAIL
raltus	TAKEN
vaisleid	AVAIL
crinaos	AVAIL
zoazita	AVAIL
vouzak	AVAIL
biodund	AVAIL
rnopeik	AVAIL
prubeior	AVAIL
xeaseib	AVAIL
rodni	TAKEN
vaimoum	AVAIL
mubsio	AVAIL
grarnouf	AVAIL
raroank	AVAIL
fluprea	AVAIL
sianzea	AVAIL
roadoaz	AVAIL
dulteav	AVAIL
fougo	TAKEN
skiojearn	AVAIL
frixrda	AVAIL
strofaurn	AVAIL
neafruv	AVAIL
noaskea	AVAIL
prages	TAKEN
mikia	TAKEN
braineand	AVAIL
kruzoart	AVAIL
mournuf	AVAIL
spustiorn	AVAIL
waundaus	AVAIL
frogioza	AVAIL
treivea	AVAIL
ciddea	AVAIL
nomoum	AVAIL
witoa	TAKEN
giasliog	AVAIL
rteabrol	AVAIL
toara	TAKEN
viosiol	AVAIL
xukrour	AVAIL
bioddia	AVAIL
stobaut	AVAIL
xeavaur	AVAIL
sigliat	AVAIL
stiokraus	AVAIL
sleftai	TAKEN
faistoub	AVAIL
faixnkia	AVAIL
ploafeiz	AVAIL
skaunkau	AVAIL
niorkli	AVAIL
ndecior	AVAIL
wultesk	AVAIL
bizou	TAKEN
traunkei	AVAIL
ldiasauz	AVAIL
keska	TAKEN
quoardi	AVAIL
trexmu	AVAIL
coskeaas	AVAIL
zuquauld	AVAIL
haunkrka	AVAIL
cluxeiva	AVAIL
glearna	AVAIL
trorkoaly	AVAIL
nteisnoan	AVAIL
ndauqueil	AVAIL
dearto	TAKEN
bregask	AVAIL
routaik	AVAIL
sairdauva	AVAIL
stineip	AVAIL
tekrix	TAKEN
staildea	AVAIL
kiaclim	AVAIL
haikirk	AVAIL
nouskski	AVAIL
londioos	AVAIL
laslosk	AVAIL
traistvea	AVAIL
luskou	AVAIL
kozet	TAKEN
xeiplaiz	AVAIL
stiseit	AVAIL
bostrtei	AVAIL
skoaxoad	AVAIL
teanpea	AVAIL
dreildia	AVAIL
plirdndi	AVAIL
meixog	AVAIL
snuskoa	AVAIL
geaskiav	AVAIL
stordaios	AVAIL
brebeiis	AVAIL
hornu	TAKEN
mordeav	AVAIL
kisioma	AVAIL
crepery	TAKEN
bairti	AVAIL
prugola	AVAIL
kruseint	AVAIL
nearoan	AVAIL
fleskai	AVAIL
rdeakreil	AVAIL
dardsei	AVAIL
freizea	AVAIL
spuskoa	AVAIL
priosvai	AVAIL
friosku	AVAIL
vauquaisk	AVAIL
prionkery	AVAIL
plumndoa	AVAIL
griomoat	AVAIL
stapriart	AVAIL
fefea	TAKEN
teamaurk	AVAIL
feacriot	AVAIL
slubntio	AVAIL
keanskea	AVAIL
brauzmi	AVAIL
ntiadrust	AVAIL
skiardo	AVAIL
rkeigev	AVAIL
mianuna	TAKEN
ntestauv	AVAIL
sleindau	AVAIL
queirtoug	AVAIL
slouta	AVAIL
hadai	TAKEN
siosliot	AVAIL
baumurt	AVAIL
boagiov	AVAIL
frianeen	AVAIL
preadoais	AVAIL
nekrtia	AVAIL
heintiova	AVAIL
spumrkei	AVAIL
clonkndai	AVAIL
freaxeaos	AVAIL
dreirnor	AVAIL
grarteaum	AVAIL
joarneaum	AVAIL
strilzi	AVAIL
bruntoon	AVAIL
snaunkorn	AVAIL
slekeax	AVAIL
ltedreind	AVAIL
crourkea	AVAIL
lihind	AVAIL
gloultuio	AVAIL
valtnkei	AVAIL
prerdoais	AVAIL
ntiajeank	AVAIL
steznkoa	AVAIL
claibgo	AVAIL
firei	TAKEN
piastoan	AVAIL
zordzou	AVAIL
deiprun	AVAIL
spaundeor	AVAIL
goanoald	AVAIL
laispiork	AVAIL
feadoank	AVAIL
gleadoa	AVAIL
rdiastein	AVAIL
liantiarn	AVAIL
riarkea	AVAIL
skepaol	AVAIL
pliondiar	AVAIL
raidroak	AVAIL
maustou	AVAIL
neilteib	AVAIL
riabiab	AVAIL
glioltild	AVAIL
nairtoast	AVAIL
briadau	AVAIL
briozerk	AVAIL
skiocrint	AVAIL
dreadouma	AVAIL
koapreak	AVAIL
boaldird	AVAIL
rankiak	AVAIL
hopio	TAKEN
nildrni	AVAIL
rauvaid	AVAIL
lotial	AVAIL
rdezaun	AVAIL
rdeslast	AVAIL
casknka	AVAIL
ploldould	AVAIL
sleifaurn	AVAIL
hoaxzio	AVAIL
pairnirt	AVAIL
groadai	AVAIL
flaudea	AVAIL
ltaipreaf	AVAIL
kraupnku	AVAIL
beikeiv	AVAIL
heavnkio	AVAIL
riotarn	AVAIL
gamao	TAKEN
sloasa	AVAIL
faireit	AVAIL
criolrda	AVAIL
sloakiaz	AVAIL
ndauwaub	AVAIL
slioltou	AVAIL
jinorn	AVAIL
briorknka	AVAIL
nurnntai	AVAIL
heirna	AVAIL
seacraup	AVAIL
ldadoast	AVAIL
stauliat	AVAIL
pleisent	AVAIL
skioniat	AVAIL
keirkau	AVAIL
goandmio	AVAIL
baskiag	AVAIL
corteiry	AVAIL
clefrdei	AVAIL
luxola	TAKEN
clornltia	AVAIL
glovoex	AVAIL
craurbo	AVAIL
wibou	TAKEN
cifio	TAKEN
giarkat	AVAIL
nafroum	AVAIL
fulix	TAKEN
dainto	AVAIL
muzeirt	AVAIL
waineird	AVAIL
mougeir	AVAIL
tipoart	TAKEN
skupota	AVAIL
greapta	AVAIL
tipog	TAKEN
draunkem	AVAIL
stiagiot	AVAIL
zaiskailt	AVAIL
gragpu	AVAIL
lestist	AVAIL
fipoa	TAKEN
skaifiast	AVAIL
spexoury	AVAIL
glirdndio	AVAIL
furnuly	AVAIL
rustoav	AVAIL
siacriom	AVAIL
greiskki	AVAIL
fogreink	AVAIL
grelaild	AVAIL
breantib	AVAIL
cadauis	AVAIL
ldeajeik	AVAIL
teandia	AVAIL
plasxi	AVAIL
sneigrto	AVAIL
neaskgai	AVAIL
speirto	AVAIL
stealuv	AVAIL
ndoubion	AVAIL
jondbea	AVAIL
fiopeisk	AVAIL
masaib	AVAIL
weaveax	AVAIL
jinaza	TAKEN
huldska	AVAIL
zauti	TAKEN
brustouk	AVAIL
stroundea	AVAIL
biaseor	AVAIL
queldgi	AVAIL
ltoarer	AVAIL
noustiv	AVAIL
prenko	TAKEN
spufon	AVAIL
crizoaos	AVAIL
miovi	TAKEN
sutouar	AVAIL
gisto	TAKEN
questau	AVAIL
loankool	AVAIL
killtea	AVAIL
fairdau	AVAIL
rnaikrox	AVAIL
skouvi	AVAIL
hauguv	AVAIL
zurstau	AVAIL
mudrauv	AVAIL
nioskio	AVAIL
leltiad	AVAIL
hainrkei	AVAIL
toukroa	AVAIL
kreantvai	AVAIL
drirdei	AVAIL
kreabska	AVAIL
drourkdei	AVAIL
steipeart	AVAIL
cruprdu	AVAIL
skaisleid	AVAIL
rkaicraiz	AVAIL
snexux	AVAIL
ldijeild	AVAIL
naiweb	TAKEN
coudup	AVAIL
nuxei	AVAIL
greziio	AVAIL
crauxeer	AVAIL
jelort	AVAIL
wouprai	AVAIL
ndiaskaup	AVAIL
spondourd	AVAIL
faukroast	AVAIL
brainkan	AVAIL
diordeil	AVAIL
geagzau	AVAIL
keiquilt	AVAIL
pofraip	AVAIL
siondia	AVAIL
fiopelt	AVAIL
skopos	TAKEN
goabaurk	AVAIL
niorord	AVAIL
condia	TAKEN
zikeap	AVAIL
jouknkau	AVAIL
miorknio	AVAIL
ntaumiov	AVAIL
lialtouf	AVAIL
clauntub	AVAIL
slindoav	AVAIL
grudiael	AVAIL
dionko	AVAIL
gloufela	AVAIL
pupeyx	AVAIL
creindema	AVAIL
beasnenk	AVAIL
diogu	TAKEN
pliavouil	AVAIL
stoalldia	AVAIL
gandiap	AVAIL
ploaskbou	AVAIL
plixiaon	AVAIL
seidask	AVAIL
skoupeiel	AVAIL
fleini	AVAIL
zougriar	AVAIL
stauprul	AVAIL
febzea	AVAIL
sirta	TAKEN
crournnku	AVAIL
meivoak	AVAIL
pulead	TAKEN
veibku	AVAIL
trultia	AVAIL
ntatont	AVAIL
talteiva	AVAIL
traindia	TAKEN
kastaib	AVAIL
droukio	AVAIL
jasai	TAKEN
flairioos	AVAIL
rkaupleav	AVAIL
brirtoaas	AVAIL
rdeadeilt	AVAIL
jiarnndu	AVAIL
slilto	AVAIL
nkeakrant	AVAIL
sniozary	AVAIL
driofoos	AVAIL
driankrda	AVAIL
faurneata	AVAIL
foasturt	AVAIL
rkeadant	AVAIL
glailtu	AVAIL
loviolt	AVAIL
gioldnkei	AVAIL
lantauz	AVAIL
fiseama	AVAIL
lornrkio	AVAIL
drautioil	AVAIL
maurdan	AVAIL
snaltoa	AVAIL
josub	TAKEN
wabltai	AVAIL
reastei	AVAIL
stiomrkio	AVAIL
stoltoa	AVAIL
bondbou	AVAIL
criano	TAKEN
stroanku	AVAIL
ploartory	AVAIL
grolti	AVAIL
praimaiyx	AVAIL
rkiaprod	AVAIL
skoardoa	AVAIL
rneiliak	AVAIL
nigei	TAKEN
krego	TAKEN
staurkult	AVAIL
hiandskou	AVAIL
wobeask	AVAIL
gaiskuma	AVAIL
kouskusk	AVAIL
fraipu	AVAIL
praurai	AVAIL
sloastoa	AVAIL
gealeol	AVAIL
glinkdi	AVAIL
criandai	AVAIL
fiogov	AVAIL
zasoark	AVAIL
hosaf	TAKEN
stastayx	AVAIL
praumeirn	AVAIL
floarauz	AVAIL
skazuyx	AVAIL
strateiz	AVAIL
cubldi	AVAIL
friadzia	AVAIL
skaidu	AVAIL
stozurd	AVAIL
plealauis	AVAIL
libod	TAKEN
staicloap	AVAIL
glartouar	AVAIL
briaskio	AVAIL
kemeib	AVAIL
craurux	AVAIL
zioplord	AVAIL
skuskioix	AVAIL
teacrild	AVAIL
frendoa	TAKEN
peartvoa	AVAIL
slotea	TAKEN
nkosos	AVAIL
wirdia	AVAIL
zoagliov	AVAIL
virnli	AVAIL
froultei	AVAIL
grourkoio	AVAIL
courtauza	AVAIL
cruma	TAKEN
kruzeium	AVAIL
seibaer	AVAIL
rialiol	AVAIL
ldeavaul	AVAIL
grumolt	AVAIL
grifia	TAKEN
driontnea	AVAIL
soaskstei	AVAIL
nibxou	AVAIL
flaikstio	AVAIL
sefauk	AVAIL
gliarkesk	AVAIL
spasa	TAKEN
memoald	AVAIL
strourtai	AVAIL
veinteiry	AVAIL
traukosk	AVAIL
jegioan	AVAIL
deibeig	AVAIL
fisniap	AVAIL
skefleiv	AVAIL
krofera	AVAIL
trandzea	AVAIL
spasi	TAKEN
cuntount	AVAIL
pafern	AVAIL
kaudroak	AVAIL
daiflaint	AVAIL
reirkiaos	AVAIL
fiksto	AVAIL
rumeink	AVAIL
pistriant	AVAIL
papau	TAKEN
deimu	TAKEN
kultdea	AVAIL
trioskai	AVAIL
drupoaf	AVAIL
sloxou	AVAIL
zeistiaen	AVAIL
goucrint	AVAIL
fioldsou	AVAIL
dreixoa	AVAIL
ndiasink	AVAIL
krundoen	AVAIL
quizolt	AVAIL
sorkeid	AVAIL
hurtrkia	AVAIL
krousea	AVAIL
rkaibend	AVAIL
loskldai	AVAIL
quaudog	AVAIL
nkoakosk	AVAIL
briodou	AVAIL
sijosk	AVAIL
traixzai	AVAIL
rkiapeis	AVAIL
rkefor	AVAIL
reankaul	AVAIL
praupsta	AVAIL
drazeird	AVAIL
grenkoub	AVAIL
clumndia	AVAIL
clazios	AVAIL
beniis	AVAIL
zordoary	AVAIL
haintpi	AVAIL
rkakruld	AVAIL
gliosni	AVAIL
quirkaig	AVAIL
toudrem	AVAIL
fispounk	AVAIL
snairgoa	AVAIL
zoufult	AVAIL
nunkaar	AVAIL
skiowif	AVAIL
stineam	AVAIL
zenkad	AVAIL
crokgo	AVAIL
niodiont	AVAIL
rintio	TAKEN
baitntoa	AVAIL
branu	TAKEN
croantion	AVAIL
kukian	TAKEN
houvent	AVAIL
wugni	AVAIL
zauxno	AVAIL
gildurk	AVAIL
rniagliap	AVAIL
fixaur	TAKEN
snoartai	AVAIL
poundeaen	AVAIL
triosauyx	AVAIL
bomeon	TAKEN
rnucleirn	AVAIL
snopi	TAKEN
vaucaum	AVAIL
rnoamis	AVAIL
wefeyx	AVAIL
sniaxind	AVAIL
tozias	AVAIL
dubeirk	AVAIL
speibouex	AVAIL
skusas	AVAIL
faxoa	AVAIL
bagea	TAKEN
jailib	AVAIL
reiplour	AVAIL
vuboa	AVAIL
skeankea	AVAIL
groxai	TAKEN
waisga	AVAIL
veakzea	AVAIL
liskiat	AVAIL
traurnu	AVAIL
rnaclent	AVAIL
strigaint	AVAIL
celtuia	AVAIL
tesig	TAKEN
prumo	TAKEN
ltatap	AVAIL
diovoant	AVAIL
nountldau	AVAIL
grexia	TAKEN
siomaiv	AVAIL
grouldot	AVAIL
douva	TAKEN
ltouclauk	AVAIL
coatzu	AVAIL
slosrei	AVAIL
jourkian	AVAIL
pairna	TAKEN
steagtea	AVAIL
stragourk	AVAIL
sloskoa	AVAIL
dreirkzoa	AVAIL
firkaurd	AVAIL
troarnau	AVAIL
sauzaiz	AVAIL
straintei	AVAIL
stoapzu	AVAIL
cernoa	TAKEN
struldai	AVAIL
virkaik	AVAIL
grixeia	AVAIL
nenko	TAKEN
zoarnzi	AVAIL
pourkeaix	AVAIL
bespaunk	AVAIL
fliakia	AVAIL
goudiost	AVAIL
stearkoia	AVAIL
bazais	AVAIL
stazora	AVAIL
clexiana	AVAIL
jundu	TAKEN
leazeum	AVAIL
gruldiak	AVAIL
laildau	AVAIL
clailduer	AVAIL
koubreink	AVAIL
drapo	TAKEN
frafti	AVAIL
feardrkia	AVAIL
fiajal	AVAIL
slearura	AVAIL
bemiarn	AVAIL
faundnka	AVAIL
freifoup	AVAIL
slaustai	AVAIL
roaskbu	AVAIL
haiprtia	AVAIL
pairkou	AVAIL
rnakailt	AVAIL
frirtioio	AVAIL
baundei	AVAIL
freateara	AVAIL
snoaseiol	AVAIL
zurkaina	AVAIL
taurtauer	AVAIL
vobea	TAKEN
rkufroard	AVAIL
skufrdoa	AVAIL
snoupoald	AVAIL
rnipraid	AVAIL
voulloa	AVAIL
ndoudror	AVAIL
kroaltfou	AVAIL
peixpei	AVAIL
bopous	AVAIL
jeneank	AVAIL
mistoa	TAKEN
moalto	TAKEN
craiti	AVAIL
lesttea	AVAIL
peiquat	AVAIL
draultoa	AVAIL
friantma	AVAIL
briovltea	AVAIL
peardoas	AVAIL
doasliab	AVAIL
liado	TAKEN
wirau	AVAIL
tendfia	AVAIL
kouslenk	AVAIL
rdocialt	AVAIL
dusust	AVAIL
kandaux	AVAIL
xatraz	AVAIL
grouxoa	AVAIL
kounba	AVAIL
teaveink	AVAIL
roltou	AVAIL
braskioza	AVAIL
praustoor	AVAIL
frandpea	AVAIL
kouskeav	AVAIL
paikreard	AVAIL
heibiel	AVAIL
rauruis	AVAIL
glarou	AVAIL
ltoaskent	AVAIL
gliboaol	AVAIL
tiankairt	AVAIL
brufioas	AVAIL
sluxrtio	AVAIL
drivoar	AVAIL
nkeidrean	AVAIL
plaultxai	AVAIL
feirkdio	AVAIL
dreandfoa	AVAIL
gloxax	AVAIL
toaspouk	AVAIL
drentuor	AVAIL
louxrdo	AVAIL
kraugauas	AVAIL
kondeix	AVAIL
glisiala	AVAIL
spoarnirt	AVAIL
clanxoa	AVAIL
jeldios	AVAIL
rdeacaunk	AVAIL
weattoa	AVAIL
pernrtei	AVAIL
ltiabeid	AVAIL
flumiava	AVAIL
skiosbia	AVAIL
praunio	AVAIL
zousurt	AVAIL
sapom	TAKEN
virku	TAKEN
spioskxio	AVAIL
doardu	AVAIL
vauntea	AVAIL
pleboa	AVAIL
draurtoa	AVAIL
refla	TAKEN
benia	TAKEN
pleznka	AVAIL
koldiis	AVAIL
pleaxisk	AVAIL
stejaig	AVAIL
mokaiv	AVAIL
spaurdmau	AVAIL
rneihort	AVAIL
joafaul	AVAIL
rtoagiab	AVAIL
doukog	AVAIL
criastau	AVAIL
ziaskourn	AVAIL
ndaigrein	AVAIL
dibraind	AVAIL
kiaskilt	AVAIL
ntaiwex	AVAIL
roameor	AVAIL
meitux	TAKEN
rianpia	AVAIL
tiodrav	AVAIL
pidriarn	AVAIL
quoaverd	AVAIL
ltocleix	AVAIL
fearnrnia	AVAIL
cezux	TAKEN
toarnrka	AVAIL
keispiap	AVAIL
skailrnei	AVAIL
prinkaix	AVAIL
xulous	AVAIL
ltouslom	AVAIL
sealairk	AVAIL
doltxia	AVAIL
jeabob	AVAIL
lopoun	AVAIL
sisauv	AVAIL
claizeata	AVAIL
neafiork	AVAIL
gloandauk	AVAIL
crairiaza	AVAIL
gaizaip	AVAIL
grourti	AVAIL
cekioil	AVAIL
frurnask	AVAIL
caufsau	AVAIL
kaildi	AVAIL
flaifxai	AVAIL
laurnntia	AVAIL
draurtaum	AVAIL
gounteal	AVAIL
xauflat	AVAIL
petous	TAKEN
flurtaind	AVAIL
nkepeav	AVAIL
snezound	AVAIL
pinkeirk	AVAIL
boavourd	AVAIL
routiog	AVAIL
snoundaon	AVAIL
zastien	AVAIL
skumeaex	AVAIL
zarior	TAKEN
fibroart	TAKEN
snostiolt	AVAIL
fleigu	AVAIL
zaunaim	AVAIL
ltukob	AVAIL
ceabailt	AVAIL
ndoslous	AVAIL
kreaboana	AVAIL
lioldeaol	AVAIL
pankea	TAKEN
sutean	TAKEN
freiroug	AVAIL
grounea	AVAIL
quauseird	AVAIL
slaxrdou	AVAIL
fraubead	AVAIL
dreakzou	AVAIL
plontrdia	AVAIL
rkiaheip	AVAIL
gounkei	AVAIL
breikoun	AVAIL
ndapleg	AVAIL
pravioan	AVAIL
goulig	AVAIL
skesad	AVAIL
girdo	TAKEN
clerkeos	AVAIL
keiflark	AVAIL
bufei	TAKEN
krurteag	AVAIL
brouktio	AVAIL
peimilt	AVAIL
skurtnkau	AVAIL
ceigiop	AVAIL
diliak	AVAIL
gliolsko	AVAIL
floubeaas	AVAIL
rdifrurk	AVAIL
craultzea	AVAIL
stramu	AVAIL
wiankro	AVAIL
douskard	AVAIL
faudroas	AVAIL
ndoavaux	AVAIL
wialteaus	AVAIL
roaskioma	AVAIL
ldifeark	AVAIL
naikurd	AVAIL
reankairt	AVAIL
paistaud	AVAIL
nugauyx	AVAIL
bekroar	AVAIL
ceirda	AVAIL
lournou	AVAIL
gabaum	AVAIL
drodva	TAKEN
leameand	AVAIL
slabio	TAKEN
fouhaunt	AVAIL
krustai	TAKEN
sleada	AVAIL
grouduor	AVAIL
foandrkei	AVAIL
ldeagag	AVAIL
kreaskea	AVAIL
tezio	TAKEN
biandeta	AVAIL
bruldnoa	AVAIL
spiando	TAKEN
prairkon	AVAIL
miltnkia	AVAIL
rdiwuld	AVAIL
siacriont	AVAIL
haivpo	AVAIL
reacraind	AVAIL
greardion	AVAIL
sunoil	TAKEN
troalda	AVAIL
koabila	AVAIL
grailda	AVAIL
wuniaos	AVAIL
driapstio	AVAIL
takoa	TAKEN
slioko	AVAIL
slirnai	AVAIL
cretu	TAKEN
krouxrnea	AVAIL
nardear	AVAIL
spourtuer	AVAIL
nkiofaunk	AVAIL
trixlto	AVAIL
pouzisk	AVAIL
nikia	TAKEN
kougrtai	AVAIL
hiosi	TAKEN
ltiotek	AVAIL
mesnost	AVAIL
hildou	AVAIL
preirnoor	AVAIL
croaprdoa	AVAIL
clartzio	AVAIL
keilta	AVAIL
quastta	AVAIL
pontoalt	AVAIL
stonio	TAKEN
ziandau	AVAIL
kiarnnkei	AVAIL
conkusk	AVAIL
plioxould	AVAIL
kundpoa	AVAIL
daslog	TAKEN
doastauel	AVAIL
pliarrto	AVAIL
stouskau	AVAIL
ceirkiaas	AVAIL
grora	TAKEN
lepreit	AVAIL
fearniata	AVAIL
goaddou	AVAIL
broazoas	AVAIL
riogauv	AVAIL
griasael	AVAIL
hounkou	AVAIL
zelteza	AVAIL
keartou	AVAIL
groamund	AVAIL
quesu	TAKEN
kistin	TAKEN
deardauis	AVAIL
tiasnark	AVAIL
hartbi	AVAIL
mixeius	AVAIL
joarib	AVAIL
rtoliap	AVAIL
jestndu	AVAIL
rkokriant	AVAIL
wirnoon	AVAIL
ldauveit	AVAIL
hiandoail	AVAIL
drila	TAKEN
strapnkio	AVAIL
sleinko	AVAIL
fralian	TAKEN
nafint	TAKEN
jurdaion	AVAIL
hiakuva	AVAIL
studreak	AVAIL
prournola	AVAIL
gloagez	AVAIL
forkrio	AVAIL
glasou	AVAIL
snitau	AVAIL
fliagki	AVAIL
brenkiar	AVAIL
buboat	AVAIL
feigmo	AVAIL
jaido	TAKEN
snantouf	AVAIL
baucreab	AVAIL
quertaunt	AVAIL
fiojeirn	AVAIL
ruxea	TAKEN
ninkauan	AVAIL
naubrild	AVAIL
partau	AVAIL
gatert	TAKEN
rdoumiat	AVAIL
haindoant	AVAIL
tundioil	AVAIL
trolrou	AVAIL
stioziota	AVAIL
ltiovonk	AVAIL
clemeal	AVAIL
holdo	TAKEN
coantoaan	AVAIL
drionxei	AVAIL
zitaiol	AVAIL
laipraz	AVAIL
tupeab	AVAIL
fleando	AVAIL
breiru	TAKEN
teinstei	AVAIL
friasei	AVAIL
skordiork	AVAIL
glouvias	AVAIL
stumunt	AVAIL
trefin	TAKEN
funkaul	AVAIL
locealt	AVAIL
caurno	AVAIL
floumai	AVAIL
souspaurd	AVAIL
lukat	TAKEN
fleabzu	AVAIL
ploandiof	AVAIL
flourdiox	AVAIL
koabrialt	AVAIL
flerai	TAKEN
paudrer	AVAIL
doubiak	AVAIL
grairaa	AVAIL
vounkiava	AVAIL
huxouor	AVAIL
doablti	AVAIL
gauwed	AVAIL
rtuquirk	AVAIL
clolu	TAKEN
cruxgu	AVAIL
qualtau	AVAIL
kerkrkei	AVAIL
boarno	TAKEN
plounkux	AVAIL
rtouboum	AVAIL
miafzia	AVAIL
rosia	TAKEN
laugliov	AVAIL
trexaul	AVAIL
questou	TAKEN
zevau	AVAIL
riplouv	AVAIL
slaurdesk	AVAIL
rdoapliag	AVAIL
cluzfoa	AVAIL
vegrim	TAKEN
trukltoa	AVAIL
huvau	AVAIL
prausrdau	AVAIL
torna	TAKEN
nortei	TAKEN
glenoad	AVAIL
gauroun	AVAIL
ldoaplask	AVAIL
krunia	TAKEN
drexga	AVAIL
snantnkei	AVAIL
snegoaly	AVAIL
peiztou	AVAIL
mairkrnau	AVAIL
lendeis	AVAIL
siokrilt	AVAIL
stoatril	AVAIL
pixska	AVAIL
pitia	TAKEN
mostian	TAKEN
vunkaz	AVAIL
stramdo	AVAIL
droadous	AVAIL
sirtoat	AVAIL
kepoald	AVAIL
leaskiag	AVAIL
kraixap	AVAIL
kerdip	TAKEN
raunvau	AVAIL
pliskda	AVAIL
sniotei	AVAIL
stamrki	AVAIL
rifloun	AVAIL
trufrnau	AVAIL
galtstea	AVAIL
vaizxoa	AVAIL
neagzei	AVAIL
groulu	AVAIL
quentai	TAKEN
beiltzio	AVAIL
driaduas	AVAIL
zoatoult	AVAIL
niofsou	AVAIL
nizouor	AVAIL
brisind	AVAIL
bokend	AVAIL
plilourn	AVAIL
dreiziag	AVAIL
frekio	TAKEN
rduskoar	AVAIL
snairndu	AVAIL
soavian	TAKEN
hirea	TAKEN
koatail	AVAIL
leihoap	AVAIL
sekaurd	AVAIL
snauraus	AVAIL
rdauneip	AVAIL
taurkioz	AVAIL
sloantio	AVAIL
paindeaf	AVAIL
griolak	AVAIL
rtaicroal	AVAIL
spaunei	AVAIL
nkoaniold	AVAIL
grinkla	AVAIL
glerdau	AVAIL
fiarstoa	AVAIL
tragaub	AVAIL
tiafuk	AVAIL
claurdki	AVAIL
rnaudourd	AVAIL
rtoupoun	AVAIL
rdiasead	AVAIL
bionkaon	AVAIL
beiruz	AVAIL
gliazdea	AVAIL
voalu	TAKEN
slaudelt	AVAIL
notldai	AVAIL
krivask	AVAIL
cilaund	AVAIL
spexim	TAKEN
groltioar	AVAIL
glirddei	AVAIL
gunkold	AVAIL
pluxausk	AVAIL
prusti	TAKEN
zairdas	AVAIL
stukfio	AVAIL
wunkuis	AVAIL
ploarnion	AVAIL
kougald	AVAIL
rudoal	AVAIL
gaumon	AVAIL
rtipload	AVAIL
striatois	AVAIL
fiojiop	AVAIL
nurnia	TAKEN
stiasta	AVAIL
sliaveata	AVAIL
fepoas	AVAIL
proapeirt	AVAIL
claurnern	AVAIL
krairai	AVAIL
pudrig	TAKEN
moldai	TAKEN
seigila	AVAIL
crauneag	AVAIL
flauldi	AVAIL
grogea	AVAIL
siantoava	AVAIL
skouzild	AVAIL
piokrourk	AVAIL
krairtpea	AVAIL
hifauna	AVAIL
voavounk	AVAIL
ltionesk	AVAIL
skeipda	AVAIL
strigei	AVAIL
heikvau	AVAIL
nopau	TAKEN
snoankio	AVAIL
prebuia	AVAIL
vaistoary	AVAIL
drisuma	AVAIL
hidio	TAKEN
griameza	AVAIL
larklai	AVAIL
praumdou	AVAIL
soalted	AVAIL
greaxeild	AVAIL
sebsai	TAKEN
mogleab	AVAIL
ciazlea	AVAIL
skeglaist	AVAIL
beipleant	AVAIL
boanti	AVAIL
nouxil	AVAIL
spenkiosk	AVAIL
crurnau	AVAIL
bruvesk	AVAIL
crourtain	AVAIL
vaivo	TAKEN
zuseit	TAKEN
prundntoa	AVAIL
krenou	TAKEN
bourtgoa	AVAIL
kearta	AVAIL
jontula	AVAIL
negial	TAKEN
rkeisaird	AVAIL
plefo	TAKEN
beibiolt	AVAIL
borka	TAKEN
slaufoaos	AVAIL
voubroand	AVAIL
ruvaen	AVAIL
woteird	AVAIL
gaisaird	AVAIL
glearnira	AVAIL
snoandzai	AVAIL
trunknu	AVAIL
vemouf	AVAIL
boupeiz	AVAIL
pliolldoa	AVAIL
briopiool	AVAIL
flauzina	AVAIL
stouclurt	AVAIL
grivai	TAKEN
heintnei	AVAIL
keindndou	AVAIL
keartsu	AVAIL
bruldeus	AVAIL
peinu	TAKEN
xioquat	AVAIL
jorkoax	AVAIL
prialtai	AVAIL
heivrio	AVAIL
boaveen	AVAIL
cleaxois	AVAIL
ldozaid	AVAIL
grumrdia	AVAIL
strizo	TAKEN
woultiar	AVAIL
glifnai	AVAIL
ntaubriag	AVAIL
gimeask	AVAIL
doaxealt	AVAIL
keatskei	AVAIL
heami	TAKEN
neartank	AVAIL
goltdia	AVAIL
snearkou	AVAIL
rnoasaid	AVAIL
gadstou	AVAIL
kreilnia	AVAIL
kiaztei	AVAIL
kruboa	AVAIL
sliaxrtea	AVAIL
boaseon	AVAIL
queikob	AVAIL
rajaisk	AVAIL
rtespaild	AVAIL
xeidord	AVAIL
glantbo	AVAIL
zeirniaol	AVAIL
baugrouf	AVAIL
strusois	AVAIL
xounaunk	AVAIL
glordat	AVAIL
nioldeaza	AVAIL
neasksko	AVAIL
gleindai	AVAIL
dreskara	AVAIL
radia	TAKEN
nouldpea	AVAIL
rtauvourn	AVAIL
flailu	AVAIL
gleanaiel	AVAIL
waufist	AVAIL
glundoa	AVAIL
nteibaint	AVAIL
decreint	AVAIL
daideint	AVAIL
krisskio	AVAIL
vioslurk	AVAIL
flaukik	AVAIL
noundldau	AVAIL
roaldei	AVAIL
glerdoon	AVAIL
fleildria	AVAIL
cioluol	AVAIL
doatrald	AVAIL
rtiskeit	AVAIL
sustaip	AVAIL
kinkzai	TAKEN
praveian	AVAIL
lirnndau	AVAIL
rarnau	AVAIL
gaunkenk	AVAIL
sacist	AVAIL
fiadrat	AVAIL
cozau	TAKEN
zoardu	AVAIL
cokvu	AVAIL
rnoazoat	AVAIL
stoanaut	AVAIL
ceamu	TAKEN
minkoust	AVAIL
teanausk	AVAIL
skouxark	AVAIL
treintoa	AVAIL
pliolid	AVAIL
vurei	TAKEN
bregsou	AVAIL
glixndio	AVAIL
ltesneisk	AVAIL
vauglaund	AVAIL
nausild	AVAIL
ziornno	AVAIL
hostba	TAKEN
jioltink	AVAIL
cloaklta	AVAIL
roastroal	AVAIL
martltu	AVAIL
vauvif	AVAIL
pouvrdei	AVAIL
bairnoag	AVAIL
grunto	TAKEN
nopuld	AVAIL
gogia	TAKEN
slialaa	AVAIL
punda	TAKEN
dealda	TAKEN
groakzia	AVAIL
rertau	AVAIL
noakal	AVAIL
soahait	AVAIL
gaurdend	AVAIL
krunkai	TAKEN
trenkvau	AVAIL
frefioma	AVAIL
treatstai	AVAIL
queirkif	AVAIL
goltvu	AVAIL
trordu	AVAIL
strairink	AVAIL
frainei	AVAIL
xiokriag	AVAIL
breateius	AVAIL
quarkoand	AVAIL
laidoas	AVAIL
fluldara	AVAIL
rneafriaz	AVAIL
lomunt	AVAIL
sneizei	AVAIL
ferteat	AVAIL
sefltu	AVAIL
rkiglind	AVAIL
nujiot	AVAIL
ciaskltei	AVAIL
plauveik	AVAIL
foufas	TAKEN
skugeird	AVAIL
beaxnio	AVAIL
brekeava	AVAIL
sorkrtai	AVAIL
strozra	AVAIL
vabov	TAKEN
glaigiand	AVAIL
clurei	AVAIL
clondirt	AVAIL
kurios	TAKEN
hitiava	AVAIL
pogleaz	AVAIL
roazear	AVAIL
deisltei	AVAIL
drairkouk	AVAIL
zurtask	AVAIL
neirkio	AVAIL
rnoutound	AVAIL
ntarauv	AVAIL
kogai	TAKEN
varntu	AVAIL
frumu	TAKEN
nkestiand	AVAIL
rdeapril	AVAIL
drarap	AVAIL
jeadaist	AVAIL
rakaist	AVAIL
kruxait	AVAIL
riavip	TAKEN
bosndi	AVAIL
trantsea	AVAIL
speivu	AVAIL
zaploav	AVAIL
prixbu	AVAIL
preinaisk	AVAIL
hoaxa	TAKEN
keamely	AVAIL
fiastia	AVAIL
ldouvon	AVAIL
giandaind	AVAIL
skobilt	AVAIL
cardiola	TAKEN
stragiaza	AVAIL
grainkea	AVAIL
rkaibrair	AVAIL
snaixldau	AVAIL
bougout	AVAIL
greinaias	AVAIL
cealti	TAKEN
quiontous	AVAIL
miotiolt	AVAIL
quogouz	AVAIL
cuxrnea	AVAIL
saundsu	AVAIL
krentau	AVAIL
tiortaiex	AVAIL
pouskou	AVAIL
staixiaor	AVAIL
vogsio	TAKEN
zeirtrda	AVAIL
naidzou	AVAIL
fliankou	AVAIL
grekio	TAKEN
wumend	AVAIL
temeina	AVAIL
moultoma	AVAIL
jirkuv	AVAIL
kroartei	AVAIL
torskau	AVAIL
maucoal	AVAIL
peikialt	AVAIL
wandrdai	AVAIL
ldoaglurk	AVAIL
stano	TAKEN
kairdoa	AVAIL
miskeint	AVAIL
voaldskau	AVAIL
hairdu	TAKEN
kuldea	TAKEN
drumioo	AVAIL
quioldi	AVAIL
spidaust	AVAIL
crostiana	AVAIL
keabroas	AVAIL
coslea	AVAIL
dourdig	AVAIL
patraind	AVAIL
gloroz	TAKEN
wapouv	AVAIL
ntukiv	AVAIL
sliosdo	AVAIL
pliorkeip	AVAIL
nairni	AVAIL
mazpai	AVAIL
skeaba	AVAIL
glaza	TAKEN
snoasai	AVAIL
druzoala	AVAIL
flioskean	AVAIL
ltigen	AVAIL
gantea	TAKEN
plovndo	AVAIL
glainkgia	AVAIL
tesav	TAKEN
grestfia	AVAIL
siafela	AVAIL
fuptoa	AVAIL
treikvoa	AVAIL
fleilno	AVAIL
vearkskei	AVAIL
speitltea	AVAIL
nkeifurt	AVAIL
graiskndo	AVAIL
nkaugex	AVAIL
doarkama	AVAIL
gesoug	AVAIL
godrdoa	AVAIL
froadrti	AVAIL
banoor	TAKEN
ninrtai	AVAIL
fauskeius	AVAIL
cialdstio	AVAIL
maubrax	AVAIL
noasiarn	AVAIL
clirrkai	AVAIL
plaupvu	AVAIL
boastroul	AVAIL
lerdiat	AVAIL
niorkioma	AVAIL
riaszo	AVAIL
plestiosk	AVAIL
snairdsou	AVAIL
crouldpei	AVAIL
ltiskoal	AVAIL
wugia	TAKEN
zauma	TAKEN
zeandea	AVAIL
broboa	AVAIL
skocrip	AVAIL
hourdai	AVAIL
speanos	AVAIL
leapoan	AVAIL
cloarnuar	AVAIL
pluffo	TAKEN
xaucloan	AVAIL
niarela	TAKEN
jiaszei	AVAIL
traindaug	AVAIL
wearkun	AVAIL
vendeien	AVAIL
joarkei	AVAIL
gabaurt	AVAIL
rkusnax	AVAIL
simvou	AVAIL
mosskia	AVAIL
plaseald	AVAIL
gundeta	AVAIL
proandiz	AVAIL
tousneim	AVAIL
ldaimeix	AVAIL
cleikrto	AVAIL
sniorklou	AVAIL
danntau	AVAIL
jaisklti	AVAIL
sionkairk	AVAIL
nauspart	AVAIL
reaprind	AVAIL
koxor	TAKEN
kodeird	AVAIL
deirkmea	AVAIL
venunt	AVAIL
stikeird	AVAIL
sleatask	AVAIL
kouwoup	AVAIL
broavaurt	AVAIL
xaufliam	AVAIL
daunoap	AVAIL
rneagoun	AVAIL
fiflet	AVAIL
nkaupreil	AVAIL
vionden	AVAIL
priatba	AVAIL
pausoard	AVAIL
skauxaist	AVAIL
breapi	AVAIL
waugrdo	AVAIL
maulstei	AVAIL
niolltea	AVAIL
prioldem	AVAIL
biadov	AVAIL
kroabai	AVAIL
stroskoen	AVAIL
raufi	TAKEN
grepa	TAKEN
rostei	TAKEN
violtldei	AVAIL
heardo	TAKEN
vaurkeos	AVAIL
rnustaip	AVAIL
hoardiank	AVAIL
breadea	AVAIL
raurun	AVAIL
fiogxau	AVAIL
pliosai	AVAIL
louhart	TAKEN
lduspealt	AVAIL
glepkoa	AVAIL
koxiama	AVAIL
clernial	AVAIL
roaldo	TAKEN
stoapxea	AVAIL
snankuv	AVAIL
rnisnul	AVAIL
punkntei	AVAIL
foznou	AVAIL
skunti	AVAIL
spidau	AVAIL
miozourk	AVAIL
bubreav	AVAIL
zortxau	AVAIL
rnumairk	AVAIL
mulina	TAKEN
heirkusk	AVAIL
rnovoarn	AVAIL
rioskov	AVAIL
hiorki	AVAIL
heanktea	AVAIL
hiarnu	AVAIL
strafei	AVAIL
bialtairt	AVAIL
jaizltia	AVAIL
poaskaix	AVAIL
broaskoa	AVAIL
brabou	TAKEN
foudound	AVAIL
nkaicriag	AVAIL
tremea	TAKEN
pogea	TAKEN
cliankou	AVAIL
zugau	AVAIL
skoudond	AVAIL
leixeas	AVAIL
maistfai	AVAIL
kailuk	AVAIL
krioznkou	AVAIL
kriosio	AVAIL
prepealt	AVAIL
creartix	TAKEN
roskent	AVAIL
veaslog	AVAIL
taldaiz	AVAIL
straimiaa	AVAIL
floufeiis	AVAIL
rtaipast	AVAIL
beroa	TAKEN
stouwark	AVAIL
breazto	AVAIL
lteviod	AVAIL
trelei	AVAIL
meaneig	AVAIL
glouleix	AVAIL
moubu	TAKEN
roatauld	AVAIL
trendauol	AVAIL
niostraf	AVAIL
tofliarn	AVAIL
rtiofont	AVAIL
stroalaid	AVAIL
spindoa	AVAIL
kreitioil	AVAIL
moleind	AVAIL
ndamiz	AVAIL
zokoan	AVAIL
fleadioix	AVAIL
zeagstu	AVAIL
skeaskoak	AVAIL
haufndio	AVAIL
muriata	TAKEN
voutolt	AVAIL
praultei	AVAIL
zeinery	AVAIL
nkaziask	AVAIL
foagloux	AVAIL
spentauna	AVAIL
kruskia	AVAIL
rionkou	AVAIL
snoagai	AVAIL
glauzoa	AVAIL
flapiaf	AVAIL
gogian	TAKEN
deces	TAKEN
jaildou	AVAIL
rtousliod	AVAIL
rkiobam	AVAIL
brouloer	AVAIL
craunteio	AVAIL
feirmu	AVAIL
trousealy	AVAIL
quiltloa	AVAIL
loukoant	AVAIL
taldia	TAKEN
caustayx	AVAIL
kaurneiel	AVAIL
traifzea	AVAIL
wufionk	AVAIL
feixeark	AVAIL
vealdaip	AVAIL
mouto	TAKEN
quilto	TAKEN
broudau	AVAIL
ciantaup	AVAIL
trainkai	AVAIL
quafrtou	AVAIL
skavfia	AVAIL
criordea	AVAIL
tocroub	AVAIL
sluviar	AVAIL
tovmau	AVAIL
cleimoult	AVAIL
baigark	AVAIL
creinfai	AVAIL
brairduza	AVAIL
gafrialt	AVAIL
ntupank	AVAIL
flebeak	AVAIL
kaurkio	AVAIL
floumenk	AVAIL
keandearn	AVAIL
snemskio	AVAIL
hoskeark	AVAIL
troufnko	AVAIL
gexrnau	AVAIL
ndequex	AVAIL
drurnzia	AVAIL
drobear	AVAIL
ndamak	AVAIL
kiarast	AVAIL
kevoer	AVAIL
jidaium	AVAIL
skoahiat	AVAIL
feandrdi	AVAIL
peskeios	AVAIL
nkataum	AVAIL
vaiglaum	AVAIL
plaszia	AVAIL
zeapios	AVAIL
flokioza	AVAIL
prerkeak	AVAIL
siasoask	AVAIL
raistltu	AVAIL
treidrkoa	AVAIL
wertoa	AVAIL
graulmia	AVAIL
quafaip	AVAIL
xaifiag	AVAIL
priova	TAKEN
gatrend	AVAIL
maitog	AVAIL
sidnto	AVAIL
plaultai	AVAIL
taprai	TAKEN
plealart	AVAIL
drairkria	AVAIL
flairul	AVAIL
staudpia	AVAIL
truxzei	AVAIL
spiokio	AVAIL
gameard	TAKEN
proufia	AVAIL
steiquean	AVAIL
reltu	TAKEN
fistog	AVAIL
temai	TAKEN
nionoub	AVAIL
skisgia	AVAIL
rdozian	AVAIL
staixou	AVAIL
flatona	TAKEN
claukoar	AVAIL
nupiont	AVAIL
voudbu	AVAIL
rdialord	AVAIL
dourkalt	AVAIL
toafa	AVAIL
broutei	AVAIL
ntiskear	AVAIL
plibix	AVAIL
spirdelt	AVAIL
preitea	AVAIL
vastat	TAKEN
grorav	AVAIL
daiskea	AVAIL
leanouv	AVAIL
teasrnai	AVAIL
teklia	TAKEN
muwis	TAKEN
plustiard	AVAIL
sporaien	AVAIL
snamoaa	AVAIL
rkospouf	AVAIL
prianu	AVAIL
haiteig	AVAIL
fleankiol	AVAIL
miasnark	AVAIL
kroutio	AVAIL
ltoatron	AVAIL
crutuar	AVAIL
claigauon	AVAIL
trazo	TAKEN
stealeel	AVAIL
piartiary	AVAIL
brianta	TAKEN
clido	TAKEN
teibon	TAKEN
sauspaurk	AVAIL
sougain	AVAIL
naintea	AVAIL
rogpa	TAKEN
goadek	AVAIL
stuvum	AVAIL
zialeand	AVAIL
slarava	AVAIL
kreavaos	AVAIL
rkouneas	AVAIL
reirnau	AVAIL
brerau	AVAIL
rnewoz	AVAIL
biasta	TAKEN
seirdoub	AVAIL
failault	AVAIL
doltaa	AVAIL
wirkog	AVAIL
grairould	AVAIL
routoand	AVAIL
grurkoer	AVAIL
vifoa	AVAIL
kriozer	AVAIL
plordius	AVAIL
dreandmia	AVAIL
soupreip	AVAIL
crurniad	AVAIL
paustol	TAKEN
kastfai	AVAIL
zabrog	AVAIL
roukul	AVAIL
stiquoat	AVAIL
feasfa	AVAIL
clouseael	AVAIL
lailvei	AVAIL
frouski	AVAIL
nedeis	TAKEN
pliontab	AVAIL
staudeald	AVAIL
zeasniod	AVAIL
kournou	AVAIL
rnetaup	AVAIL
friatrdou	AVAIL
tiordauf	AVAIL
glailbi	AVAIL
snirkou	AVAIL
weaxrnia	AVAIL
striandou	AVAIL
claxourt	AVAIL
dulap	TAKEN
briarloa	AVAIL
sauzaur	AVAIL
nkeiciov	AVAIL
staildoa	AVAIL
hoaldoos	AVAIL
pexaila	AVAIL
praltndu	AVAIL
mutiag	AVAIL
nkanov	AVAIL
baula	TAKEN
pefio	TAKEN
feipraist	AVAIL
glevoaon	AVAIL
slefiana	AVAIL
ldaucreld	AVAIL
viplern	AVAIL
mauldbei	AVAIL
flaldmoa	AVAIL
nkiostunk	AVAIL
fioznai	AVAIL
stropeiio	AVAIL
ranndai	AVAIL
drialdiab	AVAIL
boajus	TAKEN
beafnka	AVAIL
gaimouf	AVAIL
weileer	TAKEN
snaixault	AVAIL
broxlu	AVAIL
zaipul	TAKEN
stroaxpi	AVAIL
flurdairt	AVAIL
kaugreap	AVAIL
rkiopref	AVAIL
viocleint	AVAIL
seildntea	AVAIL
fetrko	AVAIL
raifliold	AVAIL
vexark	AVAIL
criardi	AVAIL
prendoald	AVAIL
dreaskouv	AVAIL
slaufou	AVAIL
biclof	AVAIL
cinkei	AVAIL
pougsea	AVAIL
triskfo	AVAIL
tojeist	AVAIL
nkabix	AVAIL
lipronk	AVAIL
ldiabof	AVAIL
skogau	AVAIL
wugurt	AVAIL
snixousk	AVAIL
daibork	AVAIL
gozstei	AVAIL
jaupaos	AVAIL
nudola	TAKEN
dogrark	AVAIL
letoara	AVAIL
tezxo	AVAIL
ponoan	AVAIL
plioroaor	AVAIL
rantion	TAKEN
xiafliark	AVAIL
reasairk	AVAIL
cloapoan	AVAIL
nkuskead	AVAIL
kraileex	AVAIL
glerkiob	AVAIL
glaiskau	AVAIL
paroas	AVAIL
poutroa	AVAIL
spalaf	AVAIL
priopoa	AVAIL
strendio	AVAIL
kroxert	AVAIL
siafpea	AVAIL
launouk	AVAIL
skedeis	AVAIL
leaquart	AVAIL
glailti	AVAIL
fraineil	AVAIL
kroaltort	AVAIL
kiofiort	AVAIL
zimnkai	AVAIL
coantema	AVAIL
breteink	AVAIL
diagleab	AVAIL
plibltia	AVAIL
frauldou	AVAIL
hultfau	AVAIL
draidvia	AVAIL
dreirnu	AVAIL
preazauan	AVAIL
cretouz	AVAIL
rouzom	AVAIL
farai	TAKEN
surkail	AVAIL
kextau	AVAIL
keijiand	AVAIL
fiagloast	AVAIL
skediant	AVAIL
brianea	AVAIL
fleankpou	AVAIL
boandeind	AVAIL
boskia	TAKEN
kreizu	AVAIL
joutord	AVAIL
vendgoa	AVAIL
zivrtai	AVAIL
fauspeam	AVAIL
sournu	AVAIL
deankia	AVAIL
brounkiis	AVAIL
peaskeird	AVAIL
lagux	TAKEN
kriafea	AVAIL
craifunt	AVAIL
gloaxaird	AVAIL
spiavern	AVAIL
rdeaziv	AVAIL
stozeta	AVAIL
brauskob	AVAIL
brustiond	AVAIL
sioskoux	AVAIL
ploadei	AVAIL
sornaol	AVAIL
niasoask	AVAIL
prisart	TAKEN
koulurk	AVAIL
naigreix	AVAIL
bealum	TAKEN
frounkeol	AVAIL
rdioraus	AVAIL
crardu	AVAIL
brurdltou	AVAIL
bouslalt	AVAIL
fliogo	AVAIL
glarnndoa	AVAIL
deardiop	AVAIL
merata	TAKEN
skiabrud	AVAIL
stiofeirt	AVAIL
tiodu	TAKEN
coanank	AVAIL
cekia	TAKEN
cliopmau	AVAIL
zourniza	AVAIL
bioltort	AVAIL
wurdi	TAKEN
nditird	AVAIL
seantrnia	AVAIL
wountrdo	AVAIL
laupi	TAKEN
crurdlau	AVAIL
cliadola	AVAIL
vaunkeama	AVAIL
croltaurn	AVAIL
struxaias	AVAIL
prioteb	AVAIL
flortov	AVAIL
proultrau	AVAIL
floziag	AVAIL
skaifiaus	AVAIL
mouveink	AVAIL
cleistou	AVAIL
feaxeirk	AVAIL
plefax	AVAIL
spegnki	AVAIL
stiabou	AVAIL
rtaisiog	AVAIL
voxais	TAKEN
rdoateax	AVAIL
snoukiosk	AVAIL
miatiark	AVAIL
stiodit	AVAIL
loukounk	AVAIL
rardtu	AVAIL
coakskia	AVAIL
viogiort	AVAIL
clastau	AVAIL
kasunt	AVAIL
flaisklai	AVAIL
feardoa	AVAIL
tearo	TAKEN
goardoa	AVAIL
tearko	AVAIL
pruksku	AVAIL
ploafrou	AVAIL
wotskau	AVAIL
spauvesk	AVAIL
skialdou	AVAIL
crazeaus	AVAIL
couxek	AVAIL
straibona	AVAIL
gransi	TAKEN
stezstu	AVAIL
haubzoa	AVAIL
nuleab	AVAIL
basvi	TAKEN
vekrod	AVAIL
snidaex	AVAIL
skohap	AVAIL
mauxeas	AVAIL
camioer	AVAIL
robdia	AVAIL
dougronk	AVAIL
musoult	AVAIL
miovku	AVAIL
rdukrailt	AVAIL
spubouk	AVAIL
krilta	AVAIL
skispiosk	AVAIL
veinkiaz	AVAIL
stintoav	AVAIL
traimgo	AVAIL
rtiovok	AVAIL
friamltou	AVAIL
snaxuna	AVAIL
triortai	AVAIL
mouplep	AVAIL
troandear	AVAIL
claintkoa	AVAIL
cramo	TAKEN
piacroap	AVAIL
kauploam	AVAIL
lioxstu	AVAIL
quairkeir	AVAIL
ciokndia	AVAIL
glaukio	AVAIL
xaustrox	AVAIL
brortei	AVAIL
weantldoa	AVAIL
slazei	AVAIL
pealtouex	AVAIL
skeirki	AVAIL
moaldai	AVAIL
freilael	AVAIL
stostrdou	AVAIL
mountoa	AVAIL
plialtiia	AVAIL
foubaist	AVAIL
mankxia	AVAIL
triasdou	AVAIL
stocaid	AVAIL
kirnei	AVAIL
goutnta	AVAIL
jontun	AVAIL
weinkga	AVAIL
treardi	AVAIL
grinkery	AVAIL
braivei	AVAIL
rtoaprouz	AVAIL
piaquad	AVAIL
xioclouv	AVAIL
slaku	TAKEN
staitrauz	AVAIL
peimu	TAKEN
vobldou	AVAIL
snionol	AVAIL
prastti	AVAIL
sostreak	AVAIL
foutbi	AVAIL
krosta	TAKEN
snalroa	AVAIL
slornndai	AVAIL
dusouv	AVAIL
deirdiayx	AVAIL
ntutreird	AVAIL
siakot	AVAIL
gauntio	AVAIL
rdeafaurd	AVAIL
krugntai	AVAIL
gaxeird	AVAIL
nikrup	AVAIL
biopliab	AVAIL
koanap	AVAIL
gliordag	AVAIL
kefaly	TAKEN
stuntoap	AVAIL
claudo	TAKEN
paixa	TAKEN
ndoaveir	AVAIL
plavaiz	AVAIL
fliortei	AVAIL
coastul	TAKEN
honteard	AVAIL
broafzi	AVAIL
skiofai	AVAIL
ldoapoub	AVAIL
heartean	AVAIL
flubaurt	AVAIL
roupud	AVAIL
droltius	AVAIL
prarnap	AVAIL
feandei	AVAIL
jeltrtu	AVAIL
rnauwaurd	AVAIL
slilai	TAKEN
zetau	TAKEN
stauroary	AVAIL
flerdiis	AVAIL
nkonoal	AVAIL
xiafriob	AVAIL
seidu	TAKEN
rtigild	AVAIL
stuwaist	AVAIL
goabiok	AVAIL
ceskek	AVAIL
snurdvai	AVAIL
peidios	AVAIL
traupiag	AVAIL
pleinkoa	AVAIL
diotroaf	AVAIL
praundsto	AVAIL
slournxu	AVAIL
stronkeil	AVAIL
doareast	AVAIL
broadeaar	AVAIL
saxeiza	AVAIL
dausauf	AVAIL
badraim	AVAIL
kiadrior	AVAIL
breapeis	AVAIL
tozau	TAKEN
peizltei	AVAIL
geicriost	AVAIL
glelio	TAKEN
diarourn	AVAIL
pluntunk	AVAIL
biozauf	AVAIL
stiakust	AVAIL
ploantuer	AVAIL
creizoa	AVAIL
ltoakrin	AVAIL
mugauyx	AVAIL
coukaid	AVAIL
cliato	AVAIL
seixuna	AVAIL
jioseit	AVAIL
drioxala	AVAIL
trialdiel	AVAIL
hugau	TAKEN
viorisk	AVAIL
nkeicrild	AVAIL
neaso	TAKEN
brulo	TAKEN
treandia	AVAIL
purtont	AVAIL
culdeaf	AVAIL
trunkaun	AVAIL
glinoul	AVAIL
rkaibion	AVAIL
rteiviolt	AVAIL
traunteb	AVAIL
jiantourt	AVAIL
fliagia	AVAIL
driakout	AVAIL
ndoazailt	AVAIL
preintkia	AVAIL
maikoalt	AVAIL
nurdeia	AVAIL
keaneant	AVAIL
staxory	AVAIL
ndiopleiz	AVAIL
friaxzoa	AVAIL
deava	TAKEN
stoatink	AVAIL
staubus	TAKEN
runti	TAKEN
niaderk	AVAIL
bausloal	AVAIL
zaidgau	AVAIL
ziakraurt	AVAIL
stiafsi	AVAIL
nountana	AVAIL
froavata	AVAIL
fliodau	AVAIL
gukork	AVAIL
brintask	AVAIL
ceiltet	AVAIL
staquaint	AVAIL
glezau	AVAIL
ndautreaz	AVAIL
gleazfai	AVAIL
xeistrim	AVAIL
joafi	TAKEN
flainoaol	AVAIL
flifurd	AVAIL
criandaus	AVAIL
troamnkou	AVAIL
hioski	AVAIL
nkeifrif	AVAIL
gasleiv	AVAIL
clauxkea	AVAIL
preakaiil	AVAIL
noubren	AVAIL
boamix	AVAIL
fraustmou	AVAIL
skiostig	AVAIL
flankoaus	AVAIL
nouldouk	AVAIL
griaviard	AVAIL
faiskioan	AVAIL
slioprtei	AVAIL
clourery	AVAIL
treankou	AVAIL
prumioyx	AVAIL
meanlu	AVAIL
kroulima	AVAIL
drouldbau	AVAIL
boabup	AVAIL
kroxeao	AVAIL
gaiskiark	AVAIL
woumo	AVAIL
ntocion	AVAIL
goakvei	AVAIL
glaustio	AVAIL
creibrnei	AVAIL
nudrux	TAKEN
strokoaly	AVAIL
flituo	AVAIL
doutral	AVAIL
ploldu	AVAIL
kionda	TAKEN
stumeaf	AVAIL
speintska	AVAIL
jonkin	TAKEN
sabrais	AVAIL
noakoul	AVAIL
quizib	AVAIL
migvoa	AVAIL
gouzu	TAKEN
treasto	AVAIL
skaptea	AVAIL
pluvoan	AVAIL
slaunkei	AVAIL
faipeax	AVAIL
rdeigrip	AVAIL
pladio	TAKEN
roankoaus	AVAIL
hodsu	AVAIL
weirdaunk	AVAIL
jaikur	AVAIL
skixu	AVAIL
spaipenk	AVAIL
zoafiank	AVAIL
dendova	AVAIL
soawiam	AVAIL
prufxa	AVAIL
tubauer	AVAIL
zuhuz	TAKEN
ndajaix	AVAIL
crenkoa	AVAIL
tiogroaf	AVAIL
flautaiyx	AVAIL
kasta	TAKEN
gumaurd	AVAIL
glesknu	AVAIL
veidur	TAKEN
drouzouol	AVAIL
frultiala	AVAIL
vairgo	TAKEN
kenkntia	AVAIL
grouskak	AVAIL
steasldau	AVAIL
zizeina	AVAIL
streazfou	AVAIL
ldispek	AVAIL
gesnil	AVAIL
strianust	AVAIL
snauvaid	AVAIL
snendeiv	AVAIL
frauntu	AVAIL
soantad	AVAIL
zeanein	AVAIL
krindrnoa	AVAIL
jionkuil	AVAIL
steindio	AVAIL
clandou	TAKEN
mouskirn	AVAIL
rkiasliob	AVAIL
bindvi	AVAIL
nailtauas	AVAIL
homoa	TAKEN
gletos	AVAIL
skiortup	AVAIL
rdikaurn	AVAIL
loadiop	AVAIL
pauldski	AVAIL
quinkiord	AVAIL
zeiskiork	AVAIL
cleldai	AVAIL
grontauly	AVAIL
straltaig	AVAIL
spuxort	AVAIL
striomarn	AVAIL
speikaut	AVAIL
rnaufiant	AVAIL
vuveina	AVAIL
frauford	AVAIL
slaimea	AVAIL
brundo	TAKEN
rkicait	AVAIL
kriopei	AVAIL
stearei	AVAIL
spinkeaos	AVAIL
giorkldu	AVAIL
radoly	TAKEN
grauldei	AVAIL
deazo	TAKEN
biora	TAKEN
padia	TAKEN
ziaclaud	AVAIL
geacar	AVAIL
taigo	TAKEN
mirteiix	AVAIL
joarka	AVAIL
cloufea	AVAIL
moustold	AVAIL
fribup	AVAIL
paireil	AVAIL
kroanurn	AVAIL
bumoor	AVAIL
quaidaund	AVAIL
zonkia	TAKEN
steiska	AVAIL
sniatiza	AVAIL
firkily	AVAIL
neazu	AVAIL
loapzia	AVAIL
zoabof	AVAIL
slaupiolt	AVAIL
serdea	TAKEN
gliozian	AVAIL
freankou	AVAIL
gefex	TAKEN
riabaurd	AVAIL
befia	TAKEN
droutau	AVAIL
slourkai	AVAIL
snuxaum	AVAIL
croarkaum	AVAIL
skountiix	AVAIL
rtiostruz	AVAIL
ripoa	TAKEN
nolei	TAKEN
spoatiayx	AVAIL
crauriolt	AVAIL
fripoula	AVAIL
tronrki	AVAIL
frisaus	AVAIL
jaskndoa	AVAIL
krozeon	AVAIL
hoandoava	AVAIL
cionlio	AVAIL
brofu	TAKEN
cloukiol	AVAIL
groamaink	AVAIL
cleirnaor	AVAIL
creirea	AVAIL
streiluta	AVAIL
speixskei	AVAIL
kadeael	AVAIL
peira	TAKEN
bastent	TAKEN
quaurrtoa	AVAIL
xaukeark	AVAIL
gaunum	AVAIL
spealtaus	AVAIL
maheand	AVAIL
fauldourd	AVAIL
mounteier	AVAIL
leivltio	AVAIL
claugealt	AVAIL
stremfu	AVAIL
broskiod	AVAIL
spiovlda	AVAIL
datun	TAKEN
framndai	AVAIL
flidxo	AVAIL
soukeam	AVAIL
mioltkia	AVAIL
tairteag	AVAIL
dreskea	AVAIL
verkeaz	AVAIL
clealtlio	AVAIL
viorkio	AVAIL
ceirdeir	AVAIL
toantltoa	AVAIL
siatruk	AVAIL
glialdiry	AVAIL
loustiork	AVAIL
foandeon	AVAIL
trertaub	AVAIL
groaneard	AVAIL
priartaus	AVAIL
goamfou	AVAIL
wiandou	AVAIL
fleirdouk	AVAIL
skeaspiok	AVAIL
kroardvau	AVAIL
frusiax	AVAIL
fiafilt	AVAIL
skikrorn	AVAIL
jeseank	AVAIL
broukait	AVAIL
glurkioer	AVAIL
stroalmu	AVAIL
frasiana	AVAIL
skiakouma	AVAIL
foastoa	AVAIL
popnti	AVAIL
briobau	AVAIL
realdei	TAKEN
vaunkai	AVAIL
gliolauz	AVAIL
nikug	AVAIL
dezaima	AVAIL
kroltaos	AVAIL
glouldau	AVAIL
briaseael	AVAIL
ntufral	AVAIL
snornia	AVAIL
dautroard	AVAIL
flairtu	AVAIL
texndu	AVAIL
floankoav	AVAIL
spesun	AVAIL
glelei	AVAIL
strairna	AVAIL
kiartusk	AVAIL
fleitea	AVAIL
claimfu	TAKEN
skardu	TAKEN
flauglai	AVAIL
stezia	TAKEN
proultsea	AVAIL
ntaiclouk	AVAIL
spoulrnau	AVAIL
toustraut	AVAIL
veigrik	AVAIL
prainkoa	AVAIL
nourdpo	AVAIL
branit	TAKEN
totaib	AVAIL
troafkai	AVAIL
ceaduz	AVAIL
rirta	TAKEN
gliastoal	AVAIL
cliandea	AVAIL
koasbai	AVAIL
neisnairn	AVAIL
rikraird	AVAIL
ndeivop	AVAIL
gulurd	AVAIL
druntai	AVAIL
giafmi	AVAIL
miofist	AVAIL
proumei	AVAIL
cleapuf	AVAIL
keteir	AVAIL
seardrtio	AVAIL
cronu	TAKEN
traniael	AVAIL
gourtldei	AVAIL
laudu	TAKEN
streigpau	AVAIL
contiaan	AVAIL
sneabea	AVAIL
treasard	AVAIL
ploukltia	AVAIL
plandava	AVAIL
souclind	AVAIL
snoukeat	AVAIL
ldidrauz	AVAIL
crunark	AVAIL
pavoax	AVAIL
cruskaisk	AVAIL
gikiag	AVAIL
brausiark	AVAIL
grounkoa	AVAIL
saireld	AVAIL
nkoaquail	AVAIL
xoabiank	AVAIL
deldiax	AVAIL
rairneat	AVAIL
sudstou	AVAIL
skitiark	AVAIL
pliontei	AVAIL
resoa	TAKEN
claitoa	AVAIL
faloask	AVAIL
firdien	AVAIL
meiglag	AVAIL
fraugeir	AVAIL
ploamiois	AVAIL
snautei	AVAIL
zoanktia	AVAIL
doundiant	AVAIL
hirnou	AVAIL
zauquev	AVAIL
ziolbia	AVAIL
cuboa	TAKEN
zubeal	AVAIL
multain	AVAIL
homou	TAKEN
neiglda	AVAIL
pezand	AVAIL
ldeiglet	AVAIL
fukrousk	AVAIL
hiofnkio	AVAIL
deatilt	AVAIL
keihisk	AVAIL
kruboil	AVAIL
brusto	TAKEN
stiokialt	AVAIL
plairdop	AVAIL
taikauv	AVAIL
sliottoa	AVAIL
nirndi	AVAIL
flispei	AVAIL
putltio	AVAIL
muktou	AVAIL
freirti	AVAIL
mirno	TAKEN
sneisiix	AVAIL
boasu	TAKEN
beaprald	AVAIL
deameart	AVAIL
bregoaza	AVAIL
brifxio	AVAIL
stroliis	AVAIL
vountrtoa	AVAIL
stiaski	AVAIL
stindei	AVAIL
miorkai	AVAIL
trartndi	AVAIL
briadoa	AVAIL
spastiary	AVAIL
glaskoar	AVAIL
plaunkria	AVAIL
moarnauk	AVAIL
cloanei	AVAIL
craupouis	AVAIL
sikuta	TAKEN
broankuia	AVAIL
triankeg	AVAIL
ketaon	AVAIL
keajab	AVAIL
katrank	TAKEN
skemouta	AVAIL
rkopiax	AVAIL
kraisouar	AVAIL
fliolda	AVAIL
riosek	AVAIL
fludios	AVAIL
praizmo	AVAIL
cornauo	AVAIL
luntiast	AVAIL
wourkio	AVAIL
brairo	TAKEN
cealtoaly	AVAIL
waura	TAKEN
lebeak	AVAIL
jaurdai	AVAIL
jausndia	AVAIL
gliarkai	AVAIL
railtma	AVAIL
ldedak	AVAIL
nuxim	TAKEN
deafiry	AVAIL
mioli	TAKEN
pulei	TAKEN
rioskald	AVAIL
greamily	AVAIL
crenkailt	AVAIL
riowix	AVAIL
maunkio	AVAIL
merka	TAKEN
zakoel	AVAIL
serdix	TAKEN
jaintouis	AVAIL
miakiad	AVAIL
luvei	TAKEN
lounkeaex	AVAIL
heandeais	AVAIL
hourtrtou	AVAIL
greltltai	AVAIL
paspug	AVAIL
zeasvau	AVAIL
roago	TAKEN
ziavi	TAKEN
liskery	AVAIL
friandai	AVAIL
tustault	AVAIL
flaindzio	AVAIL
ldofleast	AVAIL
claurklai	AVAIL
jiondmea	AVAIL
skiantio	AVAIL
frairnau	AVAIL
kroruva	AVAIL
frisei	AVAIL
brainioil	AVAIL
criabel	AVAIL
joastoag	AVAIL
puvoav	AVAIL
troustmo	AVAIL
stoaltaio	AVAIL
harneink	AVAIL
spotia	TAKEN
krioskau	AVAIL
neistreit	AVAIL
treidsku	AVAIL
siardio	AVAIL
gliostiok	AVAIL
fraunink	AVAIL
veinkai	AVAIL
murtaura	AVAIL
sausku	TAKEN
mujoand	AVAIL
pinioz	AVAIL
surneiix	AVAIL
fravaura	AVAIL
skaundi	AVAIL
maifairn	AVAIL
gedioer	AVAIL
numaund	AVAIL
teaream	AVAIL
snaurdaud	AVAIL
bateap	AVAIL
hiokius	TAKEN
boarkia	AVAIL
skundndo	AVAIL
croartxea	AVAIL
hornna	TAKEN
flileart	AVAIL
riosttea	AVAIL
naulad	AVAIL
kroanei	AVAIL
flerdio	AVAIL
culeaas	AVAIL
kiotunk	AVAIL
fleinknu	AVAIL
naixior	AVAIL
fiondntu	AVAIL
kroantaua	AVAIL
wiantoa	AVAIL
jagoa	TAKEN
stioskiap	AVAIL
niatfu	AVAIL
caston	TAKEN
riagund	AVAIL
jitel	TAKEN
sleldzu	AVAIL
driatai	AVAIL
frintia	AVAIL
kauntai	AVAIL
dadouix	AVAIL
glaugrkoa	AVAIL
rnodron	AVAIL
kaurdiaix	AVAIL
biazoar	AVAIL
cleizfa	AVAIL
skustvoa	AVAIL
teamem	TAKEN
pliraiex	AVAIL
zoaviak	AVAIL
ndiawal	AVAIL
plournu	AVAIL
gioruf	AVAIL
fivio	TAKEN
skounto	AVAIL
lisnu	TAKEN
cundara	TAKEN
verdei	TAKEN
triarkab	AVAIL
taiquorn	AVAIL
seafond	AVAIL
koundlto	AVAIL
postndai	AVAIL
claurnai	AVAIL
groltiova	AVAIL
gastausk	AVAIL
pevea	TAKEN
frordei	AVAIL
crorteat	AVAIL
proubond	AVAIL
soartoa	AVAIL
staldoaer	AVAIL
craltiost	AVAIL
xaijeak	AVAIL
spoundau	AVAIL
merkai	TAKEN
troanaim	AVAIL
foaskei	AVAIL
rnozaig	AVAIL
clourouel	AVAIL
neajar	AVAIL
rnoatriam	AVAIL
croxela	AVAIL
lougas	TAKEN
rdeaspolt	AVAIL
nteafeax	AVAIL
hairdtio	AVAIL
toufo	TAKEN
flogaila	AVAIL
teitit	AVAIL
zeirtoaol	AVAIL
skesteael	AVAIL
fuzod	AVAIL
skoasauel	AVAIL
healdrdei	AVAIL
strairkai	AVAIL
xaplif	AVAIL
hildioex	AVAIL
cleani	TAKEN
crauniar	AVAIL
stotiand	AVAIL
lteakiov	AVAIL
ltiaslib	AVAIL
plaisiolt	AVAIL
snaurdzea	AVAIL
gleiluyx	AVAIL
triskof	AVAIL
reimndi	AVAIL
krouzmoa	AVAIL
mordvoa	AVAIL
rdocrird	AVAIL
drintot	AVAIL
kirnou	AVAIL
rnasisk	AVAIL
naprouv	AVAIL
rkiaprosk	AVAIL
vauru	TAKEN
roustank	TAKEN
craltuf	AVAIL
driartau	AVAIL
vutiarn	AVAIL
freikea	AVAIL
plaikouza	AVAIL
greantean	AVAIL
mairtair	AVAIL
hulei	TAKEN
krirdeiva	AVAIL
stoasiary	AVAIL
ldikerk	AVAIL
spouli	TAKEN
rdiprank	AVAIL
draizoul	AVAIL
sehem	TAKEN
spoxiab	AVAIL
breisea	AVAIL
toltoun	AVAIL
nkiozok	AVAIL
cendaos	AVAIL
froupou	AVAIL
raigpa	AVAIL
dregvau	AVAIL
cruviava	AVAIL
spiaskud	AVAIL
treaskais	AVAIL
bounteask	AVAIL
kudrnoa	AVAIL
cruvary	AVAIL
wugai	TAKEN
riarteva	AVAIL
crebolt	TAKEN
voafiaf	AVAIL
frumeina	AVAIL
croboly	AVAIL
pliarneas	AVAIL
beantub	AVAIL
hairnau	AVAIL
lourtuyx	AVAIL
steali	TAKEN
cliondea	AVAIL
heltot	AVAIL
ziokaunk	AVAIL
skeisteag	AVAIL
bourkpa	AVAIL
rneatroas	AVAIL
plutiael	AVAIL
diognka	AVAIL
wunkeor	AVAIL
cudouza	AVAIL
ceaskltau	AVAIL
streirkdu	AVAIL
spimout	AVAIL
spurtia	TAKEN
zemialt	AVAIL
veameld	AVAIL
burnoly	AVAIL
roardup	AVAIL
caldgu	AVAIL
grourdgea	AVAIL
glixrnia	AVAIL
mionkouix	AVAIL
pourdiast	AVAIL
nteaplix	AVAIL
wiordxei	AVAIL
fravai	TAKEN
treizei	AVAIL
criomean	AVAIL
pruzeita	AVAIL
broafily	AVAIL
lteiwet	AVAIL
rdeirunk	AVAIL
momould	AVAIL
japaunt	AVAIL
fintu	TAKEN
ldianaurk	AVAIL
brainktou	AVAIL
triafuf	AVAIL
muxiank	AVAIL
waimndio	AVAIL
rkeafaus	AVAIL
brourda	AVAIL
pipeaf	AVAIL
gaizailt	AVAIL
trildix	AVAIL
spioskea	AVAIL
nipia	TAKEN
slumut	AVAIL
streapio	AVAIL
puporn	TAKEN
cemoun	AVAIL
wiartouel	AVAIL
fainteira	AVAIL
pokirk	AVAIL
floukrku	AVAIL
gultira	AVAIL
vauskaiv	AVAIL
tiordaux	AVAIL
diafeild	AVAIL
skougio	AVAIL
skorku	TAKEN
wekealt	AVAIL
flarnldio	AVAIL
skiquiast	AVAIL
baustriat	AVAIL
rozik	TAKEN
kukunt	AVAIL
prebio	TAKEN
freaskoa	AVAIL
kroundert	AVAIL
paweask	AVAIL
pogeik	AVAIL
brainaer	AVAIL
jaundia	AVAIL
skoulious	AVAIL
jandeina	AVAIL
krudoult	AVAIL
rasairn	AVAIL
kriafskio	AVAIL
driontrno	AVAIL
freartia	AVAIL
bearald	TAKEN
gribiais	AVAIL
frouma	TAKEN
griontar	AVAIL
spaurdien	AVAIL
turnaug	AVAIL
traltau	AVAIL
rdufour	TAKEN
delil	TAKEN
snoaldoz	AVAIL
gleitiz	AVAIL
sioflef	AVAIL
skanaly	AVAIL
xoasnoarn	AVAIL
ldastrauz	AVAIL
feakiork	AVAIL
frebdea	AVAIL
rdiosteib	AVAIL
wunkou	AVAIL
flivialy	AVAIL
praufird	AVAIL
setuon	TAKEN
jaululy	AVAIL
rdeilux	AVAIL
riflort	AVAIL
castiam	TAKEN
skealtea	AVAIL
nkaleb	AVAIL
heankounk	AVAIL
slonoyx	AVAIL
jionoum	AVAIL
boakiarn	AVAIL
joastaf	AVAIL
sloaxo	AVAIL
viadraur	AVAIL
saukury	AVAIL
snaipor	AVAIL
skeifouis	AVAIL
vaufuf	AVAIL
friobuma	AVAIL
snuriarn	AVAIL
staizsea	AVAIL
flipoon	TAKEN
tauziom	AVAIL
fouquard	AVAIL
pujos	TAKEN
skaltoat	AVAIL
ndeflias	AVAIL
ntiaroal	AVAIL
deameilt	AVAIL
cluniont	AVAIL
veahoul	AVAIL
bocraist	AVAIL
voltauix	AVAIL
skospas	AVAIL
spioza	AVAIL
praurturk	AVAIL
zaunkaium	AVAIL
zirnu	AVAIL
xeitoup	AVAIL
deadriag	AVAIL
kioprnu	AVAIL
wourkata	AVAIL
lousleant	AVAIL
vadrial	AVAIL
gawiot	AVAIL
boagskoa	AVAIL
pivio	TAKEN
claxex	AVAIL
keigoalt	AVAIL
clundat	AVAIL
diskaiv	AVAIL
rkoatrear	AVAIL
steldaz	AVAIL
vaireank	AVAIL
fliornau	AVAIL
fleilia	AVAIL
fuldo	TAKEN
greirkald	AVAIL
mioguis	AVAIL
veitread	AVAIL
veidraim	AVAIL
glirdiama	AVAIL
rkeijaug	AVAIL
sniartau	AVAIL
couldenk	AVAIL
rneboab	AVAIL
sloumnkai	AVAIL
ldoseat	AVAIL
krionous	AVAIL
stialdu	AVAIL
fropoub	AVAIL
criartiyx	AVAIL
friltuia	AVAIL
jourtara	AVAIL
ndeiquab	AVAIL
frouggea	AVAIL
cloasta	AVAIL
feniond	AVAIL
dundara	TAKEN
ltedroab	AVAIL
frexndou	AVAIL
drusteiry	AVAIL
feanart	TAKEN
ziani	TAKEN
vubeaus	AVAIL
purnoaz	AVAIL
freardrni	AVAIL
treixeg	AVAIL
vokaub	AVAIL
maujiaf	AVAIL
steavoa	AVAIL
rtatiol	AVAIL
skovxia	AVAIL
quonkou	AVAIL
ltauceit	AVAIL
sliastou	AVAIL
criarka	AVAIL
ploabvau	AVAIL
plirddea	AVAIL
straurtau	AVAIL
stakriod	AVAIL
dairkeif	AVAIL
toarti	AVAIL
peardntei	AVAIL
toardiava	AVAIL
drertiaos	AVAIL
piaprkou	AVAIL
sauhoat	AVAIL
skealtu	AVAIL
troskova	AVAIL
boarnela	AVAIL
sliomioly	AVAIL
snenoa	AVAIL
meiceat	AVAIL
voufouf	AVAIL
quiofrnoa	AVAIL
coasksu	AVAIL
stildeg	AVAIL
tafag	TAKEN
ploali	TAKEN
voafuk	AVAIL
taikskia	AVAIL
jifou	TAKEN
peirnskoa	AVAIL
coukltei	AVAIL
nartei	TAKEN
veazaild	AVAIL
steanku	AVAIL
sniaskndu	AVAIL
tasio	TAKEN
wirela	TAKEN
fouskoza	AVAIL
quoagast	AVAIL
stuldoast	AVAIL
pionkut	AVAIL
ntiahail	AVAIL
bresaurk	AVAIL
crelten	AVAIL
sneltltio	AVAIL
zuspilt	AVAIL
rdeaprop	AVAIL
graupnti	AVAIL
pioskirn	AVAIL
nioxdu	AVAIL
mintuex	AVAIL
draurkaix	AVAIL
ldebraur	AVAIL
griotioan	AVAIL
caildeant	AVAIL
zuskoayx	AVAIL
rdiagrav	AVAIL
kevlia	TAKEN
paistei	AVAIL
zauspiask	AVAIL
graumrkio	AVAIL
glazuly	AVAIL
ndoajiost	AVAIL
graintein	AVAIL
kruzeiry	AVAIL
holdiva	TAKEN
brulaiex	AVAIL
cauntai	AVAIL
laumirn	AVAIL
pixeaex	AVAIL
spurkrei	AVAIL
quiotusk	AVAIL
zeifriag	AVAIL
fripau	AVAIL
slialnkia	AVAIL
flindaen	AVAIL
sturdier	TAKEN
deisklta	AVAIL
nkiorez	AVAIL
praimont	AVAIL
krearei	AVAIL
ldajairn	AVAIL
mufstoa	AVAIL
ltiageax	AVAIL
creni	TAKEN
strudilt	AVAIL
strutonk	AVAIL
sekax	TAKEN
friastek	AVAIL
fleintoa	AVAIL
dreigirk	AVAIL
fletrtai	AVAIL
ldaufroar	AVAIL
rdepleav	AVAIL
reankdi	AVAIL
gioveank	AVAIL
skaikiald	AVAIL
pliatoum	AVAIL
dohiak	AVAIL
seirdku	AVAIL
skeimaik	AVAIL
stailau	AVAIL
nukea	TAKEN
laulaum	AVAIL
ntopeg	AVAIL
friltem	AVAIL
stranndou	AVAIL
zoateva	AVAIL
goukoma	AVAIL
kusteian	AVAIL
brionoa	AVAIL
vumei	TAKEN
trausai	AVAIL
kuclob	AVAIL
flaiskbi	AVAIL
rouceast	AVAIL
reriar	AVAIL
spontrti	AVAIL
rnistoark	AVAIL
snonkeaix	AVAIL
multeala	AVAIL
ltauperd	AVAIL
kiorkrka	AVAIL
bidei	TAKEN
clepeior	AVAIL
houzek	TAKEN
breiskiok	AVAIL
duria	TAKEN
hauskaira	AVAIL
rirnpai	AVAIL
rnaubrul	AVAIL
losauos	AVAIL
cerkiaza	AVAIL
bairtrku	AVAIL
frerknti	AVAIL
geldois	AVAIL
plitiry	AVAIL
kadeara	AVAIL
stouvoor	AVAIL
kasteild	AVAIL
steikaur	AVAIL
triavam	TAKEN
wexaula	AVAIL
foapreig	AVAIL
rountlei	AVAIL
voclauv	AVAIL
feafoard	AVAIL
maundiis	AVAIL
sposent	AVAIL
gruntdau	AVAIL
sneideiel	AVAIL
jexaust	AVAIL
leboa	TAKEN
cliolioex	AVAIL
snostunt	AVAIL
drouskauk	AVAIL
goapvia	AVAIL
flaxiaar	AVAIL
steankait	AVAIL
beisul	AVAIL
glazeak	AVAIL
reastionk	AVAIL
keafauk	AVAIL
pioglez	AVAIL
spartxi	AVAIL
biartei	AVAIL
flofer	TAKEN
skoheink	AVAIL
gakrald	AVAIL
brobfei	AVAIL
laugouk	AVAIL
frarnait	AVAIL
cairkei	AVAIL
drairnium	AVAIL
greltiark	AVAIL
zajour	AVAIL
froalaisk	AVAIL
tiohud	AVAIL
kradousk	AVAIL
dropuos	AVAIL
pioniost	AVAIL
spionoarn	AVAIL
neizbu	AVAIL
viaflount	AVAIL
ldacloub	AVAIL
juntlou	AVAIL
pleibouix	AVAIL
touberd	AVAIL
realtvau	AVAIL
stroariva	AVAIL
murtoio	AVAIL
wulttei	AVAIL
kramest	AVAIL
zeaskiorn	AVAIL
pupluz	AVAIL
viarrkea	AVAIL
sloaxap	AVAIL
skulgo	AVAIL
brionteix	AVAIL
trentei	AVAIL
neaneart	AVAIL
stougrean	AVAIL
moaproup	AVAIL
vuldrkau	AVAIL
streiria	AVAIL
teafreist	AVAIL
roalteier	AVAIL
waufi	AVAIL
toudldio	AVAIL
zaslail	AVAIL
kaipoun	AVAIL
measkna	AVAIL
spiandon	AVAIL
tutauz	AVAIL
treipeix	AVAIL
driorkeer	AVAIL
diostei	AVAIL
streinkia	AVAIL
hagusk	AVAIL
cleara	TAKEN
daspat	AVAIL
skauveaan	AVAIL
kentias	TAKEN
nefrean	AVAIL
laurtu	AVAIL
fliapiald	AVAIL
liortia	AVAIL
liogeirk	AVAIL
trearo	AVAIL
rojeip	AVAIL
priapska	AVAIL
zurdio	TAKEN
feivoon	AVAIL
sestory	TAKEN
skoagnai	AVAIL
surnit	TAKEN
lewoax	AVAIL
driskiork	AVAIL
gruntur	TAKEN
quosteax	AVAIL
reanda	TAKEN
lavoant	AVAIL
bealtrdu	AVAIL
pausiort	AVAIL
peabef	AVAIL
miasiat	AVAIL
joaldeink	AVAIL
manto	TAKEN
ciogi	TAKEN
slevi	TAKEN
dapxai	AVAIL
fipleir	AVAIL
graunkiom	AVAIL
cuxiayx	AVAIL
feipgu	AVAIL
nkouprif	AVAIL
listailt	AVAIL
furai	TAKEN
dertiok	TAKEN
rneaspof	AVAIL
flupxei	AVAIL
krelvoa	AVAIL
sleikiask	AVAIL
drearoava	AVAIL
zerist	AVAIL
deiflat	AVAIL
tiojaurd	AVAIL
rdaujoast	AVAIL
dutiol	AVAIL
creivonk	AVAIL
stundeaen	AVAIL
griamioum	AVAIL
jeasroa	AVAIL
piastriak	AVAIL
crubaux	AVAIL
skundaild	AVAIL
skouzaif	AVAIL
zaildary	AVAIL
roabeild	AVAIL
manvou	AVAIL
godei	TAKEN
doarkolt	AVAIL
helilt	AVAIL
douskei	AVAIL
proalti	TAKEN
pupriolt	AVAIL
liantela	AVAIL
paistouos	AVAIL
haurdio	AVAIL
jamdi	TAKEN
meaxeiv	AVAIL
stufeilt	AVAIL
teirnva	AVAIL
gleixio	AVAIL
poustskoa	AVAIL
gaizern	AVAIL
rtucraiz	AVAIL
friarnia	AVAIL
kroutoag	AVAIL
crerkoa	AVAIL
ciodoust	AVAIL
vobeus	AVAIL
plirderd	AVAIL
castia	TAKEN
triotum	AVAIL
krolia	AVAIL
ltidreab	AVAIL
clolteld	AVAIL
prearniad	AVAIL
drauntiad	AVAIL
skouzoab	AVAIL
tistis	TAKEN
prouzea	AVAIL
neiwurd	AVAIL
kredild	AVAIL
nostei	TAKEN
troasfou	AVAIL
sliatoama	AVAIL
hairdfau	AVAIL
quixaud	AVAIL
spoarkoa	AVAIL
ldolon	AVAIL
cleksio	AVAIL
brokndea	AVAIL
clonioen	AVAIL
frimku	AVAIL
ndiolaus	AVAIL
kurtayx	AVAIL
piondaid	AVAIL
kourteif	AVAIL
creirdia	AVAIL
fleateias	AVAIL
gibaa	TAKEN
ndospauv	AVAIL
sliteas	AVAIL
nousont	AVAIL
gikourt	AVAIL
proundest	AVAIL
dairnmio	AVAIL
sligio	AVAIL
snordeus	AVAIL
fleirkltu	AVAIL
nkeazaurk	AVAIL
preapil	AVAIL
sniolteen	AVAIL
sneildap	AVAIL
glaurno	AVAIL
hitio	TAKEN
skoarto	AVAIL
keirdes	AVAIL
stiatird	AVAIL
sleigi	AVAIL
reidiop	AVAIL
sliosoaf	AVAIL
flearuld	AVAIL
snirdiosk	AVAIL
brairnkou	AVAIL
bairum	TAKEN
rizra	TAKEN
claimo	TAKEN
mipriov	AVAIL
priotei	AVAIL
dedau	TAKEN
baliax	TAKEN
strapea	AVAIL
pofeim	AVAIL
roajead	AVAIL
rastltu	AVAIL
rdeizud	AVAIL
kreirnonk	AVAIL
croaldug	AVAIL
kigau	TAKEN
treataurd	AVAIL
veiclaun	AVAIL
krerxi	AVAIL
ceaxust	AVAIL
straulti	AVAIL
jeiler	TAKEN
criozouza	AVAIL
moprup	AVAIL
coskoava	AVAIL
saultealt	AVAIL
krikeip	AVAIL
gazeir	AVAIL
glumiaon	AVAIL
daigroark	AVAIL
jeigeiv	AVAIL
surnku	AVAIL
strupai	TAKEN
fliondi	AVAIL
sniafau	AVAIL
merneat	AVAIL
hilteala	AVAIL
straunki	AVAIL
rikod	TAKEN
slondiod	AVAIL
pliondoos	AVAIL
viosear	AVAIL
prentu	TAKEN
hagio	TAKEN
driotmo	AVAIL
fliorduo	AVAIL
trankea	AVAIL
striotau	AVAIL
tigliav	AVAIL
mehauz	AVAIL
neatrok	AVAIL
gegrialt	AVAIL
diavrni	AVAIL
kinaun	TAKEN
bialnei	AVAIL
vauloon	AVAIL
zeida	TAKEN
pleadina	AVAIL
fraxioel	AVAIL
kasausk	AVAIL
haugoax	AVAIL
glulo	TAKEN
craurkai	AVAIL
gucund	AVAIL
brebu	TAKEN
freaskvio	AVAIL
jiarnean	AVAIL
sneigier	AVAIL
krirkiork	AVAIL
flauvnau	AVAIL
tonta	TAKEN
taukeind	AVAIL
spainkiex	AVAIL
spaulti	AVAIL
kislean	TAKEN
nefoald	AVAIL
voskeant	AVAIL
rnaglod	AVAIL
measond	AVAIL
plixoand	AVAIL
gleizo	AVAIL
doaldeip	AVAIL
ziazaund	AVAIL
noadu	TAKEN
stihor	AVAIL
reipnkai	AVAIL
ziarksto	AVAIL
joaxi	TAKEN
troarzei	AVAIL
snaubio	AVAIL
plaglta	AVAIL
flartealy	AVAIL
cliornurt	AVAIL
rdiasud	AVAIL
diotap	AVAIL
bounko	AVAIL
clealaup	AVAIL
liastia	AVAIL
piolttu	AVAIL
flauvmo	AVAIL
feflad	AVAIL
geidrous	AVAIL
sindark	TAKEN
liotid	AVAIL
grazoalt	AVAIL
tultom	AVAIL
clerkndi	AVAIL
plaundu	AVAIL
loawaur	AVAIL
snestrio	AVAIL
konul	TAKEN
kiankeg	AVAIL
sainkaos	AVAIL
plousba	AVAIL
laispoald	AVAIL
sliaroa	AVAIL
geirmi	AVAIL
skiapaint	AVAIL
goawab	AVAIL
rkautoax	AVAIL
sniosknei	AVAIL
criopeard	AVAIL
justltia	AVAIL
diquark	AVAIL
snouzku	AVAIL
kodef	TAKEN
toucloust	AVAIL
nougurt	AVAIL
heibrtou	AVAIL
skaukltu	AVAIL
toxou	TAKEN
clairnea	AVAIL
skeaslant	AVAIL
wolteix	AVAIL
preirkou	AVAIL
spoaxia	AVAIL
nairnoa	AVAIL
skeflouz	AVAIL
fluntei	AVAIL
gluraz	AVAIL
cloupldia	AVAIL
vaubeank	AVAIL
doaba	TAKEN
cleviao	AVAIL
glioskiao	AVAIL
rkeaser	AVAIL
brankai	AVAIL
draivndei	AVAIL
rtearesk	AVAIL
flatstea	AVAIL
snoumnau	AVAIL
saufrov	AVAIL
braigaib	AVAIL
greilrni	AVAIL
zaixti	AVAIL
quairdrki	AVAIL
quivstio	AVAIL
keisstou	AVAIL
metur	TAKEN
gixea	AVAIL
teistaig	AVAIL
jutai	TAKEN
creaku	AVAIL
breixousk	AVAIL
xaihiot	AVAIL
stobiaan	AVAIL
ndaujion	AVAIL
frionkkoa	AVAIL
kroanpi	AVAIL
jendioa	AVAIL
skapeand	AVAIL
greiltou	AVAIL
tiaspi	AVAIL
doprionk	AVAIL
deabauv	AVAIL
daildiana	AVAIL
grerkstea	AVAIL
bunkerd	TAKEN
haudad	AVAIL
friarkou	AVAIL
reiskiand	AVAIL
gefeld	TAKEN
zikauen	AVAIL
clenkioer	AVAIL
speipi	AVAIL
rkeipian	AVAIL
droumoon	AVAIL
gliapo	AVAIL
prunteaas	AVAIL
tiantauel	AVAIL
troankink	AVAIL
flodist	AVAIL
pluldaild	AVAIL
crouzurk	AVAIL
frankouly	AVAIL
hatorn	AVAIL
driarkkau	AVAIL
clordai	AVAIL
nkougleaf	AVAIL
naixsou	AVAIL
kurxo	TAKEN
goltdi	AVAIL
speildaus	AVAIL
koutri	AVAIL
plioltfa	AVAIL
trinaut	TAKEN
fiorno	TAKEN
crindto	AVAIL
staistdo	AVAIL
floskaurk	AVAIL
mugoarn	AVAIL
naugiond	AVAIL
briofova	AVAIL
deideist	AVAIL
veantrtu	AVAIL
goaltoil	AVAIL
nindon	TAKEN
sizund	AVAIL
voardou	AVAIL
bourauz	AVAIL
snouski	AVAIL
hunteia	AVAIL
leanta	TAKEN
ldiokront	AVAIL
grentnou	AVAIL
soltioen	AVAIL
prauknia	AVAIL
rordkea	AVAIL
drikank	AVAIL
keaskois	AVAIL
neisto	TAKEN
flopea	AVAIL
tasleask	AVAIL
mevea	TAKEN
ldaibeind	AVAIL
sniomouma	AVAIL
farnzoa	AVAIL
feaskead	AVAIL
skaicist	AVAIL
snounku	AVAIL
piroa	TAKEN
reilest	AVAIL
broldnai	AVAIL
keiti	TAKEN
seizeg	AVAIL
ntiomond	AVAIL
primould	AVAIL
skiaxoaer	AVAIL
glorki	AVAIL
kiadeild	AVAIL
reisktau	AVAIL
sutreirt	AVAIL
lauti	TAKEN
nkuslarn	AVAIL
rakraig	AVAIL
piaru	TAKEN
claidoust	AVAIL
gleamski	TAKEN
krontiora	AVAIL
zeandep	AVAIL
glenei	AVAIL
clustoa	AVAIL
vaunkauna	AVAIL
moumiap	AVAIL
taurtndai	AVAIL
nourkuld	AVAIL
skaurdaia	AVAIL
craizaias	AVAIL
drairnaip	AVAIL
gudiort	AVAIL
siofi	TAKEN
slordoax	AVAIL
sepau	AVAIL
froarkoum	AVAIL
xiaspourn	AVAIL
rkisest	AVAIL
wiotoaf	AVAIL
ldisporn	AVAIL
zeikraik	AVAIL
gleinkury	AVAIL
cailtau	AVAIL
pliazoa	AVAIL
geindova	AVAIL
fimea	TAKEN
ziaso	TAKEN
croaltork	AVAIL
tafei	TAKEN
romeiyx	AVAIL
wiagltia	AVAIL
firkto	AVAIL
quaibru	AVAIL
vunkaup	AVAIL
volild	AVAIL
gorfou	AVAIL
kaudrti	AVAIL
sustoara	AVAIL
reinsi	TAKEN
kailtaor	AVAIL
goldu	TAKEN
trirdema	AVAIL
trarken	AVAIL
crildirt	AVAIL
frarkur	AVAIL
grourrtoa	AVAIL
zialtauza	AVAIL
feistaink	AVAIL
xajeand	AVAIL
spusiil	AVAIL
rodist	TAKEN
jendeaza	AVAIL
weirkai	AVAIL
courteit	AVAIL
kraistia	AVAIL
trousto	AVAIL
drourtpa	AVAIL
grauvi	AVAIL
launkoalt	AVAIL
bioreib	AVAIL
peiloan	AVAIL
tufai	TAKEN
cleapeg	AVAIL
quantea	TAKEN
groankldi	AVAIL
snoufstoa	AVAIL
stobu	TAKEN
boatskio	AVAIL
veavndi	AVAIL
goandrdei	AVAIL
dreixrdea	AVAIL
tomiaus	AVAIL
briabxia	AVAIL
mulian	TAKEN
giontouil	AVAIL
caidlea	AVAIL
floutgu	AVAIL
notaund	AVAIL
creibaub	AVAIL
pleavaar	AVAIL
ldabeisk	AVAIL
frialsta	AVAIL
doadreak	AVAIL
baicoax	AVAIL
koakeik	AVAIL
pleipa	AVAIL
braunkin	AVAIL
stoko	TAKEN
hionrei	AVAIL
ploumnkau	AVAIL
piosaist	AVAIL
miadiast	AVAIL
xastrant	AVAIL
griofaib	AVAIL
prabba	TAKEN
tidead	TAKEN
quoaxrdei	AVAIL
slialtbou	AVAIL
veastrel	AVAIL
spekiov	AVAIL
xaujug	AVAIL
quemvai	TAKEN
kuzeara	AVAIL
suskoma	AVAIL
krioxoayx	AVAIL
rniasond	AVAIL
skuxou	AVAIL
houvrtau	AVAIL
doabrid	AVAIL
breamila	AVAIL
beili	TAKEN
rerkau	AVAIL
sofraix	AVAIL
nkiastouz	AVAIL
noguva	AVAIL
floafaiel	AVAIL
ketearn	AVAIL
mucluv	AVAIL
graifearn	AVAIL
spousu	AVAIL
kupio	TAKEN
braikioma	AVAIL
prialdely	AVAIL
nkiwiant	AVAIL
zailtiata	AVAIL
ntaimeb	AVAIL
maurkndai	AVAIL
sloutaist	AVAIL
skoacroaf	AVAIL
pozaint	AVAIL
meduly	TAKEN
dantola	AVAIL
koantirk	AVAIL
nokkia	TAKEN
lainkzi	AVAIL
quankei	AVAIL
soandif	AVAIL
roanourk	AVAIL
biondauol	AVAIL
netrern	AVAIL
crakounk	AVAIL
zaununt	AVAIL
losou	TAKEN
treavntou	AVAIL
ltibil	AVAIL
bodroup	AVAIL
feirto	TAKEN
morend	TAKEN
gloagaun	AVAIL
rucein	AVAIL
zoupltai	AVAIL
ldaupousk	AVAIL
skejod	AVAIL
pealdlea	AVAIL
zealtvau	AVAIL
voustriod	AVAIL
trourkai	AVAIL
barnpau	AVAIL
boski	TAKEN
skinaury	AVAIL
raxrdu	AVAIL
sepltei	AVAIL
trairnei	AVAIL
wiokzei	AVAIL
touzrau	AVAIL
quirkiar	AVAIL
flarnia	TAKEN
gialli	TAKEN
plolteias	AVAIL
saisian	AVAIL
krirdaix	AVAIL
stiasoup	AVAIL
flardiry	AVAIL
glaumoaon	AVAIL
causkfau	AVAIL
boutlu	AVAIL
flealdoas	AVAIL
lirdtou	AVAIL
geazem	AVAIL
baigluv	AVAIL
grultioil	AVAIL
visouon	AVAIL
kealeiv	AVAIL
sloxi	TAKEN
hountxio	AVAIL
tiggi	TAKEN
quoasef	AVAIL
slaumeol	AVAIL
perkto	TAKEN
cruli	TAKEN
peartort	AVAIL
plearltoa	AVAIL
nosnuz	AVAIL
nokouk	AVAIL
claustbio	AVAIL
leaploart	AVAIL
nkefread	AVAIL
snioldirn	AVAIL
graigboa	AVAIL
vacrort	AVAIL
jardot	TAKEN
glokeir	AVAIL
cavni	TAKEN
ldoaliad	AVAIL
breivrtu	AVAIL
dousttu	AVAIL
woumeisk	AVAIL
stenkeus	AVAIL
fleapsou	AVAIL
pestrion	AVAIL
grulau	AVAIL
houzam	TAKEN
daucloard	AVAIL
ceindo	AVAIL
piaskltea	AVAIL
vislend	AVAIL
sleiboama	AVAIL
ntioflond	AVAIL
strotda	AVAIL
cadiaum	AVAIL
keirka	AVAIL
sloubouta	AVAIL
drizldo	AVAIL
sabex	TAKEN
causil	TAKEN
nexiok	TAKEN
flenul	AVAIL
murkum	AVAIL
nukei	TAKEN
naifi	TAKEN
piagiort	AVAIL
boastrdea	AVAIL
dicriarn	AVAIL
rnigris	AVAIL
peaskio	AVAIL
ploageaas	AVAIL
froasto	AVAIL
clapbai	AVAIL
driardit	AVAIL
skepnkei	AVAIL
stroardai	AVAIL
brimoaan	AVAIL
braibei	AVAIL
diosurk	AVAIL
heburk	AVAIL
tortau	AVAIL
krurkfai	AVAIL
painku	TAKEN
reikma	AVAIL
mealtgou	AVAIL
lirnust	AVAIL
ldousnoat	AVAIL
traikoaus	AVAIL
peispoald	AVAIL
mulio	TAKEN
struxndio	AVAIL
hougkia	AVAIL
flarog	AVAIL
papaier	AVAIL
treisklto	AVAIL
bauhauz	TAKEN
suweird	AVAIL
skudrios	AVAIL
traipion	AVAIL
spigeian	AVAIL
fintiort	AVAIL
plivau	AVAIL
plouboa	AVAIL
strokious	AVAIL
slurtei	AVAIL
flougab	AVAIL
creiltava	AVAIL
brauldu	AVAIL
spaivaina	AVAIL
tundio	TAKEN
rnaspoax	AVAIL
quaststia	AVAIL
priarnota	AVAIL
lteicleif	AVAIL
ntionount	AVAIL
greizut	AVAIL
doastu	AVAIL
durkou	AVAIL
straumea	AVAIL
peideil	AVAIL
prikgoa	AVAIL
brixltou	AVAIL
nionaol	AVAIL
flaurdnio	AVAIL
rdaimouv	AVAIL
nadid	TAKEN
durku	TAKEN
bouzeark	AVAIL
houltusk	AVAIL
braizauv	AVAIL
slotlu	AVAIL
jiodi	TAKEN
glougnau	AVAIL
raiteak	AVAIL
niobeld	AVAIL
reanast	AVAIL
praigeaas	AVAIL
skurtaiyx	AVAIL
skouxai	AVAIL
plertrdea	AVAIL
gainkndia	AVAIL
nkojed	AVAIL
kretaor	AVAIL
siordoos	AVAIL
glostia	AVAIL
plintsau	AVAIL
ldoagriv	AVAIL
clairkgu	AVAIL
failaint	AVAIL
vevou	TAKEN
fliasiaer	AVAIL
drezxu	AVAIL
daijeart	AVAIL
siapna	AVAIL
jairsu	AVAIL
slousei	AVAIL
rogib	TAKEN
preameaum	AVAIL
snibeiz	AVAIL
ratia	TAKEN
speatoul	AVAIL
neisko	TAKEN
paupaun	AVAIL
pastiava	AVAIL
noultntau	AVAIL
raspaip	AVAIL
stouboand	AVAIL
goubairn	AVAIL
breitoux	AVAIL
preirdai	AVAIL
moadourk	AVAIL
reitaig	AVAIL
peindo	TAKEN
roadaib	AVAIL
regeaer	AVAIL
rnauflaur	AVAIL
miantif	AVAIL
sealdiona	AVAIL
cildast	AVAIL
faifliov	AVAIL
siarneava	AVAIL
rusonk	AVAIL
drartiais	AVAIL
ceankouol	AVAIL
sliaveama	AVAIL
kreibau	AVAIL
pistrourk	AVAIL
jiortou	AVAIL
skestia	AVAIL
heinteaen	AVAIL
skankauyx	AVAIL
plenkia	AVAIL
quourerd	AVAIL
stiba	TAKEN
sliasuk	AVAIL
drurdiyx	AVAIL
strostio	AVAIL
slurek	AVAIL
proadoana	AVAIL
sialeaf	TAKEN
proaltuol	AVAIL
tiaznea	AVAIL
cliostfau	AVAIL
dreimro	AVAIL
plougould	AVAIL
peankiaas	AVAIL
spaupilt	AVAIL
frourrko	AVAIL
zopluz	AVAIL
zoartairn	AVAIL
spibrtou	AVAIL
vougam	AVAIL
jadaux	TAKEN
clilauva	AVAIL
miogleaz	AVAIL
crunkiak	AVAIL
cirldei	AVAIL
meixntio	AVAIL
nonkita	AVAIL
pluroa	AVAIL
paloust	AVAIL
vaiti	TAKEN
ciognea	AVAIL
snainso	AVAIL
spougald	AVAIL
ldipark	AVAIL
cleistoab	AVAIL
saigleif	AVAIL
stiopiaza	AVAIL
quaistkai	AVAIL
slendoala	AVAIL
leizeig	AVAIL
kauta	TAKEN
neltus	TAKEN
zedert	AVAIL
skineik	AVAIL
staggia	TAKEN
beclaund	AVAIL
koundstia	AVAIL
preibndai	AVAIL
ltetaib	AVAIL
freanoag	AVAIL
kaistltau	AVAIL
ldajearn	AVAIL
proavaib	AVAIL
turtiayx	AVAIL
vouceisk	AVAIL
nairkpi	AVAIL
rniocrouk	AVAIL
fialtouor	AVAIL
roskeand	AVAIL
vairndu	AVAIL
griartda	AVAIL
skeirairk	AVAIL
zoatian	AVAIL
fouxuld	AVAIL
povoard	AVAIL
skeadskai	AVAIL
praimu	AVAIL
slealta	TAKEN
krourkem	AVAIL
sleandgia	AVAIL
gaigrert	AVAIL
hestiis	AVAIL
climauv	AVAIL
statti	TAKEN
gintei	TAKEN
quiortldi	AVAIL
skordoud	AVAIL
rnagleat	AVAIL
priamioar	AVAIL
plapeax	AVAIL
drurniap	AVAIL
snaundurn	AVAIL
dreadrkia	AVAIL
quiopsku	AVAIL
failtuyx	AVAIL
quankeild	AVAIL
neardli	AVAIL
keastbea	AVAIL
praisto	TAKEN
jinoarn	AVAIL
feiskoak	AVAIL
meltiola	AVAIL
claigaol	AVAIL
pliandip	AVAIL
zeabary	AVAIL
progxio	AVAIL
clauxeark	AVAIL
praundig	AVAIL
glionkoaz	AVAIL
dandam	TAKEN
faiclend	AVAIL
stildio	AVAIL
pliokai	AVAIL
ltoastrez	AVAIL
wardstou	AVAIL
sniazous	AVAIL
gliadoan	AVAIL
skortala	AVAIL
moaskrko	AVAIL
glaibaus	AVAIL
plousant	AVAIL
joldeak	AVAIL
trustia	TAKEN
priaxiail	AVAIL
vurnoa	AVAIL
tiofraird	AVAIL
steavoaan	AVAIL
gliordias	AVAIL
tauldoarn	AVAIL
quoldeus	AVAIL
claldila	AVAIL
troaloo	AVAIL
niaveank	AVAIL
lojep	AVAIL
vunkrtai	AVAIL
rkeabriok	AVAIL
faintia	AVAIL
baulteim	AVAIL
fliroank	AVAIL
gaustnkea	AVAIL
glournaor	AVAIL
glianku	AVAIL
gesoarn	AVAIL
skournkau	AVAIL
xoafroas	AVAIL
ndeslirt	AVAIL
wotauas	AVAIL
ldoageard	AVAIL
dauntstai	AVAIL
zaudin	AVAIL
ratoon	TAKEN
ceifif	AVAIL
hauzuma	AVAIL
kernauv	AVAIL
froskbea	AVAIL
triabaira	AVAIL
leirda	TAKEN
plaitiata	AVAIL
wurdrdoa	AVAIL
spaino	TAKEN
vofloub	AVAIL
daltu	TAKEN
gaistmo	AVAIL
plougauar	AVAIL
cournrei	AVAIL
flipxau	AVAIL
viaglam	TAKEN
saffau	TAKEN
pearniog	AVAIL
trornoar	AVAIL
jepaik	AVAIL
ntiskoar	AVAIL
liaskoap	AVAIL
naiwilt	AVAIL
rentain	TAKEN
visken	TAKEN
krourdeap	AVAIL
freartpau	AVAIL
guzait	AVAIL
kainnkia	AVAIL
wartpio	AVAIL
quirnoas	AVAIL
clausmo	AVAIL
zarnou	AVAIL
paustxia	AVAIL
quairdaum	AVAIL
spidiaer	AVAIL
pearkxo	AVAIL
xudroup	AVAIL
nkiowiaf	AVAIL
quairint	AVAIL
rdicraust	AVAIL
rneifeil	AVAIL
peipiob	AVAIL
grountau	AVAIL
driltauta	AVAIL
preifeiix	AVAIL
traugoura	AVAIL
firnoia	AVAIL
glioseais	AVAIL
sartauan	AVAIL
snugeix	AVAIL
fupiam	AVAIL
huntau	AVAIL
skobaix	AVAIL
zeaver	TAKEN
laidaur	AVAIL
lahuk	TAKEN
kruskouf	AVAIL
fosnond	AVAIL
liankiava	AVAIL
wefsu	AVAIL
skoarai	AVAIL
sixsa	TAKEN
krarnarn	AVAIL
treadioil	AVAIL
foldrdi	AVAIL
flaudio	TAKEN
sleroad	AVAIL
taibuel	AVAIL
slastkia	AVAIL
crakoat	AVAIL
bulndio	AVAIL
prauxfei	AVAIL
zediask	AVAIL
stunkig	AVAIL
baufndu	AVAIL
rouskaid	AVAIL
kaultiois	AVAIL
nuneza	TAKEN
boandbu	TAKEN
masliort	AVAIL
jiopxau	AVAIL
laimsou	AVAIL
pournltoa	AVAIL
naltia	TAKEN
frioveild	AVAIL
paudrta	AVAIL
nouclort	AVAIL
pemury	AVAIL
ceabtea	AVAIL
mobei	TAKEN
frerxou	AVAIL
flouzeo	TAKEN
jeardstei	AVAIL
skaucask	AVAIL
zeavisk	AVAIL
flobrkia	AVAIL
fifeas	AVAIL
brurnaima	AVAIL
drurxoa	AVAIL
rdoucent	AVAIL
merdio	TAKEN
lougon	TAKEN
glevia	TAKEN
fluskdei	AVAIL
xeawein	AVAIL
stusteael	AVAIL
neltaio	AVAIL
daildei	AVAIL
greastuex	AVAIL
glaldioza	AVAIL
beavmia	AVAIL
zandiaum	AVAIL
slaudauar	AVAIL
rastaiix	AVAIL
kultiao	AVAIL
voartio	AVAIL
haunteon	AVAIL
kodrant	AVAIL
dixrkau	AVAIL
sniodoaex	AVAIL
trialxu	AVAIL
plousklau	AVAIL
clagiark	AVAIL
staikoa	AVAIL
froadiaza	AVAIL
dritlei	AVAIL
peprond	AVAIL
rnasniank	AVAIL
xaitriz	AVAIL
viorkiank	AVAIL
glaibiara	AVAIL
claultea	AVAIL
fliokauon	AVAIL
weanfau	AVAIL
preaveg	AVAIL
clouskga	AVAIL
kruneld	AVAIL
spoubad	AVAIL
friontoar	AVAIL
tiapina	AVAIL
nerlau	AVAIL
stoulro	AVAIL
likreap	AVAIL
spolturn	AVAIL
jurtrnou	AVAIL
raitli	AVAIL
ceafurn	AVAIL
stiaporn	AVAIL
sounkrtio	AVAIL
cofnia	AVAIL
sania	TAKEN
taspiart	AVAIL
cliaxaius	AVAIL
rkeaream	AVAIL
rkionous	AVAIL
snolta	AVAIL
zeirnrdio	AVAIL
brintia	TAKEN
ldaisug	AVAIL
spiaskoua	AVAIL
lirxa	TAKEN
bronila	AVAIL
gleniao	AVAIL
plimias	AVAIL
zoadud	AVAIL
troadiis	AVAIL
ldaufrum	AVAIL
hauskskai	AVAIL
ziorneios	AVAIL
sliofdio	AVAIL
kedeix	AVAIL
neiskima	AVAIL
sniofiva	AVAIL
siaskrdu	AVAIL
tridai	TAKEN
pripiard	AVAIL
stoustiaz	AVAIL
tioliost	AVAIL
sliostou	AVAIL
jarnirt	AVAIL
kaugtia	AVAIL
hialpau	AVAIL
ldoadailt	AVAIL
momzoa	AVAIL
jioderd	AVAIL
stoarkea	AVAIL
krourdsai	AVAIL
coartu	AVAIL
pregrtoa	AVAIL
jeirda	AVAIL
distren	TAKEN
dantoald	AVAIL
stoaboun	AVAIL
griogam	AVAIL
zeskndei	AVAIL
kudpi	AVAIL
flearoais	AVAIL
hauvork	AVAIL
meinkiam	AVAIL
mirdfai	AVAIL
niariorn	AVAIL
nkasnian	AVAIL
healteiel	AVAIL
praultuol	AVAIL
geankouen	AVAIL
keatko	AVAIL
stusteiil	AVAIL
stardmau	AVAIL
biantu	TAKEN
tiobean	AVAIL
keigurd	AVAIL
pukiorn	AVAIL
courteiry	AVAIL
jearka	AVAIL
truvola	TAKEN
greartai	AVAIL
ndinout	AVAIL
ceirdoand	AVAIL
giokreav	AVAIL
rougrea	AVAIL
strailxio	AVAIL
jionkast	AVAIL
stoanea	AVAIL
skauxiog	AVAIL
stoastord	AVAIL
nalid	TAKEN
frionaist	AVAIL
gloaldru	AVAIL
helsko	TAKEN
seazisk	AVAIL
rnoaplaun	AVAIL
stogiart	AVAIL
ziontsto	AVAIL
stonaima	AVAIL
suldiyx	AVAIL
stekaurk	AVAIL
damioar	AVAIL
ltutaub	AVAIL
rkeispest	AVAIL
driartso	AVAIL
stukgou	AVAIL
paildoun	AVAIL
ltoclag	AVAIL
woustea	AVAIL
tradei	TAKEN
speadeip	AVAIL
stoaziond	AVAIL
festntia	AVAIL
rtousliom	AVAIL
ltejould	AVAIL
druvfea	AVAIL
ruvau	TAKEN
slaultuza	AVAIL
cloazoais	AVAIL
ldadiod	AVAIL
xewelt	AVAIL
slionkeix	AVAIL
quistiark	AVAIL
slintelt	AVAIL
straibmo	AVAIL
kranrtei	AVAIL
spavuld	AVAIL
veibsi	AVAIL
riagda	AVAIL
skealton	AVAIL
drairnank	AVAIL
berkios	AVAIL
clirtuil	AVAIL
teiskmau	AVAIL
neavaip	AVAIL
kourdof	AVAIL
zagoab	AVAIL
conda	TAKEN
gliokaz	AVAIL
lauva	TAKEN
niakndi	AVAIL
mourtenk	AVAIL
skurnioon	AVAIL
frapeink	AVAIL
zoadouk	AVAIL
brardaien	AVAIL
kimuyx	AVAIL
drourti	AVAIL
woagxai	AVAIL
doageap	AVAIL
livaas	TAKEN
flaistrio	AVAIL
prauseb	AVAIL
beakldio	AVAIL
krandauex	AVAIL
strertoa	AVAIL
soardeand	AVAIL
slourkary	AVAIL
zoati	TAKEN
raifloar	AVAIL
neirkrnoa	AVAIL
fiandndio	AVAIL
skeveird	AVAIL
foarnert	AVAIL
kinkoant	AVAIL
ziovaunk	AVAIL
quiameird	AVAIL
kailiosk	AVAIL
geartit	AVAIL
naundnoa	AVAIL
steigeil	AVAIL
pliokei	AVAIL
steasnear	AVAIL
causaub	AVAIL
painksio	AVAIL
frairaux	AVAIL
streintu	AVAIL
riohiost	AVAIL
treirdioz	AVAIL
trailiox	TAKEN
voacreirt	AVAIL
peabraist	AVAIL
wialu	AVAIL
queidna	AVAIL
hoarkrkei	AVAIL
hiosu	TAKEN
frerfa	AVAIL
graskau	AVAIL
ldoasnoas	AVAIL
bulvai	AVAIL
ndoubealt	AVAIL
fruntea	AVAIL
grairik	AVAIL
flouzxei	AVAIL
wouskein	AVAIL
clubu	TAKEN
vaibiat	AVAIL
coaltrdu	AVAIL
viapdei	AVAIL
gotboa	TAKEN
sneinti	AVAIL
heirddau	AVAIL
mugiant	TAKEN
rduglais	AVAIL
tundouf	AVAIL
speanoz	AVAIL
driopeind	AVAIL
spiomlau	AVAIL
taunust	AVAIL
clouseel	AVAIL
kikrok	TAKEN
snerdou	AVAIL
sarkuld	AVAIL
nomal	TAKEN
pauzausk	AVAIL
glausou	AVAIL
duloo	TAKEN
jiokiam	AVAIL
hiavoun	AVAIL
lourkoul	AVAIL
xejaurn	AVAIL
prexoa	AVAIL
zofeib	AVAIL
snauxvoa	AVAIL
werkio	TAKEN
stioldpio	AVAIL
koujein	AVAIL
rorkiar	AVAIL
kaustiol	AVAIL
hiltama	AVAIL
spiali	AVAIL
snairnfa	AVAIL
plurno	TAKEN
xeispap	AVAIL
friogib	AVAIL
nosear	AVAIL
pruskaist	AVAIL
crilot	AVAIL
foxiry	TAKEN
siondmoa	AVAIL
snoaliora	AVAIL
kreigaiol	AVAIL
spournou	AVAIL
skaiskiax	AVAIL
ltaidoard	AVAIL
snankeif	AVAIL
roanku	AVAIL
sniarnoul	AVAIL
toquaix	AVAIL
niankeaus	AVAIL
pleadau	AVAIL
griontork	AVAIL
plaunkima	AVAIL
zeinta	TAKEN
nkoateirt	AVAIL
bauldaos	AVAIL
goasnoask	AVAIL
nkeacluf	AVAIL
steaskaug	AVAIL
prupert	TAKEN
strorrio	AVAIL
neisloult	AVAIL
rtafrairk	AVAIL
panlta	AVAIL
floanfa	AVAIL
maiflairk	AVAIL
buspair	AVAIL
spaulo	TAKEN
spaldot	AVAIL
hoanldu	AVAIL
junoak	TAKEN
rdugurt	AVAIL
broteiol	AVAIL
sanskou	AVAIL
viodeand	AVAIL
ltaudrex	AVAIL
dernouk	AVAIL
stofkai	AVAIL
priogaum	AVAIL
gloxiio	AVAIL
koandeaen	AVAIL
ciastsea	AVAIL
krindtei	AVAIL
cleankiex	AVAIL
strontut	AVAIL
flaikauon	AVAIL
treiviald	AVAIL
miatnkei	AVAIL
crubio	TAKEN
sestea	AVAIL
peartrio	AVAIL
sukrnai	AVAIL
ltestreib	AVAIL
snoartou	AVAIL
traupaim	AVAIL
spamoa	AVAIL
lewas	TAKEN
stifor	TAKEN
keilteail	AVAIL
keiclouk	AVAIL
woudndea	AVAIL
troafstei	AVAIL
drildei	AVAIL
croliort	AVAIL
trentia	TAKEN
hurtart	AVAIL
ntouspait	AVAIL
slouzioz	AVAIL
ririo	TAKEN
quoultiz	AVAIL
conub	TAKEN
jauvion	TAKEN
snaiboup	AVAIL
cloreant	AVAIL
rkeigreik	AVAIL
meciorn	AVAIL
quobais	AVAIL
nkiastas	AVAIL
gavaurk	AVAIL
ntosnoav	AVAIL
giplaut	AVAIL
rneaspunt	AVAIL
kaigora	TAKEN
mafrei	TAKEN
sialios	AVAIL
gausteb	AVAIL
loari	TAKEN
fiamauld	AVAIL
naiheag	AVAIL
viaska	TAKEN
foupoad	AVAIL
diodrust	AVAIL
goaziar	AVAIL
cainkiok	AVAIL
rdebrom	AVAIL
bialas	TAKEN
plalud	AVAIL
skiorda	AVAIL
loatndo	AVAIL
poultfa	AVAIL
buntois	AVAIL
hakeima	AVAIL
broukouz	AVAIL
speldrkou	AVAIL
miaxoan	AVAIL
skarkeix	AVAIL
prastei	AVAIL
douhist	AVAIL
diastoaos	AVAIL
gaindvoa	AVAIL
siovldau	AVAIL
hiostei	AVAIL
drournug	AVAIL
volteava	AVAIL
pertosk	AVAIL
nantdu	AVAIL
liasux	AVAIL
sufleink	AVAIL
sniabairy	AVAIL
noskearn	AVAIL
plizrkea	AVAIL
suskltoa	AVAIL
graurnsio	AVAIL
miorti	AVAIL
quiankli	AVAIL
daultia	AVAIL
fiojat	AVAIL
driomnea	AVAIL
criobea	AVAIL
stasoaor	AVAIL
jeitrka	AVAIL
daupndia	AVAIL
gloltntia	AVAIL
kraltei	AVAIL
biarkaiyx	AVAIL
sauskou	AVAIL
kairdean	AVAIL
joastntia	AVAIL
sliortvi	AVAIL
straskti	AVAIL
boudaut	AVAIL
ldiazur	AVAIL
rnikiar	AVAIL
cribios	AVAIL
krouzary	AVAIL
ltauzoav	AVAIL
laibu	TAKEN
fleiroaza	AVAIL
baigrear	AVAIL
louclom	AVAIL
xobraut	AVAIL
rnoanoand	AVAIL
floboalt	AVAIL
groubioer	AVAIL
mailtoan	AVAIL
crernau	AVAIL
rdezeid	AVAIL
trialiob	AVAIL
gougeam	AVAIL
snaufank	AVAIL
kristrnou	AVAIL
leaskmoa	AVAIL
feziog	AVAIL
pleigousk	AVAIL
skoazlou	AVAIL
ciorxei	AVAIL
fostrorn	AVAIL
fezurd	AVAIL
gramap	TAKEN
paupmo	AVAIL
spuvau	AVAIL
frerdaud	AVAIL
roaxmo	AVAIL
lontfou	AVAIL
vedau	TAKEN
leavab	AVAIL
waufsko	AVAIL
hoarnou	AVAIL
zaigeip	AVAIL
cliorneag	AVAIL
pifraint	AVAIL
taineab	AVAIL
pixiil	TAKEN
rdicuz	AVAIL
flipoaas	AVAIL
grearkeag	AVAIL
paufa	TAKEN
preliool	AVAIL
spaska	TAKEN
grefta	AVAIL
braugea	AVAIL
cleirkei	AVAIL
reiva	TAKEN
dreisa	TAKEN
spiasteif	AVAIL
piaskoax	AVAIL
ntuflould	AVAIL
sibeisk	AVAIL
sleinkank	AVAIL
priaka	AVAIL
drapuv	AVAIL
stoapliag	AVAIL
muldauol	AVAIL
ndiazail	AVAIL
harsou	TAKEN
stiantio	AVAIL
ceipa	TAKEN
plixult	AVAIL
niomni	TAKEN
goaro	TAKEN
drialdoa	AVAIL
rioldau	AVAIL
strortgu	AVAIL
rtoadrel	AVAIL
strandio	TAKEN
rnelaud	AVAIL
stioldeio	AVAIL
prebialt	AVAIL
sloaxoarn	AVAIL
wekdai	AVAIL
sibap	TAKEN
grioldo	AVAIL
spouxei	AVAIL
raplem	AVAIL
lazio	TAKEN
praireayx	AVAIL
pizoa	TAKEN
grontian	AVAIL
veistaux	AVAIL
launkeist	AVAIL
gioltai	AVAIL
crasrnai	AVAIL
giasad	AVAIL
faistio	AVAIL
staitoab	AVAIL
cirnu	TAKEN
gloko	TAKEN
tardont	AVAIL
miastaim	AVAIL
gobrek	AVAIL
floaskro	AVAIL
kuntaza	AVAIL
gliamoart	AVAIL
cleisvu	AVAIL
skoamaiol	AVAIL
friandau	AVAIL
viasluf	AVAIL
zoxearn	AVAIL
puzint	AVAIL
quouxilt	AVAIL
rnoaquen	AVAIL
friozep	AVAIL
stoankak	AVAIL
snoavent	AVAIL
saukdou	AVAIL
grurtgau	AVAIL
brilai	TAKEN
kiastaist	AVAIL
rnaujeab	AVAIL
kreirkant	AVAIL
rdiowurk	AVAIL
snoastead	AVAIL
fereiza	AVAIL
seilaix	AVAIL
loafind	AVAIL
daivad	TAKEN
snurnult	AVAIL
wiorksta	AVAIL
rabaa	TAKEN
slerdai	AVAIL
rounknkea	AVAIL
gliltouo	AVAIL
skealmio	AVAIL
darntei	AVAIL
spinkldio	AVAIL
piaku	TAKEN
rniodraib	AVAIL
spialtau	AVAIL
riasear	AVAIL
plouldrau	AVAIL
wailod	AVAIL
naizoag	AVAIL
slaifaiz	AVAIL
spealiza	AVAIL
woaxoas	AVAIL
krioniom	AVAIL
claibaird	AVAIL
hoaskub	AVAIL
caildauor	AVAIL
pleidi	AVAIL
boanaund	AVAIL
gloadoud	AVAIL
bexant	AVAIL
feisork	AVAIL
cernia	TAKEN
neaxa	TAKEN
simeir	AVAIL
glinai	TAKEN
prultai	AVAIL
dauflern	AVAIL
skizom	AVAIL
maibuf	AVAIL
poltausk	AVAIL
waldoar	TAKEN
strirkuol	AVAIL
meidaunk	AVAIL
griarnoa	AVAIL
measiar	AVAIL
bexoud	AVAIL
clindou	AVAIL
xiapriard	AVAIL
toubreap	AVAIL
spumeaas	AVAIL
hadxai	AVAIL
sumbei	AVAIL
rdugreaz	AVAIL
peintna	AVAIL
pihorn	TAKEN
skiaproz	AVAIL
rodio	TAKEN
nkokark	AVAIL
spiaxai	AVAIL
rnoatrilt	AVAIL
spiova	AVAIL
duvlti	AVAIL
gaujeint	AVAIL
snistu	AVAIL
baddu	TAKEN
clulu	TAKEN
frirtaila	AVAIL
kriadeix	AVAIL
skiskoala	AVAIL
rkoahean	AVAIL
nkumab	AVAIL
flevuos	AVAIL
mestoel	AVAIL
plealdkea	AVAIL
spikiama	AVAIL
bandlta	AVAIL
dremnu	TAKEN
paintoa	AVAIL
pluldant	AVAIL
loartu	AVAIL
fugia	TAKEN
veileat	AVAIL
dreantri	AVAIL
brafark	AVAIL
plabeig	AVAIL
haiskeis	AVAIL
miostfu	AVAIL
nkamoz	AVAIL
spoumound	AVAIL
ldouweint	AVAIL
ziondsi	AVAIL
pluker	TAKEN
disiava	AVAIL
sporko	TAKEN
jealor	TAKEN
seandoab	AVAIL
vosleid	AVAIL
glostou	AVAIL
koapeor	AVAIL
geistriaf	AVAIL
biartau	AVAIL
spinndo	TAKEN
teifstio	AVAIL
spatean	AVAIL
bountau	AVAIL
wondrdou	AVAIL
groazar	AVAIL
waiskait	AVAIL
kautresk	AVAIL
bremaius	AVAIL
rustoup	AVAIL
zairtoaor	AVAIL
beikearn	AVAIL
plougef	AVAIL
provip	TAKEN
mioldoaum	AVAIL
riorta	AVAIL
gomiosk	AVAIL
pladldi	AVAIL
zoamail	TAKEN
skiskeam	AVAIL
glaultboa	AVAIL
puzer	TAKEN
kribfa	AVAIL
poapuz	AVAIL
dairtaix	AVAIL
geacleark	AVAIL
floaskea	AVAIL
bruviza	AVAIL
rtuvaur	AVAIL
coakas	AVAIL
laxary	TAKEN
prurtound	AVAIL
sleirdiaf	AVAIL
fruxea	AVAIL
nuldau	AVAIL
wionkurd	AVAIL
rkocreav	AVAIL
plentsku	AVAIL
liflar	AVAIL
bertoa	TAKEN
paistbi	AVAIL
posnur	AVAIL
taustaly	AVAIL
zournlto	AVAIL
puxfei	AVAIL
rimaer	AVAIL
zotrig	AVAIL
slaumuld	AVAIL
clopaza	AVAIL
kreipaan	AVAIL
glorai	TAKEN
gleagiol	AVAIL
rdougreir	AVAIL
voaklta	AVAIL
lagark	TAKEN
snailion	AVAIL
skomar	TAKEN
midoaus	AVAIL
stroutau	AVAIL
skiafkio	AVAIL
poaskoa	AVAIL
bosona	TAKEN
gausluv	AVAIL
zozei	TAKEN
ginound	AVAIL
snobond	AVAIL
stromau	AVAIL
niohaunt	AVAIL
skiocliof	AVAIL
nouxldo	AVAIL
nodoayx	AVAIL
kruxou	AVAIL
moalskei	AVAIL
laipvu	AVAIL
rtostreim	AVAIL
tiontea	TAKEN
ntiflit	AVAIL
kumia	TAKEN
meanum	AVAIL
stistary	AVAIL
gisoux	AVAIL
fuxboa	AVAIL
souvxa	AVAIL
sliarkio	AVAIL
tauzoand	AVAIL
glandu	TAKEN
briartely	AVAIL
sernnei	AVAIL
glastia	AVAIL
freipolt	AVAIL
plivrnu	AVAIL
ragant	TAKEN
cundeif	AVAIL
trornerd	AVAIL
liaduf	AVAIL
cofouix	AVAIL
waleala	AVAIL
ntoataiv	AVAIL
fliviois	AVAIL
giandouel	AVAIL
zoaskvea	AVAIL
pukeiol	AVAIL
hoaltouan	AVAIL
ploagin	AVAIL
tebaza	AVAIL
traildil	AVAIL
hunouva	AVAIL
kuzstou	AVAIL
fotrdi	AVAIL
miogiax	AVAIL
heaszou	AVAIL
firgi	TAKEN
flekrkia	AVAIL
spinkiaer	AVAIL
ridlio	TAKEN
penrtea	AVAIL
jiltai	AVAIL
trioskom	AVAIL
cleloia	AVAIL
traldaip	AVAIL
tioveig	AVAIL
ntiatriod	AVAIL
spinkeb	AVAIL
foskuar	AVAIL
droankoa	AVAIL
spaildska	AVAIL
hiapfa	AVAIL
spoxoar	AVAIL
franean	TAKEN
cefealy	AVAIL
peaskov	AVAIL
sledean	AVAIL
drineap	AVAIL
gloutoara	AVAIL
tiopint	AVAIL
raistmei	AVAIL
troarsi	AVAIL
skutreag	AVAIL
sliskuer	AVAIL
fealntu	AVAIL
kausiog	AVAIL
stonaust	AVAIL
quondeab	AVAIL
grauldeg	AVAIL
nearrkia	AVAIL
moappea	AVAIL
voskrnoa	AVAIL
ldoglug	AVAIL
vendaia	TAKEN
sniadiaen	AVAIL
plaundoly	AVAIL
nkiotruk	AVAIL
clideior	AVAIL
frarkau	AVAIL
struveif	AVAIL
hiatug	AVAIL
quiarap	AVAIL
bauvrei	AVAIL
nuntndi	AVAIL
groantoas	AVAIL
steavost	AVAIL
maskauz	AVAIL
vonki	TAKEN
terteza	AVAIL
gleabiar	AVAIL
zarkear	AVAIL
proubio	AVAIL
safud	TAKEN
cleafa	TAKEN
jearkain	AVAIL
juflau	AVAIL
zoaskav	AVAIL
plounia	AVAIL
griortpa	AVAIL
raudint	AVAIL
traxayx	AVAIL
bigleard	AVAIL
pijalt	AVAIL
prugoyx	AVAIL
streaztou	AVAIL
glioroa	AVAIL
skaidal	AVAIL
frondult	AVAIL
rudaind	AVAIL
rneikruld	AVAIL
steldrtea	AVAIL
broudiand	AVAIL
bourtaor	AVAIL
stenkez	AVAIL
kaubaum	AVAIL
taitound	AVAIL
staurteel	AVAIL
goasur	TAKEN
riafaind	AVAIL
skoazia	AVAIL
krunpa	AVAIL
groulturd	AVAIL
feisoel	AVAIL
kroarkai	AVAIL
meafi	TAKEN
faseil	AVAIL
cezea	TAKEN
slezuva	AVAIL
huntki	AVAIL
kubea	TAKEN
fouxirn	AVAIL
koukaurt	AVAIL
faindauos	AVAIL
pleanouan	AVAIL
feiskauf	AVAIL
pranoug	AVAIL
ndiovean	AVAIL
hiankaird	AVAIL
naufir	AVAIL
tioxoum	AVAIL
skardork	AVAIL
rdoagros	AVAIL
laurkoav	AVAIL
zamost	TAKEN
sloalrnou	AVAIL
luntost	AVAIL
rkauhoat	AVAIL
weimvai	AVAIL
criari	TAKEN
tiabub	AVAIL
krautouen	AVAIL
kreipev	AVAIL
mukli	TAKEN
loaleif	AVAIL
dionkix	AVAIL
glaistsa	AVAIL
feantoana	AVAIL
jelesk	AVAIL
gigrig	TAKEN
gaglaib	AVAIL
vakoa	TAKEN
lteturt	AVAIL
zeindkia	AVAIL
ntodask	AVAIL
zeltauv	AVAIL
glaseta	AVAIL
kroarou	AVAIL
drunius	AVAIL
tiosnug	AVAIL
cliokeien	AVAIL
fialdeis	AVAIL
rnolust	AVAIL
glionauor	AVAIL
loteb	TAKEN
negrul	AVAIL
veisva	AVAIL
trionoaz	AVAIL
stroundug	AVAIL
stantio	TAKEN
seskionk	AVAIL
maideis	AVAIL
kouzailt	AVAIL
dreidov	AVAIL
flautuer	AVAIL
fraixois	AVAIL
proudioas	AVAIL
ltiozoad	AVAIL
frusstei	AVAIL
frionkio	AVAIL
rdeanul	AVAIL
bireird	AVAIL
moumaird	AVAIL
fauspan	AVAIL
giatoal	AVAIL
kroustxea	AVAIL
pildiot	AVAIL
paugu	AVAIL
ceildou	AVAIL
riozod	AVAIL
clauzios	AVAIL
puskuld	AVAIL
stiadrelt	AVAIL
nduslait	AVAIL
dougi	TAKEN
naurtioas	AVAIL
skiafaios	AVAIL
clousia	AVAIL
ntaugreak	AVAIL
crounkeia	AVAIL
kroureiis	AVAIL
ltiowiot	AVAIL
deikeid	AVAIL
darkzio	AVAIL
baurduf	AVAIL
candu	TAKEN
stroani	AVAIL
tiastelt	AVAIL
ceirnei	AVAIL
frurti	AVAIL
rdeakird	AVAIL
reinialt	AVAIL
giakaz	AVAIL
koapax	AVAIL
daubreant	AVAIL
honkko	AVAIL
keastoag	AVAIL
zeskoal	AVAIL
plondda	AVAIL
flusrna	AVAIL
priobouza	AVAIL
cugnou	AVAIL
vordiex	AVAIL
praitdei	AVAIL
clixstia	AVAIL
dauxeav	AVAIL
counkaar	AVAIL
steidai	AVAIL
maurtiora	AVAIL
struskgo	AVAIL
vaihal	AVAIL
razil	TAKEN
gleivana	AVAIL
flounko	AVAIL
striorkou	AVAIL
zildeaum	AVAIL
jiasael	AVAIL
tantis	TAKEN
viagaus	AVAIL
fliriota	AVAIL
ntaipraiz	AVAIL
glifup	AVAIL
tougrtou	AVAIL
rtiomiorn	AVAIL
stoanki	AVAIL
paiclaid	AVAIL
pelaunk	AVAIL
froankauz	AVAIL
rnioboald	AVAIL
spotrdia	AVAIL
kroldno	AVAIL
rnaprim	AVAIL
tontrtio	AVAIL
waikeag	AVAIL
ntoplab	AVAIL
frudsti	AVAIL
ndeaskend	AVAIL
skoafraim	AVAIL
dioldoaly	AVAIL
frankeio	AVAIL
snixeium	AVAIL
quiageard	AVAIL
criarkub	AVAIL
grospa	TAKEN
wibeix	AVAIL
dournei	AVAIL
rkoaquoaz	AVAIL
rionrno	AVAIL
wadaly	TAKEN
slarntai	AVAIL
peiltia	AVAIL
daskuna	AVAIL
noankoaol	AVAIL
hiazork	AVAIL
pehesk	AVAIL
spundauk	AVAIL
speivig	AVAIL
jotir	TAKEN
sliastei	AVAIL
bufrirt	AVAIL
daurnntei	AVAIL
rtionek	AVAIL
gleinku	AVAIL
sortiof	AVAIL
mupoa	TAKEN
ntaihaf	AVAIL
craindosk	AVAIL
pogzai	AVAIL
snoskuan	AVAIL
praurni	AVAIL
lariova	AVAIL
nkaquaid	AVAIL
snoldai	AVAIL
dovova	TAKEN
clazeind	AVAIL
stelrdau	AVAIL
druxeian	AVAIL
voxio	TAKEN
fleaskoas	AVAIL
vuxuel	AVAIL
flealeier	AVAIL
doatrnu	AVAIL
biaskaup	AVAIL
kroultuon	AVAIL
cloufota	AVAIL
profia	TAKEN
deankrtai	AVAIL
bartoel	TAKEN
rnispab	AVAIL
sneisauol	AVAIL
foaglion	AVAIL
stouhirk	AVAIL
peagoam	AVAIL
snealeima	AVAIL
goava	TAKEN
bounourn	AVAIL
vuski	TAKEN
skiskaust	AVAIL
feplez	AVAIL
kiabrdau	AVAIL
houdiolt	AVAIL
streagfio	AVAIL
toulva	AVAIL
fleitaunt	AVAIL
vanku	TAKEN
xavuv	AVAIL
moupiov	AVAIL
hentu	TAKEN
griako	AVAIL
cliofxa	AVAIL
nkiahusk	AVAIL
suldeld	AVAIL
slaideaar	AVAIL
strolau	AVAIL
purtzea	AVAIL
dreloa	AVAIL
doaldnoa	AVAIL
broastirn	AVAIL
ntotaust	AVAIL
bauspaust	AVAIL
goaldai	TAKEN
loakreart	AVAIL
meirnisk	AVAIL
fretia	TAKEN
rdilard	AVAIL
stoaskalt	AVAIL
ltiliof	AVAIL
saittau	AVAIL
caifiarn	AVAIL
veirnrai	AVAIL
proasea	AVAIL
deikeb	AVAIL
voappio	AVAIL
boudi	TAKEN
troaskop	AVAIL
keimuld	AVAIL
zoufrest	AVAIL
taustraug	AVAIL
ploagsi	AVAIL
tigrur	AVAIL
distel	TAKEN
fraveant	AVAIL
paivnkei	AVAIL
bupank	AVAIL
nkogliont	AVAIL
slodoas	AVAIL
trisrtou	AVAIL
skaigu	AVAIL
saidraun	AVAIL
rdeanoak	AVAIL
koakrand	AVAIL
praimear	AVAIL
driokstio	AVAIL
spiogala	AVAIL
creimi	TAKEN
rdapould	AVAIL
ziomaul	AVAIL
droukrda	AVAIL
todraut	AVAIL
naistreir	AVAIL
rkiokend	AVAIL
floardau	AVAIL
gionkus	AVAIL
zomiard	AVAIL
boabul	AVAIL
slavais	AVAIL
krindob	AVAIL
poakriap	AVAIL
pleaxoa	AVAIL
sloafid	AVAIL
diltioix	AVAIL
rkeigralt	AVAIL
kriontaza	AVAIL
waskai	TAKEN
rkoapriad	AVAIL
kreldi	AVAIL
stiavuen	AVAIL
prourtind	AVAIL
zustealy	AVAIL
koudriov	AVAIL
nordrai	AVAIL
plirteiio	AVAIL
ploareza	AVAIL
breanea	AVAIL
triavoun	AVAIL
tiorax	TAKEN
jialmia	AVAIL
jianki	AVAIL
nuzoand	AVAIL
crintea	TAKEN
grodouk	AVAIL
taidauld	AVAIL
cleantit	TAKEN
rougora	AVAIL
sperniaf	AVAIL
paugkai	AVAIL
sautur	AVAIL
slailoask	AVAIL
geindzai	AVAIL
ndeaziark	AVAIL
woltaurk	AVAIL
refio	TAKEN
snindould	AVAIL
triki	TAKEN
zouskeal	AVAIL
priorkea	AVAIL
zordrdo	AVAIL
xuwoust	AVAIL
faitilt	AVAIL
coago	TAKEN
fraulioas	AVAIL
striobia	AVAIL
snionteid	AVAIL
jouldaust	AVAIL
glugoand	AVAIL
drazaira	TAKEN
foupik	AVAIL
stiovoa	AVAIL
kankaus	AVAIL
ceiseg	AVAIL
genoarn	AVAIL
crourkaor	AVAIL
fezvau	AVAIL
fleakfu	AVAIL
slaigltai	AVAIL
kiokaub	AVAIL
trondap	AVAIL
sloataury	AVAIL
spairkkio	AVAIL
lonkai	TAKEN
grauzeaum	AVAIL
noudvai	AVAIL
boawiord	AVAIL
praigrtai	AVAIL
niaxnei	AVAIL
zoldauo	AVAIL
lizio	TAKEN
wanox	TAKEN
gourkea	AVAIL
flaipury	AVAIL
rnoameig	AVAIL
sluveaol	AVAIL
traza	TAKEN
wasio	TAKEN
gloskro	AVAIL
skequiond	AVAIL
rtahiart	AVAIL
wairxou	AVAIL
dronttia	AVAIL
mounkik	AVAIL
sarto	TAKEN
doskmio	AVAIL
prustxa	AVAIL
nuciog	AVAIL
muntai	TAKEN
skiaseind	AVAIL
snaupru	AVAIL
strousosk	AVAIL
stinourt	AVAIL
tiandauf	AVAIL
riodeand	AVAIL
zuzot	TAKEN
keafum	AVAIL
tauldein	AVAIL
cleiltei	AVAIL
giodask	AVAIL
loandtoa	AVAIL
koastnko	AVAIL
serdei	AVAIL
claunkau	AVAIL
gleamoex	AVAIL
lteajeask	AVAIL
trioboa	AVAIL
sladuil	AVAIL
troupiaan	AVAIL
zounkoata	AVAIL
quailtxau	AVAIL
paubrealt	AVAIL
meajuk	AVAIL
meiltoag	AVAIL
sneirdlo	AVAIL
ziardo	AVAIL
hiafaex	AVAIL
praintin	AVAIL
verneaz	AVAIL
stiordgou	AVAIL
nuskounk	AVAIL
stoacos	AVAIL
fleltou	AVAIL
rtuhionk	AVAIL
tregaior	AVAIL
mostoaan	AVAIL
foldourn	AVAIL
gourku	AVAIL
flauma	TAKEN
wiordau	AVAIL
vougoam	AVAIL
zaizias	AVAIL
staurdit	AVAIL
snoutfo	AVAIL
giopnei	AVAIL
neapnki	AVAIL
frobuon	AVAIL
xeaspit	AVAIL
stebfau	AVAIL
luskei	AVAIL
neazast	AVAIL
rtoacreil	AVAIL
glebia	TAKEN
gloaxalt	AVAIL
tevaunt	AVAIL
reisuix	AVAIL
gasnad	AVAIL
pligaiil	AVAIL
rkiciav	AVAIL
ltofreald	AVAIL
zastrod	AVAIL
praiglea	AVAIL
rdeadeard	AVAIL
rariax	AVAIL
drianka	TAKEN
geirkai	AVAIL
zogouma	AVAIL
spoatouil	AVAIL
nonkory	AVAIL
miaznto	AVAIL
ldobousk	AVAIL
krolaux	AVAIL
saufleart	AVAIL
juztu	TAKEN
drivtea	AVAIL
sliotstau	AVAIL
ziglev	AVAIL
kelouon	AVAIL
lufusk	AVAIL
crondu	AVAIL
sleaxior	AVAIL
trearnery	AVAIL
spuzoa	AVAIL
zirkount	AVAIL
graukntai	AVAIL
pleiska	AVAIL
kaurkear	AVAIL
pupiab	AVAIL
bikto	TAKEN
rniokaif	AVAIL
stiaberd	AVAIL
skodust	AVAIL
tizeiyx	AVAIL
slioboar	AVAIL
drearily	TAKEN
friornort	AVAIL
flordoav	AVAIL
peavoud	AVAIL
siontrai	AVAIL
skeidou	AVAIL
crondioz	AVAIL
nteimoand	AVAIL
rnegrend	AVAIL
goukoud	AVAIL
spuzeirk	AVAIL
creigep	AVAIL
stusklia	AVAIL
doazion	AVAIL
droameast	AVAIL
quiarneig	AVAIL
kriabei	AVAIL
viofloan	AVAIL
nonkeix	AVAIL
biosleand	AVAIL
triokrea	AVAIL
maikialt	AVAIL
finkald	AVAIL
fludoa	AVAIL
ploufiag	AVAIL
gliadnia	AVAIL
nkiwairk	AVAIL
keizeiz	AVAIL
nkukrirn	AVAIL
droarknda	AVAIL
dankilt	AVAIL
rtagroax	AVAIL
braunkoab	AVAIL
waurdo	AVAIL
steandaun	AVAIL
niaground	AVAIL
droamoant	AVAIL
griotoa	AVAIL
vaurdoail	AVAIL
plelesk	AVAIL
galtu	TAKEN
ceakeir	AVAIL
nianda	TAKEN
pliadski	AVAIL
troapu	AVAIL
tiltrda	AVAIL
saudsti	AVAIL
cournfu	AVAIL
striogo	AVAIL
bexioex	AVAIL
kroavi	AVAIL
glaukmea	AVAIL
haupoab	AVAIL
slirkaon	AVAIL
kriaxia	AVAIL
rtelat	AVAIL
gleipoan	AVAIL
quailonk	AVAIL
glernunt	AVAIL
slearaiv	AVAIL
skezairt	AVAIL
gleiltauo	AVAIL
cisteald	AVAIL
cuskeza	AVAIL
rkouslirt	AVAIL
zeazirn	AVAIL
donkeel	AVAIL
prionkrnu	AVAIL
striabai	AVAIL
coldrnai	AVAIL
meiskend	AVAIL
frionnau	AVAIL
skaito	TAKEN
koajunk	AVAIL
fiobpu	AVAIL
quaru	TAKEN
rnimoark	AVAIL
noulioz	AVAIL
fiaspear	AVAIL
greiskti	AVAIL
vaumeard	AVAIL
groari	AVAIL
xaibiaf	AVAIL
slikoz	AVAIL
fleidpei	AVAIL
creandldo	AVAIL
stofont	AVAIL
braironk	AVAIL
fliovio	AVAIL
rdiaglion	AVAIL
mouwoust	AVAIL
saurama	TAKEN
liaspeiz	AVAIL
kiogrurd	AVAIL
preipid	AVAIL
kriakto	AVAIL
stumauf	AVAIL
trearera	AVAIL
brexao	AVAIL
flarkig	AVAIL
briaxaid	AVAIL
kreiltiam	AVAIL
mogvei	AVAIL
grausrnia	AVAIL
vorkau	AVAIL
xestrourk	AVAIL
prantaien	AVAIL
mekek	TAKEN
kelsea	TAKEN
lesnaim	AVAIL
kraimxoa	AVAIL
werneier	AVAIL
grairtaza	AVAIL
zardeina	AVAIL
pleivealy	AVAIL
baspaurn	AVAIL
reiski	TAKEN
crafea	TAKEN
kroanteik	AVAIL
niastux	AVAIL
nirnouos	AVAIL
pordsau	AVAIL
stagai	TAKEN
zoatoux	AVAIL
ciardia	AVAIL
snauxrtei	AVAIL
grobien	TAKEN
cliobia	AVAIL
nteploam	AVAIL
teadelt	AVAIL
clufu	TAKEN
skimirn	AVAIL
wiorouv	AVAIL
xiocriar	AVAIL
milais	TAKEN
gaigloand	AVAIL
jausan	AVAIL
raurkxou	AVAIL
xaslosk	AVAIL
raugaik	AVAIL
quouskail	AVAIL
dreakou	AVAIL
goapiort	AVAIL
hiofkou	AVAIL
frankium	TAKEN
liofeab	AVAIL
keaskiov	AVAIL
crentip	AVAIL
quiozlto	AVAIL
zubio	TAKEN
hezltei	AVAIL
xezeix	AVAIL
grudeb	AVAIL
ltidank	AVAIL
pantora	TAKEN
cesou	TAKEN
clausoax	AVAIL
ciartist	AVAIL
seastoult	AVAIL
baudlda	AVAIL
hiozury	AVAIL
padora	TAKEN
prasoa	AVAIL
cliaskrdu	AVAIL
viotround	AVAIL
slastmai	AVAIL
snetdo	AVAIL
rkistom	AVAIL
zastraind	AVAIL
briskauta	AVAIL
faurdvi	AVAIL
suheib	AVAIL
snoublia	AVAIL
dogaura	TAKEN
pospount	AVAIL
sucist	AVAIL
skionrkei	AVAIL
driozuex	AVAIL
sliofeif	AVAIL
gloavntou	AVAIL
kreinkium	AVAIL
jurdia	AVAIL
glaultu	AVAIL
crairna	AVAIL
neibuly	AVAIL
riastoly	AVAIL
preilttoa	AVAIL
sogeark	AVAIL
nkaunaup	AVAIL
soadab	AVAIL
quiandouk	AVAIL
strouzia	AVAIL
foustorn	AVAIL
trifgei	AVAIL
pliostei	AVAIL
ndoaclaub	AVAIL
slounata	AVAIL
joavbou	AVAIL
mairduis	AVAIL
friaxou	AVAIL
treazoul	AVAIL
stiafid	AVAIL
diaflairk	AVAIL
gaucrark	AVAIL
spaupia	AVAIL
ziomeind	AVAIL
crairdgi	AVAIL
cleanu	TAKEN
nefain	AVAIL
cartu	TAKEN
rdogrif	AVAIL
clinkax	AVAIL
maucliast	AVAIL
jexnko	AVAIL
routraix	AVAIL
fraxeaf	AVAIL
raskaint	AVAIL
kroxdei	AVAIL
soujain	AVAIL
dardam	TAKEN
ntiaskek	AVAIL
nkoapis	AVAIL
teamoax	AVAIL
koflog	AVAIL
quaifort	AVAIL
haukrtau	AVAIL
bekei	TAKEN
ndouweaz	AVAIL
vaildoor	AVAIL
stiaskord	AVAIL
peigzou	AVAIL
snairau	AVAIL
staldeim	AVAIL
nkaslairn	AVAIL
zaufzai	AVAIL
queltup	AVAIL
strerndu	AVAIL
skageif	AVAIL
wertouix	AVAIL
plouxaios	AVAIL
quavsto	AVAIL
stoulin	AVAIL
slivo	TAKEN
mitriod	AVAIL
saurklei	AVAIL
caupauk	AVAIL
baurdea	AVAIL
kairksei	AVAIL
wousteas	AVAIL
geapear	AVAIL
tiamaf	AVAIL
rapiota	AVAIL
cralul	AVAIL
plousiayx	AVAIL
slildkia	AVAIL
glasoaos	AVAIL
jiofeol	AVAIL
daindei	AVAIL
glukstau	AVAIL
cerdaux	AVAIL
fulaiis	AVAIL
snendouma	AVAIL
ceirrkei	AVAIL
muziask	AVAIL
jeantep	AVAIL
gleaxiaos	AVAIL
cialtold	AVAIL
preantau	AVAIL
rtouriart	AVAIL
leapound	AVAIL
grefa	TAKEN
bauses	TAKEN
movzu	TAKEN
miortaund	AVAIL
mudskou	AVAIL
hirktou	AVAIL
doltea	TAKEN
droreir	AVAIL
daurkgea	AVAIL
nobraub	AVAIL
snialtof	AVAIL
spiamold	AVAIL
raifi	TAKEN
cleisklau	AVAIL
holderk	AVAIL
cruskota	AVAIL
stikraurd	AVAIL
nandrkio	AVAIL
plenntou	AVAIL
judeel	AVAIL
poldiil	AVAIL
piojax	AVAIL
noazuf	AVAIL
ldoajialt	AVAIL
runtnoa	AVAIL
rkiafiod	AVAIL
kialto	AVAIL
strounto	AVAIL
skaikeian	AVAIL
xiabam	AVAIL
pifaup	AVAIL
pousku	AVAIL
troadai	AVAIL
rnuprealt	AVAIL
nolou	TAKEN
vugenk	AVAIL
queinkard	AVAIL
maiprib	AVAIL
durtoa	AVAIL
spaiskaur	AVAIL
feindiab	AVAIL
snexei	AVAIL
dioldoux	AVAIL
goldid	TAKEN
snekaio	AVAIL
jearna	AVAIL
wiazgei	AVAIL
veindeif	AVAIL
gerdai	TAKEN
drorkio	AVAIL
trexom	TAKEN
grendai	AVAIL
stoasdu	AVAIL
stiortndu	AVAIL
mionteaus	AVAIL
strafiayx	AVAIL
logbau	TAKEN
feiniz	AVAIL
nioquald	AVAIL
coafairn	AVAIL
nuxind	AVAIL
mounkrnea	AVAIL
flourka	AVAIL
drenmo	AVAIL
staivta	AVAIL
saultoub	AVAIL
kraukeaum	AVAIL
notousk	AVAIL
zaleif	AVAIL
trainkxau	AVAIL
lioskouas	AVAIL
snistou	AVAIL
ceartont	AVAIL
vairoug	AVAIL
nuvoa	TAKEN
fintrti	AVAIL
leirtat	AVAIL
ldislolt	AVAIL
josteaor	AVAIL
wutku	AVAIL
naurob	AVAIL
raurrni	AVAIL
rtoawuf	AVAIL
wioffo	AVAIL
quiorkor	AVAIL
riantourd	AVAIL
breasto	TAKEN
geisialt	AVAIL
cidgai	AVAIL
jouldau	AVAIL
rurnlu	AVAIL
feazlti	AVAIL
slainkun	AVAIL
coartira	AVAIL
prourior	AVAIL
farkaima	AVAIL
zererk	AVAIL
biovu	TAKEN
sepoug	AVAIL
strauloa	AVAIL
beatriarn	AVAIL
treirki	AVAIL
headaug	AVAIL
stoubrurk	AVAIL
binkfei	AVAIL
foultiala	AVAIL
hianbei	AVAIL
wainkeaol	AVAIL
staildu	AVAIL
gamei	TAKEN
quodof	AVAIL
cliomart	AVAIL
paitank	AVAIL
beidraind	AVAIL
saskuz	AVAIL
saukroust	AVAIL
grolit	TAKEN
stixera	AVAIL
brimuld	AVAIL
cleiltael	AVAIL
steilisk	AVAIL
nafntei	AVAIL
surrnai	AVAIL
vintain	TAKEN
niaztai	AVAIL
snoaskei	AVAIL
froupmou	AVAIL
keacrauld	AVAIL
rardiad	AVAIL
steataas	AVAIL
jumoa	TAKEN
gaindldei	AVAIL
crogoarn	AVAIL
plendaia	AVAIL
voabaid	AVAIL
pleipiab	AVAIL
skaurdex	AVAIL
glekeias	AVAIL
skoaldurt	AVAIL
koucoud	AVAIL
xiogud	AVAIL
priskstai	AVAIL
florkuor	AVAIL
strobeaor	AVAIL
snidium	AVAIL
spaintova	AVAIL
stalez	AVAIL
prarko	AVAIL
skizeas	AVAIL
meankeara	AVAIL
haurnita	AVAIL
spoupku	AVAIL
fionema	AVAIL
ciodtio	AVAIL
jeiku	TAKEN
reabaust	AVAIL
nialirt	AVAIL
drambu	AVAIL
flokeilt	AVAIL
skaukoarn	AVAIL
jevau	AVAIL
strabnto	AVAIL
flefoael	AVAIL
snoament	AVAIL
deindauma	AVAIL
susialy	AVAIL
plitu	TAKEN
brorki	AVAIL
puskaunk	AVAIL
griomiold	AVAIL
xausnean	AVAIL
saitin	TAKEN
rizould	AVAIL
miadeig	AVAIL
huroark	AVAIL
certiara	TAKEN
doasbou	AVAIL
wiarteva	AVAIL
snaineis	AVAIL
spiomeim	AVAIL
sernild	AVAIL
sniovrta	AVAIL
mixei	TAKEN
vauben	AVAIL
ntiojeaz	AVAIL
sneindold	AVAIL
kabreank	AVAIL
fraukeist	AVAIL
tiacris	TAKEN
piprior	AVAIL
seasteama	AVAIL
cubouan	AVAIL
ruweil	AVAIL
weindpei	AVAIL
flapoax	AVAIL
snidata	AVAIL
ltijoark	AVAIL
hourtird	AVAIL
speirdlu	AVAIL
ntoameast	AVAIL
ldoasteld	AVAIL
spouda	TAKEN
crialtea	AVAIL
moxaurn	AVAIL
goukeas	AVAIL
tudeist	AVAIL
prasto	TAKEN
moltauix	AVAIL
nauntrni	AVAIL
woutrnia	AVAIL
murtrka	AVAIL
lapzoa	AVAIL
lifmou	AVAIL
prefita	AVAIL
paugraif	AVAIL
rtotruf	AVAIL
maproag	AVAIL
crurdeat	AVAIL
rkiquoug	AVAIL
rabolt	TAKEN
bruvios	AVAIL
feiboup	AVAIL
pasniast	AVAIL
kraistaid	AVAIL
treakfio	AVAIL
tetreild	AVAIL
rteavionk	AVAIL
strinal	AVAIL
tailti	TAKEN
varkou	AVAIL
wiaxis	AVAIL
lionta	TAKEN
vaugrop	AVAIL
crotura	AVAIL
paindoa	AVAIL
kriamai	AVAIL
crotnda	AVAIL
stiacearn	AVAIL
froadourn	AVAIL
nkaifiork	AVAIL
gleabia	AVAIL
gludldio	AVAIL
broaxet	AVAIL
slautio	AVAIL
troabrnu	AVAIL
proartirk	AVAIL
megrnio	AVAIL
pelear	TAKEN
mobzo	TAKEN
bowiorn	AVAIL
vehoark	AVAIL
liadiof	AVAIL
wialpei	AVAIL
xebart	AVAIL
braifioer	AVAIL
krourkvai	AVAIL
dipru	TAKEN
nailrtu	AVAIL
reiltbu	AVAIL
leanda	TAKEN
doundou	TAKEN
hiskux	AVAIL
dreldord	AVAIL
cruskldia	AVAIL
niorail	TAKEN
purtnkea	AVAIL
trugeik	AVAIL
skoantei	AVAIL
nourtrnou	AVAIL
lultearn	AVAIL
zindiord	AVAIL
slouskau	AVAIL
fliakou	AVAIL
prolda	TAKEN
hoxuo	AVAIL
glantu	TAKEN
waistio	AVAIL
kresau	AVAIL
giosru	AVAIL
clurxia	AVAIL
riotaug	AVAIL
rkihost	AVAIL
jabau	TAKEN
skeazu	AVAIL
skairttou	AVAIL
rkoapourt	AVAIL
ciankou	AVAIL
fuhiob	AVAIL
spumuor	AVAIL
saxeol	AVAIL
jeflto	AVAIL
slairttu	AVAIL
proureiar	AVAIL
greakto	AVAIL
praskeil	AVAIL
gauspez	AVAIL
stroaltu	AVAIL
glionea	AVAIL
nialdiab	AVAIL
koakat	AVAIL
flurnrnio	AVAIL
piciark	AVAIL
toantir	AVAIL
prailtio	AVAIL
tiartiold	AVAIL
spunkail	AVAIL
rteikoak	AVAIL
kenntei	AVAIL
droubex	AVAIL
liornau	AVAIL
reindauos	AVAIL
failoza	AVAIL
rdouhoard	AVAIL
kiorkau	AVAIL
baimeab	AVAIL
poumnkau	AVAIL
ldeiceaz	AVAIL
veaglisk	AVAIL
lautrauv	AVAIL
soustoak	AVAIL
flauxia	AVAIL
slaumorn	AVAIL
ziondsea	AVAIL
plavfai	AVAIL
lagaind	AVAIL
hoaltia	AVAIL
grairni	AVAIL
boubiord	AVAIL
noabost	AVAIL
ltiodird	AVAIL
vuhead	AVAIL
gouznka	AVAIL
cliardbai	AVAIL
crauliory	AVAIL
slondauar	AVAIL
jordealy	AVAIL
socriand	AVAIL
zautstu	AVAIL
riwairn	AVAIL
zoustia	AVAIL
trundi	AVAIL
xiquount	AVAIL
rerdsu	AVAIL
frontnoa	AVAIL
naurtdia	AVAIL
jugous	AVAIL
gourniaza	AVAIL
fabou	TAKEN
merndi	AVAIL
fabrnia	AVAIL
quadeix	AVAIL
gukna	AVAIL
steimvu	AVAIL
creltskea	AVAIL
tefios	AVAIL
sobgio	AVAIL
kroupdai	AVAIL
snoalik	AVAIL
brardldou	AVAIL
skiasnka	AVAIL
sneldia	AVAIL
flilteank	AVAIL
soaltuly	AVAIL
bialdxi	AVAIL
trearkba	AVAIL
prioprkoa	AVAIL
drutead	AVAIL
glaifid	AVAIL
boseind	TAKEN
criskot	AVAIL
skoatirk	AVAIL
molult	AVAIL
pratia	TAKEN
praltku	AVAIL
veardiry	AVAIL
slouldiex	AVAIL
graifeix	AVAIL
zaultius	AVAIL
fournzea	AVAIL
crioxo	TAKEN
toubrest	AVAIL
steiteam	AVAIL
skurount	AVAIL
kiokrix	AVAIL
ferais	TAKEN
strupoan	AVAIL
lauguma	AVAIL
vordaink	AVAIL
dourkeit	AVAIL
jaiteilt	AVAIL
diolaist	AVAIL
biostiox	AVAIL
steiriola	AVAIL
frupok	AVAIL
gleagpu	AVAIL
foazntei	AVAIL
hitop	TAKEN
retreap	AVAIL
zobova	TAKEN
sipliv	TAKEN
plealtnki	AVAIL
dutriank	AVAIL
cairniais	AVAIL
rdetal	AVAIL
faudrkai	AVAIL
trarnioz	AVAIL
kraultdia	AVAIL
vountio	AVAIL
prialtgo	AVAIL
neirteink	AVAIL
goltnoa	AVAIL
supeark	AVAIL
flaisoa	AVAIL
zorduor	AVAIL
kucaul	AVAIL
spogio	TAKEN
zuldei	AVAIL
drekldi	AVAIL
narnoaas	AVAIL
skigliorn	AVAIL
lteaspaud	AVAIL
pineta	TAKEN
xekroav	AVAIL
zezeix	AVAIL
griorkoa	AVAIL
jiniark	AVAIL
trernda	AVAIL
storkiaon	AVAIL
giaskia	AVAIL
ziarkoaos	AVAIL
xaisteak	AVAIL
reaskouan	AVAIL
trioxfia	AVAIL
beiskob	AVAIL
jorkau	AVAIL
frairdxea	AVAIL
feilda	TAKEN
spouka	TAKEN
paudioz	AVAIL
daiteint	AVAIL
fliokrtei	AVAIL
zaicard	AVAIL
flaisau	AVAIL
nikeat	AVAIL
stiotiol	AVAIL
peibask	AVAIL
froundou	AVAIL
criostaly	AVAIL
bustau	AVAIL
nerkou	AVAIL
ltiojev	AVAIL
beitav	TAKEN
butoar	AVAIL
nkiopiat	AVAIL
biapskia	AVAIL
kriartou	AVAIL
prionkeix	AVAIL
kraisota	AVAIL
crezolt	AVAIL
gluntily	AVAIL
zairnrtio	AVAIL
sloantu	AVAIL
peatirn	AVAIL
seantldio	AVAIL
faigana	AVAIL
frinkep	AVAIL
cleaziolt	AVAIL
zoastas	AVAIL
skousleal	AVAIL
learna	TAKEN
viarrnia	AVAIL
cluldgio	AVAIL
bihoup	AVAIL
feidroal	AVAIL
snutea	TAKEN
waiteer	TAKEN
pourtei	AVAIL
rkarord	AVAIL
spoagoug	AVAIL
rnubaim	AVAIL
heaski	AVAIL
nkagrairt	AVAIL
crairira	AVAIL
rtavaug	AVAIL
deisneiv	AVAIL
laildsau	AVAIL
tregoa	TAKEN
brorkiex	AVAIL
spoanaun	AVAIL
teiguyx	AVAIL
skitaios	AVAIL
breitairk	AVAIL
piasnait	AVAIL
grousoa	AVAIL
sliflei	AVAIL
dreaset	AVAIL
feilgio	AVAIL
jondiix	AVAIL
kraxirk	AVAIL
preizauen	AVAIL
sportkai	AVAIL
civea	TAKEN
baimlta	AVAIL
sontoalt	AVAIL
ldoaqual	AVAIL
straipoux	AVAIL
keasltau	AVAIL
rtionunt	AVAIL
skiabeaor	AVAIL
cloakoaza	AVAIL
foldeael	AVAIL
begaiar	AVAIL
gaurki	TAKEN
quoaskut	AVAIL
praubuva	AVAIL
jurniont	AVAIL
taustoil	AVAIL
drealdlia	AVAIL
courkealy	AVAIL
rionib	AVAIL
jipbei	AVAIL
gispurd	AVAIL
hazldu	AVAIL
wiltoa	AVAIL
stoundif	AVAIL
viantfai	AVAIL
niozaun	AVAIL
kafunk	TAKEN
trourio	AVAIL
wiaxo	AVAIL
feapip	AVAIL
biambo	TAKEN
tauriosk	AVAIL
rkiapub	AVAIL
lioldais	AVAIL
flurnlau	AVAIL
streirkau	AVAIL
caigiord	AVAIL
mekau	TAKEN
slarka	TAKEN
craiza	AVAIL
kriprdia	AVAIL
vianu	TAKEN
criaxiaon	AVAIL
geisoul	AVAIL
stedroux	AVAIL
skiaxux	AVAIL
furem	TAKEN
mauskltei	AVAIL
siapoab	AVAIL
glouti	TAKEN
rdiadren	AVAIL
naufmoa	AVAIL
reappau	AVAIL
kunai	TAKEN
lountouix	AVAIL
geirtnea	AVAIL
riantauan	AVAIL
greimto	AVAIL
slertaia	AVAIL
pribo	TAKEN
vaifeark	AVAIL
piaskuv	AVAIL
bribois	AVAIL
kaufndei	AVAIL
gliogiaar	AVAIL
speisouex	AVAIL
rdaislot	AVAIL
teplurk	AVAIL
claultdau	AVAIL
sterkelt	AVAIL
stofaum	AVAIL
skicliost	AVAIL
hiaskias	AVAIL
sogark	AVAIL
ketoud	AVAIL
spupgia	AVAIL
clirtou	AVAIL
leagraib	AVAIL
speivei	AVAIL
glaro	TAKEN
cubnka	AVAIL
floantmia	AVAIL
nausnaul	AVAIL
trouvntoa	AVAIL
clevioan	AVAIL
craipoaf	AVAIL
xoaroak	AVAIL
ndouzousk	AVAIL
plairdiz	AVAIL
kaubnu	AVAIL
quiondarn	AVAIL
fragao	TAKEN
koukat	AVAIL
nugaug	TAKEN
moateast	AVAIL
seitpau	AVAIL
boatrird	AVAIL
glenio	TAKEN
keltuf	AVAIL
moustek	TAKEN
miasnou	AVAIL
runkrau	AVAIL
krultmoa	AVAIL
frixntau	AVAIL
braublia	AVAIL
kourterd	AVAIL
draudou	AVAIL
strepiary	AVAIL
daukrkio	AVAIL
ltoasoan	AVAIL
poustou	AVAIL
freisku	AVAIL
crintoalt	AVAIL
strenio	TAKEN
cabona	TAKEN
glaxoury	AVAIL
clontou	AVAIL
griokai	AVAIL
geiskap	AVAIL
poutael	AVAIL
queardoer	AVAIL
counntu	AVAIL
soaprourk	AVAIL
troavib	AVAIL
taitauk	AVAIL
trekvei	AVAIL
foberk	AVAIL
jeisturk	AVAIL
louldai	AVAIL
sloultark	AVAIL
sladauyx	AVAIL
speirniex	AVAIL
snadoava	AVAIL
raruv	AVAIL
krairneas	AVAIL
waivian	AVAIL
snataug	AVAIL
kearkpoa	AVAIL
drirto	AVAIL
neaxaund	AVAIL
gloatei	AVAIL
stouldvau	AVAIL
cloaltlau	AVAIL
danteist	AVAIL
fleartai	AVAIL
liordea	AVAIL
zomouna	AVAIL
sarsko	AVAIL
skoudai	AVAIL
rkeigaux	AVAIL
vasax	TAKEN
rogiaf	AVAIL
prailag	AVAIL
keipu	TAKEN
driofai	AVAIL
geineird	AVAIL
tomio	TAKEN
crabaas	AVAIL
drilei	AVAIL
weiziok	AVAIL
sliondael	AVAIL
ploaskvou	AVAIL
fluzeiex	AVAIL
zaindaios	AVAIL
ciarnkai	AVAIL
rkekiont	AVAIL
skeatoab	AVAIL
fegpio	AVAIL
nuldeap	AVAIL
soultort	AVAIL
pliondeio	AVAIL
zaifleas	AVAIL
sloumoz	AVAIL
traivi	TAKEN
kaufeirt	AVAIL
vionoas	AVAIL
cluseim	AVAIL
snaildia	AVAIL
geara	TAKEN
zeiseit	AVAIL
gaufoan	AVAIL
neastont	AVAIL
biaclas	AVAIL
gemed	TAKEN
rabntau	AVAIL
ntauglorn	AVAIL
xionib	AVAIL
kaurdski	AVAIL
kiari	TAKEN
roufriax	AVAIL
piortau	AVAIL
frolink	TAKEN
nkaiwiaz	AVAIL
moultai	TAKEN
stesoud	AVAIL
briandi	TAKEN
prumio	TAKEN
glufvu	AVAIL
bioriod	AVAIL
zaulta	AVAIL
fontoaly	AVAIL
speasauon	AVAIL
slordba	AVAIL
neipant	AVAIL
pankairk	AVAIL
stofriost	AVAIL
loafond	AVAIL
piardoal	AVAIL
froagoax	AVAIL
lildirk	TAKEN
noultoayx	AVAIL
zeatuer	AVAIL
spiziama	AVAIL
croakrdia	AVAIL
floateak	AVAIL
snioreisk	AVAIL
nkifrot	AVAIL
flourkzu	AVAIL
ceskaiex	AVAIL
griakoana	AVAIL
mastaiyx	AVAIL
zeastront	AVAIL
rtekraiz	AVAIL
friantgu	AVAIL
xipaid	TAKEN
bosnaup	AVAIL
glaukei	AVAIL
hizsi	TAKEN
glozina	AVAIL
snugvi	TAKEN
krealtei	AVAIL
snoaxaiza	AVAIL
measnunt	AVAIL
sairu	TAKEN
jiornu	AVAIL
friakzio	AVAIL
haindoa	AVAIL
nkeadraik	AVAIL
taifeak	AVAIL
testoank	AVAIL
dioniask	AVAIL
gliomvoa	AVAIL
mutrealt	AVAIL
ntequionk	AVAIL
daurdau	AVAIL
snionkia	AVAIL
veiglarn	AVAIL
voqueirt	AVAIL
brourdvau	AVAIL
cournai	AVAIL
ziostmea	AVAIL
brosioex	AVAIL
queaskais	AVAIL
flosoarn	AVAIL
kiandort	AVAIL
stirtnu	AVAIL
sponxoa	AVAIL
quevrna	AVAIL
brounndoa	AVAIL
favltio	AVAIL
pausklti	AVAIL
weindfai	AVAIL
slaunbou	AVAIL
pousi	TAKEN
briokea	AVAIL
proba	TAKEN
skeigia	AVAIL
vipei	TAKEN
ldiagit	AVAIL
tronkeirt	AVAIL
raldpa	AVAIL
drirkoua	AVAIL
xarard	AVAIL
dreasnkau	AVAIL
skoskuo	AVAIL
trartta	AVAIL
nkeavust	AVAIL
plarkfu	AVAIL
boneard	AVAIL
skivoarn	AVAIL
stanien	AVAIL
daugrum	AVAIL
slolkia	AVAIL
glopia	TAKEN
riornaiv	AVAIL
soukxau	AVAIL
clernbu	AVAIL
bulzai	TAKEN
loaviol	AVAIL
tioti	TAKEN
glokious	AVAIL
tuldul	AVAIL
pleanka	AVAIL
ndaufriaf	AVAIL
nkiasiam	AVAIL
cadai	TAKEN
skubma	AVAIL
geasault	AVAIL
plaurdiab	AVAIL
varnloa	AVAIL
breardlea	AVAIL
kaxeib	AVAIL
helora	TAKEN
skoando	AVAIL
maudeil	AVAIL
dronku	AVAIL
grendial	AVAIL
pleigai	AVAIL
freskiox	AVAIL
griddoa	AVAIL
spausteor	AVAIL
rkaipiald	AVAIL
craldmau	AVAIL
roldau	TAKEN
beanoank	AVAIL
flaumauta	AVAIL
moandob	AVAIL
sneafsoa	AVAIL
jiasktu	AVAIL
grartiak	AVAIL
meskesk	AVAIL
sniando	AVAIL
gurkuv	AVAIL
neankoa	AVAIL
vormou	AVAIL
cioststoa	AVAIL
groupug	TAKEN
deijil	AVAIL
clerkia	TAKEN
ndaglast	AVAIL
plaiskiza	AVAIL
slurtoarn	AVAIL
rtaustaul	AVAIL
ldosurn	AVAIL
roankpei	AVAIL
xasid	TAKEN
ndeiwol	AVAIL
maukbia	AVAIL
wiortu	AVAIL
sneifova	AVAIL
rdaukriz	AVAIL
deadxou	AVAIL
greasndo	AVAIL
maufeast	AVAIL
geacraist	AVAIL
haikbei	AVAIL
grera	TAKEN
miaskik	AVAIL
skiofiyx	AVAIL
flurdrdi	AVAIL
bauwask	AVAIL
rairdu	AVAIL
peigil	AVAIL
kaiplaust	AVAIL
wioxvou	AVAIL
krialdoak	AVAIL
keikoz	AVAIL
trevstou	AVAIL
kispend	AVAIL
kaldxei	AVAIL
peicold	AVAIL
proaknti	AVAIL
troupxou	AVAIL
flailur	AVAIL
pleakouva	AVAIL
geltou	AVAIL
plexauil	AVAIL
spiraist	AVAIL
croankmoa	AVAIL
skauperd	AVAIL
steanionk	AVAIL
goskoam	AVAIL
jiteiv	AVAIL
glentrtio	AVAIL
pluntoar	AVAIL
derdeg	TAKEN
fraurtfo	AVAIL
sliaxind	AVAIL
grainzoa	AVAIL
drousrda	AVAIL
flauxrnai	AVAIL
drasko	TAKEN
drauntbou	AVAIL
grealaiis	AVAIL
kernpea	AVAIL
weasix	AVAIL
nolaix	AVAIL
boudauv	AVAIL
cliapi	TAKEN
plinkaiel	AVAIL
noadik	AVAIL
jiasrdio	AVAIL
stigoak	AVAIL
pioprit	AVAIL
neirko	AVAIL
fiojoam	AVAIL
niafliag	AVAIL
skiagei	AVAIL
skunkdu	AVAIL
ltusunt	AVAIL
stroupoao	AVAIL
teibior	AVAIL
rairkairy	AVAIL
caumuos	AVAIL
nainer	TAKEN
podreilt	AVAIL
grialntou	AVAIL
prauzairk	AVAIL
kialtioix	AVAIL
zemaol	AVAIL
snaivuon	AVAIL
fintai	TAKEN
gloaldu	AVAIL
dountpia	AVAIL
puzur	TAKEN
gloaskuk	AVAIL
flaitskia	AVAIL
flegu	TAKEN
streanndo	AVAIL
rkiaclouf	AVAIL
rniogonk	AVAIL
spaultava	AVAIL
zaikav	AVAIL
gevai	TAKEN
feiki	TAKEN
frasnti	AVAIL
leiltou	AVAIL
straldauk	AVAIL
froarki	AVAIL
sleinmei	AVAIL
griko	TAKEN
steabeg	AVAIL
hounkgu	AVAIL
raupis	AVAIL
criazsea	AVAIL
gloupiast	AVAIL
neintount	AVAIL
treankfai	AVAIL
gloabaur	AVAIL
hurdast	AVAIL
vaugelt	AVAIL
skosaix	AVAIL
froaldoer	AVAIL
bopou	TAKEN
snoubauis	AVAIL
jirkpau	AVAIL
soamnkei	AVAIL
veistaust	AVAIL
lontia	TAKEN
ginteina	AVAIL
rnilein	AVAIL
raicraiv	AVAIL
froleld	AVAIL
brultent	AVAIL
friapnkau	AVAIL
fluldisk	AVAIL
snourdunk	AVAIL
ndialask	AVAIL
reisnoam	AVAIL
lekaior	AVAIL
glauvxio	AVAIL
kraktia	AVAIL
poaskltou	AVAIL
reira	TAKEN
lukeara	AVAIL
noalaunk	AVAIL
nducraix	AVAIL
jevfou	AVAIL
noafmoa	AVAIL
sepei	TAKEN
strauskai	AVAIL
zarksi	TAKEN
ldefeip	AVAIL
kraurnu	AVAIL
biastouk	AVAIL
skeakrosk	AVAIL
cealdeink	AVAIL
claifiol	AVAIL
proakeind	AVAIL
glirniov	AVAIL
gripbou	AVAIL
riardioen	AVAIL
tairiant	AVAIL
feapound	AVAIL
seifet	AVAIL
brupoul	AVAIL
drirteira	AVAIL
roantia	AVAIL
flitaunk	AVAIL
spiarka	AVAIL
sliaplia	AVAIL
zusoa	AVAIL
rkezant	AVAIL
hiondauix	AVAIL
roaldou	AVAIL
nainiord	AVAIL
jeker	TAKEN
skegiio	AVAIL
quiankpo	AVAIL
pleizau	AVAIL
sloaraip	AVAIL
niarnrdou	AVAIL
rkeben	AVAIL
roatsou	AVAIL
vukask	AVAIL
faitrand	AVAIL
paumaif	AVAIL
liopki	AVAIL
groarena	AVAIL
nionma	AVAIL
hepia	TAKEN
fiskoyx	AVAIL
sniloar	AVAIL
peilok	AVAIL
vordeg	TAKEN
draulria	AVAIL
stauvio	AVAIL
dreidan	AVAIL
lotraul	AVAIL
pourkrnu	AVAIL
fouldo	AVAIL
sousop	AVAIL
rtiaspiar	AVAIL
spartend	AVAIL
gloantiar	AVAIL
stornor	AVAIL
daiduk	AVAIL
taildin	AVAIL
zeseam	AVAIL
skudoarn	AVAIL
boglaun	AVAIL
sloaldai	AVAIL
froartrti	AVAIL
nefouma	AVAIL
leiva	TAKEN
skunaib	AVAIL
zalau	TAKEN
heaskou	AVAIL
zaska	TAKEN
froarnan	AVAIL
trionkrdo	AVAIL
zousian	AVAIL
brondrku	AVAIL
kaisourk	AVAIL
fiodrik	AVAIL
cioviost	AVAIL
skapzio	AVAIL
flaiza	TAKEN
miontia	AVAIL
gleldloa	AVAIL
zufea	TAKEN
clunkiaz	AVAIL
rkiojak	AVAIL
dreiruld	AVAIL
snagia	AVAIL
teikilt	AVAIL
leiseib	AVAIL
kadioz	TAKEN
keastub	AVAIL
poanu	AVAIL
rdiaspin	AVAIL
vebreag	AVAIL
lteitoap	AVAIL
ldaskiar	AVAIL
feibrount	AVAIL
quofo	TAKEN
preldu	AVAIL
founkiank	AVAIL
ndaubior	AVAIL
slibiax	AVAIL
ntoajiok	AVAIL
quoziar	AVAIL
rtibreif	AVAIL
kianoub	AVAIL
clouskiio	AVAIL
plifir	AVAIL
joastai	AVAIL
grearault	AVAIL
tiazoark	AVAIL
fuloaex	AVAIL
triapzio	AVAIL
gaigaim	AVAIL
drestea	AVAIL
goldird	AVAIL
proaskou	AVAIL
beiltuis	AVAIL
krestrkou	AVAIL
straprdai	AVAIL
riostei	AVAIL
miskioor	AVAIL
bearkian	AVAIL
priola	TAKEN
cleidioyx	AVAIL
grolog	TAKEN
jiarnoa	AVAIL
xioflior	AVAIL
kokei	TAKEN
keintiayx	AVAIL
giovoix	AVAIL
xuweird	AVAIL
zipaus	AVAIL
raxao	TAKEN
zaurtei	AVAIL
liapila	AVAIL
diardauor	AVAIL
sislaf	TAKEN
pleissa	AVAIL
gustaist	AVAIL
voaskgu	AVAIL
creldio	AVAIL
jageily	AVAIL
vostist	AVAIL
ntuwiok	AVAIL
droaldeat	AVAIL
skeaskald	AVAIL
mopea	TAKEN
siostres	AVAIL
jaltind	AVAIL
griortzei	AVAIL
spailtea	AVAIL
fronkoaza	AVAIL
cliabet	AVAIL
rnakeald	AVAIL
plaindio	AVAIL
laistud	AVAIL
boukirk	AVAIL
jernbi	AVAIL
kroartou	AVAIL
raufiand	AVAIL
spiomia	AVAIL
zoukoad	AVAIL
grougki	AVAIL
graugoor	AVAIL
flendoao	AVAIL
wiastio	AVAIL
lasnaind	AVAIL
wekaix	AVAIL
jaivoyx	AVAIL
nipold	AVAIL
plialen	AVAIL
dundea	TAKEN
losnault	AVAIL
rdakink	AVAIL
rornrti	AVAIL
crifeiv	AVAIL
cogei	TAKEN
piawut	AVAIL
nealtais	AVAIL
glimaux	AVAIL
dremxo	AVAIL
cagoa	TAKEN
candi	TAKEN
kruzmu	AVAIL
supoav	AVAIL
staixltai	AVAIL
grintldei	AVAIL
flourirk	AVAIL
krauntoul	AVAIL
deasa	TAKEN
tiraird	AVAIL
ltaiwist	AVAIL
fauhoud	AVAIL
seiproalt	AVAIL
nuldairn	AVAIL
streirkia	AVAIL
tiornnai	AVAIL
glotiaol	AVAIL
creirkeil	AVAIL
dreibfau	AVAIL
keartius	AVAIL
lufux	TAKEN
glournoan	AVAIL
gesaurd	AVAIL
gleriool	AVAIL
cugoix	AVAIL
rigriank	AVAIL
wipei	TAKEN
steistail	AVAIL
zufriort	AVAIL
criartko	AVAIL
baifin	TAKEN
goacleilt	AVAIL
monur	TAKEN
baunoant	AVAIL
riokrant	AVAIL
brialiar	AVAIL
jurdldi	AVAIL
rdarint	AVAIL
snernu	AVAIL
roapu	TAKEN
rteispauv	AVAIL
xoafleird	AVAIL
hutvi	AVAIL
remaist	AVAIL
paudrairn	AVAIL
kapiona	AVAIL
dezaild	AVAIL
teaxala	AVAIL
reacaund	AVAIL
clendery	AVAIL
weldpa	TAKEN
grouldai	AVAIL
glamant	TAKEN
hoantouv	AVAIL
glaveza	AVAIL
stosai	TAKEN
fotroud	AVAIL
ntiofleav	AVAIL
webdi	TAKEN
slankmi	AVAIL
skaildoor	AVAIL
fiarka	AVAIL
viktoa	AVAIL
fionaz	TAKEN
ploarneim	AVAIL
stabpa	AVAIL
vundltau	AVAIL
waseum	AVAIL
jouldoael	AVAIL
sedonk	AVAIL
spemou	AVAIL
rulairt	AVAIL
kreigpea	AVAIL
zaunkfio	AVAIL
floaseama	AVAIL
doalduon	AVAIL
gristou	AVAIL
bantaurn	AVAIL
paldut	AVAIL
kreadstia	AVAIL
rdaraup	AVAIL
ldikrais	AVAIL
weirdndi	AVAIL
kreaskaia	AVAIL
skeindaly	AVAIL
dritnou	AVAIL
stiostios	AVAIL
nivaium	AVAIL
lordia	TAKEN
draidstou	AVAIL
kiopzu	AVAIL
jeistuld	AVAIL
cestrnai	AVAIL
houggau	AVAIL
flarnun	AVAIL
gexri	TAKEN
heildina	AVAIL
skoquoar	AVAIL
ndionaif	AVAIL
glubior	AVAIL
pairdnu	AVAIL
sloustisk	AVAIL
gaundoma	AVAIL
griotaink	AVAIL
saurdana	AVAIL
skiogrkau	AVAIL
daisperd	AVAIL
flibio	TAKEN
postreid	AVAIL
rtebeal	AVAIL
zeigena	AVAIL
spukealt	AVAIL
sepaus	AVAIL
rnistiork	AVAIL
saskourd	AVAIL
zavoa	TAKEN
kresfea	AVAIL
cligltia	AVAIL
steabeax	AVAIL
failtfio	AVAIL
flouldouk	AVAIL
strulti	AVAIL
ceskaum	AVAIL
ntatuz	AVAIL
ltougof	AVAIL
tiotop	AVAIL
funteal	AVAIL
skaquov	AVAIL
zordno	AVAIL
neinnku	AVAIL
gesrno	AVAIL
traindoar	AVAIL
plundrtau	AVAIL
fleisnkei	AVAIL
hauliva	TAKEN
stolea	AVAIL
ntuskant	AVAIL
cleimil	AVAIL
flisrdau	AVAIL
jukour	AVAIL
ntoapird	AVAIL
plailsoa	AVAIL
creiroa	AVAIL
cloaldtou	AVAIL
tiaskik	AVAIL
lioxsi	AVAIL
saudoza	AVAIL
gremtau	AVAIL
plilteaas	AVAIL
teifear	AVAIL
joufaix	AVAIL
joavdau	AVAIL
dreixaly	AVAIL
nourtauol	AVAIL
voabltei	AVAIL
jivfi	AVAIL
vufbio	AVAIL
joskkau	AVAIL
penkoar	AVAIL
xeasis	AVAIL
weandeark	AVAIL
greaxaien	AVAIL
gloaxlia	AVAIL
pragskai	AVAIL
trauxgau	AVAIL
cenaan	AVAIL
stitria	AVAIL
trebzi	AVAIL
hotrou	AVAIL
fahoald	AVAIL
drileata	AVAIL
ciasoal	AVAIL
veagrionk	AVAIL
krugoza	AVAIL
grairtfia	AVAIL
kiaslil	AVAIL
rodeol	TAKEN
drapaiyx	AVAIL
glandiala	AVAIL
bribaim	AVAIL
toamaip	AVAIL
pearkrnea	AVAIL
diaraik	AVAIL
ndiwain	AVAIL
floumntei	AVAIL
caurdnkoa	AVAIL
ziovoos	AVAIL
ndauzaik	AVAIL
xeclol	AVAIL
wailauz	AVAIL
stirkauk	AVAIL
zaildoud	AVAIL
spoxea	AVAIL
ntiroaz	AVAIL
tenkery	AVAIL
straipoab	AVAIL
moartli	AVAIL
priatio	AVAIL
praistaip	AVAIL
briltzu	AVAIL
reamrtoa	AVAIL
cleildaiv	AVAIL
viakroarn	AVAIL
proumuv	AVAIL
peirdou	AVAIL
criarto	AVAIL
fiarnlda	AVAIL
mineaf	AVAIL
stouplil	AVAIL
skioxiard	AVAIL
strelaua	TAKEN
braidoa	AVAIL
triavink	AVAIL
ferkio	TAKEN
proaskai	AVAIL
gaunkio	AVAIL
plebma	AVAIL
wauro	TAKEN
cloasai	AVAIL
gertnu	AVAIL
giorka	AVAIL
jailtoma	AVAIL
pleidru	AVAIL
dedour	AVAIL
skiardia	AVAIL
frioxoaex	AVAIL
fleintuel	AVAIL
peapiat	AVAIL
latio	TAKEN
gliastrtu	AVAIL
souxurk	AVAIL
stefren	AVAIL
midrip	TAKEN
zordoava	AVAIL
flaignia	AVAIL
lteprirk	AVAIL
crovldi	AVAIL
slexai	AVAIL
vespirt	AVAIL
griavias	AVAIL
skimoava	AVAIL
gokrolt	AVAIL
stiomea	AVAIL
mournax	AVAIL
stoudiask	AVAIL
craurdo	AVAIL
brepbau	AVAIL
boaftia	AVAIL
pliantio	AVAIL
peirka	AVAIL
meirla	AVAIL
terka	TAKEN
treagio	AVAIL
liondeard	AVAIL
jouxiar	AVAIL
stiolail	AVAIL
semof	TAKEN
kurdio	TAKEN
zealeil	AVAIL
prioterk	AVAIL
vaudab	AVAIL
kionunk	AVAIL
xiasiar	AVAIL
croarka	AVAIL
snurksa	AVAIL
skipauk	AVAIL
peildai	AVAIL
sagoag	AVAIL
beirdo	TAKEN
rdifrert	AVAIL
criboas	AVAIL
miatairk	AVAIL
frirkau	AVAIL
broupoala	AVAIL
krairti	AVAIL
frogki	AVAIL
viafpo	AVAIL
gleabvau	AVAIL
krifzea	AVAIL
tozat	TAKEN
sliagouer	AVAIL
riomrdo	AVAIL
slipeind	AVAIL
praigaurk	AVAIL
fruskait	AVAIL
nefeast	TAKEN
rkaiveask	AVAIL
triorir	AVAIL
reiprnoa	AVAIL
slegioer	AVAIL
zaurnmo	AVAIL
depei	TAKEN
grairkioa	AVAIL
stiastat	AVAIL
tepli	TAKEN
leskios	AVAIL
froltlu	AVAIL
craurtiyx	AVAIL
friarndau	AVAIL
speisouyx	AVAIL
slildba	AVAIL
loufmi	AVAIL
deivaisk	AVAIL
greamealt	AVAIL
proartelt	AVAIL
claikaium	AVAIL
groati	TAKEN
floartia	AVAIL
taumvea	AVAIL
breipfia	AVAIL
ltaquaub	AVAIL
snaistil	AVAIL
trinoa	TAKEN
nantia	TAKEN
snoakxoa	AVAIL
semeiv	AVAIL
nareik	TAKEN
strogool	AVAIL
craxrku	AVAIL
bindoar	AVAIL
brasask	AVAIL
skapler	AVAIL
zorota	TAKEN
reinrdea	AVAIL
slionttia	AVAIL
prirdoo	AVAIL
diastrar	AVAIL
quesska	AVAIL
cinein	TAKEN
pacrionk	AVAIL
fevltoa	AVAIL
sniozuon	AVAIL
grinai	TAKEN
maintounk	AVAIL
nouzeas	AVAIL
skafoap	AVAIL
voukaux	AVAIL
fliornark	AVAIL
slaugoa	AVAIL
niomeink	AVAIL
stoufa	AVAIL
pukousk	AVAIL
xeclaust	AVAIL
greifauly	AVAIL
quauvak	AVAIL
praunttu	AVAIL
xiostoug	AVAIL
jemoara	AVAIL
quourneif	AVAIL
veacreird	AVAIL
clioltau	AVAIL
kaimam	TAKEN
rnoateink	AVAIL
spankauen	AVAIL
sniozkia	AVAIL
peafas	AVAIL
krurkealy	AVAIL
jiakova	AVAIL
vildaink	AVAIL
stoubio	AVAIL
kraugei	AVAIL
traustrki	AVAIL
skiarpau	AVAIL
greildma	AVAIL
fiankiam	AVAIL
gerkau	TAKEN
revof	TAKEN
rnougoar	AVAIL
krautola	AVAIL
creiziv	AVAIL
lipaar	AVAIL
faikrarn	AVAIL
girkau	TAKEN
pliotald	AVAIL
zortaan	AVAIL
meintai	AVAIL
grendauta	AVAIL
dunen	TAKEN
ntuquaird	AVAIL
skeanti	AVAIL
proneix	AVAIL
flampi	TAKEN
briafaias	AVAIL
zenia	TAKEN
streitdau	AVAIL
kregau	AVAIL
wiatead	AVAIL
freifeg	AVAIL
teanauv	AVAIL
kriomauz	AVAIL
cliateik	AVAIL
medou	TAKEN
taukoag	AVAIL
zurndo	AVAIL
daumi	TAKEN
gluntoun	AVAIL
kaunoav	AVAIL
reniant	AVAIL
tiardio	AVAIL
greatsoa	AVAIL
clustiaen	AVAIL
goasta	TAKEN
juskeon	AVAIL
fauxaist	AVAIL
hiartto	AVAIL
proturd	AVAIL
juznkia	AVAIL
biaxrdo	AVAIL
priadi	TAKEN
kunkei	AVAIL
zetdu	AVAIL
baskiod	AVAIL
voarnan	AVAIL
hearnli	AVAIL
brezul	AVAIL
piasti	TAKEN
weameind	AVAIL
lteafrid	AVAIL
clearkeap	AVAIL
faijust	AVAIL
spezeaen	AVAIL
claupeios	AVAIL
kauloub	AVAIL
beisliant	AVAIL
joskio	AVAIL
snilu	TAKEN
zausaust	AVAIL
draipni	AVAIL
spairtir	AVAIL
straini	TAKEN
hobai	TAKEN
sleindou	AVAIL
floru	TAKEN
cilta	TAKEN
mirtauos	AVAIL
daibaif	AVAIL
grobeark	AVAIL
snoanvi	AVAIL
ltiatild	AVAIL
cundmai	AVAIL
grausio	AVAIL
deifloug	AVAIL
rdaizeag	AVAIL
skisteama	AVAIL
kioltioil	AVAIL
ciltgi	AVAIL
snopoa	AVAIL
zistmo	AVAIL
haurdoux	AVAIL
roarnaist	AVAIL
ritiova	AVAIL
kistiry	AVAIL
robiand	AVAIL
stihist	AVAIL
kikaum	AVAIL
sisou	TAKEN
neraul	AVAIL
giazoum	AVAIL
ploufai	AVAIL
dousairk	AVAIL
nkeabug	AVAIL
kicest	TAKEN
gaipresk	AVAIL
rdestourd	AVAIL
druvauel	AVAIL
sliapso	AVAIL
leviont	AVAIL
snartou	AVAIL
spiodau	AVAIL
skordei	AVAIL
spoagail	AVAIL
drafltou	AVAIL
skaniava	AVAIL
ploubob	AVAIL
vioclair	TAKEN
prountik	AVAIL
glaukelt	AVAIL
nkauviob	AVAIL
rtoafrauk	AVAIL
groarskia	AVAIL
paubaul	AVAIL
steigoa	AVAIL
surtena	AVAIL
ndibreirk	AVAIL
criandoag	AVAIL
fusol	TAKEN
soundaza	AVAIL
greazrno	AVAIL
turkort	AVAIL
vealiond	AVAIL
taxoa	TAKEN
dreatoa	AVAIL
floarkond	AVAIL
vauntoarn	AVAIL
treinkea	AVAIL
gastot	AVAIL
stoudia	AVAIL
staultlia	AVAIL
rdebraust	AVAIL
nouzaunt	AVAIL
terktou	AVAIL
krioroara	AVAIL
snoukrnau	AVAIL
staidreir	AVAIL
fruntio	AVAIL
skoukok	AVAIL
satard	AVAIL
ntoahaim	AVAIL
speasould	AVAIL
trairkei	AVAIL
deastait	AVAIL
somndei	AVAIL
seizuz	AVAIL
strovba	AVAIL
dimiand	AVAIL
fenouor	AVAIL
streindi	AVAIL
geafert	AVAIL
stiriost	AVAIL
vianib	AVAIL
jiontei	AVAIL
seardaiis	AVAIL
drerdou	AVAIL
stodea	AVAIL
frioroex	AVAIL
strindsia	AVAIL
bandtoa	AVAIL
siocream	AVAIL
kresto	TAKEN
zeaweant	AVAIL
drasiel	AVAIL
vairnio	AVAIL
zeirkau	AVAIL
ltiobert	AVAIL
glaukist	AVAIL
prukai	AVAIL
beartou	AVAIL
graurndia	AVAIL
jiorkiab	AVAIL
pausteium	AVAIL
zupeld	AVAIL
dafau	TAKEN
skeazi	AVAIL
stostound	AVAIL
spegi	TAKEN
raifily	AVAIL
ldezeid	AVAIL
jenkpau	AVAIL
woapouk	AVAIL
grodug	AVAIL
tultei	AVAIL
peirkstou	AVAIL
proamank	AVAIL
bunkein	AVAIL
glopa	TAKEN
weltorn	AVAIL
taldiaas	AVAIL
coultiel	AVAIL
frearmio	AVAIL
mairtot	AVAIL
krearkia	AVAIL
fisnaur	AVAIL
clouktia	AVAIL
greandaex	AVAIL
daitula	AVAIL
neigled	AVAIL
treamef	AVAIL
plemiaz	AVAIL
motriox	TAKEN
skeastea	AVAIL
hodeisk	AVAIL
frorkouos	AVAIL
steildfia	AVAIL
niobaist	AVAIL
bafeit	TAKEN
haindoayx	AVAIL
zaundoarn	AVAIL
rdocrauf	AVAIL
skizoa	AVAIL
soankeaz	AVAIL
trozei	AVAIL
humnta	AVAIL
glinkeail	AVAIL
heiskrkio	AVAIL
habib	TAKEN
caundata	AVAIL
frina	TAKEN
cluval	TAKEN
craurnen	AVAIL
covrnai	AVAIL
ltuquort	AVAIL
wousoaf	AVAIL
cleidei	AVAIL
movib	TAKEN
nteijauk	AVAIL
baldeaa	AVAIL
neaklai	AVAIL
laprau	AVAIL
priovauma	AVAIL
naunaly	AVAIL
seirkirt	AVAIL
skoufiald	AVAIL
froandu	AVAIL
deasniold	AVAIL
vistldai	AVAIL
sloskxa	AVAIL
prupia	AVAIL
sejeild	AVAIL
stiopeail	AVAIL
brentuar	AVAIL
seaknki	AVAIL
droafia	AVAIL
kostaust	AVAIL
moaxeas	AVAIL
wealdiank	AVAIL
jaultau	AVAIL
briofin	TAKEN
deispert	AVAIL
prankeib	AVAIL
zurneax	AVAIL
nertrko	AVAIL
woaxpo	AVAIL
pubroard	AVAIL
derltai	AVAIL
lioslaik	AVAIL
turto	TAKEN
zeirdntu	AVAIL
liobrkou	AVAIL
staureiv	AVAIL
biordoug	AVAIL
baiskiara	AVAIL
gautiza	AVAIL
craigu	TAKEN
cearkeel	AVAIL
hauzmo	AVAIL
hiaseta	AVAIL
tajairt	AVAIL
zarti	TAKEN
snuskoama	AVAIL
ntiacleaz	AVAIL
cliamio	TAKEN
pioliad	AVAIL
trexund	AVAIL
sloukmia	AVAIL
skarkort	AVAIL
tartunk	AVAIL
cloaltroa	AVAIL
slauvaiex	AVAIL
houvib	AVAIL
sunksou	AVAIL
