hungary	TAKEN
usefulness	TAKEN
slugging	TAKEN
humor	TAKEN
extradited	TAKEN
wade	TAKEN
remained	TAKEN
wishes	TAKEN
dogged	TAKEN
coffins	TAKEN
realise	TAKEN
crossword	TAKEN
myrtle	TAKEN
interact	TAKEN
sentences	TAKEN
laughing	TAKEN
dimensional	TAKEN
terminus	TAKEN
bummer	TAKEN
praetorians	TAKEN
carolling	TAKEN
announce	TAKEN
paste	TAKEN
feeders	TAKEN
jasper	TAKEN
banshee	TAKEN
plainly	TAKEN
abducted	TAKEN
porter	TAKEN
captain	TAKEN
margaritas	TAKEN
dill	TAKEN
generator	TAKEN
twat	TAKEN
hear	TAKEN
greater	TAKEN
hibernating	TAKEN
unlocked	TAKEN
yogurt	TAKEN
strict	TAKEN
dimwit	TAKEN
cheater	TAKEN
bawling	TAKEN
accordance	TAKEN
completing	TAKEN
screeching	TAKEN
genome	TAKEN
crucifix	TAKEN
tricked	TAKEN
beams	TAKEN
assures	TAKEN
date	TAKEN
whopping	TAKEN
favorite	TAKEN
immaculate	TAKEN
vegetable	TAKEN
booty	TAKEN
sung	TAKEN
detente	TAKEN
poppycock	TAKEN
slapping	TAKEN
octopus	TAKEN
vista	TAKEN
printers	TAKEN
chirpy	TAKEN
theologian	TAKEN
fertility	TAKEN
hiked	TAKEN
discovering	TAKEN
burdened	TAKEN
blowjob	TAKEN
bree	TAKEN
inlaid	TAKEN
documents	TAKEN
coaches	TAKEN
duel	TAKEN
swank	TAKEN
prompting	TAKEN
undone	TAKEN
towel	TAKEN
piqued	TAKEN
spotty	TAKEN
curling	TAKEN
americas	TAKEN
referred	TAKEN
cuddly	TAKEN
dreary	TAKEN
scheme	TAKEN
athletes	TAKEN
blessing	TAKEN
mesquite	TAKEN
washroom	TAKEN
crackers	TAKEN
tushie	TAKEN
buttering	TAKEN
variables	TAKEN
studies	TAKEN
fantastic	TAKEN
husks	TAKEN
chess	TAKEN
shark	TAKEN
repeating	TAKEN
climb	TAKEN
list	TAKEN
fornication	TAKEN
fluffy	TAKEN
revels	TAKEN
dearly	TAKEN
pledge	TAKEN
social	TAKEN
diddly	TAKEN
positions	TAKEN
sacrifice	TAKEN
olden	TAKEN
bludgeoned	TAKEN
elevate	TAKEN
curvaceous	TAKEN
risks	TAKEN
accessing	TAKEN
databases	TAKEN
plateau	TAKEN
forming	TAKEN
croquet	TAKEN
croissants	TAKEN
crows	TAKEN
crap	TAKEN
lounge	TAKEN
workman	TAKEN
bathed	TAKEN
scuff	TAKEN
incoming	TAKEN
australia	TAKEN
swamp	TAKEN
recover	TAKEN
withers	TAKEN
hearted	TAKEN
boathouse	TAKEN
pollen	TAKEN
flunking	TAKEN
aircraft	TAKEN
conducts	TAKEN
pappy	TAKEN
ballpoint	TAKEN
luring	TAKEN
kaput	TAKEN
swiping	TAKEN
forger	TAKEN
poly	TAKEN
delight	TAKEN
rammed	TAKEN
scorned	TAKEN
strenuously	TAKEN
meth	TAKEN
doubts	TAKEN
glimmer	TAKEN
wash	TAKEN
cockpit	TAKEN
furious	TAKEN
dolly	TAKEN
confront	TAKEN
nightstick	TAKEN
baked	TAKEN
april	TAKEN
upshot	TAKEN
scsi	TAKEN
handsomest	TAKEN
dressing	TAKEN
requested	TAKEN
ninety	TAKEN
scales	TAKEN
coverup	TAKEN
omen	TAKEN
whom	TAKEN
sails	TAKEN
nifty	TAKEN
lavished	TAKEN
disappeared	TAKEN
grande	TAKEN
kinds	TAKEN
rage	TAKEN
practicing	TAKEN
savoring	TAKEN
discomfort	TAKEN
shrivel	TAKEN
younger	TAKEN
rescues	TAKEN
political	TAKEN
adding	TAKEN
delve	TAKEN
consumption	TAKEN
drilled	TAKEN
puppy	TAKEN
batch	TAKEN
codicil	TAKEN
grossing	TAKEN
chickenpox	TAKEN
tamper	TAKEN
interior	TAKEN
robin	TAKEN
minimalist	TAKEN
aliens	TAKEN
rumour	TAKEN
grudges	TAKEN
blast	TAKEN
dictation	TAKEN
liquid	TAKEN
bratwurst	TAKEN
fate	TAKEN
trophy	TAKEN
workstation	TAKEN
piling	TAKEN
picks	TAKEN
sucked	TAKEN
drawers	TAKEN
eyeing	TAKEN
clairvoyant	TAKEN
placebos	TAKEN
inscription	TAKEN
eject	TAKEN
pulmonary	TAKEN
deterrent	TAKEN
citysearch	TAKEN
dollhouse	TAKEN
lilac	TAKEN
anchoring	TAKEN
mutt	TAKEN
hectic	TAKEN
comedy	TAKEN
horde	TAKEN
mission	TAKEN
cabinets	TAKEN
comforts	TAKEN
bedbugs	TAKEN
sixpence	TAKEN
lunchroom	TAKEN
stalking	TAKEN
crosses	TAKEN
dosed	TAKEN
trashed	TAKEN
pokey	TAKEN
latvia	TAKEN
apprentice	TAKEN
womanly	TAKEN
prunes	TAKEN
mastered	TAKEN
violet	TAKEN
progression	TAKEN
seamless	TAKEN
humane	TAKEN
vodka	TAKEN
lofty	TAKEN
ailing	TAKEN
disapproval	TAKEN
vivacious	TAKEN
keen	TAKEN
thorn	TAKEN
oriental	TAKEN
discredit	TAKEN
destroy	TAKEN
configured	TAKEN
soundly	TAKEN
volunteered	TAKEN
kidnapping	TAKEN
gratitude	TAKEN
viagra	TAKEN
posted	TAKEN
launder	TAKEN
crowned	TAKEN
distorted	TAKEN
advised	TAKEN
tripe	TAKEN
snorted	TAKEN
scariest	TAKEN
involve	TAKEN
disprove	TAKEN
muzzle	TAKEN
steven	TAKEN
ensign	TAKEN
estate	TAKEN
suggested	TAKEN
surfed	TAKEN
leery	TAKEN
trays	TAKEN
critical	TAKEN
grander	TAKEN
slayer	TAKEN
tempest	TAKEN
urgency	TAKEN
rewarded	TAKEN
breach	TAKEN
directory	TAKEN
grown	TAKEN
amazed	TAKEN
remedies	TAKEN
sprinkles	TAKEN
methodology	TAKEN
visit	TAKEN
smokey	TAKEN
chuck	TAKEN
latte	TAKEN
extorted	TAKEN
mittens	TAKEN
mousey	TAKEN
convincing	TAKEN
collector	TAKEN
whites	TAKEN
savored	TAKEN
tarmac	TAKEN
choker	TAKEN
upscale	TAKEN
woods	TAKEN
tensions	TAKEN
tipsy	TAKEN
chessboard	TAKEN
mangy	TAKEN
decker	TAKEN
pony	TAKEN
cocksucker	TAKEN
squarely	TAKEN
whimsy	TAKEN
quirks	TAKEN
tutors	TAKEN
tamales	TAKEN
almond	TAKEN
kidneys	TAKEN
paced	TAKEN
anon	TAKEN
ragging	TAKEN
chevy	TAKEN
accredited	TAKEN
riders	TAKEN
indulgence	TAKEN
dismissing	TAKEN
trash	TAKEN
nutrition	TAKEN
chompers	TAKEN
struggle	TAKEN
tendon	TAKEN
renewing	TAKEN
carved	TAKEN
advertises	TAKEN
funny	TAKEN
month	TAKEN
communique	TAKEN
smash	TAKEN
seep	TAKEN
downloaded	TAKEN
asparagus	TAKEN
defrost	TAKEN
keyboards	TAKEN
signal	TAKEN
shelled	TAKEN
lapel	TAKEN
glamorous	TAKEN
flamer	TAKEN
family	TAKEN
push	TAKEN
unnerved	TAKEN
floor	TAKEN
bones	TAKEN
outfits	TAKEN
burgers	TAKEN
meaningless	TAKEN
officially	TAKEN
spreadsheet	TAKEN
protest	TAKEN
builder	TAKEN
yang	TAKEN
mend	TAKEN
bare	TAKEN
chico	TAKEN
antiquing	TAKEN
johns	TAKEN
connector	TAKEN
putty	TAKEN
considers	TAKEN
recruited	TAKEN
ownership	TAKEN
decoy	TAKEN
aargh	TAKEN
tidying	TAKEN
toothache	TAKEN
backdrop	TAKEN
chum	TAKEN
detached	TAKEN
harem	TAKEN
flute	TAKEN
hunch	TAKEN
complained	TAKEN
account	TAKEN
three	TAKEN
crust	TAKEN
dents	TAKEN
sixties	TAKEN
felonies	TAKEN
pubic	TAKEN
vending	TAKEN
grubbing	TAKEN
hoarding	TAKEN
unsigned	TAKEN
elevated	TAKEN
automated	TAKEN
bracelets	TAKEN
noodle	TAKEN
membranes	TAKEN
padded	TAKEN
stang	TAKEN
splendidly	TAKEN
dared	TAKEN
depriving	TAKEN
clips	TAKEN
effects	TAKEN
nominating	TAKEN
butted	TAKEN
delhi	TAKEN
ship	TAKEN
stationed	TAKEN
diaphragms	TAKEN
derailing	TAKEN
forfeit	TAKEN
republican	TAKEN
worsened	TAKEN
scots	TAKEN
winery	TAKEN
flush	TAKEN
majored	TAKEN
laser	TAKEN
bullion	TAKEN
alleging	TAKEN
tantrum	TAKEN
commencing	TAKEN
merits	TAKEN
stomach	TAKEN
dutch	TAKEN
webmaster	TAKEN
alterations	TAKEN
waiver	TAKEN
distract	TAKEN
determined	TAKEN
ugliest	TAKEN
nome	TAKEN
cognac	TAKEN
sudan	TAKEN
syringe	TAKEN
erotic	TAKEN
fourth	TAKEN
reflected	TAKEN
felonious	TAKEN
pfft	TAKEN
subjective	TAKEN
carrot	TAKEN
lumbar	TAKEN
chasing	TAKEN
coordinates	TAKEN
undying	TAKEN
parton	TAKEN
stops	TAKEN
millionaire	TAKEN
lech	TAKEN
thought	TAKEN
summit	TAKEN
confide	TAKEN
cuneiform	TAKEN
granted	TAKEN
scooped	TAKEN
hereditary	TAKEN
discounted	TAKEN
sidekick	TAKEN
shouting	TAKEN
equivalent	TAKEN
shipyard	TAKEN
sweaters	TAKEN
brains	TAKEN
coughs	TAKEN
translating	TAKEN
troubadour	TAKEN
swiss	TAKEN
sober	TAKEN
submission	TAKEN
assuring	TAKEN
costly	TAKEN
performs	TAKEN
folder	TAKEN
tobago	TAKEN
wears	TAKEN
glenn	TAKEN
gamecube	TAKEN
canape	TAKEN
entice	TAKEN
brandies	TAKEN
defy	TAKEN
runner	TAKEN
directors	TAKEN
picking	TAKEN
squat	TAKEN
without	TAKEN
majority	TAKEN
belted	TAKEN
surprising	TAKEN
weights	TAKEN
leering	TAKEN
monday	TAKEN
dust	TAKEN
export	TAKEN
outsourcing	TAKEN
fearsome	TAKEN
tradeoff	TAKEN
aisle	TAKEN
extenuating	TAKEN
timers	TAKEN
askew	TAKEN
insulting	TAKEN
duality	TAKEN
steer	TAKEN
apology	TAKEN
offline	TAKEN
bombs	TAKEN
portraits	TAKEN
credence	TAKEN
dissuade	TAKEN
label	TAKEN
named	TAKEN
snoop	TAKEN
gotta	TAKEN
royalty	TAKEN
hunted	TAKEN
wharves	TAKEN
shay	TAKEN
cornflakes	TAKEN
honeymoons	TAKEN
pleasantly	TAKEN
treason	TAKEN
piddling	TAKEN
bris	TAKEN
backhand	TAKEN
frequency	TAKEN
auctioning	TAKEN
install	TAKEN
starve	TAKEN
mustangs	TAKEN
eerie	TAKEN
predict	TAKEN
ambitious	TAKEN
raccoons	TAKEN
captivated	TAKEN
brainwash	TAKEN
thehun	TAKEN
outbid	TAKEN
admirably	TAKEN
depressed	TAKEN
lovebirds	TAKEN
cramming	TAKEN
lobby	TAKEN
princess	TAKEN
nonviolent	TAKEN
lumpectomy	TAKEN
lacked	TAKEN
debrief	TAKEN
stutter	TAKEN
paperboy	TAKEN
judgment	TAKEN
volleyball	TAKEN
disrupting	TAKEN
totaled	TAKEN
strangest	TAKEN
antacid	TAKEN
okeydokey	TAKEN
threatening	TAKEN
partners	TAKEN
temperament	TAKEN
semblance	TAKEN
paws	TAKEN
ember	TAKEN
celled	TAKEN
parish	TAKEN
unbearable	TAKEN
gong	TAKEN
managers	TAKEN
peanut	TAKEN
housing	TAKEN
bailiffs	TAKEN
referencing	TAKEN
claw	TAKEN
uglies	TAKEN
broody	TAKEN
foolproof	TAKEN
watermelon	TAKEN
concrete	TAKEN
impromptu	TAKEN
tides	TAKEN
detour	TAKEN
measuring	TAKEN
headway	TAKEN
critic	TAKEN
thankfully	TAKEN
apocalypse	TAKEN
flayed	TAKEN
supporter	TAKEN
sideways	TAKEN
reassurance	TAKEN
pressuring	TAKEN
tulip	TAKEN
solemn	TAKEN
ringer	TAKEN
surviving	TAKEN
bombing	TAKEN
lash	TAKEN
telekinetic	TAKEN
coincide	TAKEN
easel	TAKEN
alleviate	TAKEN
markers	TAKEN
felons	TAKEN
transcripts	TAKEN
mondo	TAKEN
hiking	TAKEN
sons	TAKEN
motel	TAKEN
sounds	TAKEN
diffs	TAKEN
firewater	TAKEN
yikes	TAKEN
beavers	TAKEN
portuguese	TAKEN
chastity	TAKEN
coitus	TAKEN
simple	TAKEN
extend	TAKEN
converse	TAKEN
stole	TAKEN
comm	TAKEN
patron	TAKEN
disposable	TAKEN
upstaged	TAKEN
routed	TAKEN
stockbroker	TAKEN
french	TAKEN
toms	TAKEN
should	TAKEN
lookout	TAKEN
oncology	TAKEN
foregone	TAKEN
copacetic	TAKEN
carlin	TAKEN
obscured	TAKEN
slack	TAKEN
larval	TAKEN
dewy	TAKEN
worded	TAKEN
repertoire	TAKEN
shells	TAKEN
withdrawals	TAKEN
absurd	TAKEN
farce	TAKEN
longest	TAKEN
wops	TAKEN
jellybean	TAKEN
hummed	TAKEN
kneed	TAKEN
sleuth	TAKEN
locally	TAKEN
timer	TAKEN
gnomes	TAKEN
hoopla	TAKEN
snifter	TAKEN
returning	TAKEN
dallying	TAKEN
regurgitate	TAKEN
pornography	TAKEN
composition	TAKEN
breadth	TAKEN
romances	TAKEN
motif	TAKEN
livecam	TAKEN
grass	TAKEN
schooling	TAKEN
cooperate	TAKEN
drugging	TAKEN
values	TAKEN
knobs	TAKEN
herniated	TAKEN
supply	TAKEN
sofas	TAKEN
dispatcher	TAKEN
grandson	TAKEN
beeps	TAKEN
santa	TAKEN
maddening	TAKEN
carries	TAKEN
wrist	TAKEN
acoustic	TAKEN
render	TAKEN
moth	TAKEN
skewered	TAKEN
factoid	TAKEN
publishers	TAKEN
admin	TAKEN
malicious	TAKEN
blowtorch	TAKEN
cassette	TAKEN
pricked	TAKEN
hassling	TAKEN
dozed	TAKEN
contribute	TAKEN
blower	TAKEN
criminals	TAKEN
rebels	TAKEN
privilege	TAKEN
tourist	TAKEN
crooked	TAKEN
ourselves	TAKEN
purging	TAKEN
hemolytic	TAKEN
forsaking	TAKEN
theres	TAKEN
vials	TAKEN
colonial	TAKEN
jewelry	TAKEN
delegates	TAKEN
postal	TAKEN
edict	TAKEN
displayed	TAKEN
schmo	TAKEN
stonewalled	TAKEN
reshoots	TAKEN
piddles	TAKEN
luis	TAKEN
fantasize	TAKEN
nuke	TAKEN
yearnings	TAKEN
resolve	TAKEN
bins	TAKEN
skipper	TAKEN
tuition	TAKEN
taylor	TAKEN
dives	TAKEN
dozen	TAKEN
proportions	TAKEN
spatial	TAKEN
convinces	TAKEN
altercation	TAKEN
environment	TAKEN
unfair	TAKEN
mistletoe	TAKEN
patience	TAKEN
priorities	TAKEN
loneliest	TAKEN
zeroes	TAKEN
petal	TAKEN
argued	TAKEN
mullet	TAKEN
avenger	TAKEN
zander	TAKEN
compiler	TAKEN
dialogue	TAKEN
sensitivity	TAKEN
unmitigated	TAKEN
spasms	TAKEN
blondes	TAKEN
impound	TAKEN
dobbin	TAKEN
canines	TAKEN
flavor	TAKEN
perth	TAKEN
pope	TAKEN
jonathan	TAKEN
nicely	TAKEN
veil	TAKEN
subversive	TAKEN
garish	TAKEN
spineless	TAKEN
guidance	TAKEN
showed	TAKEN
drifter	TAKEN
innocuous	TAKEN
wisdom	TAKEN
safeguard	TAKEN
london	TAKEN
winners	TAKEN
conjugal	TAKEN
sailing	TAKEN
mina	TAKEN
doom	TAKEN
considered	TAKEN
avoidance	TAKEN
synagogue	TAKEN
hallo	TAKEN
barn	TAKEN
tenacious	TAKEN
herds	TAKEN
cease	TAKEN
decorate	TAKEN
yell	TAKEN
corrupt	TAKEN
folds	TAKEN
wireless	TAKEN
discoveries	TAKEN
curacao	TAKEN
indirect	TAKEN
donuts	TAKEN
subdued	TAKEN
fixer	TAKEN
consolation	TAKEN
fifteenth	TAKEN
conjure	TAKEN
voiced	TAKEN
anvil	TAKEN
handsome	TAKEN
heighten	TAKEN
negligible	TAKEN
rock	TAKEN
recite	TAKEN
naps	TAKEN
eternal	TAKEN
columnists	TAKEN
boyhood	TAKEN
creepers	TAKEN
rumours	TAKEN
dato	TAKEN
flogging	TAKEN
elliott	TAKEN
transform	TAKEN
bracing	TAKEN
jeep	TAKEN
quilts	TAKEN
savings	TAKEN
hugs	TAKEN
stalkers	TAKEN
genetic	TAKEN
cancels	TAKEN
dissolved	TAKEN
gagging	TAKEN
miscarriage	TAKEN
frostbite	TAKEN
spew	TAKEN
suburb	TAKEN
junkies	TAKEN
democrat	TAKEN
colour	TAKEN
perjure	TAKEN
mortifying	TAKEN
houses	TAKEN
operate	TAKEN
circulate	TAKEN
present	TAKEN
listing	TAKEN
fuel	TAKEN
ruining	TAKEN
unions	TAKEN
industrious	TAKEN
tasteful	TAKEN
consent	TAKEN
shareholder	TAKEN
personalize	TAKEN
lucrative	TAKEN
mole	TAKEN
sprinklers	TAKEN
practiced	TAKEN
scoured	TAKEN
latest	TAKEN
civil	TAKEN
lied	TAKEN
witnesses	TAKEN
beta	TAKEN
tryouts	TAKEN
unplugged	TAKEN
aspen	TAKEN
inferno	TAKEN
national	TAKEN
dimpled	TAKEN
piled	TAKEN
convert	TAKEN
norm	TAKEN
barbaric	TAKEN
baiting	TAKEN
animosity	TAKEN
tantrums	TAKEN
shareware	TAKEN
escape	TAKEN
diuretics	TAKEN
wrecked	TAKEN
summers	TAKEN
comatose	TAKEN
ludicrous	TAKEN
iguanas	TAKEN
lining	TAKEN
bottomed	TAKEN
stabilize	TAKEN
childlike	TAKEN
inmates	TAKEN
stalks	TAKEN
rail	TAKEN
person	TAKEN
redeem	TAKEN
deke	TAKEN
silly	TAKEN
thrones	TAKEN
infamy	TAKEN
hardship	TAKEN
twisted	TAKEN
heartbeats	TAKEN
uninvolved	TAKEN
bathe	TAKEN
tremble	TAKEN
estates	TAKEN
dugout	TAKEN
arch	TAKEN
graveyards	TAKEN
florin	TAKEN
utensils	TAKEN
soldier	TAKEN
prelim	TAKEN
ryan	TAKEN
reapers	TAKEN
hygienic	TAKEN
clubs	TAKEN
diffuse	TAKEN
endearing	TAKEN
gibraltar	TAKEN
sweat	TAKEN
fiber	TAKEN
lands	TAKEN
academic	TAKEN
frightens	TAKEN
wedding	TAKEN
forensic	TAKEN
motions	TAKEN
flags	TAKEN
disrupts	TAKEN
compliant	TAKEN
viewers	TAKEN
aroused	TAKEN
freedman	TAKEN
downtrodden	TAKEN
wigs	TAKEN
clench	TAKEN
caffeine	TAKEN
riddance	TAKEN
grader	TAKEN
assignment	TAKEN
auditions	TAKEN
dunk	TAKEN
turndown	TAKEN
cayman	TAKEN
arrival	TAKEN
affects	TAKEN
slipped	TAKEN
escaping	TAKEN
moly	TAKEN
ironing	TAKEN
drumstick	TAKEN
hellfire	TAKEN
emptying	TAKEN
bended	TAKEN
queers	TAKEN
gums	TAKEN
monarchy	TAKEN
lackluster	TAKEN
spared	TAKEN
attached	TAKEN
parents	TAKEN
hierarchy	TAKEN
crucible	TAKEN
mugs	TAKEN
cocoa	TAKEN
appealed	TAKEN
reconciling	TAKEN
melted	TAKEN
design	TAKEN
batting	TAKEN
celibacy	TAKEN
tapas	TAKEN
passes	TAKEN
billboard	TAKEN
shedding	TAKEN
noggin	TAKEN
banister	TAKEN
fall	TAKEN
teeming	TAKEN
unleaded	TAKEN
cocked	TAKEN
resulted	TAKEN
antsy	TAKEN
rapist	TAKEN
lifetime	TAKEN
partisan	TAKEN
rhythm	TAKEN
tummy	TAKEN
canberra	TAKEN
leopards	TAKEN
cutthroat	TAKEN
wildest	TAKEN
murders	TAKEN
needs	TAKEN
licks	TAKEN
heaped	TAKEN
keyboard	TAKEN
impart	TAKEN
holier	TAKEN
england	TAKEN
potentially	TAKEN
liabilities	TAKEN
longevity	TAKEN
biker	TAKEN
calculated	TAKEN
gayness	TAKEN
standards	TAKEN
reminding	TAKEN
functioning	TAKEN
freezing	TAKEN
hydraulics	TAKEN
adipex	TAKEN
toying	TAKEN
hearsay	TAKEN
faith	TAKEN
vampires	TAKEN
apache	TAKEN
flattery	TAKEN
officers	TAKEN
soaked	TAKEN
tucker	TAKEN
prioritize	TAKEN
carrier	TAKEN
johnston	TAKEN
wines	TAKEN
ornery	TAKEN
missis	TAKEN
plotted	TAKEN
meadows	TAKEN
conquers	TAKEN
drumming	TAKEN
senator	TAKEN
pipeline	TAKEN
weapon	TAKEN
affidavit	TAKEN
spoiler	TAKEN
speculation	TAKEN
taxis	TAKEN
unaffected	TAKEN
demerits	TAKEN
geared	TAKEN
nitty	TAKEN
timing	TAKEN
grill	TAKEN
gnaw	TAKEN
breathes	TAKEN
seizing	TAKEN
traipsing	TAKEN
ride	TAKEN
greatest	TAKEN
curran	TAKEN
plucking	TAKEN
pizzas	TAKEN
distributed	TAKEN
floundering	TAKEN
vegas	TAKEN
joked	TAKEN
geneticist	TAKEN
prototype	TAKEN
signifies	TAKEN
coexist	TAKEN
undress	TAKEN
farted	TAKEN
vincent	TAKEN
graduation	TAKEN
guardians	TAKEN
teed	TAKEN
text	TAKEN
swallowing	TAKEN
bryant	TAKEN
tachycardia	TAKEN
elections	TAKEN
embarked	TAKEN
nominee	TAKEN
satire	TAKEN
regulatory	TAKEN
brooding	TAKEN
worshipped	TAKEN
nebula	TAKEN
service	TAKEN
current	TAKEN
fundraiser	TAKEN
trapper	TAKEN
bordeaux	TAKEN
addressing	TAKEN
imposter	TAKEN
hiring	TAKEN
originals	TAKEN
tagged	TAKEN
rushed	TAKEN
revenge	TAKEN
diabetic	TAKEN
peeping	TAKEN
surplus	TAKEN
proof	TAKEN
react	TAKEN
explorer	TAKEN
flyers	TAKEN
print	TAKEN
infiltrate	TAKEN
nuisance	TAKEN
intimidate	TAKEN
swirly	TAKEN
broomstick	TAKEN
wealth	TAKEN
israeli	TAKEN
deported	TAKEN
eggs	TAKEN
figuring	TAKEN
goiter	TAKEN
funds	TAKEN
nominal	TAKEN
spacecraft	TAKEN
contained	TAKEN
cutie	TAKEN
handcuffs	TAKEN
smog	TAKEN
pond	TAKEN
cloth	TAKEN
drawn	TAKEN
kelly	TAKEN
feeds	TAKEN
upstart	TAKEN
compliments	TAKEN
nodded	TAKEN
infects	TAKEN
serge	TAKEN
ladder	TAKEN
delinquent	TAKEN
gaining	TAKEN
nipper	TAKEN
leon	TAKEN
skid	TAKEN
levelheaded	TAKEN
libs	TAKEN
infatuated	TAKEN
checking	TAKEN
miracle	TAKEN
prof	TAKEN
lines	TAKEN
pocketful	TAKEN
stemmed	TAKEN
supportive	TAKEN
preserve	TAKEN
nipping	TAKEN
abroad	TAKEN
equity	TAKEN
lollipop	TAKEN
kitties	TAKEN
buddies	TAKEN
disconnect	TAKEN
shifts	TAKEN
cutting	TAKEN
stroller	TAKEN
platelets	TAKEN
vivid	TAKEN
slipping	TAKEN
bologna	TAKEN
sans	TAKEN
insolence	TAKEN
eloquently	TAKEN
stunted	TAKEN
rapes	TAKEN
weaning	TAKEN
verily	TAKEN
extricate	TAKEN
stumble	TAKEN
neighboring	TAKEN
bestseller	TAKEN
discharged	TAKEN
overlap	TAKEN
lighter	TAKEN
deployment	TAKEN
stethoscope	TAKEN
flapping	TAKEN
shrunken	TAKEN
downfall	TAKEN
testy	TAKEN
gems	TAKEN
outbreak	TAKEN
immobilize	TAKEN
thinners	TAKEN
staged	TAKEN
teaches	TAKEN
tightens	TAKEN
trickery	TAKEN
gammy	TAKEN
media	TAKEN
handjob	TAKEN
plasma	TAKEN
exquisitely	TAKEN
addition	TAKEN
tidy	TAKEN
difficulty	TAKEN
morris	TAKEN
infected	TAKEN
monkey	TAKEN
athens	TAKEN
year	TAKEN
spackle	TAKEN
quantity	TAKEN
falling	TAKEN
scorching	TAKEN
subpoenas	TAKEN
mainland	TAKEN
rotate	TAKEN
shore	TAKEN
defenses	TAKEN
appealing	TAKEN
admits	TAKEN
swears	TAKEN
evaluate	TAKEN
champagne	TAKEN
momentary	TAKEN
aphrodisiac	TAKEN
rounds	TAKEN
refute	TAKEN
beanbag	TAKEN
numbered	TAKEN
alberta	TAKEN
entertainer	TAKEN
morales	TAKEN
mosquito	TAKEN
detonate	TAKEN
amateurs	TAKEN
storage	TAKEN
exists	TAKEN
bilingual	TAKEN
sonogram	TAKEN
cokes	TAKEN
silliest	TAKEN
kris	TAKEN
sleaze	TAKEN
coconut	TAKEN
upbringing	TAKEN
adored	TAKEN
harbour	TAKEN
hangover	TAKEN
burying	TAKEN
painting	TAKEN
hath	TAKEN
haiti	TAKEN
stock	TAKEN
ranger	TAKEN
consoles	TAKEN
sauce	TAKEN
format	TAKEN
javascript	TAKEN
bunion	TAKEN
arkansas	TAKEN
everybody	TAKEN
intolerable	TAKEN
emotional	TAKEN
bailing	TAKEN
terrestrial	TAKEN
hostility	TAKEN
dominates	TAKEN
drags	TAKEN
curious	TAKEN
baffles	TAKEN
shoplifters	TAKEN
claymores	TAKEN
dears	TAKEN
gangway	TAKEN
genuinely	TAKEN
clicks	TAKEN
gentlemanly	TAKEN
ratting	TAKEN
horn	TAKEN
higher	TAKEN
smirking	TAKEN
voip	TAKEN
tale	TAKEN
deliberate	TAKEN
strike	TAKEN
intention	TAKEN
battered	TAKEN
peroxide	TAKEN
grin	TAKEN
origami	TAKEN
surpassed	TAKEN
harassed	TAKEN
asia	TAKEN
heroic	TAKEN
worthless	TAKEN
postpartum	TAKEN
clothesline	TAKEN
specialty	TAKEN
enormously	TAKEN
collection	TAKEN
recap	TAKEN
erode	TAKEN
audiotape	TAKEN
shoe	TAKEN
carcass	TAKEN
stocky	TAKEN
trident	TAKEN
playgrounds	TAKEN
smell	TAKEN
cloud	TAKEN
disobeyed	TAKEN
appointing	TAKEN
espionage	TAKEN
feelers	TAKEN
erica	TAKEN
cordon	TAKEN
escorted	TAKEN
seppuku	TAKEN
balm	TAKEN
dense	TAKEN
thrill	TAKEN
gage	TAKEN
sexcam	TAKEN
optimism	TAKEN
stepped	TAKEN
persuasive	TAKEN
takin	TAKEN
prompter	TAKEN
consume	TAKEN
mantis	TAKEN
herd	TAKEN
randomly	TAKEN
persists	TAKEN
hood	TAKEN
chartered	TAKEN
geezer	TAKEN
gourd	TAKEN
nation	TAKEN
squeaks	TAKEN
beamed	TAKEN
confess	TAKEN
smelling	TAKEN
obliged	TAKEN
baggies	TAKEN
holding	TAKEN
hugo	TAKEN
snorting	TAKEN
expulsion	TAKEN
goofing	TAKEN
crime	TAKEN
lira	TAKEN
godsend	TAKEN
incidents	TAKEN
immediate	TAKEN
streak	TAKEN
earring	TAKEN
doubled	TAKEN
poison	TAKEN
payload	TAKEN
shifted	TAKEN
emperors	TAKEN
maneuvers	TAKEN
crafty	TAKEN
wronged	TAKEN
insipid	TAKEN
stripe	TAKEN
tidbits	TAKEN
anxiety	TAKEN
routine	TAKEN
someway	TAKEN
godly	TAKEN
pawnshop	TAKEN
rebecca	TAKEN
meditating	TAKEN
searched	TAKEN
cold	TAKEN
cordoned	TAKEN
crock	TAKEN
thermometer	TAKEN
petrified	TAKEN
briefcase	TAKEN
robes	TAKEN
saloon	TAKEN
ablaze	TAKEN
ralph	TAKEN
meaningful	TAKEN
glamour	TAKEN
begins	TAKEN
sends	TAKEN
fits	TAKEN
ecological	TAKEN
pedophile	TAKEN
anthem	TAKEN
ties	TAKEN
prominent	TAKEN
vicar	TAKEN
book	TAKEN
kegs	TAKEN
tomahawk	TAKEN
along	TAKEN
items	TAKEN
fritters	TAKEN
another	TAKEN
wildcats	TAKEN
salinas	TAKEN
deposited	TAKEN
firing	TAKEN
raining	TAKEN
conner	TAKEN
decline	TAKEN
prohibits	TAKEN
stigmata	TAKEN
predicament	TAKEN
wrecker	TAKEN
keeping	TAKEN
talking	TAKEN
emphasized	TAKEN
weed	TAKEN
affiliate	TAKEN
ascii	TAKEN
plankton	TAKEN
geneva	TAKEN
squeaky	TAKEN
hastened	TAKEN
gloat	TAKEN
brothel	TAKEN
shaving	TAKEN
pleasant	TAKEN
circus	TAKEN
coordinator	TAKEN
closure	TAKEN
listener	TAKEN
adviser	TAKEN
zinfandel	TAKEN
maiming	TAKEN
cozying	TAKEN
slink	TAKEN
tomfoolery	TAKEN
blackouts	TAKEN
suffer	TAKEN
synaptic	TAKEN
organised	TAKEN
residents	TAKEN
especially	TAKEN
alarmist	TAKEN
suffocating	TAKEN
espresso	TAKEN
injections	TAKEN
washcloth	TAKEN
provenance	TAKEN
nerds	TAKEN
oaths	TAKEN
verse	TAKEN
freshman	TAKEN
channeled	TAKEN
babble	TAKEN
brooch	TAKEN
promotional	TAKEN
tone	TAKEN
pirate	TAKEN
logger	TAKEN
periodic	TAKEN
eaters	TAKEN
pesticides	TAKEN
gasses	TAKEN
tippy	TAKEN
fella	TAKEN
communion	TAKEN
remorse	TAKEN
neat	TAKEN
nineties	TAKEN
herring	TAKEN
omaha	TAKEN
teaspoon	TAKEN
antidote	TAKEN
manuscripts	TAKEN
rare	TAKEN
typing	TAKEN
inclusive	TAKEN
unfit	TAKEN
religions	TAKEN
boggling	TAKEN
poacher	TAKEN
receiver	TAKEN
celebs	TAKEN
complaint	TAKEN
aggravation	TAKEN
thoughtful	TAKEN
cursor	TAKEN
unsuitable	TAKEN
limiting	TAKEN
unlock	TAKEN
aplastic	TAKEN
soapbox	TAKEN
question	TAKEN
santos	TAKEN
presence	TAKEN
sappy	TAKEN
delusional	TAKEN
humanly	TAKEN
unwitting	TAKEN
truckload	TAKEN
encourage	TAKEN
margins	TAKEN
strategize	TAKEN
piranhas	TAKEN
hails	TAKEN
lawful	TAKEN
embraced	TAKEN
digger	TAKEN
thrown	TAKEN
clamp	TAKEN
deployed	TAKEN
pays	TAKEN
teleport	TAKEN
sardines	TAKEN
slopes	TAKEN
admissions	TAKEN
prix	TAKEN
permission	TAKEN
synergy	TAKEN
albert	TAKEN
assuredly	TAKEN
sketching	TAKEN
sunken	TAKEN
flailing	TAKEN
tramp	TAKEN
incident	TAKEN
seaman	TAKEN
productions	TAKEN
shapely	TAKEN
dimensions	TAKEN
penniless	TAKEN
sued	TAKEN
sets	TAKEN
oars	TAKEN
luge	TAKEN
mart	TAKEN
hefty	TAKEN
indigestion	TAKEN
chain	TAKEN
whispers	TAKEN
parted	TAKEN
recreated	TAKEN
kidnap	TAKEN
otherwise	TAKEN
stay	TAKEN
independent	TAKEN
bumbling	TAKEN
bungalows	TAKEN
revived	TAKEN
superstar	TAKEN
unmarked	TAKEN
brighton	TAKEN
lapdog	TAKEN
cornfield	TAKEN
mysql	TAKEN
chatty	TAKEN
parasite	TAKEN
cylinders	TAKEN
elders	TAKEN
with	TAKEN
sicced	TAKEN
loitering	TAKEN
policeman	TAKEN
loch	TAKEN
step	TAKEN
unsettling	TAKEN
cuddy	TAKEN
hire	TAKEN
wail	TAKEN
perpetrate	TAKEN
sequestered	TAKEN
crocodiles	TAKEN
barriers	TAKEN
cuddled	TAKEN
seventies	TAKEN
manuals	TAKEN
soften	TAKEN
radioed	TAKEN
desperately	TAKEN
instruments	TAKEN
amoral	TAKEN
fioricet	TAKEN
spun	TAKEN
omitted	TAKEN
jumble	TAKEN
socialize	TAKEN
consenting	TAKEN
overflow	TAKEN
proceed	TAKEN
ridge	TAKEN
features	TAKEN
torpedoes	TAKEN
selecting	TAKEN
matrix	TAKEN
compute	TAKEN
desirable	TAKEN
treasurer	TAKEN
lying	TAKEN
immense	TAKEN
channels	TAKEN
widely	TAKEN
pale	TAKEN
cannot	TAKEN
aspirin	TAKEN
blunders	TAKEN
inception	TAKEN
strongbox	TAKEN
penalize	TAKEN
leaflets	TAKEN
shopper	TAKEN
limitation	TAKEN
spray	TAKEN
guava	TAKEN
baptists	TAKEN
lake	TAKEN
admonition	TAKEN
partnership	TAKEN
sweatshirt	TAKEN
mandatory	TAKEN
gremlin	TAKEN
medusa	TAKEN
fonts	TAKEN
horseradish	TAKEN
absurdity	TAKEN
parody	TAKEN
slurping	TAKEN
glen	TAKEN
handicapped	TAKEN
reshoot	TAKEN
munchkins	TAKEN
disposal	TAKEN
quadrant	TAKEN
knickers	TAKEN
motley	TAKEN
drives	TAKEN
overanxious	TAKEN
emma	TAKEN
extremely	TAKEN
hundreds	TAKEN
irrevocably	TAKEN
teammate	TAKEN
helen	TAKEN
trailers	TAKEN
wooing	TAKEN
minneapolis	TAKEN
campaigns	TAKEN
spareribs	TAKEN
rhode	TAKEN
creates	TAKEN
squealed	TAKEN
ransom	TAKEN
crowding	TAKEN
pound	TAKEN
institute	TAKEN
pussies	TAKEN
negotiator	TAKEN
barking	TAKEN
shoelaces	TAKEN
fines	TAKEN
ozone	TAKEN
parts	TAKEN
hooligan	TAKEN
dismantling	TAKEN
plumber	TAKEN
tammy	TAKEN
greatness	TAKEN
minnow	TAKEN
autopsies	TAKEN
agenda	TAKEN
recapture	TAKEN
finite	TAKEN
seized	TAKEN
harmony	TAKEN
sleeping	TAKEN
tribunal	TAKEN
poofy	TAKEN
rank	TAKEN
trucks	TAKEN
cumshot	TAKEN
sedatives	TAKEN
pitied	TAKEN
governments	TAKEN
carefully	TAKEN
shipments	TAKEN
podium	TAKEN
elks	TAKEN
progressing	TAKEN
dictated	TAKEN
cling	TAKEN
wedgies	TAKEN
lair	TAKEN
window	TAKEN
lizard	TAKEN
slither	TAKEN
scores	TAKEN
dark	TAKEN
refurbished	TAKEN
reigns	TAKEN
saki	TAKEN
elsewhere	TAKEN
nonprofit	TAKEN
artist	TAKEN
torpedo	TAKEN
vamp	TAKEN
switch	TAKEN
deadlock	TAKEN
airplane	TAKEN
dancers	TAKEN
persecuted	TAKEN
terrorists	TAKEN
scrapes	TAKEN
pitch	TAKEN
frayed	TAKEN
pooling	TAKEN
frantic	TAKEN
testified	TAKEN
blossomed	TAKEN
trance	TAKEN
dignity	TAKEN
round	TAKEN
firecracker	TAKEN
scottish	TAKEN
holland	TAKEN
dangerously	TAKEN
unveil	TAKEN
cabs	TAKEN
kazakhstan	TAKEN
spar	TAKEN
fingering	TAKEN
highlighted	TAKEN
musketeers	TAKEN
sunspots	TAKEN
basics	TAKEN
fugitive	TAKEN
firelight	TAKEN
fudge	TAKEN
unwieldy	TAKEN
fundraisers	TAKEN
unified	TAKEN
delving	TAKEN
drunkard	TAKEN
mishandled	TAKEN
refer	TAKEN
hilt	TAKEN
twos	TAKEN
condemning	TAKEN
daylight	TAKEN
repair	TAKEN
resolutions	TAKEN
jailbird	TAKEN
snazzy	TAKEN
snowmen	TAKEN
underlying	TAKEN
humour	TAKEN
nonexistent	TAKEN
foxes	TAKEN
pompous	TAKEN
rink	TAKEN
limbs	TAKEN
writers	TAKEN
choosers	TAKEN
burbs	TAKEN
palmer	TAKEN
freer	TAKEN
snatchers	TAKEN
column	TAKEN
doorway	TAKEN
ills	TAKEN
halifax	TAKEN
seattle	TAKEN
zits	TAKEN
trotting	TAKEN
pointy	TAKEN
catwalk	TAKEN
development	TAKEN
instilled	TAKEN
enriching	TAKEN
labyrinth	TAKEN
homeowners	TAKEN
horrors	TAKEN
nowadays	TAKEN
senseless	TAKEN
ogres	TAKEN
trot	TAKEN
potion	TAKEN
initiated	TAKEN
ovarian	TAKEN
receptor	TAKEN
anarchy	TAKEN
snowed	TAKEN
scent	TAKEN
curtain	TAKEN
restraint	TAKEN
abetted	TAKEN
amazingly	TAKEN
tanker	TAKEN
slugger	TAKEN
gecko	TAKEN
hunt	TAKEN
lungs	TAKEN
occurs	TAKEN
mauritius	TAKEN
contraction	TAKEN
rabies	TAKEN
bonds	TAKEN
divas	TAKEN
scumbag	TAKEN
chicago	TAKEN
newsletters	TAKEN
postcard	TAKEN
acrobat	TAKEN
pictured	TAKEN
swells	TAKEN
finagle	TAKEN
digging	TAKEN
ester	TAKEN
overpower	TAKEN
lure	TAKEN
sashimi	TAKEN
physicists	TAKEN
tomorrow	TAKEN
mommy	TAKEN
announces	TAKEN
hankering	TAKEN
outset	TAKEN
whitey	TAKEN
rejections	TAKEN
positively	TAKEN
sling	TAKEN
spiral	TAKEN
gravest	TAKEN
bachelor	TAKEN
bubbly	TAKEN
dweeb	TAKEN
methods	TAKEN
shyness	TAKEN
shadow	TAKEN
toro	TAKEN
lend	TAKEN
boogie	TAKEN
julia	TAKEN
toga	TAKEN
syndicated	TAKEN
academics	TAKEN
expectation	TAKEN
checks	TAKEN
waters	TAKEN
auras	TAKEN
fingers	TAKEN
menus	TAKEN
resemblance	TAKEN
problematic	TAKEN
scat	TAKEN
tutoring	TAKEN
exotic	TAKEN
blackout	TAKEN
devices	TAKEN
dentist	TAKEN
careful	TAKEN
locking	TAKEN
strut	TAKEN
charade	TAKEN
scrolls	TAKEN
shafted	TAKEN
addicts	TAKEN
dusky	TAKEN
inspire	TAKEN
isolated	TAKEN
syllable	TAKEN
larvae	TAKEN
murdered	TAKEN
pampering	TAKEN
delicates	TAKEN
raspberry	TAKEN
bath	TAKEN
discretion	TAKEN
further	TAKEN
breeze	TAKEN
killjoy	TAKEN
variance	TAKEN
worms	TAKEN
wealthy	TAKEN
patriarch	TAKEN
worldwide	TAKEN
selections	TAKEN
labelled	TAKEN
chicken	TAKEN
performer	TAKEN
dignify	TAKEN
pasties	TAKEN
steam	TAKEN
profound	TAKEN
chaff	TAKEN
pusher	TAKEN
sneaked	TAKEN
generate	TAKEN
votes	TAKEN
beverage	TAKEN
marker	TAKEN
proactive	TAKEN
devel	TAKEN
correct	TAKEN
calculus	TAKEN
staring	TAKEN
fussy	TAKEN
algorithms	TAKEN
blindfolded	TAKEN
although	TAKEN
flats	TAKEN
physics	TAKEN
antisocial	TAKEN
sentenced	TAKEN
bullet	TAKEN
obliterate	TAKEN
prolong	TAKEN
connections	TAKEN
seduction	TAKEN
threat	TAKEN
dilly	TAKEN
moments	TAKEN
crutch	TAKEN
swill	TAKEN
earning	TAKEN
sustaining	TAKEN
slovak	TAKEN
reiterate	TAKEN
creative	TAKEN
schooner	TAKEN
hudson	TAKEN
eliminated	TAKEN
wasps	TAKEN
boar	TAKEN
meaty	TAKEN
hedging	TAKEN
cures	TAKEN
ritter	TAKEN
allowing	TAKEN
newcomer	TAKEN
reversed	TAKEN
relatives	TAKEN
reseda	TAKEN
anemic	TAKEN
week	TAKEN
religiously	TAKEN
veterans	TAKEN
isbn	TAKEN
bondsman	TAKEN
babe	TAKEN
impulsively	TAKEN
pipes	TAKEN
eminently	TAKEN
heartbeat	TAKEN
promptly	TAKEN
voices	TAKEN
beer	TAKEN
ahem	TAKEN
hatter	TAKEN
perish	TAKEN
lamps	TAKEN
dolphins	TAKEN
mountaineer	TAKEN
grub	TAKEN
blues	TAKEN
pour	TAKEN
resurfaced	TAKEN
rags	TAKEN
elephants	TAKEN
photogenic	TAKEN
thigh	TAKEN
delusion	TAKEN
misread	TAKEN
sector	TAKEN
maimed	TAKEN
misinformed	TAKEN
puncture	TAKEN
trusted	TAKEN
melancholy	TAKEN
gobble	TAKEN
psychology	TAKEN
entertain	TAKEN
cutlass	TAKEN
mens	TAKEN
purchases	TAKEN
timpani	TAKEN
spice	TAKEN
presto	TAKEN
storing	TAKEN
suction	TAKEN
birthplace	TAKEN
liberties	TAKEN
morons	TAKEN
functions	TAKEN
dread	TAKEN
excursion	TAKEN
nominated	TAKEN
families	TAKEN
profoundly	TAKEN
trial	TAKEN
ephemeral	TAKEN
menacing	TAKEN
alternator	TAKEN
compared	TAKEN
sinister	TAKEN
incensed	TAKEN
rodents	TAKEN
fuzzy	TAKEN
edible	TAKEN
nicole	TAKEN
drill	TAKEN
lice	TAKEN
targets	TAKEN
redone	TAKEN
moat	TAKEN
weird	TAKEN
citywide	TAKEN
phenomena	TAKEN
woman	TAKEN
deciding	TAKEN
troubled	TAKEN
ipecac	TAKEN
designs	TAKEN
sabotage	TAKEN
gratuit	TAKEN
sharpened	TAKEN
godson	TAKEN
liquidated	TAKEN
eights	TAKEN
innocent	TAKEN
schiller	TAKEN
gowns	TAKEN
chlamydia	TAKEN
unspeakably	TAKEN
brakes	TAKEN
irrational	TAKEN
accusers	TAKEN
composure	TAKEN
candid	TAKEN
been	TAKEN
inspiring	TAKEN
renege	TAKEN
gassed	TAKEN
sweeper	TAKEN
rioting	TAKEN
busybody	TAKEN
needed	TAKEN
deadbeats	TAKEN
realtors	TAKEN
cater	TAKEN
webs	TAKEN
niger	TAKEN
barks	TAKEN
teamwork	TAKEN
milfhunter	TAKEN
chutes	TAKEN
reptiles	TAKEN
homebody	TAKEN
sectors	TAKEN
tariff	TAKEN
answer	TAKEN
shrew	TAKEN
jilted	TAKEN
mayonnaise	TAKEN
drowsy	TAKEN
shell	TAKEN
festive	TAKEN
taste	TAKEN
chic	TAKEN
jefe	TAKEN
bipolar	TAKEN
triggered	TAKEN
reign	TAKEN
foyer	TAKEN
irritable	TAKEN
jpeg	TAKEN
asleep	TAKEN
farming	TAKEN
clutter	TAKEN
gracious	TAKEN
windshield	TAKEN
pentium	TAKEN
moisture	TAKEN
deceased	TAKEN
cheesy	TAKEN
lieu	TAKEN
businesses	TAKEN
steve	TAKEN
reload	TAKEN
pitches	TAKEN
dispensary	TAKEN
addresses	TAKEN
likelihood	TAKEN
altering	TAKEN
idiocy	TAKEN
horsing	TAKEN
rattlesnake	TAKEN
duet	TAKEN
graded	TAKEN
cared	TAKEN
based	TAKEN
varied	TAKEN
appendage	TAKEN
roomie	TAKEN
clauses	TAKEN
calzones	TAKEN
hives	TAKEN
invade	TAKEN
shaman	TAKEN
wrung	TAKEN
potsie	TAKEN
whole	TAKEN
molest	TAKEN
clowns	TAKEN
optimist	TAKEN
muddy	TAKEN
scenery	TAKEN
boss	TAKEN
polish	TAKEN
companies	TAKEN
buddy	TAKEN
needing	TAKEN
tipped	TAKEN
rising	TAKEN
norman	TAKEN
insects	TAKEN
obsessive	TAKEN
applause	TAKEN
westward	TAKEN
manpower	TAKEN
gall	TAKEN
alias	TAKEN
hoagie	TAKEN
sixth	TAKEN
taxicab	TAKEN
smothering	TAKEN
financed	TAKEN
slammer	TAKEN
delinquency	TAKEN
webshots	TAKEN
airmen	TAKEN
midget	TAKEN
concluding	TAKEN
mariachi	TAKEN
affirm	TAKEN
blackjack	TAKEN
jargon	TAKEN
machete	TAKEN
empire	TAKEN
consisting	TAKEN
raring	TAKEN
performance	TAKEN
burping	TAKEN
hugging	TAKEN
daffy	TAKEN
regret	TAKEN
pinheads	TAKEN
ruined	TAKEN
library	TAKEN
motivated	TAKEN
aides	TAKEN
hitching	TAKEN
emptied	TAKEN
elbows	TAKEN
rethink	TAKEN
claimed	TAKEN
paddles	TAKEN
perpetual	TAKEN
lies	TAKEN
slot	TAKEN
plugin	TAKEN
springfield	TAKEN
defuse	TAKEN
honduras	TAKEN
fetched	TAKEN
busted	TAKEN
lupus	TAKEN
frightful	TAKEN
twinkle	TAKEN
mescaline	TAKEN
insidious	TAKEN
cornerstone	TAKEN
produces	TAKEN
satin	TAKEN
invent	TAKEN
hundredth	TAKEN
elitist	TAKEN
manatees	TAKEN
porterhouse	TAKEN
township	TAKEN
called	TAKEN
ubiquitous	TAKEN
scum	TAKEN
titanium	TAKEN
bonkers	TAKEN
errands	TAKEN
persecute	TAKEN
hobbling	TAKEN
vying	TAKEN
ceremonies	TAKEN
murray	TAKEN
forge	TAKEN
outrank	TAKEN
trigger	TAKEN
speedo	TAKEN
compadre	TAKEN
ensure	TAKEN
pecs	TAKEN
tracy	TAKEN
villain	TAKEN
shoveling	TAKEN
filling	TAKEN
births	TAKEN
canceled	TAKEN
barricade	TAKEN
softest	TAKEN
catheter	TAKEN
mozilla	TAKEN
sniffling	TAKEN
sedate	TAKEN
bulimic	TAKEN
relative	TAKEN
compelled	TAKEN
walt	TAKEN
statutory	TAKEN
robinson	TAKEN
smoke	TAKEN
absence	TAKEN
explicitly	TAKEN
accelerant	TAKEN
germ	TAKEN
concludes	TAKEN
pentagon	TAKEN
bartender	TAKEN
dirtiest	TAKEN
fulfilling	TAKEN
missing	TAKEN
freezer	TAKEN
sleet	TAKEN
hillside	TAKEN
soiree	TAKEN
kane	TAKEN
spic	TAKEN
mucous	TAKEN
sell	TAKEN
shadowing	TAKEN
sony	TAKEN
sanded	TAKEN
vatican	TAKEN
commercials	TAKEN
impressions	TAKEN
boot	TAKEN
apnic	TAKEN
spoke	TAKEN
surgeries	TAKEN
irritating	TAKEN
ability	TAKEN
degrees	TAKEN
hayseed	TAKEN
embittered	TAKEN
ticking	TAKEN
iraq	TAKEN
amorous	TAKEN
trinity	TAKEN
bruising	TAKEN
passageways	TAKEN
headlining	TAKEN
condolences	TAKEN
expelling	TAKEN
erases	TAKEN
hippest	TAKEN
corona	TAKEN
alan	TAKEN
spotlight	TAKEN
argentine	TAKEN
coliseum	TAKEN
rundown	TAKEN
dipstick	TAKEN
uninspired	TAKEN
lordship	TAKEN
lighthouse	TAKEN
earl	TAKEN
iceman	TAKEN
elixir	TAKEN
matzah	TAKEN
congrats	TAKEN
english	TAKEN
coursing	TAKEN
outright	TAKEN
beatles	TAKEN
sensation	TAKEN
skulls	TAKEN
cadillac	TAKEN
moscow	TAKEN
hurricanes	TAKEN
shot	TAKEN
cartons	TAKEN
menopause	TAKEN
generosity	TAKEN
carney	TAKEN
pressing	TAKEN
discovered	TAKEN
personable	TAKEN
clot	TAKEN
radiant	TAKEN
journals	TAKEN
gangbang	TAKEN
bargaining	TAKEN
projector	TAKEN
ukraine	TAKEN
necromancer	TAKEN
engagement	TAKEN
bask	TAKEN
paychecks	TAKEN
immaturity	TAKEN
hires	TAKEN
artsy	TAKEN
tofu	TAKEN
cinnabar	TAKEN
seafood	TAKEN
finland	TAKEN
dreamer	TAKEN
java	TAKEN
retractable	TAKEN
excessively	TAKEN
immobile	TAKEN
deserting	TAKEN
cusp	TAKEN
anomalies	TAKEN
clarke	TAKEN
beards	TAKEN
canada	TAKEN
shrug	TAKEN
fasten	TAKEN
giddyup	TAKEN
dries	TAKEN
males	TAKEN
delicious	TAKEN
inquisitor	TAKEN
shortstop	TAKEN
plait	TAKEN
pediatric	TAKEN
shingle	TAKEN
divine	TAKEN
connoisseur	TAKEN
racking	TAKEN
illogical	TAKEN
redirect	TAKEN
sprained	TAKEN
blackmailed	TAKEN
noticed	TAKEN
bulbs	TAKEN
penicillin	TAKEN
succumbed	TAKEN
barbarian	TAKEN
thief	TAKEN
fellas	TAKEN
goodies	TAKEN
bearer	TAKEN
yourself	TAKEN
brock	TAKEN
waterfall	TAKEN
kruger	TAKEN
salvage	TAKEN
censured	TAKEN
urine	TAKEN
outnumbered	TAKEN
providers	TAKEN
rolled	TAKEN
tracer	TAKEN
immediately	TAKEN
twas	TAKEN
effacing	TAKEN
issn	TAKEN
unnatural	TAKEN
cherries	TAKEN
loon	TAKEN
repeatedly	TAKEN
receivers	TAKEN
sculptures	TAKEN
connecticut	TAKEN
lawrence	TAKEN
bracelet	TAKEN
dumped	TAKEN
frat	TAKEN
ought	TAKEN
meager	TAKEN
winston	TAKEN
endorsement	TAKEN
bumble	TAKEN
master	TAKEN
mediocre	TAKEN
stud	TAKEN
embrace	TAKEN
cyborg	TAKEN
integrate	TAKEN
splatter	TAKEN
heresy	TAKEN
spooking	TAKEN
adamant	TAKEN
coroner	TAKEN
decision	TAKEN
infantry	TAKEN
deep	TAKEN
plaster	TAKEN
sniper	TAKEN
yeller	TAKEN
marveling	TAKEN
masseur	TAKEN
coffees	TAKEN
hypocrite	TAKEN
scag	TAKEN
station	TAKEN
intending	TAKEN
glazed	TAKEN
fractured	TAKEN
jesuits	TAKEN
connection	TAKEN
airtight	TAKEN
featuring	TAKEN
reinstate	TAKEN
hebrew	TAKEN
credenza	TAKEN
sadly	TAKEN
duress	TAKEN
http	TAKEN
fine	TAKEN
detected	TAKEN
combo	TAKEN
burrows	TAKEN
advances	TAKEN
mess	TAKEN
petrol	TAKEN
consented	TAKEN
landing	TAKEN
cnet	TAKEN
yammer	TAKEN
iceland	TAKEN
kisses	TAKEN
meal	TAKEN
laundered	TAKEN
unit	TAKEN
desecrate	TAKEN
collins	TAKEN
humdinger	TAKEN
clusters	TAKEN
litigious	TAKEN
mouths	TAKEN
syntax	TAKEN
forgo	TAKEN
privately	TAKEN
pleaser	TAKEN
confused	TAKEN
shredder	TAKEN
schnoz	TAKEN
badness	TAKEN
baghdad	TAKEN
shrinks	TAKEN
detract	TAKEN
commanding	TAKEN
letterhead	TAKEN
currents	TAKEN
screwball	TAKEN
mack	TAKEN
tutorial	TAKEN
resenting	TAKEN
five	TAKEN
poor	TAKEN
rosebuds	TAKEN
sous	TAKEN
clams	TAKEN
shaggy	TAKEN
tongues	TAKEN
prospects	TAKEN
manipulate	TAKEN
suse	TAKEN
scrotum	TAKEN
apprised	TAKEN
tend	TAKEN
intake	TAKEN
fascinated	TAKEN
bison	TAKEN
tray	TAKEN
stormy	TAKEN
moles	TAKEN
traditional	TAKEN
parcel	TAKEN
inflict	TAKEN
veer	TAKEN
egyptian	TAKEN
biscuit	TAKEN
sera	TAKEN
godmother	TAKEN
pathetic	TAKEN
easier	TAKEN
touche	TAKEN
rumors	TAKEN
swamps	TAKEN
twenties	TAKEN
narrows	TAKEN
groundless	TAKEN
soar	TAKEN
respiratory	TAKEN
ovaries	TAKEN
rwanda	TAKEN
happy	TAKEN
victoria	TAKEN
clergyman	TAKEN
anaesthetic	TAKEN
irrigate	TAKEN
flipper	TAKEN
alienating	TAKEN
warp	TAKEN
humiliated	TAKEN
bionic	TAKEN
officials	TAKEN
endured	TAKEN
marriage	TAKEN
dishonest	TAKEN
imprint	TAKEN
pointers	TAKEN
antonio	TAKEN
histories	TAKEN
earlier	TAKEN
could	TAKEN
ticket	TAKEN
nightstand	TAKEN
declare	TAKEN
bombarding	TAKEN
gosh	TAKEN
december	TAKEN
plymouth	TAKEN
jocks	TAKEN
dais	TAKEN
condoned	TAKEN
consorting	TAKEN
goalie	TAKEN
chiseling	TAKEN
seizes	TAKEN
dynamic	TAKEN
carvings	TAKEN
contributed	TAKEN
signore	TAKEN
tragically	TAKEN
rooms	TAKEN
sobbing	TAKEN
guard	TAKEN
maverick	TAKEN
heave	TAKEN
impossibly	TAKEN
wifi	TAKEN
forbids	TAKEN
ahold	TAKEN
fishy	TAKEN
entitles	TAKEN
casts	TAKEN
elusive	TAKEN
neighborly	TAKEN
carefree	TAKEN
soggy	TAKEN
deft	TAKEN
plot	TAKEN
earth	TAKEN
moods	TAKEN
nigh	TAKEN
older	TAKEN
disqualify	TAKEN
pixels	TAKEN
quaker	TAKEN
labored	TAKEN
believes	TAKEN
await	TAKEN
rescuer	TAKEN
vancouver	TAKEN
bacteria	TAKEN
indices	TAKEN
aliases	TAKEN
nylon	TAKEN
violations	TAKEN
bases	TAKEN
sweetheart	TAKEN
replica	TAKEN
single	TAKEN
fatherly	TAKEN
helplessly	TAKEN
crusade	TAKEN
propensity	TAKEN
lacerated	TAKEN
gearing	TAKEN
ambience	TAKEN
radiology	TAKEN
theatre	TAKEN
homicides	TAKEN
blankly	TAKEN
recognize	TAKEN
denying	TAKEN
beverages	TAKEN
surf	TAKEN
performed	TAKEN
traveled	TAKEN
mansion	TAKEN
resonance	TAKEN
begat	TAKEN
wheeling	TAKEN
scorcher	TAKEN
glop	TAKEN
ghoul	TAKEN
hurdles	TAKEN
electrons	TAKEN
bran	TAKEN
utopia	TAKEN
mansions	TAKEN
keno	TAKEN
preaching	TAKEN
husky	TAKEN
beret	TAKEN
maternal	TAKEN
doozy	TAKEN
compartment	TAKEN
struct	TAKEN
view	TAKEN
lightning	TAKEN
pleasure	TAKEN
inspection	TAKEN
morocco	TAKEN
empirical	TAKEN
donkey	TAKEN
mistresses	TAKEN
exertion	TAKEN
detoxing	TAKEN
busy	TAKEN
frustrates	TAKEN
screech	TAKEN
cupcakes	TAKEN
orphans	TAKEN
fetal	TAKEN
unharmed	TAKEN
board	TAKEN
wiring	TAKEN
temporary	TAKEN
appear	TAKEN
formations	TAKEN
eyed	TAKEN
scary	TAKEN
louse	TAKEN
nauseating	TAKEN
patched	TAKEN
telecharger	TAKEN
bender	TAKEN
paycheck	TAKEN
tote	TAKEN
open	TAKEN
leech	TAKEN
analyse	TAKEN
dampener	TAKEN
artillery	TAKEN
battle	TAKEN
temp	TAKEN
gavel	TAKEN
princely	TAKEN
counselors	TAKEN
medals	TAKEN
caprice	TAKEN
cozy	TAKEN
threatened	TAKEN
possibly	TAKEN
madagascar	TAKEN
bankbooks	TAKEN
href	TAKEN
artichoke	TAKEN
static	TAKEN
balk	TAKEN
weightless	TAKEN
unborn	TAKEN
scramble	TAKEN
identified	TAKEN
ripped	TAKEN
pollack	TAKEN
stifling	TAKEN
phenomenal	TAKEN
pricks	TAKEN
oldest	TAKEN
pistachios	TAKEN
screen	TAKEN
finalized	TAKEN
namespace	TAKEN
tattered	TAKEN
practising	TAKEN
subpoenaed	TAKEN
skivvies	TAKEN
streets	TAKEN
recourse	TAKEN
anchorage	TAKEN
thomson	TAKEN
stuffs	TAKEN
mugged	TAKEN
multiplied	TAKEN
customs	TAKEN
adversity	TAKEN
snowflakes	TAKEN
poses	TAKEN
guns	TAKEN
glass	TAKEN
distinguish	TAKEN
recovering	TAKEN
kudos	TAKEN
settles	TAKEN
clockwork	TAKEN
acme	TAKEN
fucks	TAKEN
intruding	TAKEN
hasten	TAKEN
introducing	TAKEN
kilos	TAKEN
closing	TAKEN
steals	TAKEN
lettuce	TAKEN
lowers	TAKEN
ventures	TAKEN
yeah	TAKEN
griping	TAKEN
forgives	TAKEN
pecans	TAKEN
bios	TAKEN
barry	TAKEN
perjured	TAKEN
dipping	TAKEN
croutons	TAKEN
blam	TAKEN
limousine	TAKEN
seduce	TAKEN
financing	TAKEN
consumers	TAKEN
sidekicks	TAKEN
confronts	TAKEN
special	TAKEN
easily	TAKEN
couriers	TAKEN
hesitant	TAKEN
saber	TAKEN
retain	TAKEN
mechanical	TAKEN
amnesia	TAKEN
unimpressed	TAKEN
lotto	TAKEN
waltz	TAKEN
chase	TAKEN
dont	TAKEN
inhibitors	TAKEN
studded	TAKEN
courts	TAKEN
collapsing	TAKEN
hula	TAKEN
religious	TAKEN
transmitter	TAKEN
ward	TAKEN
feedback	TAKEN
integral	TAKEN
bizrate	TAKEN
deutsch	TAKEN
dominican	TAKEN
ninja	TAKEN
rarity	TAKEN
masturbated	TAKEN
simmer	TAKEN
restaurant	TAKEN
packs	TAKEN
ruffled	TAKEN
glasses	TAKEN
known	TAKEN
dissected	TAKEN
moonbeams	TAKEN
blender	TAKEN
islam	TAKEN
obstacle	TAKEN
pester	TAKEN
settings	TAKEN
toddy	TAKEN
want	TAKEN
brought	TAKEN
postman	TAKEN
heartfelt	TAKEN
least	TAKEN
restored	TAKEN
shrubbery	TAKEN
composite	TAKEN
succubus	TAKEN
paddock	TAKEN
gratis	TAKEN
accusing	TAKEN
wracking	TAKEN
therapist	TAKEN
drilling	TAKEN
indicted	TAKEN
sizing	TAKEN
splicing	TAKEN
compactor	TAKEN
blend	TAKEN
caucus	TAKEN
statistics	TAKEN
limp	TAKEN
unavailable	TAKEN
zest	TAKEN
aptitude	TAKEN
shes	TAKEN
blooming	TAKEN
hacks	TAKEN
goners	TAKEN
village	TAKEN
plagued	TAKEN
tiara	TAKEN
relief	TAKEN
hippo	TAKEN
grosser	TAKEN
tinkering	TAKEN
moist	TAKEN
meathead	TAKEN
wastebasket	TAKEN
fantasized	TAKEN
vengeful	TAKEN
racism	TAKEN
tate	TAKEN
respects	TAKEN
salad	TAKEN
diets	TAKEN
stiffer	TAKEN
booster	TAKEN
hamper	TAKEN
necklace	TAKEN
referenced	TAKEN
gobbles	TAKEN
back	TAKEN
cindy	TAKEN
sift	TAKEN
tabloids	TAKEN
musket	TAKEN
weddings	TAKEN
gearshift	TAKEN
thaw	TAKEN
nosey	TAKEN
sneakers	TAKEN
pointer	TAKEN
dementia	TAKEN
renowned	TAKEN
implicating	TAKEN
waterproof	TAKEN
pele	TAKEN
batman	TAKEN
achievement	TAKEN
clicking	TAKEN
contracts	TAKEN
tucking	TAKEN
crystal	TAKEN
checkers	TAKEN
lizards	TAKEN
socialized	TAKEN
receptive	TAKEN
bookie	TAKEN
distasteful	TAKEN
rugged	TAKEN
strumpet	TAKEN
czech	TAKEN
doubt	TAKEN
yuletide	TAKEN
hatchet	TAKEN
warhead	TAKEN
resting	TAKEN
googly	TAKEN
evasive	TAKEN
marginal	TAKEN
addict	TAKEN
bound	TAKEN
bookmarks	TAKEN
interviews	TAKEN
severity	TAKEN
wolf	TAKEN
awkward	TAKEN
cameroon	TAKEN
inflicted	TAKEN
aces	TAKEN
stimuli	TAKEN
dung	TAKEN
bitchy	TAKEN
slower	TAKEN
prescribe	TAKEN
implication	TAKEN
smother	TAKEN
plural	TAKEN
chills	TAKEN
hers	TAKEN
bringing	TAKEN
chigger	TAKEN
glaze	TAKEN
cyclotron	TAKEN
rears	TAKEN
barrier	TAKEN
bikes	TAKEN
heinie	TAKEN
tortured	TAKEN
holiday	TAKEN
sprays	TAKEN
captured	TAKEN
affections	TAKEN
briskly	TAKEN
gore	TAKEN
wrappers	TAKEN
hollowed	TAKEN
garage	TAKEN
shea	TAKEN
virginal	TAKEN
originally	TAKEN
scald	TAKEN
arsenic	TAKEN
diaries	TAKEN
forthright	TAKEN
atrophied	TAKEN
infarction	TAKEN
soonest	TAKEN
singapore	TAKEN
islanders	TAKEN
pare	TAKEN
lebanon	TAKEN
authority	TAKEN
crumbling	TAKEN
connecting	TAKEN
protections	TAKEN
installment	TAKEN
coup	TAKEN
hangs	TAKEN
matchmaking	TAKEN
paddle	TAKEN
delirious	TAKEN
bureaucrat	TAKEN
kale	TAKEN
italic	TAKEN
crunched	TAKEN
prime	TAKEN
juice	TAKEN
pedicure	TAKEN
finish	TAKEN
rubs	TAKEN
bystanders	TAKEN
second	TAKEN
resembles	TAKEN
veils	TAKEN
speechless	TAKEN
boogeyman	TAKEN
spurt	TAKEN
repossess	TAKEN
narcotics	TAKEN
eddy	TAKEN
melt	TAKEN
blithely	TAKEN
data	TAKEN
helped	TAKEN
spices	TAKEN
showstopper	TAKEN
privy	TAKEN
world	TAKEN
decryption	TAKEN
indies	TAKEN
whack	TAKEN
wrap	TAKEN
banged	TAKEN
ails	TAKEN
acting	TAKEN
trailing	TAKEN
rotating	TAKEN
vogue	TAKEN
resigning	TAKEN
yank	TAKEN
budding	TAKEN
hack	TAKEN
wacky	TAKEN
varnish	TAKEN
proven	TAKEN
coupling	TAKEN
hangman	TAKEN
artifact	TAKEN
tiptoeing	TAKEN
throats	TAKEN
publicist	TAKEN
easing	TAKEN
fooled	TAKEN
everywhere	TAKEN
miami	TAKEN
matchbook	TAKEN
fiscal	TAKEN
tent	TAKEN
buggered	TAKEN
educate	TAKEN
mama	TAKEN
dire	TAKEN
dalliance	TAKEN
recaptured	TAKEN
physicians	TAKEN
mystical	TAKEN
scratches	TAKEN
orbital	TAKEN
reward	TAKEN
yippie	TAKEN
youse	TAKEN
associated	TAKEN
nerd	TAKEN
composers	TAKEN
cellulite	TAKEN
insensitive	TAKEN
paraguay	TAKEN
kneecaps	TAKEN
artiste	TAKEN
mining	TAKEN
pardner	TAKEN
shoving	TAKEN
displace	TAKEN
vomiting	TAKEN
puns	TAKEN
seared	TAKEN
executing	TAKEN
welded	TAKEN
exculpatory	TAKEN
wraps	TAKEN
panties	TAKEN
annoyed	TAKEN
slender	TAKEN
squirrel	TAKEN
cruiser	TAKEN
unplug	TAKEN
militant	TAKEN
aspirins	TAKEN
ceiling	TAKEN
nightclub	TAKEN
graduate	TAKEN
yippee	TAKEN
budapest	TAKEN
raiding	TAKEN
retard	TAKEN
penguins	TAKEN
adware	TAKEN
regrets	TAKEN
popping	TAKEN
calories	TAKEN
messier	TAKEN
justice	TAKEN
pharaoh	TAKEN
hazards	TAKEN
smarter	TAKEN
imported	TAKEN
termination	TAKEN
lumps	TAKEN
skates	TAKEN
preached	TAKEN
hikers	TAKEN
brittle	TAKEN
initiating	TAKEN
habits	TAKEN
rely	TAKEN
mill	TAKEN
code	TAKEN
splurge	TAKEN
embarking	TAKEN
nirvana	TAKEN
cesspool	TAKEN
syrup	TAKEN
cones	TAKEN
forth	TAKEN
clawed	TAKEN
grabbing	TAKEN
gamble	TAKEN
seniors	TAKEN
muse	TAKEN
tolls	TAKEN
daft	TAKEN
avatars	TAKEN
circulation	TAKEN
galactic	TAKEN
sahib	TAKEN
launched	TAKEN
accent	TAKEN
egotistical	TAKEN
attribute	TAKEN
proudest	TAKEN
taxes	TAKEN
retrieving	TAKEN
squeezed	TAKEN
fisher	TAKEN
navigating	TAKEN
assaults	TAKEN
misbehave	TAKEN
scale	TAKEN
subterfuge	TAKEN
mowing	TAKEN
living	TAKEN
unfold	TAKEN
treatment	TAKEN
expansys	TAKEN
right	TAKEN
hurricane	TAKEN
slippery	TAKEN
tragic	TAKEN
sobriety	TAKEN
wallace	TAKEN
finest	TAKEN
scarred	TAKEN
equitable	TAKEN
other	TAKEN
reckoned	TAKEN
lingering	TAKEN
bails	TAKEN
savour	TAKEN
merging	TAKEN
steadily	TAKEN
unite	TAKEN
what	TAKEN
edward	TAKEN
monogrammed	TAKEN
mitt	TAKEN
barbie	TAKEN
candle	TAKEN
withdraw	TAKEN
marshmallow	TAKEN
dimple	TAKEN
dropper	TAKEN
travelling	TAKEN
blob	TAKEN
responded	TAKEN
cymbal	TAKEN
artistic	TAKEN
capsize	TAKEN
throw	TAKEN
protestants	TAKEN
willpower	TAKEN
revisit	TAKEN
suggestion	TAKEN
fruitful	TAKEN
gamma	TAKEN
hemisphere	TAKEN
recording	TAKEN
diapers	TAKEN
barbecues	TAKEN
harbor	TAKEN
planets	TAKEN
realities	TAKEN
canton	TAKEN
newark	TAKEN
teen	TAKEN
start	TAKEN
freshen	TAKEN
mechanisms	TAKEN
mistrial	TAKEN
june	TAKEN
dumpling	TAKEN
numeric	TAKEN
cornered	TAKEN
risking	TAKEN
pedro	TAKEN
unravel	TAKEN
lovelier	TAKEN
nomad	TAKEN
roscoe	TAKEN
fluorescent	TAKEN
tuned	TAKEN
peeled	TAKEN
revenue	TAKEN
thine	TAKEN
bitty	TAKEN
solved	TAKEN
iced	TAKEN
radios	TAKEN
directions	TAKEN
loudest	TAKEN
garb	TAKEN
deposition	TAKEN
reminded	TAKEN
tablecloths	TAKEN
grind	TAKEN
shame	TAKEN
wagner	TAKEN
artists	TAKEN
congressman	TAKEN
acclimate	TAKEN
sniffles	TAKEN
crashed	TAKEN
lifeless	TAKEN
killing	TAKEN
riley	TAKEN
hatched	TAKEN
nerve	TAKEN
slanted	TAKEN
grey	TAKEN
overbearing	TAKEN
adhere	TAKEN
ramp	TAKEN
avenged	TAKEN
raft	TAKEN
vitals	TAKEN
plots	TAKEN
solution	TAKEN
wear	TAKEN
dime	TAKEN
that	TAKEN
gargoyles	TAKEN
robot	TAKEN
fender	TAKEN
edges	TAKEN
mine	TAKEN
fulfil	TAKEN
sagging	TAKEN
lamp	TAKEN
freeways	TAKEN
resigned	TAKEN
detestable	TAKEN
romp	TAKEN
beeswax	TAKEN
grog	TAKEN
carver	TAKEN
electro	TAKEN
tippers	TAKEN
aberdeen	TAKEN
sump	TAKEN
coworker	TAKEN
acres	TAKEN
fishermen	TAKEN
adult	TAKEN
result	TAKEN
snickering	TAKEN
factory	TAKEN
samples	TAKEN
thinkpad	TAKEN
inferiority	TAKEN
norther	TAKEN
crew	TAKEN
beautifully	TAKEN
aboriginal	TAKEN
getting	TAKEN
feces	TAKEN
worrying	TAKEN
motorola	TAKEN
materialize	TAKEN
fattening	TAKEN
compounds	TAKEN
mumbled	TAKEN
contraption	TAKEN
maniacal	TAKEN
impatience	TAKEN
extract	TAKEN
lynch	TAKEN
clamped	TAKEN
resistance	TAKEN
cannibal	TAKEN
raging	TAKEN
tanking	TAKEN
hooligans	TAKEN
preston	TAKEN
muchachos	TAKEN
beds	TAKEN
newcastle	TAKEN
roster	TAKEN
selective	TAKEN
weirdo	TAKEN
easygoing	TAKEN
christy	TAKEN
applaud	TAKEN
morph	TAKEN
stinky	TAKEN
butts	TAKEN
swede	TAKEN
containing	TAKEN
coals	TAKEN
infatuation	TAKEN
assumes	TAKEN
realization	TAKEN
subscriber	TAKEN
twelfth	TAKEN
provided	TAKEN
defector	TAKEN
porn	TAKEN
chairman	TAKEN
davenport	TAKEN
chords	TAKEN
penetrating	TAKEN
semen	TAKEN
anticipate	TAKEN
weighted	TAKEN
insider	TAKEN
speedos	TAKEN
stabilized	TAKEN
uptake	TAKEN
diner	TAKEN
cannoli	TAKEN
genre	TAKEN
outgrown	TAKEN
mumps	TAKEN
hospital	TAKEN
writings	TAKEN
chosen	TAKEN
kickboxing	TAKEN
lavender	TAKEN
protectors	TAKEN
unlucky	TAKEN
bennett	TAKEN
darts	TAKEN
throttle	TAKEN
swelling	TAKEN
louise	TAKEN
bulletins	TAKEN
tombs	TAKEN
jammed	TAKEN
paella	TAKEN
elimination	TAKEN
secretarial	TAKEN
decoder	TAKEN
cams	TAKEN
conspirator	TAKEN
stammering	TAKEN
werewolf	TAKEN
fielder	TAKEN
eligible	TAKEN
striking	TAKEN
guiding	TAKEN
remarried	TAKEN
fouled	TAKEN
nunnery	TAKEN
upheaval	TAKEN
angling	TAKEN
mimicking	TAKEN
herself	TAKEN
bigot	TAKEN
lemmings	TAKEN
hows	TAKEN
wander	TAKEN
jockey	TAKEN
serenity	TAKEN
francisco	TAKEN
purest	TAKEN
indexed	TAKEN
floe	TAKEN
turd	TAKEN
geological	TAKEN
teller	TAKEN
fairy	TAKEN
umbrella	TAKEN
maximum	TAKEN
hyperactive	TAKEN
colored	TAKEN
shovels	TAKEN
chores	TAKEN
roving	TAKEN
opinions	TAKEN
tricycle	TAKEN
ordinate	TAKEN
canal	TAKEN
leaping	TAKEN
jewel	TAKEN
wanna	TAKEN
humility	TAKEN
freezes	TAKEN
snakeskin	TAKEN
charlatan	TAKEN
taking	TAKEN
capsules	TAKEN
producer	TAKEN
presuming	TAKEN
penalized	TAKEN
newbie	TAKEN
disapproves	TAKEN
curdle	TAKEN
orchard	TAKEN
outback	TAKEN
presents	TAKEN
michael	TAKEN
worst	TAKEN
cataloging	TAKEN
welding	TAKEN
polished	TAKEN
cool	TAKEN
forthcoming	TAKEN
wavelength	TAKEN
icky	TAKEN
twins	TAKEN
rake	TAKEN
winner	TAKEN
south	TAKEN
tumbler	TAKEN
arugula	TAKEN
cremation	TAKEN
goatee	TAKEN
importantly	TAKEN
whimpering	TAKEN
developer	TAKEN
rude	TAKEN
hypothesis	TAKEN
turquoise	TAKEN
logs	TAKEN
factoring	TAKEN
sensed	TAKEN
thereof	TAKEN
tedious	TAKEN
tortillas	TAKEN
ration	TAKEN
operatives	TAKEN
radio	TAKEN
dedicating	TAKEN
pecks	TAKEN
digit	TAKEN
needy	TAKEN
fished	TAKEN
attachment	TAKEN
narrative	TAKEN
goodwill	TAKEN
vast	TAKEN
promenade	TAKEN
fugitives	TAKEN
vested	TAKEN
dirt	TAKEN
prefer	TAKEN
apiece	TAKEN
heartsick	TAKEN
thefts	TAKEN
gesture	TAKEN
arbitrary	TAKEN
intuition	TAKEN
tuxes	TAKEN
scuba	TAKEN
blossoms	TAKEN
listening	TAKEN
pillows	TAKEN
showbiz	TAKEN
lowering	TAKEN
farmland	TAKEN
panned	TAKEN
snickers	TAKEN
oxide	TAKEN
pecker	TAKEN
games	TAKEN
unraveled	TAKEN
immunology	TAKEN
coaxing	TAKEN
payroll	TAKEN
devours	TAKEN
interfere	TAKEN
mellowing	TAKEN
wolves	TAKEN
redial	TAKEN
wiping	TAKEN
protector	TAKEN
groped	TAKEN
bubbles	TAKEN
telephone	TAKEN
size	TAKEN
scraps	TAKEN
slime	TAKEN
nuked	TAKEN
gary	TAKEN
phentermine	TAKEN
icebox	TAKEN
hammering	TAKEN
inability	TAKEN
pitched	TAKEN
tenuous	TAKEN
musketeer	TAKEN
wandered	TAKEN
caddie	TAKEN
ruffle	TAKEN
shamed	TAKEN
dialed	TAKEN
robots	TAKEN
massacred	TAKEN
demean	TAKEN
construed	TAKEN
wheeze	TAKEN
manipulator	TAKEN
signed	TAKEN
themed	TAKEN
parent	TAKEN
comedians	TAKEN
carpentry	TAKEN
gripping	TAKEN
dunes	TAKEN
sire	TAKEN
scruples	TAKEN
clemency	TAKEN
hamilton	TAKEN
freighter	TAKEN
bummed	TAKEN
invoice	TAKEN
demonology	TAKEN
obsessing	TAKEN
packed	TAKEN
vomit	TAKEN
aboard	TAKEN
repute	TAKEN
kiddo	TAKEN
daughter	TAKEN
walks	TAKEN
mistakes	TAKEN
told	TAKEN
ensconced	TAKEN
sullivan	TAKEN
pebble	TAKEN
pineapples	TAKEN
hugh	TAKEN
armed	TAKEN
despises	TAKEN
unduly	TAKEN
commission	TAKEN
maybes	TAKEN
unpacking	TAKEN
diagnose	TAKEN
grasped	TAKEN
travellers	TAKEN
medical	TAKEN
cobweb	TAKEN
creaky	TAKEN
cynics	TAKEN
hotels	TAKEN
forgiven	TAKEN
heading	TAKEN
procurement	TAKEN
fail	TAKEN
sickos	TAKEN
alchemy	TAKEN
floating	TAKEN
cope	TAKEN
decimal	TAKEN
room	TAKEN
entree	TAKEN
market	TAKEN
imaginary	TAKEN
humidor	TAKEN
candidacy	TAKEN
nvidia	TAKEN
groveling	TAKEN
extending	TAKEN
copping	TAKEN
wrapping	TAKEN
toxic	TAKEN
vendettas	TAKEN
slicer	TAKEN
talk	TAKEN
caseload	TAKEN
minefield	TAKEN
latinas	TAKEN
sold	TAKEN
walls	TAKEN
cellars	TAKEN
vibrator	TAKEN
header	TAKEN
armpits	TAKEN
anniversary	TAKEN
estimation	TAKEN
intercede	TAKEN
corrections	TAKEN
hearts	TAKEN
brigadier	TAKEN
dale	TAKEN
alamo	TAKEN
galleries	TAKEN
side	TAKEN
toddlers	TAKEN
proc	TAKEN
advisor	TAKEN
involved	TAKEN
halo	TAKEN
chainsaw	TAKEN
sorority	TAKEN
retarded	TAKEN
boning	TAKEN
imaginative	TAKEN
chew	TAKEN
growth	TAKEN
humans	TAKEN
demographic	TAKEN
gland	TAKEN
footsteps	TAKEN
patronizing	TAKEN
ganging	TAKEN
leaking	TAKEN
invited	TAKEN
concerns	TAKEN
popularity	TAKEN
fact	TAKEN
irons	TAKEN
waitressed	TAKEN
somewheres	TAKEN
university	TAKEN
greene	TAKEN
rebel	TAKEN
murderous	TAKEN
else	TAKEN
manifesting	TAKEN
gunman	TAKEN
paradox	TAKEN
effortless	TAKEN
tissue	TAKEN
boardwalk	TAKEN
libido	TAKEN
overrated	TAKEN
pastor	TAKEN
synapses	TAKEN
admonish	TAKEN
cleaning	TAKEN
summation	TAKEN
clark	TAKEN
generated	TAKEN
routines	TAKEN
nana	TAKEN
beaucoup	TAKEN
means	TAKEN
lighters	TAKEN
consoling	TAKEN
knocked	TAKEN
footnote	TAKEN
reacting	TAKEN
snake	TAKEN
bottling	TAKEN
cramping	TAKEN
strategist	TAKEN
driven	TAKEN
aunt	TAKEN
naivete	TAKEN
withstand	TAKEN
nutshell	TAKEN
applesauce	TAKEN
vocal	TAKEN
frog	TAKEN
tabloid	TAKEN
little	TAKEN
apostrophe	TAKEN
humored	TAKEN
territory	TAKEN
convict	TAKEN
scarf	TAKEN
sabin	TAKEN
rattle	TAKEN
browning	TAKEN
enquiry	TAKEN
concealer	TAKEN
bruise	TAKEN
regulars	TAKEN
hartford	TAKEN
kicked	TAKEN
palpable	TAKEN
robbins	TAKEN
decreased	TAKEN
drugstore	TAKEN
aiding	TAKEN
drools	TAKEN
applied	TAKEN
trussed	TAKEN
misgivings	TAKEN
consists	TAKEN
donkeys	TAKEN
propelled	TAKEN
whispered	TAKEN
armstrong	TAKEN
britt	TAKEN
refining	TAKEN
blameless	TAKEN
selfishly	TAKEN
vial	TAKEN
truly	TAKEN
specialize	TAKEN
teaching	TAKEN
birdseed	TAKEN
days	TAKEN
looked	TAKEN
cheered	TAKEN
foxy	TAKEN
fashionably	TAKEN
belgium	TAKEN
softness	TAKEN
cystic	TAKEN
slater	TAKEN
weasels	TAKEN
rockers	TAKEN
bigamist	TAKEN
pled	TAKEN
cruz	TAKEN
battery	TAKEN
despair	TAKEN
conflicted	TAKEN
numerous	TAKEN
compliance	TAKEN
darkness	TAKEN
forsake	TAKEN
carriage	TAKEN
handbag	TAKEN
pachyderm	TAKEN
tennis	TAKEN
objections	TAKEN
dulled	TAKEN
exemptions	TAKEN
jamboree	TAKEN
saturday	TAKEN
visualize	TAKEN
ravine	TAKEN
papua	TAKEN
mahatma	TAKEN
charge	TAKEN
tomb	TAKEN
statement	TAKEN
disorders	TAKEN
growing	TAKEN
steely	TAKEN
stereotype	TAKEN
centerpiece	TAKEN
felicity	TAKEN
fanfare	TAKEN
molecular	TAKEN
rodeo	TAKEN
domestic	TAKEN
sofa	TAKEN
confiscated	TAKEN
audible	TAKEN
cautious	TAKEN
member	TAKEN
spandex	TAKEN
intuitive	TAKEN
chips	TAKEN
pledged	TAKEN
footer	TAKEN
vowed	TAKEN
nagged	TAKEN
deuce	TAKEN
winning	TAKEN
logical	TAKEN
wreaked	TAKEN
platform	TAKEN
fist	TAKEN
gardens	TAKEN
tunisia	TAKEN
boners	TAKEN
toxins	TAKEN
trumpet	TAKEN
huggers	TAKEN
kite	TAKEN
missiles	TAKEN
perfect	TAKEN
salary	TAKEN
excuse	TAKEN
swam	TAKEN
varying	TAKEN
learn	TAKEN
hypo	TAKEN
cabin	TAKEN
beepers	TAKEN
wipers	TAKEN
preceding	TAKEN
regretting	TAKEN
babbling	TAKEN
gravely	TAKEN
mayhem	TAKEN
dreadful	TAKEN
homeboy	TAKEN
breasts	TAKEN
reformed	TAKEN
arcade	TAKEN
leave	TAKEN
radiance	TAKEN
sikes	TAKEN
honorably	TAKEN
responses	TAKEN
compare	TAKEN
recital	TAKEN
responds	TAKEN
airlines	TAKEN
relevant	TAKEN
weaknesses	TAKEN
locker	TAKEN
trespassing	TAKEN
ante	TAKEN
here	TAKEN
corporal	TAKEN
owes	TAKEN
entourage	TAKEN
dissident	TAKEN
scalper	TAKEN
manages	TAKEN
breezing	TAKEN
raved	TAKEN
punctured	TAKEN
guest	TAKEN
villa	TAKEN
agreeing	TAKEN
elevator	TAKEN
bedrock	TAKEN
caterer	TAKEN
tallied	TAKEN
regarding	TAKEN
skies	TAKEN
minorities	TAKEN
tough	TAKEN
alleged	TAKEN
chops	TAKEN
clue	TAKEN
scrutiny	TAKEN
posing	TAKEN
allied	TAKEN
bakes	TAKEN
knock	TAKEN
secret	TAKEN
lubrication	TAKEN
accepting	TAKEN
heckle	TAKEN
fragments	TAKEN
ronald	TAKEN
hometown	TAKEN
ware	TAKEN
dwells	TAKEN
geeky	TAKEN
projections	TAKEN
embellished	TAKEN
cows	TAKEN
sponge	TAKEN
commendable	TAKEN
explorers	TAKEN
some	TAKEN
nebraska	TAKEN
crane	TAKEN
marketplace	TAKEN
jiffy	TAKEN
postmortem	TAKEN
cumulative	TAKEN
oblivion	TAKEN
contest	TAKEN
signify	TAKEN
chiles	TAKEN
levy	TAKEN
satisfies	TAKEN
strained	TAKEN
skull	TAKEN
paroled	TAKEN
tinkle	TAKEN
heavenly	TAKEN
busier	TAKEN
respondent	TAKEN
version	TAKEN
premiere	TAKEN
negativity	TAKEN
seeing	TAKEN
contracted	TAKEN
become	TAKEN
whatsoever	TAKEN
masking	TAKEN
undermined	TAKEN
expenditure	TAKEN
dictating	TAKEN
assumption	TAKEN
prank	TAKEN
anger	TAKEN
toughest	TAKEN
reynolds	TAKEN
nightgown	TAKEN
catchy	TAKEN
lightened	TAKEN
porcupine	TAKEN
holders	TAKEN
squirt	TAKEN
amazon	TAKEN
hypothermia	TAKEN
democracy	TAKEN
paralegal	TAKEN
scrunch	TAKEN
fries	TAKEN
flavour	TAKEN
arabia	TAKEN
saturated	TAKEN
glover	TAKEN
slid	TAKEN
serotonin	TAKEN
kitchen	TAKEN
eleven	TAKEN
untie	TAKEN
sleight	TAKEN
beryllium	TAKEN
pedigree	TAKEN
copyright	TAKEN
bandages	TAKEN
slides	TAKEN
earnings	TAKEN
impressive	TAKEN
technician	TAKEN
gets	TAKEN
symbols	TAKEN
slaying	TAKEN
shivers	TAKEN
granger	TAKEN
banish	TAKEN
destroyer	TAKEN
event	TAKEN
sociopathic	TAKEN
illustrated	TAKEN
practical	TAKEN
clucking	TAKEN
hammock	TAKEN
later	TAKEN
ebony	TAKEN
giraffes	TAKEN
pete	TAKEN
anomaly	TAKEN
pierce	TAKEN
wetlands	TAKEN
contributor	TAKEN
exacerbate	TAKEN
calorie	TAKEN
regulation	TAKEN
attract	TAKEN
foam	TAKEN
involves	TAKEN
alumnus	TAKEN
cloths	TAKEN
amply	TAKEN
fathom	TAKEN
thorough	TAKEN
meaning	TAKEN
quivering	TAKEN
bibles	TAKEN
exhume	TAKEN
abstracts	TAKEN
sequencing	TAKEN
lectured	TAKEN
reflective	TAKEN
hideout	TAKEN
reborn	TAKEN
removable	TAKEN
rape	TAKEN
lump	TAKEN
freshwater	TAKEN
junkie	TAKEN
snore	TAKEN
trace	TAKEN
classified	TAKEN
peak	TAKEN
tong	TAKEN
relive	TAKEN
genuine	TAKEN
stationary	TAKEN
internist	TAKEN
wishful	TAKEN
counsellor	TAKEN
spas	TAKEN
linguistic	TAKEN
rubbers	TAKEN
smoky	TAKEN
needless	TAKEN
inverted	TAKEN
squeezes	TAKEN
foresight	TAKEN
blowed	TAKEN
numbers	TAKEN
tarred	TAKEN
plays	TAKEN
stub	TAKEN
evaluations	TAKEN
serves	TAKEN
role	TAKEN
crucify	TAKEN
elaborate	TAKEN
bene	TAKEN
jester	TAKEN
payments	TAKEN
phones	TAKEN
liner	TAKEN
winkle	TAKEN
davy	TAKEN
participant	TAKEN
worthy	TAKEN
heavyweight	TAKEN
distressed	TAKEN
adapters	TAKEN
pronounce	TAKEN
peripherals	TAKEN
holed	TAKEN
impulsive	TAKEN
infestation	TAKEN
viceroy	TAKEN
rotated	TAKEN
haul	TAKEN
apartment	TAKEN
roots	TAKEN
rubber	TAKEN
swooning	TAKEN
theatrical	TAKEN
tailed	TAKEN
speedway	TAKEN
dined	TAKEN
sketchy	TAKEN
recognition	TAKEN
illegals	TAKEN
echoes	TAKEN
archaic	TAKEN
senses	TAKEN
loco	TAKEN
disperse	TAKEN
hydrogen	TAKEN
talcum	TAKEN
roulette	TAKEN
breakable	TAKEN
afghanistan	TAKEN
rectory	TAKEN
receives	TAKEN
sissy	TAKEN
unclaimed	TAKEN
specimen	TAKEN
monetary	TAKEN
pear	TAKEN
thesis	TAKEN
only	TAKEN
admitted	TAKEN
strummer	TAKEN
epizootics	TAKEN
mailer	TAKEN
candy	TAKEN
reek	TAKEN
carousel	TAKEN
flatter	TAKEN
scurry	TAKEN
cotillion	TAKEN
figment	TAKEN
provider	TAKEN
twiki	TAKEN
dispute	TAKEN
coloured	TAKEN
rejecting	TAKEN
blacking	TAKEN
tennessee	TAKEN
snooty	TAKEN
annually	TAKEN
stranded	TAKEN
solidify	TAKEN
tapped	TAKEN
stubble	TAKEN
spencers	TAKEN
registrar	TAKEN
born	TAKEN
ghost	TAKEN
shall	TAKEN
scarce	TAKEN
unadvisedly	TAKEN
sequel	TAKEN
psychotics	TAKEN
smithsonian	TAKEN
tormenting	TAKEN
miserably	TAKEN
cannery	TAKEN
ballot	TAKEN
shave	TAKEN
blinking	TAKEN
until	TAKEN
trademarks	TAKEN
snowmobiles	TAKEN
complicates	TAKEN
yard	TAKEN
explanatory	TAKEN
meat	TAKEN
pitcher	TAKEN
villains	TAKEN
vandals	TAKEN
knowledge	TAKEN
gendarme	TAKEN
barracuda	TAKEN
drop	TAKEN
mutated	TAKEN
pimping	TAKEN
revising	TAKEN
vessels	TAKEN
bluffs	TAKEN
flawed	TAKEN
wrongfully	TAKEN
realize	TAKEN
eternity	TAKEN
schedules	TAKEN
blimey	TAKEN
neckline	TAKEN
unmanned	TAKEN
distortions	TAKEN
secure	TAKEN
accidents	TAKEN
accuses	TAKEN
masculinity	TAKEN
trousers	TAKEN
bread	TAKEN
hungarian	TAKEN
smokers	TAKEN
washy	TAKEN
unraveling	TAKEN
talents	TAKEN
maroon	TAKEN
rapid	TAKEN
endings	TAKEN
nutcracker	TAKEN
overruled	TAKEN
lien	TAKEN
bathroom	TAKEN
crappy	TAKEN
recalling	TAKEN
feud	TAKEN
preachy	TAKEN
coot	TAKEN
fabric	TAKEN
serious	TAKEN
quarreled	TAKEN
bottom	TAKEN
tiffany	TAKEN
upfront	TAKEN
deranged	TAKEN
crackpot	TAKEN
futility	TAKEN
gamespot	TAKEN
wednesday	TAKEN
steno	TAKEN
shakers	TAKEN
windpipe	TAKEN
risotto	TAKEN
surge	TAKEN
stern	TAKEN
arguably	TAKEN
recon	TAKEN
houston	TAKEN
telethon	TAKEN
abruptly	TAKEN
limey	TAKEN
churn	TAKEN
nepal	TAKEN
newsman	TAKEN
wasteful	TAKEN
propose	TAKEN
undo	TAKEN
aviation	TAKEN
mummies	TAKEN
housekeeper	TAKEN
calls	TAKEN
illustrious	TAKEN
lest	TAKEN
substantial	TAKEN
potato	TAKEN
foresee	TAKEN
bagman	TAKEN
solely	TAKEN
airwaves	TAKEN
shrunk	TAKEN
alliance	TAKEN
orthodox	TAKEN
taxing	TAKEN
rain	TAKEN
stocking	TAKEN
adversary	TAKEN
nights	TAKEN
dossier	TAKEN
spin	TAKEN
indiscreet	TAKEN
mode	TAKEN
gifts	TAKEN
muze	TAKEN
thins	TAKEN
heil	TAKEN
apron	TAKEN
unsung	TAKEN
paler	TAKEN
whistles	TAKEN
reattach	TAKEN
dispense	TAKEN
takeout	TAKEN
gelato	TAKEN
cone	TAKEN
cyclone	TAKEN
results	TAKEN
hoax	TAKEN
stations	TAKEN
limps	TAKEN
insulin	TAKEN
renovations	TAKEN
humidifier	TAKEN
expertise	TAKEN
volant	TAKEN
fellers	TAKEN
joins	TAKEN
screenshot	TAKEN
skills	TAKEN
framework	TAKEN
reconvene	TAKEN
martini	TAKEN
infrared	TAKEN
cliffs	TAKEN
sedated	TAKEN
irritation	TAKEN
mickey	TAKEN
unseen	TAKEN
undermining	TAKEN
custody	TAKEN
drain	TAKEN
resident	TAKEN
generals	TAKEN
oxygen	TAKEN
platypus	TAKEN
fade	TAKEN
personality	TAKEN
story	TAKEN
gills	TAKEN
preface	TAKEN
shelve	TAKEN
goto	TAKEN
indelicate	TAKEN
bahrain	TAKEN
para	TAKEN
tired	TAKEN
powers	TAKEN
pickled	TAKEN
skirmishes	TAKEN
journal	TAKEN
rests	TAKEN
derelict	TAKEN
rearrange	TAKEN
regularity	TAKEN
splendid	TAKEN
artichokes	TAKEN
transports	TAKEN
scones	TAKEN
astronomer	TAKEN
tendency	TAKEN
lucia	TAKEN
ecommerce	TAKEN
unwritten	TAKEN
flawlessly	TAKEN
topping	TAKEN
actors	TAKEN
runaways	TAKEN
wrangle	TAKEN
hoedown	TAKEN
dozer	TAKEN
swans	TAKEN
fusilli	TAKEN
wider	TAKEN
plenty	TAKEN
marines	TAKEN
sounded	TAKEN
lynched	TAKEN
publishing	TAKEN
caters	TAKEN
confined	TAKEN
hamstring	TAKEN
cocksuckers	TAKEN
bras	TAKEN
assembling	TAKEN
worrywart	TAKEN
fang	TAKEN
blowjobs	TAKEN
breached	TAKEN
drinking	TAKEN
spleen	TAKEN
shunt	TAKEN
carry	TAKEN
solomon	TAKEN
birthmark	TAKEN
icons	TAKEN
balboa	TAKEN
sicko	TAKEN
oops	TAKEN
aroma	TAKEN
innocence	TAKEN
erasers	TAKEN
industries	TAKEN
stupidly	TAKEN
skeptic	TAKEN
capturing	TAKEN
sweep	TAKEN
bumping	TAKEN
scallions	TAKEN
tagging	TAKEN
cooperated	TAKEN
supposition	TAKEN
mall	TAKEN
loons	TAKEN
spontaneous	TAKEN
inheriting	TAKEN
defective	TAKEN
trackbacks	TAKEN
looks	TAKEN
lightweight	TAKEN
capital	TAKEN
panicked	TAKEN
slams	TAKEN
tempers	TAKEN
coding	TAKEN
dicking	TAKEN
purposely	TAKEN
downside	TAKEN
bout	TAKEN
achingly	TAKEN
andrew	TAKEN
quizzes	TAKEN
swamped	TAKEN
thousands	TAKEN
quarterly	TAKEN
dimension	TAKEN
arboretum	TAKEN
sparks	TAKEN
kittens	TAKEN
suburban	TAKEN
manicure	TAKEN
underdog	TAKEN
quickest	TAKEN
blindfold	TAKEN
brain	TAKEN
consulting	TAKEN
yorkshire	TAKEN
apparent	TAKEN
violation	TAKEN
realm	TAKEN
carats	TAKEN
switchman	TAKEN
crab	TAKEN
charitable	TAKEN
sticker	TAKEN
sharper	TAKEN
retirement	TAKEN
saws	TAKEN
packages	TAKEN
fortnight	TAKEN
advisable	TAKEN
overnight	TAKEN
ramrod	TAKEN
meditate	TAKEN
models	TAKEN
fanatic	TAKEN
univ	TAKEN
valley	TAKEN
doorman	TAKEN
basic	TAKEN
lambert	TAKEN
misuse	TAKEN
gobs	TAKEN
charades	TAKEN
hibiscus	TAKEN
tune	TAKEN
telescope	TAKEN
pledging	TAKEN
peignoir	TAKEN
merit	TAKEN
puck	TAKEN
detectives	TAKEN
endeavors	TAKEN
microphone	TAKEN
blueberry	TAKEN
keyword	TAKEN
sincerest	TAKEN
graduates	TAKEN
levitate	TAKEN
conceited	TAKEN
groceries	TAKEN
patented	TAKEN
gross	TAKEN
girth	TAKEN
identify	TAKEN
imagine	TAKEN
parishioner	TAKEN
seeker	TAKEN
comebacks	TAKEN
cute	TAKEN
colosseum	TAKEN
remain	TAKEN
recreation	TAKEN
memorabilia	TAKEN
darling	TAKEN
yore	TAKEN
patients	TAKEN
flier	TAKEN
decided	TAKEN
sledge	TAKEN
uneasy	TAKEN
rewards	TAKEN
discerning	TAKEN
neighbour	TAKEN
clown	TAKEN
know	TAKEN
schnitzel	TAKEN
loners	TAKEN
gooney	TAKEN
peter	TAKEN
heartbroken	TAKEN
brags	TAKEN
thieves	TAKEN
muchacho	TAKEN
warned	TAKEN
rally	TAKEN
stink	TAKEN
dominate	TAKEN
combines	TAKEN
elegant	TAKEN
utterly	TAKEN
torrent	TAKEN
peanuts	TAKEN
eggshell	TAKEN
ultimatum	TAKEN
dainty	TAKEN
varsity	TAKEN
fantasyland	TAKEN
snow	TAKEN
alex	TAKEN
roadie	TAKEN
debriefing	TAKEN
sliced	TAKEN
imitate	TAKEN
belle	TAKEN
parkway	TAKEN
simplified	TAKEN
solving	TAKEN
vector	TAKEN
linking	TAKEN
hazard	TAKEN
framed	TAKEN
naughty	TAKEN
protests	TAKEN
concussion	TAKEN
sentimental	TAKEN
hoppy	TAKEN
wheels	TAKEN
neatness	TAKEN
avalanche	TAKEN
research	TAKEN
vegetarian	TAKEN
legislature	TAKEN
sweatpants	TAKEN
glum	TAKEN
precious	TAKEN
chapter	TAKEN
conf	TAKEN
direction	TAKEN
noon	TAKEN
percolating	TAKEN
hemlines	TAKEN
comfort	TAKEN
ounces	TAKEN
stipulation	TAKEN
minding	TAKEN
attain	TAKEN
drummed	TAKEN
threaten	TAKEN
warming	TAKEN
hamburgers	TAKEN
grift	TAKEN
swims	TAKEN
insert	TAKEN
fairly	TAKEN
linger	TAKEN
driveway	TAKEN
consisted	TAKEN
dishes	TAKEN
equilibrium	TAKEN
simony	TAKEN
slowed	TAKEN
realizes	TAKEN
scant	TAKEN
concept	TAKEN
digs	TAKEN
sharking	TAKEN
civic	TAKEN
literature	TAKEN
ecosystem	TAKEN
floater	TAKEN
dole	TAKEN
amaretto	TAKEN
levee	TAKEN
wanted	TAKEN
baboons	TAKEN
demanding	TAKEN
hour	TAKEN
streamlined	TAKEN
rehab	TAKEN
necks	TAKEN
laid	TAKEN
undead	TAKEN
lowlifes	TAKEN
fester	TAKEN
implants	TAKEN
ramus	TAKEN
oiled	TAKEN
powerhouse	TAKEN
froufrou	TAKEN
bravery	TAKEN
insult	TAKEN
defects	TAKEN
studios	TAKEN
racer	TAKEN
proxy	TAKEN
influences	TAKEN
overboard	TAKEN
wakes	TAKEN
hovel	TAKEN
grabs	TAKEN
webcam	TAKEN
tubs	TAKEN
billie	TAKEN
incense	TAKEN
machines	TAKEN
braille	TAKEN
obligations	TAKEN
fires	TAKEN
authors	TAKEN
shaved	TAKEN
perl	TAKEN
christian	TAKEN
bellybutton	TAKEN
mellowed	TAKEN
surly	TAKEN
amended	TAKEN
noble	TAKEN
marine	TAKEN
unshakable	TAKEN
licensing	TAKEN
positioned	TAKEN
tide	TAKEN
enforce	TAKEN
grownups	TAKEN
woodsy	TAKEN
simulator	TAKEN
simply	TAKEN
secured	TAKEN
perishable	TAKEN
mistreated	TAKEN
arizona	TAKEN
roar	TAKEN
airfare	TAKEN
psychiatry	TAKEN
trail	TAKEN
satchel	TAKEN
pageant	TAKEN
diversions	TAKEN
rivers	TAKEN
bigfoot	TAKEN
sandstorm	TAKEN
youngster	TAKEN
disagrees	TAKEN
midwest	TAKEN
angora	TAKEN
carl	TAKEN
expressed	TAKEN
unfolding	TAKEN
premarital	TAKEN
ever	TAKEN
hollow	TAKEN
judo	TAKEN
physically	TAKEN
palestinian	TAKEN
absolutely	TAKEN
bilge	TAKEN
overcast	TAKEN
swooped	TAKEN
fifths	TAKEN
blair	TAKEN
anyplace	TAKEN
pantyhose	TAKEN
repay	TAKEN
hyper	TAKEN
stepfather	TAKEN
managerial	TAKEN
millimeter	TAKEN
convenience	TAKEN
dental	TAKEN
outdoorsy	TAKEN
regimes	TAKEN
poodle	TAKEN
dings	TAKEN
section	TAKEN
situated	TAKEN
telegrams	TAKEN
shotgun	TAKEN
hissing	TAKEN
oddest	TAKEN
reactions	TAKEN
frosty	TAKEN
legitimacy	TAKEN
rinsing	TAKEN
pant	TAKEN
bugle	TAKEN
sneezing	TAKEN
adjustment	TAKEN
soothing	TAKEN
renewed	TAKEN
roll	TAKEN
squadron	TAKEN
detonated	TAKEN
boysenberry	TAKEN
conniption	TAKEN
reamed	TAKEN
stomping	TAKEN
bills	TAKEN
forget	TAKEN
rhymed	TAKEN
attracting	TAKEN
sterile	TAKEN
pointed	TAKEN
puffing	TAKEN
eastbound	TAKEN
persuaded	TAKEN
suited	TAKEN
pitching	TAKEN
ordinance	TAKEN
ooze	TAKEN
crotch	TAKEN
topaz	TAKEN
wick	TAKEN
stooge	TAKEN
alligator	TAKEN
regained	TAKEN
circuited	TAKEN
mailbox	TAKEN
provoke	TAKEN
presented	TAKEN
simplest	TAKEN
speeding	TAKEN
triplicate	TAKEN
lakers	TAKEN
proper	TAKEN
slug	TAKEN
heathens	TAKEN
sapphires	TAKEN
bristol	TAKEN
buckled	TAKEN
greg	TAKEN
gnome	TAKEN
denounce	TAKEN
impaired	TAKEN
dominating	TAKEN
suing	TAKEN
oats	TAKEN
abdomen	TAKEN
diamond	TAKEN
flipping	TAKEN
favor	TAKEN
hundred	TAKEN
litany	TAKEN
recovered	TAKEN
existential	TAKEN
holder	TAKEN
roughing	TAKEN
treasure	TAKEN
molested	TAKEN
amuse	TAKEN
council	TAKEN
engages	TAKEN
snails	TAKEN
midtown	TAKEN
publicity	TAKEN
metallic	TAKEN
tapioca	TAKEN
stunning	TAKEN
sickly	TAKEN
phosphorous	TAKEN
audit	TAKEN
volcanoes	TAKEN
tizzy	TAKEN
retiring	TAKEN
hubcaps	TAKEN
copper	TAKEN
petting	TAKEN
cooperative	TAKEN
gratified	TAKEN
harriers	TAKEN
nipple	TAKEN
woken	TAKEN
curses	TAKEN
repeal	TAKEN
reduction	TAKEN
fair	TAKEN
simpson	TAKEN
midst	TAKEN
admitting	TAKEN
guilder	TAKEN
sunlight	TAKEN
paperwork	TAKEN
pharmacist	TAKEN
golfing	TAKEN
receipt	TAKEN
subsided	TAKEN
transformed	TAKEN
somewhere	TAKEN
skunk	TAKEN
rousing	TAKEN
fruitcake	TAKEN
anderson	TAKEN
validate	TAKEN
cement	TAKEN
tableau	TAKEN
salaam	TAKEN
horns	TAKEN
highball	TAKEN
ensemble	TAKEN
region	TAKEN
disagreeing	TAKEN
attitude	TAKEN
terminate	TAKEN
trim	TAKEN
whores	TAKEN
airborne	TAKEN
celebrity	TAKEN
cemetery	TAKEN
fourteenth	TAKEN
baloney	TAKEN
punks	TAKEN
fairer	TAKEN
penthouse	TAKEN
grandpa	TAKEN
recognized	TAKEN
seminary	TAKEN
caring	TAKEN
relentless	TAKEN
handcuffed	TAKEN
pilgrims	TAKEN
kidnaps	TAKEN
churches	TAKEN
normally	TAKEN
savannah	TAKEN
mutton	TAKEN
hawking	TAKEN
dehydration	TAKEN
formula	TAKEN
goopy	TAKEN
failure	TAKEN
nether	TAKEN
pasts	TAKEN
aluminium	TAKEN
arms	TAKEN
flies	TAKEN
started	TAKEN
niche	TAKEN
reversal	TAKEN
frantically	TAKEN
sidewalks	TAKEN
charismatic	TAKEN
bracket	TAKEN
kennedy	TAKEN
deltas	TAKEN
diamonds	TAKEN
lawman	TAKEN
politicians	TAKEN
strangled	TAKEN
league	TAKEN
arraigned	TAKEN
pushed	TAKEN
practices	TAKEN
earn	TAKEN
midlife	TAKEN
hemp	TAKEN
dreidel	TAKEN
fantasies	TAKEN
daddies	TAKEN
fireworks	TAKEN
dote	TAKEN
prints	TAKEN
select	TAKEN
wood	TAKEN
injury	TAKEN
faculty	TAKEN
madre	TAKEN
promote	TAKEN
rises	TAKEN
pasta	TAKEN
threshold	TAKEN
tranquil	TAKEN
exposing	TAKEN
bong	TAKEN
vocabulary	TAKEN
champs	TAKEN
rougher	TAKEN
universe	TAKEN
carrying	TAKEN
ruling	TAKEN
tinsel	TAKEN
hungry	TAKEN
decides	TAKEN
socially	TAKEN
quaint	TAKEN
crabby	TAKEN
retreating	TAKEN
boutonniere	TAKEN
unwrapping	TAKEN
siphoning	TAKEN
inadequacy	TAKEN
program	TAKEN
scrappy	TAKEN
refinement	TAKEN
hindsight	TAKEN
tokens	TAKEN
unseat	TAKEN
blotto	TAKEN
breaker	TAKEN
workday	TAKEN
brotherly	TAKEN
coddling	TAKEN
seeping	TAKEN
barcelona	TAKEN
forgiving	TAKEN
hank	TAKEN
golfers	TAKEN
skeletal	TAKEN
wishing	TAKEN
grazing	TAKEN
coyotes	TAKEN
napping	TAKEN
suggestive	TAKEN
haunting	TAKEN
murderess	TAKEN
bigmouth	TAKEN
hinted	TAKEN
disposing	TAKEN
happened	TAKEN
crashers	TAKEN
confronting	TAKEN
legend	TAKEN
whoever	TAKEN
ejaculate	TAKEN
brushing	TAKEN
sinner	TAKEN
friendlier	TAKEN
completes	TAKEN
lifted	TAKEN
rust	TAKEN
phrase	TAKEN
antibodies	TAKEN
firebug	TAKEN
season	TAKEN
convince	TAKEN
fishnet	TAKEN
onward	TAKEN
statistical	TAKEN
memento	TAKEN
hessian	TAKEN
oakland	TAKEN
decency	TAKEN
overnights	TAKEN
debate	TAKEN
sluts	TAKEN
resisting	TAKEN
unattended	TAKEN
skittles	TAKEN
minions	TAKEN
pave	TAKEN
marge	TAKEN
coached	TAKEN
loyalty	TAKEN
rider	TAKEN
honey	TAKEN
seeking	TAKEN
reunions	TAKEN
westbound	TAKEN
silk	TAKEN
ectopic	TAKEN
vermin	TAKEN
chimp	TAKEN
execute	TAKEN
lafayette	TAKEN
washout	TAKEN
backstroke	TAKEN
consultancy	TAKEN
domesticity	TAKEN
observing	TAKEN
clarinet	TAKEN
mesa	TAKEN
consecrated	TAKEN
clause	TAKEN
lawsuits	TAKEN
rejoicing	TAKEN
prevailed	TAKEN
grasshopper	TAKEN
normalcy	TAKEN
mobs	TAKEN
siblings	TAKEN
feature	TAKEN
bugger	TAKEN
milo	TAKEN
dose	TAKEN
inflame	TAKEN
swatches	TAKEN
unsettled	TAKEN
riverbank	TAKEN
conspicuous	TAKEN
hens	TAKEN
pretended	TAKEN
nordic	TAKEN
thatcher	TAKEN
james	TAKEN
paprika	TAKEN
barrels	TAKEN
hanged	TAKEN
mating	TAKEN
slay	TAKEN
whore	TAKEN
scattering	TAKEN
spring	TAKEN
amicable	TAKEN
garth	TAKEN
templates	TAKEN
nostrils	TAKEN
ideology	TAKEN
pack	TAKEN
stoked	TAKEN
grime	TAKEN
grandstand	TAKEN
copyrighted	TAKEN
solid	TAKEN
caretaker	TAKEN
brotherhood	TAKEN
minks	TAKEN
supple	TAKEN
shutters	TAKEN
briefed	TAKEN
kinase	TAKEN
worshippers	TAKEN
owner	TAKEN
errors	TAKEN
pralines	TAKEN
dowdy	TAKEN
pied	TAKEN
corn	TAKEN
flustered	TAKEN
collaborate	TAKEN
conscious	TAKEN
napoleon	TAKEN
drawback	TAKEN
skimp	TAKEN
attempts	TAKEN
experiences	TAKEN
hound	TAKEN
mopping	TAKEN
lengths	TAKEN
colin	TAKEN
cruisers	TAKEN
raven	TAKEN
bhutan	TAKEN
qualifies	TAKEN
weepy	TAKEN
suspension	TAKEN
holds	TAKEN
thoroughly	TAKEN
canvass	TAKEN
hanging	TAKEN
pose	TAKEN
refusal	TAKEN
handbags	TAKEN
exclude	TAKEN
masks	TAKEN
anna	TAKEN
attic	TAKEN
jews	TAKEN
pleased	TAKEN
leadership	TAKEN
scuzzy	TAKEN
barbecue	TAKEN
coveralls	TAKEN
squatting	TAKEN
wikipedia	TAKEN
muscles	TAKEN
tents	TAKEN
caller	TAKEN
plaintiffs	TAKEN
blatant	TAKEN
lover	TAKEN
leniency	TAKEN
baubles	TAKEN
initiatives	TAKEN
allocated	TAKEN
saxophone	TAKEN
butterflies	TAKEN
shocker	TAKEN
markings	TAKEN
caddy	TAKEN
winch	TAKEN
dissing	TAKEN
penetrate	TAKEN
torches	TAKEN
communal	TAKEN
unlikable	TAKEN
physiology	TAKEN
prune	TAKEN
asking	TAKEN
surname	TAKEN
apart	TAKEN
piece	TAKEN
nagging	TAKEN
envisioned	TAKEN
triumph	TAKEN
possessed	TAKEN
lashes	TAKEN
manual	TAKEN
banning	TAKEN
cooking	TAKEN
loser	TAKEN
poland	TAKEN
cannons	TAKEN
brilliantly	TAKEN
ancients	TAKEN
stash	TAKEN
gerbils	TAKEN
humpback	TAKEN
imprisoned	TAKEN
limits	TAKEN
ridiculous	TAKEN
signals	TAKEN
tucked	TAKEN
readers	TAKEN
camps	TAKEN
evolved	TAKEN
handhelds	TAKEN
infamous	TAKEN
peppermint	TAKEN
outsiders	TAKEN
whipper	TAKEN
indulge	TAKEN
mantra	TAKEN
fireplace	TAKEN
abduct	TAKEN
lolita	TAKEN
barred	TAKEN
structure	TAKEN
neither	TAKEN
adapt	TAKEN
madly	TAKEN
swipe	TAKEN
gran	TAKEN
binder	TAKEN
bobbing	TAKEN
criticism	TAKEN
punishments	TAKEN
cloak	TAKEN
skater	TAKEN
mindful	TAKEN
marketing	TAKEN
reeve	TAKEN
saluting	TAKEN
strengths	TAKEN
google	TAKEN
subsection	TAKEN
enthusiasm	TAKEN
reckless	TAKEN
possess	TAKEN
encinas	TAKEN
tibia	TAKEN
dredged	TAKEN
signatures	TAKEN
spotters	TAKEN
jesuit	TAKEN
opposable	TAKEN
flooded	TAKEN
angry	TAKEN
resemble	TAKEN
diesel	TAKEN
cursing	TAKEN
modify	TAKEN
tackled	TAKEN
bloodstream	TAKEN
come	TAKEN
parting	TAKEN
seat	TAKEN
informal	TAKEN
stifle	TAKEN
purr	TAKEN
raider	TAKEN
coal	TAKEN
interrupted	TAKEN
dashboard	TAKEN
hairdresser	TAKEN
catering	TAKEN
sanitary	TAKEN
junction	TAKEN
tenth	TAKEN
atrocities	TAKEN
naturals	TAKEN
gasp	TAKEN
field	TAKEN
touchstone	TAKEN
undertaking	TAKEN
deprive	TAKEN
weight	TAKEN
gadgets	TAKEN
knockoff	TAKEN
berries	TAKEN
proofs	TAKEN
tangerine	TAKEN
saturation	TAKEN
mouthing	TAKEN
overworked	TAKEN
alley	TAKEN
dean	TAKEN
stooped	TAKEN
thrills	TAKEN
nonsensical	TAKEN
rival	TAKEN
hesitating	TAKEN
views	TAKEN
rudely	TAKEN
icing	TAKEN
inseminated	TAKEN
began	TAKEN
leisure	TAKEN
swollen	TAKEN
twitch	TAKEN
volkswagen	TAKEN
murky	TAKEN
rapidly	TAKEN
snout	TAKEN
patio	TAKEN
stuart	TAKEN
hinting	TAKEN
maggots	TAKEN
louden	TAKEN
escapee	TAKEN
concord	TAKEN
because	TAKEN
premonition	TAKEN
patents	TAKEN
pedicures	TAKEN
knuckle	TAKEN
wallpapers	TAKEN
burnt	TAKEN
brooms	TAKEN
jerk	TAKEN
applying	TAKEN
patching	TAKEN
torrid	TAKEN
rowing	TAKEN
threads	TAKEN
barbecued	TAKEN
hustler	TAKEN
cowboys	TAKEN
coronation	TAKEN
feverish	TAKEN
loops	TAKEN
ankle	TAKEN
gaps	TAKEN
navigation	TAKEN
gaudy	TAKEN
snorkel	TAKEN
whether	TAKEN
hunker	TAKEN
genital	TAKEN
martins	TAKEN
process	TAKEN
cops	TAKEN
loopholes	TAKEN
jumped	TAKEN
gunnery	TAKEN
altruistic	TAKEN
mended	TAKEN
chafing	TAKEN
hummer	TAKEN
showers	TAKEN
glitches	TAKEN
tater	TAKEN
libraries	TAKEN
shouts	TAKEN
paso	TAKEN
clod	TAKEN
mettle	TAKEN
viking	TAKEN
disarming	TAKEN
ganged	TAKEN
marzipan	TAKEN
bimbos	TAKEN
furniture	TAKEN
tomorrows	TAKEN
eaves	TAKEN
brandy	TAKEN
cemeteries	TAKEN
provide	TAKEN
doubles	TAKEN
slayed	TAKEN
pooped	TAKEN
mouthwash	TAKEN
territorial	TAKEN
dancer	TAKEN
borrowing	TAKEN
dash	TAKEN
morse	TAKEN
dabbled	TAKEN
moss	TAKEN
slips	TAKEN
reviving	TAKEN
backslide	TAKEN
utilization	TAKEN
cohen	TAKEN
pursuing	TAKEN
disgrace	TAKEN
purely	TAKEN
escort	TAKEN
tonics	TAKEN
abiding	TAKEN
hooked	TAKEN
sharpener	TAKEN
calendars	TAKEN
perceptive	TAKEN
intimidated	TAKEN
skin	TAKEN
flap	TAKEN
spliced	TAKEN
operational	TAKEN
jumping	TAKEN
explosions	TAKEN
spotless	TAKEN
jiggle	TAKEN
fiddler	TAKEN
rented	TAKEN
alpine	TAKEN
controller	TAKEN
asbestos	TAKEN
tales	TAKEN
atlanta	TAKEN
punctual	TAKEN
proposals	TAKEN
horses	TAKEN
tubes	TAKEN
uncuff	TAKEN
hauling	TAKEN
vernacular	TAKEN
pitting	TAKEN
pungent	TAKEN
trooper	TAKEN
whoosh	TAKEN
equals	TAKEN
finishing	TAKEN
bakeries	TAKEN
photo	TAKEN
favours	TAKEN
crusher	TAKEN
explosives	TAKEN
primaries	TAKEN
scissor	TAKEN
unhappy	TAKEN
overrule	TAKEN
calling	TAKEN
synthesis	TAKEN
motels	TAKEN
exhumed	TAKEN
enlargement	TAKEN
unreal	TAKEN
woodchuck	TAKEN
ceased	TAKEN
surveys	TAKEN
futile	TAKEN
tasted	TAKEN
bagged	TAKEN
sitter	TAKEN
surfing	TAKEN
temporarily	TAKEN
clients	TAKEN
cretins	TAKEN
paid	TAKEN
pitfalls	TAKEN
compulsive	TAKEN
stream	TAKEN
bagels	TAKEN
greet	TAKEN
carat	TAKEN
advertising	TAKEN
inspect	TAKEN
bronzing	TAKEN
toyed	TAKEN
detroit	TAKEN
blonds	TAKEN
longitude	TAKEN
wished	TAKEN
obscenities	TAKEN
alien	TAKEN
intercourse	TAKEN
rosebud	TAKEN
dying	TAKEN
gastric	TAKEN
widowed	TAKEN
homeboys	TAKEN
grow	TAKEN
bossy	TAKEN
professed	TAKEN
sender	TAKEN
ideals	TAKEN
relaxants	TAKEN
template	TAKEN
spooks	TAKEN
personal	TAKEN
statues	TAKEN
schools	TAKEN
fairgrounds	TAKEN
hurl	TAKEN
tease	TAKEN
profiling	TAKEN
disclosure	TAKEN
assailant	TAKEN
ornamental	TAKEN
appointment	TAKEN
headboard	TAKEN
maine	TAKEN
playback	TAKEN
sick	TAKEN
blabbing	TAKEN
ignore	TAKEN
holiness	TAKEN
marks	TAKEN
starling	TAKEN
shits	TAKEN
factor	TAKEN
ongoing	TAKEN
turnips	TAKEN
unanswered	TAKEN
diabetics	TAKEN
flames	TAKEN
cripples	TAKEN
sigh	TAKEN
bridal	TAKEN
instructing	TAKEN
helmet	TAKEN
dismay	TAKEN
mope	TAKEN
carriages	TAKEN
adolescent	TAKEN
steamroll	TAKEN
broom	TAKEN
daphne	TAKEN
billion	TAKEN
rappers	TAKEN
intrigued	TAKEN
gusto	TAKEN
areas	TAKEN
monkeys	TAKEN
armies	TAKEN
prepping	TAKEN
stretches	TAKEN
darn	TAKEN
software	TAKEN
offerings	TAKEN
sudden	TAKEN
hellbent	TAKEN
telegram	TAKEN
counselor	TAKEN
magazine	TAKEN
latent	TAKEN
terrorism	TAKEN
running	TAKEN
sharp	TAKEN
serviced	TAKEN
cavern	TAKEN
humps	TAKEN
overstayed	TAKEN
marriages	TAKEN
bastard	TAKEN
centennial	TAKEN
hill	TAKEN
brill	TAKEN
tram	TAKEN
amusement	TAKEN
efficient	TAKEN
zope	TAKEN
gayest	TAKEN
sandpaper	TAKEN
peoples	TAKEN
continually	TAKEN
goonie	TAKEN
prednisone	TAKEN
elegance	TAKEN
shaped	TAKEN
property	TAKEN
skiff	TAKEN
imploding	TAKEN
offing	TAKEN
mightier	TAKEN
distribute	TAKEN
industrial	TAKEN
assists	TAKEN
spaniel	TAKEN
starboard	TAKEN
bearded	TAKEN
jugular	TAKEN
creature	TAKEN
workup	TAKEN
cause	TAKEN
cloven	TAKEN
improvised	TAKEN
incidence	TAKEN
melding	TAKEN
stupidity	TAKEN
parameter	TAKEN
bluebells	TAKEN
begin	TAKEN
shortcake	TAKEN
hints	TAKEN
rife	TAKEN
timber	TAKEN
stretch	TAKEN
oblige	TAKEN
waived	TAKEN
insane	TAKEN
edits	TAKEN
mister	TAKEN
holden	TAKEN
menorah	TAKEN
lauren	TAKEN
spear	TAKEN
incur	TAKEN
visitors	TAKEN
innuendo	TAKEN
chapters	TAKEN
grooming	TAKEN
discussion	TAKEN
robbing	TAKEN
comforting	TAKEN
cobwebs	TAKEN
infinitely	TAKEN
says	TAKEN
astonished	TAKEN
like	TAKEN
paramedic	TAKEN
queer	TAKEN
stellar	TAKEN
square	TAKEN
griff	TAKEN
bragging	TAKEN
manicures	TAKEN
tattoo	TAKEN
stocked	TAKEN
cleanses	TAKEN
anyhow	TAKEN
lids	TAKEN
hilltop	TAKEN
pride	TAKEN
band	TAKEN
agriculture	TAKEN
photos	TAKEN
brigade	TAKEN
random	TAKEN
invitation	TAKEN
bouquet	TAKEN
sapphire	TAKEN
strangers	TAKEN
frankfurter	TAKEN
tossed	TAKEN
flunk	TAKEN
earned	TAKEN
aptly	TAKEN
drafted	TAKEN
strangeness	TAKEN
ushers	TAKEN
flexible	TAKEN
amulets	TAKEN
shipwrecked	TAKEN
technically	TAKEN
homeless	TAKEN
passports	TAKEN
gays	TAKEN
patten	TAKEN
smelt	TAKEN
analysts	TAKEN
gentleman	TAKEN
grafts	TAKEN
scrabble	TAKEN
accumulate	TAKEN
bucko	TAKEN
giveaway	TAKEN
taped	TAKEN
molto	TAKEN
cowards	TAKEN
derive	TAKEN
haggling	TAKEN
displeased	TAKEN
albino	TAKEN
upskirt	TAKEN
costumes	TAKEN
lecture	TAKEN
dodger	TAKEN
reflection	TAKEN
scanner	TAKEN
helicopters	TAKEN
fiends	TAKEN
collier	TAKEN
dots	TAKEN
suffocate	TAKEN
triumphs	TAKEN
lifeguard	TAKEN
lopped	TAKEN
sheep	TAKEN
lattes	TAKEN
spite	TAKEN
eligibility	TAKEN
athletics	TAKEN
peddling	TAKEN
supporting	TAKEN
drying	TAKEN
weaker	TAKEN
wedges	TAKEN
operas	TAKEN
wallet	TAKEN
scuffle	TAKEN
pertaining	TAKEN
boxes	TAKEN
globes	TAKEN
many	TAKEN
rose	TAKEN
wright	TAKEN
collect	TAKEN
knelt	TAKEN
plaid	TAKEN
moot	TAKEN
poised	TAKEN
festivals	TAKEN
heigh	TAKEN
foreign	TAKEN
xnxx	TAKEN
competitor	TAKEN
united	TAKEN
poppers	TAKEN
enlisted	TAKEN
sections	TAKEN
fairfield	TAKEN
exerting	TAKEN
figure	TAKEN
journeys	TAKEN
acceptable	TAKEN
sitters	TAKEN
coward	TAKEN
horseman	TAKEN
roofs	TAKEN
affecting	TAKEN
sunless	TAKEN
mentor	TAKEN
vehicular	TAKEN
bent	TAKEN
monogamous	TAKEN
mistress	TAKEN
revert	TAKEN
autistic	TAKEN
obvious	TAKEN
restricted	TAKEN
smile	TAKEN
burton	TAKEN
ruffles	TAKEN
trinidad	TAKEN
near	TAKEN
dome	TAKEN
springer	TAKEN
frisky	TAKEN
plummet	TAKEN
hoist	TAKEN
stodgy	TAKEN
clam	TAKEN
surgeons	TAKEN
nickname	TAKEN
passer	TAKEN
spectator	TAKEN
reciting	TAKEN
pulpit	TAKEN
bali	TAKEN
collided	TAKEN
idolized	TAKEN
pints	TAKEN
belongs	TAKEN
restrict	TAKEN
strangling	TAKEN
nannies	TAKEN
abandonment	TAKEN
capitalism	TAKEN
skim	TAKEN
distinction	TAKEN
spiritual	TAKEN
wayne	TAKEN
knew	TAKEN
republic	TAKEN
arbitrator	TAKEN
quilt	TAKEN
lapsed	TAKEN
arse	TAKEN
going	TAKEN
sentiments	TAKEN
monger	TAKEN
advancement	TAKEN
shorten	TAKEN
healers	TAKEN
buckling	TAKEN
pens	TAKEN
yields	TAKEN
miller	TAKEN
ingenious	TAKEN
coppers	TAKEN
knockdown	TAKEN
loosely	TAKEN
annoyance	TAKEN
zeros	TAKEN
natured	TAKEN
creations	TAKEN
damp	TAKEN
deluge	TAKEN
poetic	TAKEN
helmets	TAKEN
powerseller	TAKEN
mezzanine	TAKEN
sugarcoat	TAKEN
amounted	TAKEN
abnormally	TAKEN
paralyzed	TAKEN
outpost	TAKEN
brat	TAKEN
developing	TAKEN
gathering	TAKEN
maudlin	TAKEN
bequest	TAKEN
summoning	TAKEN
forms	TAKEN
tentative	TAKEN
evident	TAKEN
despise	TAKEN
medicating	TAKEN
rollers	TAKEN
foods	TAKEN
stool	TAKEN
metabolism	TAKEN
enact	TAKEN
cunt	TAKEN
disaster	TAKEN
valor	TAKEN
interject	TAKEN
unfreeze	TAKEN
absconded	TAKEN
vowel	TAKEN
eagerly	TAKEN
khakis	TAKEN
circulatory	TAKEN
scoundrels	TAKEN
sodding	TAKEN
encrypted	TAKEN
gambit	TAKEN
hurtful	TAKEN
edema	TAKEN
garner	TAKEN
allen	TAKEN
superfluous	TAKEN
conceal	TAKEN
brownie	TAKEN
discourse	TAKEN
whacko	TAKEN
microwave	TAKEN
fascinate	TAKEN
november	TAKEN
piston	TAKEN
heels	TAKEN
soul	TAKEN
weld	TAKEN
devoted	TAKEN
plugged	TAKEN
highly	TAKEN
lock	TAKEN
ambiguous	TAKEN
yours	TAKEN
burlap	TAKEN
boiler	TAKEN
equations	TAKEN
hammered	TAKEN
paul	TAKEN
heaved	TAKEN
endorsing	TAKEN
hitting	TAKEN
prep	TAKEN
dashed	TAKEN
technique	TAKEN
visibility	TAKEN
blankets	TAKEN
knickknacks	TAKEN
unleash	TAKEN
indignant	TAKEN
separated	TAKEN
snorkeling	TAKEN
survival	TAKEN
bluffing	TAKEN
beverly	TAKEN
cultures	TAKEN
rays	TAKEN
joan	TAKEN
knee	TAKEN
exposure	TAKEN
comical	TAKEN
proprietary	TAKEN
disastrous	TAKEN
gentler	TAKEN
coiled	TAKEN
overpriced	TAKEN
crimson	TAKEN
much	TAKEN
recorded	TAKEN
joyce	TAKEN
idea	TAKEN
clarity	TAKEN
ghetto	TAKEN
accountable	TAKEN
bashed	TAKEN
yearned	TAKEN
clinton	TAKEN
sterner	TAKEN
watt	TAKEN
outhouse	TAKEN
omelette	TAKEN
node	TAKEN
gambler	TAKEN
adventure	TAKEN
stayed	TAKEN
genitals	TAKEN
alabama	TAKEN
meatloaf	TAKEN
joust	TAKEN
shielded	TAKEN
dicky	TAKEN
discovers	TAKEN
civvies	TAKEN
groundwork	TAKEN
elevation	TAKEN
willingly	TAKEN
conclave	TAKEN
transit	TAKEN
acre	TAKEN
indian	TAKEN
asset	TAKEN
define	TAKEN
reliving	TAKEN
roger	TAKEN
commode	TAKEN
worming	TAKEN
seldom	TAKEN
outlook	TAKEN
inevitable	TAKEN
husband	TAKEN
seconds	TAKEN
gusher	TAKEN
pace	TAKEN
bakers	TAKEN
super	TAKEN
irony	TAKEN
bolted	TAKEN
pathogen	TAKEN
spud	TAKEN
bidder	TAKEN
bowed	TAKEN
deathbed	TAKEN
reactors	TAKEN
romanticize	TAKEN
probes	TAKEN
kettle	TAKEN
defend	TAKEN
nosh	TAKEN
raising	TAKEN
commentary	TAKEN
policy	TAKEN
greased	TAKEN
devour	TAKEN
navigator	TAKEN
sarcasm	TAKEN
offbeat	TAKEN
dresses	TAKEN
impossible	TAKEN
hotmail	TAKEN
farewell	TAKEN
titty	TAKEN
erect	TAKEN
afterwards	TAKEN
minutes	TAKEN
continent	TAKEN
ogling	TAKEN
transgenic	TAKEN
electron	TAKEN
john	TAKEN
wackos	TAKEN
trusting	TAKEN
sweatshops	TAKEN
jolt	TAKEN
communist	TAKEN
australian	TAKEN
giddy	TAKEN
relocation	TAKEN
bookshelves	TAKEN
pricey	TAKEN
palace	TAKEN
podcast	TAKEN
thunderbolt	TAKEN
kosher	TAKEN
errant	TAKEN
compass	TAKEN
treat	TAKEN
weasel	TAKEN
insistent	TAKEN
types	TAKEN
offered	TAKEN
boat	TAKEN
graces	TAKEN
cypress	TAKEN
visa	TAKEN
penetrated	TAKEN
empty	TAKEN
hoot	TAKEN
enormity	TAKEN
welts	TAKEN
idling	TAKEN
bitch	TAKEN
colonnade	TAKEN
croon	TAKEN
conformity	TAKEN
bravely	TAKEN
whipped	TAKEN
checklist	TAKEN
gnawing	TAKEN
transfer	TAKEN
destined	TAKEN
mamie	TAKEN
handrail	TAKEN
psyche	TAKEN
oppressive	TAKEN
thicker	TAKEN
vegetables	TAKEN
meddlesome	TAKEN
looting	TAKEN
misfortune	TAKEN
deeded	TAKEN
passport	TAKEN
slight	TAKEN
avenue	TAKEN
suspend	TAKEN
elizabeth	TAKEN
exhibition	TAKEN
glasgow	TAKEN
chloride	TAKEN
fluke	TAKEN
activating	TAKEN
detailing	TAKEN
plucked	TAKEN
regional	TAKEN
initially	TAKEN
resolution	TAKEN
retina	TAKEN
excellency	TAKEN
nouveau	TAKEN
violate	TAKEN
klutz	TAKEN
ferry	TAKEN
char	TAKEN
hybrids	TAKEN
halitosis	TAKEN
standstill	TAKEN
waterworks	TAKEN
destroyed	TAKEN
breather	TAKEN
causing	TAKEN
stopwatch	TAKEN
koss	TAKEN
shelters	TAKEN
tingle	TAKEN
levitation	TAKEN
trolls	TAKEN
boardroom	TAKEN
retailer	TAKEN
broadcast	TAKEN
stapled	TAKEN
fanning	TAKEN
fastened	TAKEN
redo	TAKEN
fitting	TAKEN
angst	TAKEN
gravity	TAKEN
million	TAKEN
prophesied	TAKEN
buzzer	TAKEN
forgetful	TAKEN
global	TAKEN
mercer	TAKEN
tarantulas	TAKEN
choppers	TAKEN
noting	TAKEN
painters	TAKEN
candidate	TAKEN
tussle	TAKEN
hernia	TAKEN
prized	TAKEN
instigator	TAKEN
warmth	TAKEN
whit	TAKEN
stein	TAKEN
pinpoint	TAKEN
potions	TAKEN
debris	TAKEN
recalled	TAKEN
coral	TAKEN
maker	TAKEN
hedge	TAKEN
entirely	TAKEN
grid	TAKEN
exhibiting	TAKEN
estrogen	TAKEN
guarding	TAKEN
capitalists	TAKEN
policies	TAKEN
adopted	TAKEN
children	TAKEN
followers	TAKEN
quest	TAKEN
pieced	TAKEN
topped	TAKEN
faceless	TAKEN
reimburse	TAKEN
hairy	TAKEN
confidant	TAKEN
mouthful	TAKEN
sweater	TAKEN
tricks	TAKEN
simplicity	TAKEN
bedspread	TAKEN
guerillas	TAKEN
donation	TAKEN
gardening	TAKEN
overbite	TAKEN
payable	TAKEN
embankment	TAKEN
bestiality	TAKEN
clavicle	TAKEN
subservient	TAKEN
padding	TAKEN
gruel	TAKEN
news	TAKEN
asteroid	TAKEN
swerve	TAKEN
doodles	TAKEN
genie	TAKEN
cutters	TAKEN
queue	TAKEN
gondola	TAKEN
rooftop	TAKEN
depths	TAKEN
shaky	TAKEN
minors	TAKEN
manner	TAKEN
promises	TAKEN
hall	TAKEN
inference	TAKEN
prone	TAKEN
jumbled	TAKEN
fattest	TAKEN
stewardess	TAKEN
spell	TAKEN
untied	TAKEN
dolled	TAKEN
good	TAKEN
clutches	TAKEN
wrong	TAKEN
which	TAKEN
ringside	TAKEN
droves	TAKEN
angrier	TAKEN
orbit	TAKEN
acdbentity	TAKEN
gerald	TAKEN
gimp	TAKEN
alluring	TAKEN
wing	TAKEN
commuted	TAKEN
mississippi	TAKEN
overtired	TAKEN
trembl	TAKEN
headliner	TAKEN
superb	TAKEN
skeleton	TAKEN
credit	TAKEN
teenager	TAKEN
blinks	TAKEN
disturbance	TAKEN
viscous	TAKEN
liquored	TAKEN
lunatics	TAKEN
narrowing	TAKEN
compromise	TAKEN
unbearably	TAKEN
shaver	TAKEN
manhattan	TAKEN
rails	TAKEN
voodoo	TAKEN
guaranteed	TAKEN
bottled	TAKEN
coco	TAKEN
injection	TAKEN
boob	TAKEN
appraisal	TAKEN
chilly	TAKEN
shaven	TAKEN
warning	TAKEN
silken	TAKEN
clinical	TAKEN
arrogance	TAKEN
atmospheric	TAKEN
wets	TAKEN
counterpart	TAKEN
goof	TAKEN
performers	TAKEN
busiest	TAKEN
fugu	TAKEN
catholic	TAKEN
destruct	TAKEN
prescribes	TAKEN
rivalry	TAKEN
blowing	TAKEN
bunny	TAKEN
viewed	TAKEN
tickles	TAKEN
walling	TAKEN
sanitation	TAKEN
kenny	TAKEN
fangs	TAKEN
fizzled	TAKEN
flashbacks	TAKEN
baited	TAKEN
submitted	TAKEN
fantabulous	TAKEN
referee	TAKEN
clears	TAKEN
cane	TAKEN
certain	TAKEN
reprieve	TAKEN
garnet	TAKEN
innovation	TAKEN
read	TAKEN
easter	TAKEN
skylight	TAKEN
messengers	TAKEN
vertically	TAKEN
twits	TAKEN
bellies	TAKEN
headhunter	TAKEN
copier	TAKEN
rashes	TAKEN
reassigning	TAKEN
equestrian	TAKEN
knapsack	TAKEN
cleanser	TAKEN
stale	TAKEN
losses	TAKEN
actionable	TAKEN
became	TAKEN
honesty	TAKEN
bordering	TAKEN
thistle	TAKEN
blueprints	TAKEN
erased	TAKEN
mixer	TAKEN
toilets	TAKEN
predictions	TAKEN
blurb	TAKEN
katrina	TAKEN
sponsored	TAKEN
cashews	TAKEN
chronology	TAKEN
stigma	TAKEN
overdosed	TAKEN
eroding	TAKEN
dishonor	TAKEN
bombshell	TAKEN
stables	TAKEN
time	TAKEN
livesex	TAKEN
replacement	TAKEN
haircut	TAKEN
suspenders	TAKEN
canoe	TAKEN
poop	TAKEN
trophies	TAKEN
dorm	TAKEN
creeds	TAKEN
parenting	TAKEN
reared	TAKEN
smeared	TAKEN
attempting	TAKEN
chemistry	TAKEN
shawn	TAKEN
whining	TAKEN
epinephrine	TAKEN
survived	TAKEN
newsroom	TAKEN
depression	TAKEN
bowling	TAKEN
arrivals	TAKEN
expand	TAKEN
poll	TAKEN
asks	TAKEN
larry	TAKEN
numbness	TAKEN
shenanigans	TAKEN
overcrowded	TAKEN
spiders	TAKEN
computation	TAKEN
reassigned	TAKEN
various	TAKEN
valve	TAKEN
coolant	TAKEN
prayers	TAKEN
cranky	TAKEN
cuff	TAKEN
ignored	TAKEN
stationery	TAKEN
medicate	TAKEN
softer	TAKEN
tiramisu	TAKEN
savvy	TAKEN
comparable	TAKEN
abductions	TAKEN
uphold	TAKEN
waiters	TAKEN
chicks	TAKEN
losing	TAKEN
tapping	TAKEN
reinvented	TAKEN
solar	TAKEN
stubbed	TAKEN
branch	TAKEN
melons	TAKEN
forceful	TAKEN
scribbled	TAKEN
nuance	TAKEN
eventuality	TAKEN
ballpark	TAKEN
scrounging	TAKEN
interpreted	TAKEN
somehow	TAKEN
nonchalant	TAKEN
clinches	TAKEN
comparing	TAKEN
rifling	TAKEN
revealing	TAKEN
economic	TAKEN
heap	TAKEN
sideburns	TAKEN
limelight	TAKEN
primarily	TAKEN
employee	TAKEN
requiem	TAKEN
immune	TAKEN
louis	TAKEN
readout	TAKEN
apprehended	TAKEN
retention	TAKEN
mortar	TAKEN
charmed	TAKEN
maxi	TAKEN
standpoint	TAKEN
stiles	TAKEN
upgraded	TAKEN
legwork	TAKEN
october	TAKEN
residences	TAKEN
praise	TAKEN
beefs	TAKEN
reading	TAKEN
engine	TAKEN
sitcoms	TAKEN
sprite	TAKEN
cunts	TAKEN
angela	TAKEN
reds	TAKEN
adolescence	TAKEN
ticked	TAKEN
shatter	TAKEN
essence	TAKEN
backbone	TAKEN
creatively	TAKEN
sucks	TAKEN
continuum	TAKEN
cheated	TAKEN
enjoy	TAKEN
angeles	TAKEN
ecstasy	TAKEN
massages	TAKEN
filters	TAKEN
cohesive	TAKEN
emanates	TAKEN
undetected	TAKEN
pistachio	TAKEN
overstating	TAKEN
jumpsuit	TAKEN
gestation	TAKEN
embark	TAKEN
insults	TAKEN
standings	TAKEN
bigamy	TAKEN
bullies	TAKEN
princeton	TAKEN
oclc	TAKEN
moping	TAKEN
ordnance	TAKEN
sabbath	TAKEN
pile	TAKEN
glorified	TAKEN
anchor	TAKEN
floats	TAKEN
hates	TAKEN
antiquated	TAKEN
cdna	TAKEN
cinematic	TAKEN
genius	TAKEN
anthology	TAKEN
studying	TAKEN
religion	TAKEN
untamed	TAKEN
wagons	TAKEN
liars	TAKEN
sample	TAKEN
kiddies	TAKEN
dedication	TAKEN
narcissist	TAKEN
buzzed	TAKEN
prowess	TAKEN
vibrant	TAKEN
crowbar	TAKEN
tulle	TAKEN
referrals	TAKEN
unnecessary	TAKEN
thinning	TAKEN
demolition	TAKEN
consults	TAKEN
blasters	TAKEN
willfully	TAKEN
diminished	TAKEN
tireless	TAKEN
intestinal	TAKEN
pellet	TAKEN
immoral	TAKEN
stitched	TAKEN
fuck	TAKEN
unlovable	TAKEN
kelson	TAKEN
harpies	TAKEN
croft	TAKEN
benefactors	TAKEN
shift	TAKEN
syracuse	TAKEN
lessen	TAKEN
comprehend	TAKEN
baptized	TAKEN
cornball	TAKEN
prophets	TAKEN
bowing	TAKEN
absorbing	TAKEN
eventual	TAKEN
rudeness	TAKEN
loath	TAKEN
cradle	TAKEN
legacy	TAKEN
telling	TAKEN
luna	TAKEN
relaxing	TAKEN
stronger	TAKEN
nicks	TAKEN
drought	TAKEN
prosper	TAKEN
wrench	TAKEN
vitally	TAKEN
alameda	TAKEN
postcards	TAKEN
biology	TAKEN
comforter	TAKEN
integer	TAKEN
deceive	TAKEN
ointment	TAKEN
lyrical	TAKEN
tilted	TAKEN
idle	TAKEN
brats	TAKEN
adjustable	TAKEN
skeletons	TAKEN
edwards	TAKEN
alignment	TAKEN
cerebrum	TAKEN
taxation	TAKEN
disks	TAKEN
douche	TAKEN
make	TAKEN
debonair	TAKEN
encoded	TAKEN
pleaded	TAKEN
thinkers	TAKEN
redundancy	TAKEN
facial	TAKEN
sunny	TAKEN
dare	TAKEN
rooming	TAKEN
decor	TAKEN
carburetor	TAKEN
twigs	TAKEN
middies	TAKEN
inclusion	TAKEN
journalists	TAKEN
lady	TAKEN
woops	TAKEN
rogues	TAKEN
polyphonic	TAKEN
losers	TAKEN
professor	TAKEN
disloyal	TAKEN
sightless	TAKEN
pelvic	TAKEN
macaroni	TAKEN
humanity	TAKEN
panty	TAKEN
lenses	TAKEN
persistence	TAKEN
forklift	TAKEN
pussy	TAKEN
unpack	TAKEN
ricky	TAKEN
cutler	TAKEN
contestants	TAKEN
signs	TAKEN
gabby	TAKEN
hindu	TAKEN
trickier	TAKEN
violets	TAKEN
dave	TAKEN
sprints	TAKEN
salvaging	TAKEN
crunches	TAKEN
church	TAKEN
pervert	TAKEN
poppy	TAKEN
rioja	TAKEN
chopper	TAKEN
tread	TAKEN
clipping	TAKEN
caused	TAKEN
swearing	TAKEN
peasant	TAKEN
versus	TAKEN
putter	TAKEN
introduced	TAKEN
parlour	TAKEN
duchess	TAKEN
cardiac	TAKEN
sacrilege	TAKEN
hotter	TAKEN
rethought	TAKEN
praised	TAKEN
barged	TAKEN
knifed	TAKEN
msie	TAKEN
soaps	TAKEN
invoke	TAKEN
tarts	TAKEN
healed	TAKEN
holing	TAKEN
traveller	TAKEN
tuxedos	TAKEN
indoor	TAKEN
unfunny	TAKEN
live	TAKEN
forum	TAKEN
woke	TAKEN
follow	TAKEN
peripheral	TAKEN
conclusions	TAKEN
carmine	TAKEN
parallel	TAKEN
offend	TAKEN
accepted	TAKEN
visitor	TAKEN
inbred	TAKEN
abreast	TAKEN
reenter	TAKEN
break	TAKEN
guides	TAKEN
marvel	TAKEN
stunned	TAKEN
linebacker	TAKEN
beeper	TAKEN
maharajah	TAKEN
literary	TAKEN
raiders	TAKEN
listprice	TAKEN
bolster	TAKEN
lawyer	TAKEN
netscape	TAKEN
uterus	TAKEN
edited	TAKEN
programme	TAKEN
teeth	TAKEN
flinching	TAKEN
underwear	TAKEN
forced	TAKEN
ravishing	TAKEN
unmarried	TAKEN
instructor	TAKEN
espressos	TAKEN
tampered	TAKEN
mutilated	TAKEN
leonard	TAKEN
imagination	TAKEN
eucalyptus	TAKEN
engineered	TAKEN
merchants	TAKEN
gunned	TAKEN
aggregate	TAKEN
kasha	TAKEN
diet	TAKEN
cabaret	TAKEN
doctors	TAKEN
femmes	TAKEN
lanka	TAKEN
diarrhea	TAKEN
radically	TAKEN
admire	TAKEN
feeling	TAKEN
impose	TAKEN
midlands	TAKEN
hokey	TAKEN
gossiping	TAKEN
frequencies	TAKEN
undivided	TAKEN
carcinogens	TAKEN
lovers	TAKEN
flea	TAKEN
virgin	TAKEN
thongs	TAKEN
gliding	TAKEN
paddy	TAKEN
pity	TAKEN
aardvark	TAKEN
partridge	TAKEN
trapping	TAKEN
spit	TAKEN
regression	TAKEN
pavement	TAKEN
unusually	TAKEN
shorted	TAKEN
converter	TAKEN
lima	TAKEN
colonies	TAKEN
sort	TAKEN
take	TAKEN
astrology	TAKEN
bump	TAKEN
entity	TAKEN
selected	TAKEN
armaments	TAKEN
sunflowers	TAKEN
pupil	TAKEN
clientele	TAKEN
prices	TAKEN
capitalize	TAKEN
wholly	TAKEN
licorice	TAKEN
trend	TAKEN
irritated	TAKEN
negligee	TAKEN
potting	TAKEN
trainers	TAKEN
shining	TAKEN
hallmark	TAKEN
veteran	TAKEN
prejudice	TAKEN
showcase	TAKEN
proceeded	TAKEN
deli	TAKEN
amen	TAKEN
obscurity	TAKEN
sacramento	TAKEN
mention	TAKEN
keith	TAKEN
downstairs	TAKEN
seamen	TAKEN
phone	TAKEN
nick	TAKEN
silliness	TAKEN
masculine	TAKEN
believe	TAKEN
rituals	TAKEN
injure	TAKEN
crusader	TAKEN
roost	TAKEN
handle	TAKEN
fittest	TAKEN
hesitate	TAKEN
horsemen	TAKEN
liaison	TAKEN
pygmy	TAKEN
rebounds	TAKEN
moneys	TAKEN
seascape	TAKEN
moderation	TAKEN
kroner	TAKEN
loan	TAKEN
umbilical	TAKEN
plain	TAKEN
aruba	TAKEN
orderlies	TAKEN
cessation	TAKEN
tanks	TAKEN
defending	TAKEN
mousse	TAKEN
salsa	TAKEN
disinherit	TAKEN
enable	TAKEN
peculiar	TAKEN
astral	TAKEN
curing	TAKEN
surrey	TAKEN
letting	TAKEN
isolate	TAKEN
impact	TAKEN
assignments	TAKEN
plains	TAKEN
populated	TAKEN
koala	TAKEN
squander	TAKEN
deluxe	TAKEN
analogy	TAKEN
comforted	TAKEN
oral	TAKEN
thorns	TAKEN
ruptured	TAKEN
chronicle	TAKEN
literally	TAKEN
mints	TAKEN
fortified	TAKEN
rudimentary	TAKEN
alienated	TAKEN
reaction	TAKEN
chickadee	TAKEN
agitation	TAKEN
urinary	TAKEN
doorbell	TAKEN
banker	TAKEN
deferred	TAKEN
kodak	TAKEN
ventricular	TAKEN
manufacture	TAKEN
timetable	TAKEN
paramour	TAKEN
ellen	TAKEN
disservice	TAKEN
asshole	TAKEN
grease	TAKEN
concise	TAKEN
colleen	TAKEN
teacher	TAKEN
apprehend	TAKEN
dynamics	TAKEN
colonists	TAKEN
wholesaler	TAKEN
newly	TAKEN
sweeps	TAKEN
kayaking	TAKEN
wailing	TAKEN
assurance	TAKEN
robbie	TAKEN
revere	TAKEN
brazen	TAKEN
callous	TAKEN
enamored	TAKEN
resentful	TAKEN
filmmakers	TAKEN
programmers	TAKEN
commiserate	TAKEN
schemes	TAKEN
fugue	TAKEN
ships	TAKEN
firemen	TAKEN
retaining	TAKEN
weekends	TAKEN
xerox	TAKEN
intensely	TAKEN
facials	TAKEN
pocketbook	TAKEN
turnaround	TAKEN
tailor	TAKEN
earthquakes	TAKEN
handwriting	TAKEN
diagnostic	TAKEN
deduction	TAKEN
dusty	TAKEN
spool	TAKEN
tepid	TAKEN
lightening	TAKEN
passed	TAKEN
peru	TAKEN
exactly	TAKEN
boilers	TAKEN
webcast	TAKEN
abolish	TAKEN
estimate	TAKEN
riot	TAKEN
audited	TAKEN
tacos	TAKEN
bernard	TAKEN
belabor	TAKEN
commandment	TAKEN
choirs	TAKEN
herald	TAKEN
cloves	TAKEN
commander	TAKEN
onto	TAKEN
peeved	TAKEN
refrain	TAKEN
organizer	TAKEN
carnival	TAKEN
destructive	TAKEN
charter	TAKEN
agency	TAKEN
turned	TAKEN
buffalo	TAKEN
lesson	TAKEN
quotation	TAKEN
hang	TAKEN
sickened	TAKEN
mulch	TAKEN
patently	TAKEN
units	TAKEN
sociable	TAKEN
casket	TAKEN
dance	TAKEN
maryland	TAKEN
repeat	TAKEN
commodities	TAKEN
hare	TAKEN
chuckles	TAKEN
mannered	TAKEN
pilgrimage	TAKEN
reviews	TAKEN
cameras	TAKEN
miracles	TAKEN
fault	TAKEN
impropriety	TAKEN
sluggish	TAKEN
imperative	TAKEN
casing	TAKEN
distraught	TAKEN
founding	TAKEN
scoping	TAKEN
dobbins	TAKEN
glances	TAKEN
analytical	TAKEN
obnoxious	TAKEN
failures	TAKEN
packets	TAKEN
rowboat	TAKEN
stumper	TAKEN
outer	TAKEN
gouged	TAKEN
kink	TAKEN
stakeout	TAKEN
witchy	TAKEN
tragedies	TAKEN
stipulates	TAKEN
huckster	TAKEN
mocking	TAKEN
lifting	TAKEN
prompt	TAKEN
testimony	TAKEN
blanket	TAKEN
outskirts	TAKEN
expose	TAKEN
puree	TAKEN
madmen	TAKEN
primary	TAKEN
shrinkage	TAKEN
relevance	TAKEN
scribble	TAKEN
barring	TAKEN
swordfish	TAKEN
daring	TAKEN
educated	TAKEN
shalom	TAKEN
enjoys	TAKEN
sheriff	TAKEN
cleansing	TAKEN
legalizing	TAKEN
rodman	TAKEN
blasphemy	TAKEN
granny	TAKEN
evaluation	TAKEN
spaceship	TAKEN
redskins	TAKEN
concert	TAKEN
fuji	TAKEN
pessimist	TAKEN
locations	TAKEN
shrub	TAKEN
truffles	TAKEN
bonehead	TAKEN
recruitment	TAKEN
warrior	TAKEN
hibernation	TAKEN
stuck	TAKEN
comer	TAKEN
bikini	TAKEN
rushing	TAKEN
smiling	TAKEN
conceivable	TAKEN
glazer	TAKEN
fruition	TAKEN
riviera	TAKEN
chaperoning	TAKEN
intertwined	TAKEN
firefight	TAKEN
brouhaha	TAKEN
mandate	TAKEN
catalog	TAKEN
certified	TAKEN
observer	TAKEN
bleak	TAKEN
efficiently	TAKEN
enrage	TAKEN
subpoena	TAKEN
bluster	TAKEN
concepts	TAKEN
grams	TAKEN
bisque	TAKEN
bonus	TAKEN
newton	TAKEN
savor	TAKEN
deities	TAKEN
chart	TAKEN
sparky	TAKEN
kind	TAKEN
sesterces	TAKEN
dryers	TAKEN
extremities	TAKEN
odious	TAKEN
skag	TAKEN
nearest	TAKEN
samsung	TAKEN
doubting	TAKEN
macromedia	TAKEN
rehash	TAKEN
bitches	TAKEN
whiz	TAKEN
arches	TAKEN
aloud	TAKEN
desserts	TAKEN
wording	TAKEN
paintbrush	TAKEN
charlies	TAKEN
mechanics	TAKEN
overalls	TAKEN
belonged	TAKEN
hurley	TAKEN
unjustly	TAKEN
rave	TAKEN
larger	TAKEN
dalton	TAKEN
totalled	TAKEN
sweeter	TAKEN
premium	TAKEN
ineffective	TAKEN
speedboat	TAKEN
brokerage	TAKEN
pore	TAKEN
harlot	TAKEN
telepathy	TAKEN
whistler	TAKEN
petroleum	TAKEN
sputnik	TAKEN
systematic	TAKEN
puffs	TAKEN
molecule	TAKEN
soma	TAKEN
historian	TAKEN
doses	TAKEN
agreeable	TAKEN
incredible	TAKEN
tiptoe	TAKEN
perpetrator	TAKEN
lecturing	TAKEN
munchkin	TAKEN
sustenance	TAKEN
crier	TAKEN
symbolizes	TAKEN
tourism	TAKEN
elementary	TAKEN
seated	TAKEN
karat	TAKEN
documented	TAKEN
toolbar	TAKEN
squish	TAKEN
eater	TAKEN
manna	TAKEN
shitty	TAKEN
swimsuits	TAKEN
applicable	TAKEN
divulged	TAKEN
underpaid	TAKEN
zephyr	TAKEN
sullen	TAKEN
wild	TAKEN
david	TAKEN
vertigo	TAKEN
muggy	TAKEN
hardy	TAKEN
salted	TAKEN
hides	TAKEN
riddles	TAKEN
eclectic	TAKEN
ottoman	TAKEN
squaw	TAKEN
stakeouts	TAKEN
tapes	TAKEN
redheads	TAKEN
sharpest	TAKEN
boutique	TAKEN
trashy	TAKEN
charm	TAKEN
nelson	TAKEN
dover	TAKEN
paging	TAKEN
flavors	TAKEN
vascular	TAKEN
example	TAKEN
shebang	TAKEN
pooch	TAKEN
whee	TAKEN
helpful	TAKEN
morbid	TAKEN
jefferson	TAKEN
adds	TAKEN
barbara	TAKEN
slings	TAKEN
prattling	TAKEN
lark	TAKEN
deutschland	TAKEN
yodel	TAKEN
population	TAKEN
image	TAKEN
softening	TAKEN
homepage	TAKEN
filmed	TAKEN
forcing	TAKEN
nintendo	TAKEN
deserter	TAKEN
stripes	TAKEN
indicating	TAKEN
recognizes	TAKEN
traveling	TAKEN
briar	TAKEN
fags	TAKEN
agitate	TAKEN
record	TAKEN
norwegian	TAKEN
officiate	TAKEN
hymn	TAKEN
third	TAKEN
eyesore	TAKEN
deficient	TAKEN
carey	TAKEN
sure	TAKEN
bandit	TAKEN
janitor	TAKEN
thrall	TAKEN
drawings	TAKEN
boredom	TAKEN
snuggled	TAKEN
rolls	TAKEN
recorder	TAKEN
melodrama	TAKEN
clop	TAKEN
towels	TAKEN
sewed	TAKEN
gunshots	TAKEN
pleasuring	TAKEN
commute	TAKEN
fields	TAKEN
urgent	TAKEN
wreaths	TAKEN
scarecrow	TAKEN
rides	TAKEN
munitions	TAKEN
reach	TAKEN
damage	TAKEN
outfitted	TAKEN
mastermind	TAKEN
sacrifices	TAKEN
waitress	TAKEN
ticklish	TAKEN
batter	TAKEN
barnacle	TAKEN
investor	TAKEN
outcome	TAKEN
offends	TAKEN
sobered	TAKEN
compression	TAKEN
warped	TAKEN
dislodge	TAKEN
embezzling	TAKEN
suit	TAKEN
volunteers	TAKEN
sellers	TAKEN
homer	TAKEN
quitters	TAKEN
ducking	TAKEN
dissent	TAKEN
boozer	TAKEN
liners	TAKEN
compost	TAKEN
shabbily	TAKEN
darwin	TAKEN
slam	TAKEN
winding	TAKEN
emperor	TAKEN
improved	TAKEN
corridor	TAKEN
aluminum	TAKEN
notoriously	TAKEN
garmin	TAKEN
jubilee	TAKEN
lacy	TAKEN
graph	TAKEN
rumpled	TAKEN
bagging	TAKEN
louisiana	TAKEN
afternoons	TAKEN
leaves	TAKEN
gags	TAKEN
burgeoning	TAKEN
righteous	TAKEN
auditor	TAKEN
arrested	TAKEN
plaintiff	TAKEN
calvin	TAKEN
epsilon	TAKEN
governance	TAKEN
maintains	TAKEN
finch	TAKEN
dandruff	TAKEN
amanda	TAKEN
exclamation	TAKEN
tended	TAKEN
oppose	TAKEN
bungalow	TAKEN
crises	TAKEN
swaying	TAKEN
rancid	TAKEN
inline	TAKEN
custard	TAKEN
bake	TAKEN
forged	TAKEN
vocation	TAKEN
waterloo	TAKEN
brin	TAKEN
houseguests	TAKEN
patsy	TAKEN
enforced	TAKEN
edit	TAKEN
biotech	TAKEN
beliefs	TAKEN
specifies	TAKEN
pelt	TAKEN
cupcake	TAKEN
integration	TAKEN
brazilian	TAKEN
wrecks	TAKEN
slavery	TAKEN
hopped	TAKEN
donors	TAKEN
weakling	TAKEN
imbecile	TAKEN
tolerated	TAKEN
cobbler	TAKEN
portland	TAKEN
romping	TAKEN
transcends	TAKEN
freelance	TAKEN
arteries	TAKEN
rubble	TAKEN
jujitsu	TAKEN
corral	TAKEN
enquiries	TAKEN
survey	TAKEN
yachts	TAKEN
attained	TAKEN
natural	TAKEN
whereabouts	TAKEN
vent	TAKEN
skateboards	TAKEN
women	TAKEN
shameful	TAKEN
female	TAKEN
phpbb	TAKEN
cheap	TAKEN
purer	TAKEN
discreetly	TAKEN
enables	TAKEN
robbers	TAKEN
sided	TAKEN
therein	TAKEN
sunflower	TAKEN
septic	TAKEN
dresser	TAKEN
indignities	TAKEN
nauseous	TAKEN
kilter	TAKEN
gates	TAKEN
secrets	TAKEN
disgraced	TAKEN
rich	TAKEN
holocaust	TAKEN
dinks	TAKEN
pilots	TAKEN
sexier	TAKEN
caffeinated	TAKEN
toasty	TAKEN
hordes	TAKEN
encore	TAKEN
admission	TAKEN
affection	TAKEN
primordial	TAKEN
pickpocket	TAKEN
wrought	TAKEN
perfumes	TAKEN
felt	TAKEN
fisherman	TAKEN
persian	TAKEN
stanley	TAKEN
deodorant	TAKEN
slur	TAKEN
elude	TAKEN
mishap	TAKEN
stupor	TAKEN
toothpaste	TAKEN
mince	TAKEN
paperbacks	TAKEN
tambourine	TAKEN
pesky	TAKEN
telegraph	TAKEN
unwashed	TAKEN
affiliates	TAKEN
cheerio	TAKEN
semantics	TAKEN
bother	TAKEN
omelettes	TAKEN
recharge	TAKEN
preschool	TAKEN
hayes	TAKEN
memphis	TAKEN
shriek	TAKEN
garcia	TAKEN
jungles	TAKEN
drier	TAKEN
bladders	TAKEN
serenade	TAKEN
basking	TAKEN
malfeasance	TAKEN
clumsiness	TAKEN
homos	TAKEN
cranny	TAKEN
widow	TAKEN
andrea	TAKEN
angiogram	TAKEN
resume	TAKEN
switches	TAKEN
thirsty	TAKEN
yammering	TAKEN
resentment	TAKEN
vacations	TAKEN
pacific	TAKEN
evade	TAKEN
virtual	TAKEN
brag	TAKEN
yardstick	TAKEN
education	TAKEN
sweetest	TAKEN
chaplain	TAKEN
shoal	TAKEN
roaming	TAKEN
explosion	TAKEN
unfaithful	TAKEN
widower	TAKEN
pops	TAKEN
denied	TAKEN
resolute	TAKEN
housebroken	TAKEN
brainiest	TAKEN
walked	TAKEN
triggers	TAKEN
weenies	TAKEN
stylings	TAKEN
ports	TAKEN
idiot	TAKEN
clothes	TAKEN
towers	TAKEN
yelled	TAKEN
staffers	TAKEN
teamed	TAKEN
fascination	TAKEN
include	TAKEN
giraffe	TAKEN
forces	TAKEN
clash	TAKEN
cartels	TAKEN
glimpsed	TAKEN
sirree	TAKEN
waist	TAKEN
joint	TAKEN
racial	TAKEN
primping	TAKEN
crooks	TAKEN
eavesdrop	TAKEN
fortieth	TAKEN
surging	TAKEN
calendar	TAKEN
unfreezing	TAKEN
exploring	TAKEN
entrapment	TAKEN
filing	TAKEN
hooray	TAKEN
washes	TAKEN
longs	TAKEN
blurting	TAKEN
mystified	TAKEN
buyer	TAKEN
pianos	TAKEN
arsenal	TAKEN
exiled	TAKEN
sexual	TAKEN
admiration	TAKEN
plaguing	TAKEN
invoices	TAKEN
zimbabwe	TAKEN
wreckage	TAKEN
horse	TAKEN
lobes	TAKEN
harden	TAKEN
imminent	TAKEN
untouched	TAKEN
chalkboard	TAKEN
ambush	TAKEN
overkill	TAKEN
profit	TAKEN
smelled	TAKEN
density	TAKEN
reclusive	TAKEN
kijiji	TAKEN
dozens	TAKEN
bliss	TAKEN
mime	TAKEN
dead	TAKEN
craze	TAKEN
latitude	TAKEN
pouring	TAKEN
auctions	TAKEN
dimming	TAKEN
snowy	TAKEN
initiative	TAKEN
brim	TAKEN
keyhole	TAKEN
fruity	TAKEN
pickles	TAKEN
highways	TAKEN
jerky	TAKEN
hellish	TAKEN
wholesale	TAKEN
deductions	TAKEN
smite	TAKEN
partnered	TAKEN
intrigues	TAKEN
waving	TAKEN
sense	TAKEN
muggers	TAKEN
sade	TAKEN
baker	TAKEN
eddie	TAKEN
collateral	TAKEN
fined	TAKEN
eyebrow	TAKEN
aloe	TAKEN
dojo	TAKEN
excites	TAKEN
horrible	TAKEN
taxed	TAKEN
category	TAKEN
overstep	TAKEN
pushers	TAKEN
given	TAKEN
mate	TAKEN
nomadic	TAKEN
aced	TAKEN
minimums	TAKEN
signaling	TAKEN
enforcer	TAKEN
vote	TAKEN
sidebar	TAKEN
beginnings	TAKEN
clone	TAKEN
hernias	TAKEN
upload	TAKEN
auckland	TAKEN
debated	TAKEN
austria	TAKEN
assembly	TAKEN
naval	TAKEN
rubbing	TAKEN
imbued	TAKEN
releasing	TAKEN
workshops	TAKEN
popcorn	TAKEN
amends	TAKEN
yanking	TAKEN
shad	TAKEN
chilling	TAKEN
limes	TAKEN
economies	TAKEN
stopping	TAKEN
noun	TAKEN
holdem	TAKEN
color	TAKEN
skate	TAKEN
loveable	TAKEN
sweeping	TAKEN
brewing	TAKEN
barf	TAKEN
chiffon	TAKEN
sophomore	TAKEN
last	TAKEN
nymph	TAKEN
mite	TAKEN
sprain	TAKEN
handout	TAKEN
testifying	TAKEN
argue	TAKEN
helpers	TAKEN
forgiveness	TAKEN
mediator	TAKEN
terminating	TAKEN
craftsmen	TAKEN
dropout	TAKEN
dreamed	TAKEN
magnify	TAKEN
awry	TAKEN
cheers	TAKEN
hotel	TAKEN
boring	TAKEN
caymans	TAKEN
shopkeeper	TAKEN
alerted	TAKEN
clicked	TAKEN
tripping	TAKEN
interested	TAKEN
boosters	TAKEN
landscaping	TAKEN
toys	TAKEN
gawk	TAKEN
favoritism	TAKEN
sheds	TAKEN
excused	TAKEN
shorthand	TAKEN
fetish	TAKEN
outlive	TAKEN
enlightened	TAKEN
quake	TAKEN
livid	TAKEN
strife	TAKEN
usher	TAKEN
strenuous	TAKEN
broiler	TAKEN
residue	TAKEN
gilded	TAKEN
farina	TAKEN
firm	TAKEN
very	TAKEN
jellyfish	TAKEN
incinerate	TAKEN
dive	TAKEN
purchased	TAKEN
staffer	TAKEN
freeze	TAKEN
details	TAKEN
butlers	TAKEN
stymied	TAKEN
ketchup	TAKEN
flyer	TAKEN
bondage	TAKEN
knocking	TAKEN
sand	TAKEN
invested	TAKEN
sculptor	TAKEN
puke	TAKEN
sham	TAKEN
rapists	TAKEN
baton	TAKEN
gull	TAKEN
abortion	TAKEN
raping	TAKEN
snowflake	TAKEN
ripple	TAKEN
colossal	TAKEN
carrots	TAKEN
flour	TAKEN
modem	TAKEN
commons	TAKEN
clouds	TAKEN
picked	TAKEN
dripping	TAKEN
starts	TAKEN
vault	TAKEN
african	TAKEN
raleigh	TAKEN
mountain	TAKEN
achieving	TAKEN
napkins	TAKEN
decadence	TAKEN
shampoo	TAKEN
lance	TAKEN
tiger	TAKEN
barometer	TAKEN
vespers	TAKEN
squinting	TAKEN
surpass	TAKEN
headpiece	TAKEN
multiple	TAKEN
orchestra	TAKEN
burner	TAKEN
stapler	TAKEN
mouse	TAKEN
incite	TAKEN
orgasm	TAKEN
draws	TAKEN
formality	TAKEN
hugged	TAKEN
since	TAKEN
nevermore	TAKEN
cowboy	TAKEN
expedia	TAKEN
meta	TAKEN
flail	TAKEN
snack	TAKEN
deviation	TAKEN
roland	TAKEN
fads	TAKEN
metabolic	TAKEN
supplements	TAKEN
executions	TAKEN
huts	TAKEN
boarded	TAKEN
corpse	TAKEN
ripples	TAKEN
filme	TAKEN
womanizing	TAKEN
dearest	TAKEN
symbolism	TAKEN
vaccinated	TAKEN
lasagna	TAKEN
arose	TAKEN
disciplines	TAKEN
faulty	TAKEN
inhalation	TAKEN
faculties	TAKEN
sergeant	TAKEN
nocturnal	TAKEN
columbia	TAKEN
cleanse	TAKEN
dingle	TAKEN
irish	TAKEN
destruction	TAKEN
toronto	TAKEN
embodied	TAKEN
income	TAKEN
rogers	TAKEN
relocate	TAKEN
teal	TAKEN
accounts	TAKEN
ponytail	TAKEN
eighteenth	TAKEN
inflation	TAKEN
cats	TAKEN
materials	TAKEN
campbell	TAKEN
stoke	TAKEN
dove	TAKEN
embalming	TAKEN
desolate	TAKEN
finger	TAKEN
dancing	TAKEN
recurring	TAKEN
relics	TAKEN
temper	TAKEN
lolly	TAKEN
ping	TAKEN
expected	TAKEN
hamster	TAKEN
ceremony	TAKEN
bronco	TAKEN
plums	TAKEN
grossed	TAKEN
ajar	TAKEN
public	TAKEN
adjourned	TAKEN
angrily	TAKEN
nihilist	TAKEN
prevented	TAKEN
honourable	TAKEN
southwest	TAKEN
divided	TAKEN
bring	TAKEN
pivot	TAKEN
bash	TAKEN
survive	TAKEN
pulled	TAKEN
alastor	TAKEN
insurance	TAKEN
decisive	TAKEN
licking	TAKEN
protected	TAKEN
parlor	TAKEN
bridges	TAKEN
sings	TAKEN
cream	TAKEN
sunscreen	TAKEN
aqua	TAKEN
construct	TAKEN
recipes	TAKEN
alight	TAKEN
fatigues	TAKEN
repayment	TAKEN
classes	TAKEN
cased	TAKEN
airline	TAKEN
segue	TAKEN
pounds	TAKEN
smackers	TAKEN
vera	TAKEN
users	TAKEN
unsealed	TAKEN
continuance	TAKEN
defected	TAKEN
firmware	TAKEN
remove	TAKEN
howto	TAKEN
pronounced	TAKEN
hairdo	TAKEN
summon	TAKEN
larch	TAKEN
interfering	TAKEN
jiggly	TAKEN
waif	TAKEN
unexplained	TAKEN
litigation	TAKEN
garden	TAKEN
demanded	TAKEN
associating	TAKEN
balcony	TAKEN
oddball	TAKEN
viral	TAKEN
contrast	TAKEN
haunt	TAKEN
mean	TAKEN
introduce	TAKEN
breezy	TAKEN
worried	TAKEN
hosting	TAKEN
croak	TAKEN
custodian	TAKEN
matthew	TAKEN
forgave	TAKEN
pandora	TAKEN
borderline	TAKEN
trey	TAKEN
ginseng	TAKEN
kidney	TAKEN
agile	TAKEN
psycho	TAKEN
brian	TAKEN
accountant	TAKEN
ornaments	TAKEN
fuller	TAKEN
lonesome	TAKEN
canoes	TAKEN
boom	TAKEN
untrained	TAKEN
tart	TAKEN
fraction	TAKEN
mortified	TAKEN
rubes	TAKEN
unconscious	TAKEN
assigned	TAKEN
platters	TAKEN
core	TAKEN
dunking	TAKEN
ligament	TAKEN
closes	TAKEN
banned	TAKEN
save	TAKEN
molly	TAKEN
unless	TAKEN
fake	TAKEN
pirated	TAKEN
airman	TAKEN
omnipotent	TAKEN
powder	TAKEN
wiggly	TAKEN
steppe	TAKEN
shackles	TAKEN
element	TAKEN
rupture	TAKEN
poisons	TAKEN
downs	TAKEN
flammable	TAKEN
kills	TAKEN
advertise	TAKEN
tactic	TAKEN
blips	TAKEN
troublesome	TAKEN
chameleon	TAKEN
cambridge	TAKEN
visas	TAKEN
state	TAKEN
hype	TAKEN
understand	TAKEN
retribution	TAKEN
pastrami	TAKEN
fucking	TAKEN
diving	TAKEN
images	TAKEN
driveways	TAKEN
handball	TAKEN
storybook	TAKEN
recordings	TAKEN
grocer	TAKEN
pouting	TAKEN
temps	TAKEN
humbling	TAKEN
helps	TAKEN
fountain	TAKEN
stays	TAKEN
fares	TAKEN
disallowed	TAKEN
carpenter	TAKEN
melbourne	TAKEN
pillars	TAKEN
amateur	TAKEN
slogan	TAKEN
stand	TAKEN
paddling	TAKEN
lookouts	TAKEN
published	TAKEN
ingest	TAKEN
courtesy	TAKEN
memos	TAKEN
gardener	TAKEN
throat	TAKEN
mayday	TAKEN
glengarry	TAKEN
bargain	TAKEN
restraints	TAKEN
visage	TAKEN
downed	TAKEN
allegiance	TAKEN
sway	TAKEN
uncommon	TAKEN
quarantine	TAKEN
moldova	TAKEN
kelp	TAKEN
nineteen	TAKEN
unlisted	TAKEN
rocker	TAKEN
fresher	TAKEN
homo	TAKEN
canceling	TAKEN
rogue	TAKEN
infliction	TAKEN
raid	TAKEN
awakening	TAKEN
soberly	TAKEN
parenthood	TAKEN
extreme	TAKEN
aims	TAKEN
wichita	TAKEN
evaluated	TAKEN
parked	TAKEN
abstain	TAKEN
daisies	TAKEN
probation	TAKEN
consumer	TAKEN
boner	TAKEN
automobiles	TAKEN
nutmeg	TAKEN
posters	TAKEN
joker	TAKEN
starlets	TAKEN
reprogram	TAKEN
owning	TAKEN
hell	TAKEN
swami	TAKEN
criminology	TAKEN
publicly	TAKEN
eight	TAKEN
legally	TAKEN
graders	TAKEN
marital	TAKEN
outspoken	TAKEN
inhabitants	TAKEN
appeals	TAKEN
brunch	TAKEN
decrease	TAKEN
roles	TAKEN
cuddles	TAKEN
jollies	TAKEN
swear	TAKEN
temporal	TAKEN
sushi	TAKEN
uzbekistan	TAKEN
student	TAKEN
hypodermic	TAKEN
heartthrob	TAKEN
screwing	TAKEN
criminally	TAKEN
difficult	TAKEN
invaders	TAKEN
sycamore	TAKEN
monastery	TAKEN
gluttony	TAKEN
sloshed	TAKEN
acclaim	TAKEN
bookcase	TAKEN
persuade	TAKEN
dilemma	TAKEN
pounce	TAKEN
vessel	TAKEN
riveted	TAKEN
photograph	TAKEN
trivia	TAKEN
textile	TAKEN
forfeits	TAKEN
celebrates	TAKEN
counsel	TAKEN
nervous	TAKEN
tenement	TAKEN
plush	TAKEN
confirms	TAKEN
jellies	TAKEN
practise	TAKEN
disregard	TAKEN
envied	TAKEN
unfriendly	TAKEN
coop	TAKEN
lippy	TAKEN
disgust	TAKEN
slung	TAKEN
chad	TAKEN
dislike	TAKEN
beheading	TAKEN
swoops	TAKEN
mags	TAKEN
sturgeon	TAKEN
zooming	TAKEN
outward	TAKEN
meddling	TAKEN
enchanting	TAKEN
harsh	TAKEN
massively	TAKEN
dispatched	TAKEN
radishes	TAKEN
candlelight	TAKEN
grasp	TAKEN
portrays	TAKEN
mass	TAKEN
demo	TAKEN
gentle	TAKEN
carving	TAKEN
decade	TAKEN
jail	TAKEN
dandelions	TAKEN
sage	TAKEN
peril	TAKEN
engagements	TAKEN
warms	TAKEN
floors	TAKEN
muskie	TAKEN
femme	TAKEN
spending	TAKEN
skier	TAKEN
handjobs	TAKEN
presiding	TAKEN
alimony	TAKEN
engaging	TAKEN
brie	TAKEN
bankroll	TAKEN
squid	TAKEN
jelly	TAKEN
partly	TAKEN
learned	TAKEN
collected	TAKEN
annoyances	TAKEN
voter	TAKEN
provides	TAKEN
auditorium	TAKEN
staffed	TAKEN
killers	TAKEN
ordinary	TAKEN
logging	TAKEN
tycoon	TAKEN
spare	TAKEN
lanyard	TAKEN
refugees	TAKEN
relish	TAKEN
twosome	TAKEN
chime	TAKEN
provisions	TAKEN
ranging	TAKEN
bicycle	TAKEN
probe	TAKEN
yearly	TAKEN
jacking	TAKEN
jingle	TAKEN
minuses	TAKEN
inopportune	TAKEN
abbot	TAKEN
impostor	TAKEN
rhetorical	TAKEN
reopening	TAKEN
shrugged	TAKEN
none	TAKEN
awareness	TAKEN
afforded	TAKEN
manticore	TAKEN
bottles	TAKEN
classmates	TAKEN
heel	TAKEN
smorgasbord	TAKEN
trails	TAKEN
burns	TAKEN
stirring	TAKEN
wheezing	TAKEN
pearly	TAKEN
untouchable	TAKEN
rein	TAKEN
degrade	TAKEN
casey	TAKEN
stimulus	TAKEN
telly	TAKEN
pajamas	TAKEN
underline	TAKEN
harass	TAKEN
prognosis	TAKEN
listeners	TAKEN
prefers	TAKEN
guilt	TAKEN
glanced	TAKEN
lawnmower	TAKEN
shakira	TAKEN
upwards	TAKEN
ugliness	TAKEN
sprouted	TAKEN
hook	TAKEN
puppet	TAKEN
enforcing	TAKEN
handling	TAKEN
think	TAKEN
gunfire	TAKEN
switzerland	TAKEN
tense	TAKEN
colours	TAKEN
withdrew	TAKEN
concentric	TAKEN
loos	TAKEN
spawned	TAKEN
bizarre	TAKEN
dealers	TAKEN
oftentimes	TAKEN
flicker	TAKEN
nuts	TAKEN
slowing	TAKEN
deposed	TAKEN
carnie	TAKEN
heaps	TAKEN
cougars	TAKEN
furthest	TAKEN
pacifist	TAKEN
prosecuting	TAKEN
flexing	TAKEN
maya	TAKEN
swan	TAKEN
squire	TAKEN
bloke	TAKEN
court	TAKEN
canteen	TAKEN
portions	TAKEN
aunties	TAKEN
veranda	TAKEN
bestowed	TAKEN
meltdown	TAKEN
exhale	TAKEN
curtains	TAKEN
glucose	TAKEN
customarily	TAKEN
playful	TAKEN
queen	TAKEN
cloudy	TAKEN
rathole	TAKEN
banzai	TAKEN
bloom	TAKEN
hocks	TAKEN
regarded	TAKEN
borough	TAKEN
blissfully	TAKEN
seed	TAKEN
luke	TAKEN
digest	TAKEN
pioneer	TAKEN
pitchfork	TAKEN
fragrance	TAKEN
malignant	TAKEN
declining	TAKEN
veggies	TAKEN
picnics	TAKEN
simpletons	TAKEN
routing	TAKEN
automatic	TAKEN
satisfying	TAKEN
garland	TAKEN
operation	TAKEN
damning	TAKEN
startled	TAKEN
heft	TAKEN
spacing	TAKEN
sacks	TAKEN
removal	TAKEN
snowing	TAKEN
fictional	TAKEN
opium	TAKEN
manhandle	TAKEN
specialist	TAKEN
unpunished	TAKEN
tolerance	TAKEN
alleys	TAKEN
sharpens	TAKEN
caboose	TAKEN
mortars	TAKEN
erratic	TAKEN
rots	TAKEN
applies	TAKEN
studly	TAKEN
stressful	TAKEN
fathers	TAKEN
drops	TAKEN
basename	TAKEN
tiles	TAKEN
trattoria	TAKEN
changes	TAKEN
citizen	TAKEN
lodging	TAKEN
captains	TAKEN
luau	TAKEN
pimped	TAKEN
tailing	TAKEN
shoes	TAKEN
garibaldi	TAKEN
muck	TAKEN
tells	TAKEN
pets	TAKEN
admit	TAKEN
distant	TAKEN
naturally	TAKEN
ridiculed	TAKEN
worn	TAKEN
clinging	TAKEN
spotted	TAKEN
honest	TAKEN
discrepancy	TAKEN
elephant	TAKEN
shithead	TAKEN
plowing	TAKEN
erred	TAKEN
triceps	TAKEN
egging	TAKEN
torture	TAKEN
dolce	TAKEN
sentencing	TAKEN
historical	TAKEN
daddy	TAKEN
burp	TAKEN
chihuahua	TAKEN
clinic	TAKEN
imagining	TAKEN
bottle	TAKEN
byline	TAKEN
mamma	TAKEN
awaken	TAKEN
punky	TAKEN
severance	TAKEN
loaning	TAKEN
preach	TAKEN
forgettable	TAKEN
niceties	TAKEN
dragged	TAKEN
pottery	TAKEN
martha	TAKEN
subsidies	TAKEN
inches	TAKEN
reefer	TAKEN
hulk	TAKEN
incompetent	TAKEN
share	TAKEN
resilient	TAKEN
they	TAKEN
bipartisan	TAKEN
curie	TAKEN
gaby	TAKEN
prouder	TAKEN
piano	TAKEN
weekend	TAKEN
flying	TAKEN
receptors	TAKEN
adventures	TAKEN
sinners	TAKEN
nary	TAKEN
orleans	TAKEN
unpaid	TAKEN
symbolic	TAKEN
subvert	TAKEN
pointless	TAKEN
lesbian	TAKEN
coolers	TAKEN
infighting	TAKEN
cerebral	TAKEN
lighten	TAKEN
suggesting	TAKEN
unisex	TAKEN
glutton	TAKEN
bates	TAKEN
bred	TAKEN
mods	TAKEN
schnapps	TAKEN
clad	TAKEN
gladiators	TAKEN
displeasure	TAKEN
becks	TAKEN
dealership	TAKEN
rabbi	TAKEN
innermost	TAKEN
urges	TAKEN
objectives	TAKEN
innings	TAKEN
skinner	TAKEN
nicholas	TAKEN
banality	TAKEN
trunks	TAKEN
eternally	TAKEN
banished	TAKEN
utmost	TAKEN
poser	TAKEN
straddle	TAKEN
cape	TAKEN
quotations	TAKEN
semple	TAKEN
sausage	TAKEN
exhilarated	TAKEN
bows	TAKEN
overly	TAKEN
linens	TAKEN
hentai	TAKEN
cranking	TAKEN
ritzy	TAKEN
rainier	TAKEN
ailment	TAKEN
call	TAKEN
sociopath	TAKEN
barracks	TAKEN
handguns	TAKEN
israel	TAKEN
contesting	TAKEN
equally	TAKEN
recitation	TAKEN
leopard	TAKEN
seeds	TAKEN
nasa	TAKEN
stated	TAKEN
knit	TAKEN
ignorant	TAKEN
controllers	TAKEN
scan	TAKEN
fatalities	TAKEN
rancher	TAKEN
partially	TAKEN
torn	TAKEN
orgy	TAKEN
furrowed	TAKEN
betting	TAKEN
tahoe	TAKEN
marten	TAKEN
spilling	TAKEN
placate	TAKEN
theta	TAKEN
instinct	TAKEN
pursuits	TAKEN
talked	TAKEN
changelog	TAKEN
verbatim	TAKEN
puffy	TAKEN
involvement	TAKEN
sweating	TAKEN
bands	TAKEN
cocks	TAKEN
champions	TAKEN
revolved	TAKEN
alcohol	TAKEN
seen	TAKEN
endangering	TAKEN
cavalier	TAKEN
wedlock	TAKEN
derision	TAKEN
mined	TAKEN
epiphany	TAKEN
ghettos	TAKEN
updated	TAKEN
bombers	TAKEN
paces	TAKEN
samoa	TAKEN
fronting	TAKEN
incantation	TAKEN
obsessed	TAKEN
gassy	TAKEN
bold	TAKEN
prima	TAKEN
tumors	TAKEN
specialties	TAKEN
firstborn	TAKEN
trolling	TAKEN
ordered	TAKEN
type	TAKEN
purse	TAKEN
blizzard	TAKEN
sneer	TAKEN
seasons	TAKEN
hijinks	TAKEN
officer	TAKEN
poking	TAKEN
awesome	TAKEN
candlestick	TAKEN
assets	TAKEN
jackals	TAKEN
island	TAKEN
chocolatey	TAKEN
vein	TAKEN
shelly	TAKEN
recession	TAKEN
moral	TAKEN
wipes	TAKEN
dear	TAKEN
reaching	TAKEN
shylock	TAKEN
rallied	TAKEN
clout	TAKEN
capitals	TAKEN
mulberry	TAKEN
delaying	TAKEN
squalor	TAKEN
acquitted	TAKEN
reclaiming	TAKEN
recanting	TAKEN
jokes	TAKEN
tusk	TAKEN
canter	TAKEN
betrays	TAKEN
cooler	TAKEN
loom	TAKEN
while	TAKEN
playhouse	TAKEN
recently	TAKEN
hind	TAKEN
advise	TAKEN
airing	TAKEN
concocting	TAKEN
arrogant	TAKEN
croc	TAKEN
maestro	TAKEN
utility	TAKEN
fiance	TAKEN
deborah	TAKEN
slimming	TAKEN
currencies	TAKEN
negotiable	TAKEN
delivers	TAKEN
plotting	TAKEN
barbados	TAKEN
fainter	TAKEN
gratuitous	TAKEN
politics	TAKEN
damned	TAKEN
intimate	TAKEN
monologue	TAKEN
stirs	TAKEN
backward	TAKEN
scraped	TAKEN
lobsters	TAKEN
dweller	TAKEN
vigilant	TAKEN
whim	TAKEN
solace	TAKEN
loss	TAKEN
acids	TAKEN
cuts	TAKEN
ambrosia	TAKEN
afternoon	TAKEN
cousin	TAKEN
coastal	TAKEN
enterprise	TAKEN
dinky	TAKEN
flicks	TAKEN
submersible	TAKEN
testicular	TAKEN
heads	TAKEN
cycle	TAKEN
slip	TAKEN
categories	TAKEN
desist	TAKEN
uniform	TAKEN
putting	TAKEN
desecrated	TAKEN
talky	TAKEN
ahoy	TAKEN
magnitude	TAKEN
monogamy	TAKEN
madonna	TAKEN
apologizes	TAKEN
convulsing	TAKEN
waste	TAKEN
wooded	TAKEN
tricking	TAKEN
greens	TAKEN
diary	TAKEN
corruption	TAKEN
forefathers	TAKEN
goofball	TAKEN
alarm	TAKEN
topless	TAKEN
abduction	TAKEN
pinks	TAKEN
lime	TAKEN
heater	TAKEN
implicates	TAKEN
fabrication	TAKEN
alternative	TAKEN
differs	TAKEN
epidemic	TAKEN
pest	TAKEN
remix	TAKEN
lazy	TAKEN
jabot	TAKEN
discreet	TAKEN
eden	TAKEN
repetitious	TAKEN
automation	TAKEN
unexpressed	TAKEN
cafeteria	TAKEN
gunner	TAKEN
criminal	TAKEN
commanders	TAKEN
admiring	TAKEN
quack	TAKEN
huck	TAKEN
describing	TAKEN
weiner	TAKEN
cart	TAKEN
tyranny	TAKEN
kilo	TAKEN
boon	TAKEN
chariot	TAKEN
yahoo	TAKEN
bankers	TAKEN
bumpy	TAKEN
juvenile	TAKEN
rhinoceros	TAKEN
heaping	TAKEN
messes	TAKEN
brew	TAKEN
touchdown	TAKEN
briefing	TAKEN
transaction	TAKEN
tore	TAKEN
wise	TAKEN
maintenance	TAKEN
died	TAKEN
ciao	TAKEN
nightly	TAKEN
ferret	TAKEN
drained	TAKEN
mayoral	TAKEN
craig	TAKEN
lass	TAKEN
response	TAKEN
marathon	TAKEN
screamed	TAKEN
cigarette	TAKEN
direct	TAKEN
malign	TAKEN
soviets	TAKEN
annul	TAKEN
zapped	TAKEN
intel	TAKEN
handing	TAKEN
alpha	TAKEN
maria	TAKEN
hence	TAKEN
linear	TAKEN
tower	TAKEN
swirl	TAKEN
whats	TAKEN
mostly	TAKEN
stoner	TAKEN
mumbling	TAKEN
vigor	TAKEN
platinum	TAKEN
heal	TAKEN
stardom	TAKEN
often	TAKEN
matrimonial	TAKEN
pathology	TAKEN
cornucopia	TAKEN
psychosis	TAKEN
pressured	TAKEN
hypotenuse	TAKEN
sims	TAKEN
pastures	TAKEN
procedures	TAKEN
scavenger	TAKEN
loran	TAKEN
complete	TAKEN
untapped	TAKEN
hulking	TAKEN
hammers	TAKEN
ulcers	TAKEN
brilliant	TAKEN
doggone	TAKEN
translated	TAKEN
tassels	TAKEN
deejay	TAKEN
bodyguard	TAKEN
anyone	TAKEN
numerical	TAKEN
scrubbing	TAKEN
overdue	TAKEN
grandparent	TAKEN
reconsider	TAKEN
mantle	TAKEN
psychos	TAKEN
smilies	TAKEN
innkeeper	TAKEN
almonds	TAKEN
outsmarted	TAKEN
preppie	TAKEN
roof	TAKEN
groggy	TAKEN
walter	TAKEN
idiots	TAKEN
cricket	TAKEN
stretcher	TAKEN
frigging	TAKEN
position	TAKEN
eldest	TAKEN
notre	TAKEN
nightcap	TAKEN
knocks	TAKEN
limit	TAKEN
receive	TAKEN
marking	TAKEN
patriotic	TAKEN
uncovering	TAKEN
issued	TAKEN
tranny	TAKEN
groom	TAKEN
gender	TAKEN
hurst	TAKEN
processes	TAKEN
tykes	TAKEN
rotation	TAKEN
primate	TAKEN
murdering	TAKEN
prosecutors	TAKEN
parachutes	TAKEN
avengers	TAKEN
diverse	TAKEN
hogwash	TAKEN
lingerie	TAKEN
degree	TAKEN
observation	TAKEN
potential	TAKEN
staple	TAKEN
pantry	TAKEN
labrador	TAKEN
paint	TAKEN
safely	TAKEN
nose	TAKEN
bourne	TAKEN
cuffing	TAKEN
paving	TAKEN
egomaniac	TAKEN
gras	TAKEN
puzzle	TAKEN
neurosis	TAKEN
orphaned	TAKEN
ropes	TAKEN
ganja	TAKEN
hunky	TAKEN
ambien	TAKEN
harassment	TAKEN
silver	TAKEN
salty	TAKEN
mourning	TAKEN
sunroom	TAKEN
eviscerate	TAKEN
viable	TAKEN
dearie	TAKEN
grinning	TAKEN
hallway	TAKEN
impeached	TAKEN
manhood	TAKEN
centre	TAKEN
typist	TAKEN
presumably	TAKEN
carp	TAKEN
sherman	TAKEN
choked	TAKEN
freaking	TAKEN
identifies	TAKEN
hardwired	TAKEN
sheets	TAKEN
soapy	TAKEN
sleeps	TAKEN
gander	TAKEN
loosening	TAKEN
matron	TAKEN
crisp	TAKEN
writes	TAKEN
cuffs	TAKEN
comfortable	TAKEN
struts	TAKEN
pastels	TAKEN
detectors	TAKEN
rekindle	TAKEN
clutch	TAKEN
bashful	TAKEN
criteria	TAKEN
deviated	TAKEN
boonies	TAKEN
deliveries	TAKEN
skipping	TAKEN
dandelion	TAKEN
finesse	TAKEN
diddling	TAKEN
liberia	TAKEN
terminal	TAKEN
premiums	TAKEN
exclusively	TAKEN
overwrought	TAKEN
obese	TAKEN
unseal	TAKEN
chitchat	TAKEN
charts	TAKEN
mushrooms	TAKEN
coca	TAKEN
smartass	TAKEN
sabbatical	TAKEN
coaching	TAKEN
barge	TAKEN
planing	TAKEN
lineup	TAKEN
boston	TAKEN
swimmer	TAKEN
slacks	TAKEN
heartland	TAKEN
townhouse	TAKEN
lemon	TAKEN
favorites	TAKEN
servitude	TAKEN
breakdown	TAKEN
teary	TAKEN
resetting	TAKEN
fury	TAKEN
practically	TAKEN
narcissism	TAKEN
bordello	TAKEN
anyway	TAKEN
neuroses	TAKEN
exploratory	TAKEN
adventurer	TAKEN
uterine	TAKEN
bilateral	TAKEN
digital	TAKEN
scoring	TAKEN
gordon	TAKEN
occasions	TAKEN
docked	TAKEN
laker	TAKEN
duration	TAKEN
crypt	TAKEN
hysteria	TAKEN
boxer	TAKEN
foreclosed	TAKEN
rebuilding	TAKEN
arousing	TAKEN
deem	TAKEN
vixen	TAKEN
dummies	TAKEN
laces	TAKEN
establishes	TAKEN
adequate	TAKEN
closet	TAKEN
pushing	TAKEN
woodpecker	TAKEN
neighbours	TAKEN
nomination	TAKEN
mini	TAKEN
gram	TAKEN
foot	TAKEN
nightlife	TAKEN
doors	TAKEN
pistons	TAKEN
fifth	TAKEN
inns	TAKEN
arid	TAKEN
darker	TAKEN
likes	TAKEN
infinite	TAKEN
mutants	TAKEN
crazy	TAKEN
plaything	TAKEN
animated	TAKEN
brace	TAKEN
facilitated	TAKEN
turncoat	TAKEN
fosse	TAKEN
brush	TAKEN
phillips	TAKEN
bright	TAKEN
boobies	TAKEN
dangerous	TAKEN
monitors	TAKEN
priss	TAKEN
soothe	TAKEN
singe	TAKEN
notified	TAKEN
betrayals	TAKEN
approve	TAKEN
taxpayer	TAKEN
holdup	TAKEN
mates	TAKEN
communicate	TAKEN
planted	TAKEN
kneecap	TAKEN
quints	TAKEN
playoffs	TAKEN
abrasive	TAKEN
extradite	TAKEN
cuticle	TAKEN
jabs	TAKEN
granola	TAKEN
despite	TAKEN
greece	TAKEN
atrocious	TAKEN
leaps	TAKEN
darkened	TAKEN
ladders	TAKEN
botanical	TAKEN
stalked	TAKEN
mood	TAKEN
resumes	TAKEN
firs	TAKEN
appears	TAKEN
marquis	TAKEN
physical	TAKEN
spends	TAKEN
reroute	TAKEN
stuffy	TAKEN
liverpool	TAKEN
goddess	TAKEN
moon	TAKEN
marilyn	TAKEN
sucking	TAKEN
linoleum	TAKEN
diffusion	TAKEN
sterilize	TAKEN
speaking	TAKEN
safari	TAKEN
costume	TAKEN
collage	TAKEN
juries	TAKEN
treasured	TAKEN
shorter	TAKEN
perpetrated	TAKEN
predicting	TAKEN
allan	TAKEN
uncertain	TAKEN
niece	TAKEN
lashed	TAKEN
repairs	TAKEN
milf	TAKEN
entwined	TAKEN
judges	TAKEN
braggart	TAKEN
toshiba	TAKEN
automotive	TAKEN
genres	TAKEN
rubbish	TAKEN
glaring	TAKEN
genus	TAKEN
shucks	TAKEN
gunmen	TAKEN
transistor	TAKEN
adept	TAKEN
plagues	TAKEN
reconnected	TAKEN
throwers	TAKEN
slate	TAKEN
crummy	TAKEN
newt	TAKEN
shootings	TAKEN
cris	TAKEN
tends	TAKEN
noir	TAKEN
davis	TAKEN
jets	TAKEN
adequately	TAKEN
breasted	TAKEN
berg	TAKEN
dissipate	TAKEN
discouraged	TAKEN
outpatient	TAKEN
grades	TAKEN
spent	TAKEN
catcher	TAKEN
banjo	TAKEN
blimp	TAKEN
yoghurt	TAKEN
sinks	TAKEN
caff	TAKEN
stockholder	TAKEN
tuesday	TAKEN
festivities	TAKEN
qatar	TAKEN
mites	TAKEN
tonight	TAKEN
humiliate	TAKEN
secondly	TAKEN
creed	TAKEN
citrus	TAKEN
toon	TAKEN
sentinels	TAKEN
warring	TAKEN
gang	TAKEN
pixie	TAKEN
nationals	TAKEN
having	TAKEN
tribute	TAKEN
badder	TAKEN
stray	TAKEN
swoop	TAKEN
rendering	TAKEN
fondling	TAKEN
grail	TAKEN
melting	TAKEN
appliance	TAKEN
tiff	TAKEN
tried	TAKEN
operative	TAKEN
anew	TAKEN
ponder	TAKEN
trendy	TAKEN
speech	TAKEN
prod	TAKEN
unbecoming	TAKEN
brave	TAKEN
sheepskin	TAKEN
weirdoes	TAKEN
shuck	TAKEN
presently	TAKEN
louisville	TAKEN
lear	TAKEN
consumed	TAKEN
complexity	TAKEN
emancipated	TAKEN
prestige	TAKEN
marc	TAKEN
wrestler	TAKEN
vertex	TAKEN
blip	TAKEN
informative	TAKEN
detained	TAKEN
sickest	TAKEN
dallas	TAKEN
sussex	TAKEN
chimpanzee	TAKEN
latrine	TAKEN
finance	TAKEN
watershed	TAKEN
panic	TAKEN
bias	TAKEN
sulk	TAKEN
infantile	TAKEN
unsure	TAKEN
pastime	TAKEN
supplied	TAKEN
fetch	TAKEN
acquaint	TAKEN
recipe	TAKEN
blaring	TAKEN
sumptuous	TAKEN
faggots	TAKEN
tulsa	TAKEN
mounts	TAKEN
behaving	TAKEN
chipper	TAKEN
cartoons	TAKEN
perky	TAKEN
shorthanded	TAKEN
dawdling	TAKEN
serene	TAKEN
imperial	TAKEN
stun	TAKEN
sovereign	TAKEN
revulsion	TAKEN
gimmie	TAKEN
socializing	TAKEN
robins	TAKEN
lonely	TAKEN
joys	TAKEN
iowa	TAKEN
stewart	TAKEN
engraving	TAKEN
bike	TAKEN
marlin	TAKEN
apologetic	TAKEN
guinea	TAKEN
selves	TAKEN
said	TAKEN
spinach	TAKEN
cocaine	TAKEN
oversleep	TAKEN
getter	TAKEN
bending	TAKEN
disarmed	TAKEN
pees	TAKEN
panting	TAKEN
palms	TAKEN
corpus	TAKEN
miniature	TAKEN
nearly	TAKEN
cardigan	TAKEN
messages	TAKEN
silenced	TAKEN
mirror	TAKEN
vaccination	TAKEN
nicotine	TAKEN
muster	TAKEN
lethal	TAKEN
ring	TAKEN
slovakia	TAKEN
artificial	TAKEN
enclosed	TAKEN
seducing	TAKEN
pollute	TAKEN
busts	TAKEN
jiggling	TAKEN
exceeded	TAKEN
acts	TAKEN
aisles	TAKEN
sculpture	TAKEN
flooding	TAKEN
extremists	TAKEN
onboard	TAKEN
tabs	TAKEN
mails	TAKEN
insisted	TAKEN
grifters	TAKEN
speedometer	TAKEN
mothering	TAKEN
dingo	TAKEN
hilarity	TAKEN
lament	TAKEN
plead	TAKEN
tawdry	TAKEN
sustainable	TAKEN
centuries	TAKEN
pause	TAKEN
sycophant	TAKEN
households	TAKEN
mediawiki	TAKEN
balmoral	TAKEN
cosmically	TAKEN
denouncing	TAKEN
chopped	TAKEN
represented	TAKEN
heavens	TAKEN
trained	TAKEN
misspelled	TAKEN
attractive	TAKEN
regrettable	TAKEN
accurate	TAKEN
spied	TAKEN
tickets	TAKEN
britannica	TAKEN
muley	TAKEN
acquire	TAKEN
gown	TAKEN
slovenia	TAKEN
consistent	TAKEN
delay	TAKEN
agitated	TAKEN
strapping	TAKEN
dislocated	TAKEN
cheat	TAKEN
irrigation	TAKEN
optics	TAKEN
pamphlets	TAKEN
lived	TAKEN
ventilated	TAKEN
enforcement	TAKEN
oyez	TAKEN
black	TAKEN
blah	TAKEN
druggist	TAKEN
blur	TAKEN
crippled	TAKEN
counts	TAKEN
reliance	TAKEN
bouts	TAKEN
shemales	TAKEN
tonsils	TAKEN
grabby	TAKEN
andorra	TAKEN
turk	TAKEN
silva	TAKEN
occasion	TAKEN
move	TAKEN
shooting	TAKEN
nellie	TAKEN
avenge	TAKEN
slush	TAKEN
intravenous	TAKEN
recant	TAKEN
chains	TAKEN
alternates	TAKEN
reliability	TAKEN
hast	TAKEN
advisors	TAKEN
huffy	TAKEN
federation	TAKEN
impractical	TAKEN
ballet	TAKEN
aurora	TAKEN
alarms	TAKEN
wrecking	TAKEN
airports	TAKEN
club	TAKEN
jeopardy	TAKEN
thanks	TAKEN
pretext	TAKEN
impediments	TAKEN
understood	TAKEN
brisbane	TAKEN
wilderness	TAKEN
maze	TAKEN
belvedere	TAKEN
subjecting	TAKEN
assertive	TAKEN
freeloading	TAKEN
bimbo	TAKEN
mikes	TAKEN
lefty	TAKEN
jughead	TAKEN
thirst	TAKEN
toughness	TAKEN
begrudge	TAKEN
beak	TAKEN
undermine	TAKEN
graves	TAKEN
hostess	TAKEN
forecast	TAKEN
empowered	TAKEN
props	TAKEN
lieutenant	TAKEN
cheer	TAKEN
launcher	TAKEN
represent	TAKEN
dysentery	TAKEN
obesity	TAKEN
worrier	TAKEN
radius	TAKEN
command	TAKEN
copied	TAKEN
warranty	TAKEN
appalling	TAKEN
republicans	TAKEN
nathan	TAKEN
senor	TAKEN
craziest	TAKEN
engineer	TAKEN
impeding	TAKEN
hosed	TAKEN
critics	TAKEN
monsignor	TAKEN
railroads	TAKEN
reclining	TAKEN
cubbies	TAKEN
fronts	TAKEN
hemorrhoid	TAKEN
dennis	TAKEN
rages	TAKEN
founded	TAKEN
styles	TAKEN
succumb	TAKEN
chemical	TAKEN
there	TAKEN
maniacs	TAKEN
astonishing	TAKEN
daisy	TAKEN
consummate	TAKEN
topnotch	TAKEN
collections	TAKEN
worlds	TAKEN
doorstep	TAKEN
disappear	TAKEN
everything	TAKEN
outsider	TAKEN
filmmaking	TAKEN
approving	TAKEN
slinging	TAKEN
choice	TAKEN
realised	TAKEN
midi	TAKEN
words	TAKEN
redeeming	TAKEN
believed	TAKEN
anorexia	TAKEN
sinned	TAKEN
scrawny	TAKEN
armour	TAKEN
encountered	TAKEN
dreamless	TAKEN
extremes	TAKEN
inland	TAKEN
lauderdale	TAKEN
liberation	TAKEN
obsessively	TAKEN
predatory	TAKEN
lifers	TAKEN
flora	TAKEN
naked	TAKEN
census	TAKEN
alligators	TAKEN
kicky	TAKEN
tantric	TAKEN
chose	TAKEN
holdings	TAKEN
insulted	TAKEN
calming	TAKEN
unusual	TAKEN
bulge	TAKEN
howl	TAKEN
intruders	TAKEN
undisputed	TAKEN
boxers	TAKEN
smoothie	TAKEN
outweigh	TAKEN
tipper	TAKEN
peaceful	TAKEN
today	TAKEN
perverts	TAKEN
challenged	TAKEN
violates	TAKEN
moll	TAKEN
scoops	TAKEN
lads	TAKEN
rounded	TAKEN
harry	TAKEN
olympics	TAKEN
exile	TAKEN
cincinnati	TAKEN
worked	TAKEN
comics	TAKEN
reporters	TAKEN
pagan	TAKEN
negatives	TAKEN
cheering	TAKEN
slop	TAKEN
arrange	TAKEN
importance	TAKEN
speculative	TAKEN
then	TAKEN
march	TAKEN
ghoulish	TAKEN
shins	TAKEN
tightrope	TAKEN
alluding	TAKEN
scouting	TAKEN
promising	TAKEN
nitrous	TAKEN
travesty	TAKEN
matriarch	TAKEN
certainly	TAKEN
gulag	TAKEN
traveler	TAKEN
rash	TAKEN
dilute	TAKEN
surgical	TAKEN
bulls	TAKEN
cavity	TAKEN
casino	TAKEN
mocha	TAKEN
ruins	TAKEN
hurry	TAKEN
crimp	TAKEN
auditing	TAKEN
strewn	TAKEN
overcooked	TAKEN
district	TAKEN
jokers	TAKEN
flirted	TAKEN
tombstone	TAKEN
fundraising	TAKEN
loosing	TAKEN
metaphors	TAKEN
nightmares	TAKEN
raptor	TAKEN
refused	TAKEN
dakota	TAKEN
tempo	TAKEN
pecked	TAKEN
above	TAKEN
birdie	TAKEN
croaker	TAKEN
committed	TAKEN
godliness	TAKEN
greyhound	TAKEN
depart	TAKEN
donations	TAKEN
mattered	TAKEN
retinal	TAKEN
wayward	TAKEN
tartar	TAKEN
overhearing	TAKEN
clung	TAKEN
breathable	TAKEN
placement	TAKEN
barren	TAKEN
councillor	TAKEN
double	TAKEN
describes	TAKEN
allowable	TAKEN
shanghaied	TAKEN
podcasts	TAKEN
ribbon	TAKEN
cubby	TAKEN
slinking	TAKEN
cheapest	TAKEN
poppet	TAKEN
hubris	TAKEN
norton	TAKEN
dynamo	TAKEN
punching	TAKEN
preserved	TAKEN
spectra	TAKEN
unknown	TAKEN
considerate	TAKEN
trappings	TAKEN
safest	TAKEN
spunk	TAKEN
yourselves	TAKEN
descend	TAKEN
subscribe	TAKEN
falsely	TAKEN
perfume	TAKEN
brunei	TAKEN
pair	TAKEN
anne	TAKEN
closeness	TAKEN
harris	TAKEN
ploy	TAKEN
hanger	TAKEN
anguished	TAKEN
adversaries	TAKEN
disk	TAKEN
meters	TAKEN
ethical	TAKEN
sole	TAKEN
table	TAKEN
detect	TAKEN
gazelle	TAKEN
fumble	TAKEN
pickpockets	TAKEN
mobile	TAKEN
sneak	TAKEN
however	TAKEN
marked	TAKEN
receipts	TAKEN
fritz	TAKEN
motion	TAKEN
annulment	TAKEN
childbirth	TAKEN
guarantees	TAKEN
demons	TAKEN
dedicate	TAKEN
cheekbones	TAKEN
tilt	TAKEN
strength	TAKEN
tree	TAKEN
footing	TAKEN
courtroom	TAKEN
reeves	TAKEN
bitterness	TAKEN
stamps	TAKEN
briefcases	TAKEN
issue	TAKEN
toughen	TAKEN
smaller	TAKEN
exhumation	TAKEN
addled	TAKEN
batted	TAKEN
headstone	TAKEN
somerset	TAKEN
kiss	TAKEN
limo	TAKEN
tramps	TAKEN
laxative	TAKEN
parachute	TAKEN
entry	TAKEN
learning	TAKEN
granddad	TAKEN
awkwardly	TAKEN
withdrawal	TAKEN
nobody	TAKEN
cancel	TAKEN
maliciously	TAKEN
escorts	TAKEN
pension	TAKEN
dragonfly	TAKEN
glade	TAKEN
tunic	TAKEN
scram	TAKEN
tortures	TAKEN
ecology	TAKEN
drudge	TAKEN
sundae	TAKEN
bookshelf	TAKEN
carbs	TAKEN
actor	TAKEN
jugs	TAKEN
forked	TAKEN
remarks	TAKEN
squiggly	TAKEN
diplomas	TAKEN
kidnappers	TAKEN
military	TAKEN
overactive	TAKEN
macro	TAKEN
layers	TAKEN
abut	TAKEN
sleigh	TAKEN
lentils	TAKEN
kappa	TAKEN
tetanus	TAKEN
regaining	TAKEN
tires	TAKEN
colleagues	TAKEN
berserker	TAKEN
sing	TAKEN
gifted	TAKEN
clef	TAKEN
ultra	TAKEN
sunset	TAKEN
hail	TAKEN
baseman	TAKEN
pocketed	TAKEN
thrice	TAKEN
dragging	TAKEN
lopez	TAKEN
louvre	TAKEN
discovery	TAKEN
medicaid	TAKEN
crucified	TAKEN
motors	TAKEN
yokels	TAKEN
stranger	TAKEN
merrier	TAKEN
their	TAKEN
marbles	TAKEN
waltzing	TAKEN
flickering	TAKEN
browser	TAKEN
barrow	TAKEN
daiquiri	TAKEN
snip	TAKEN
exception	TAKEN
torch	TAKEN
carol	TAKEN
clubhouse	TAKEN
beauties	TAKEN
carolers	TAKEN
errand	TAKEN
pewter	TAKEN
quota	TAKEN
agonizing	TAKEN
shabby	TAKEN
newsstand	TAKEN
portsmouth	TAKEN
suss	TAKEN
laptop	TAKEN
hide	TAKEN
power	TAKEN
lowered	TAKEN
darkroom	TAKEN
bailiff	TAKEN
mount	TAKEN
ballistic	TAKEN
browsing	TAKEN
fillets	TAKEN
vocalist	TAKEN
additions	TAKEN
camels	TAKEN
wining	TAKEN
mazda	TAKEN
gramps	TAKEN
graveyard	TAKEN
salute	TAKEN
assaulting	TAKEN
booze	TAKEN
testicle	TAKEN
electing	TAKEN
correlation	TAKEN
counted	TAKEN
proportion	TAKEN
portrayal	TAKEN
lone	TAKEN
tenths	TAKEN
notches	TAKEN
rental	TAKEN
luck	TAKEN
tumbling	TAKEN
horrendous	TAKEN
corkscrew	TAKEN
ibuprofen	TAKEN
lantern	TAKEN
fives	TAKEN
insistence	TAKEN
browse	TAKEN
stokes	TAKEN
builds	TAKEN
noticeably	TAKEN
membrane	TAKEN
bought	TAKEN
reproduced	TAKEN
oscar	TAKEN
zephyrs	TAKEN
snapshots	TAKEN
provincial	TAKEN
buns	TAKEN
petty	TAKEN
card	TAKEN
stare	TAKEN
barges	TAKEN
restraining	TAKEN
sacrificed	TAKEN
tubing	TAKEN
shambles	TAKEN
yolk	TAKEN
phoenix	TAKEN
baking	TAKEN
lovely	TAKEN
leftovers	TAKEN
shop	TAKEN
spanked	TAKEN
devoting	TAKEN
rabbits	TAKEN
founder	TAKEN
around	TAKEN
flint	TAKEN
jukebox	TAKEN
melts	TAKEN
swayed	TAKEN
bunt	TAKEN
hourglass	TAKEN
agent	TAKEN
berate	TAKEN
tackle	TAKEN
pretzels	TAKEN
spectral	TAKEN
remembers	TAKEN
italian	TAKEN
packing	TAKEN
cobra	TAKEN
franchise	TAKEN
bassett	TAKEN
regions	TAKEN
hosted	TAKEN
speculate	TAKEN
incarcerate	TAKEN
opposite	TAKEN
sodomy	TAKEN
spastic	TAKEN
cosmos	TAKEN
lush	TAKEN
hesitates	TAKEN
wiggled	TAKEN
congestion	TAKEN
mafia	TAKEN
hidden	TAKEN
tyrants	TAKEN
cancelled	TAKEN
stronghold	TAKEN
adenoids	TAKEN
punch	TAKEN
located	TAKEN
cigar	TAKEN
pretzel	TAKEN
entitled	TAKEN
frigid	TAKEN
livestock	TAKEN
cologne	TAKEN
impassioned	TAKEN
peacetime	TAKEN
merle	TAKEN
fallacy	TAKEN
unicycle	TAKEN
unscheduled	TAKEN
naples	TAKEN
auspicious	TAKEN
humidity	TAKEN
remembering	TAKEN
subjects	TAKEN
conked	TAKEN
sock	TAKEN
books	TAKEN
sprightly	TAKEN
mileage	TAKEN
confession	TAKEN
fess	TAKEN
ecumenical	TAKEN
condone	TAKEN
patronized	TAKEN
bollocks	TAKEN
watch	TAKEN
comet	TAKEN
zeppelin	TAKEN
punchy	TAKEN
long	TAKEN
tremor	TAKEN
accessories	TAKEN
heady	TAKEN
superior	TAKEN
snuggling	TAKEN
combine	TAKEN
weathers	TAKEN
guerrillas	TAKEN
managing	TAKEN
clearer	TAKEN
comrades	TAKEN
served	TAKEN
pieces	TAKEN
county	TAKEN
leapt	TAKEN
undressing	TAKEN
janitors	TAKEN
tighter	TAKEN
industry	TAKEN
passionate	TAKEN
dialing	TAKEN
prodigal	TAKEN
gouging	TAKEN
course	TAKEN
oysters	TAKEN
doping	TAKEN
emacs	TAKEN
flay	TAKEN
destructing	TAKEN
degenerate	TAKEN
wives	TAKEN
cauldron	TAKEN
fraser	TAKEN
orgasmic	TAKEN
extracting	TAKEN
stomper	TAKEN
afar	TAKEN
merge	TAKEN
celebrities	TAKEN
lasting	TAKEN
unforgiving	TAKEN
unplanned	TAKEN
suppertime	TAKEN
influenced	TAKEN
geishas	TAKEN
stag	TAKEN
erotica	TAKEN
witchcraft	TAKEN
boarding	TAKEN
ragtime	TAKEN
prudence	TAKEN
paranormal	TAKEN
sandal	TAKEN
duckling	TAKEN
submissive	TAKEN
derail	TAKEN
bagpipes	TAKEN
predators	TAKEN
thumbnail	TAKEN
worse	TAKEN
lips	TAKEN
executioner	TAKEN
referendum	TAKEN
cheats	TAKEN
amused	TAKEN
formal	TAKEN
france	TAKEN
thunder	TAKEN
amusing	TAKEN
wipe	TAKEN
allergy	TAKEN
morsel	TAKEN
instrument	TAKEN
concerning	TAKEN
prosthetic	TAKEN
lemony	TAKEN
build	TAKEN
whet	TAKEN
watson	TAKEN
stadium	TAKEN
profitable	TAKEN
cyberspace	TAKEN
mixup	TAKEN
upskirts	TAKEN
remedy	TAKEN
carts	TAKEN
dismal	TAKEN
stalled	TAKEN
profession	TAKEN
proteus	TAKEN
hyenas	TAKEN
comeback	TAKEN
cars	TAKEN
possessive	TAKEN
lightness	TAKEN
brothers	TAKEN
fingertips	TAKEN
crushes	TAKEN
responsive	TAKEN
exporting	TAKEN
macho	TAKEN
bricked	TAKEN
concessions	TAKEN
times	TAKEN
husk	TAKEN
promotes	TAKEN
abused	TAKEN
shaw	TAKEN
phoebe	TAKEN
exiting	TAKEN
outlines	TAKEN
decorated	TAKEN
cellmates	TAKEN
brandon	TAKEN
petticoat	TAKEN
reboot	TAKEN
dreamers	TAKEN
brawl	TAKEN
progress	TAKEN
edge	TAKEN
precedents	TAKEN
anonymity	TAKEN
aloha	TAKEN
slang	TAKEN
perfecto	TAKEN
trite	TAKEN
cellular	TAKEN
freaks	TAKEN
weir	TAKEN
censor	TAKEN
classics	TAKEN
dolphin	TAKEN
pharaohs	TAKEN
chalk	TAKEN
zebra	TAKEN
deduct	TAKEN
coarse	TAKEN
broadband	TAKEN
wings	TAKEN
rewrote	TAKEN
budge	TAKEN
foreigners	TAKEN
interpreter	TAKEN
protocols	TAKEN
woodshed	TAKEN
caterpillar	TAKEN
embody	TAKEN
sloppy	TAKEN
lifestyle	TAKEN
fraternal	TAKEN
uncertainty	TAKEN
clumsy	TAKEN
tramadol	TAKEN
cleanest	TAKEN
nuptial	TAKEN
conviction	TAKEN
clunkers	TAKEN
dinged	TAKEN
vegetative	TAKEN
banquet	TAKEN
recliner	TAKEN
enhances	TAKEN
scry	TAKEN
deposits	TAKEN
obtaining	TAKEN
slaw	TAKEN
rabble	TAKEN
takeoff	TAKEN
southeast	TAKEN
drip	TAKEN
headfirst	TAKEN
entertained	TAKEN
faithful	TAKEN
hydrolase	TAKEN
witch	TAKEN
antennae	TAKEN
borders	TAKEN
limbo	TAKEN
route	TAKEN
liquor	TAKEN
bosnia	TAKEN
tightening	TAKEN
fumbling	TAKEN
ruthlessly	TAKEN
coconuts	TAKEN
postmark	TAKEN
suffers	TAKEN
photocopy	TAKEN
magnetism	TAKEN
enrich	TAKEN
scarcely	TAKEN
sniping	TAKEN
exact	TAKEN
foggiest	TAKEN
adjustments	TAKEN
greasing	TAKEN
superstars	TAKEN
towed	TAKEN
tearing	TAKEN
gunpoint	TAKEN
intrigue	TAKEN
innovations	TAKEN
applauding	TAKEN
extinction	TAKEN
regency	TAKEN
playbook	TAKEN
precinct	TAKEN
sweaty	TAKEN
cynicism	TAKEN
represents	TAKEN
desert	TAKEN
consigliere	TAKEN
workable	TAKEN
zlotys	TAKEN
soars	TAKEN
mexican	TAKEN
undisclosed	TAKEN
rosebush	TAKEN
zillions	TAKEN
trimester	TAKEN
percent	TAKEN
landlord	TAKEN
colonels	TAKEN
measurement	TAKEN
lamppost	TAKEN
snap	TAKEN
sheltered	TAKEN
reserving	TAKEN
alma	TAKEN
badminton	TAKEN
lots	TAKEN
hightail	TAKEN
death	TAKEN
hullo	TAKEN
misty	TAKEN
unforeseen	TAKEN
evangelical	TAKEN
alerting	TAKEN
increased	TAKEN
grenades	TAKEN
branching	TAKEN
doubted	TAKEN
accusation	TAKEN
marcel	TAKEN
drown	TAKEN
conception	TAKEN
leans	TAKEN
tables	TAKEN
defect	TAKEN
dismiss	TAKEN
madness	TAKEN
screwed	TAKEN
correctly	TAKEN
headlights	TAKEN
kibosh	TAKEN
spaced	TAKEN
eminence	TAKEN
milt	TAKEN
divorces	TAKEN
puppeteer	TAKEN
erase	TAKEN
trials	TAKEN
forbidden	TAKEN
incurred	TAKEN
polled	TAKEN
bedpans	TAKEN
perverted	TAKEN
veto	TAKEN
infidelity	TAKEN
encourages	TAKEN
ocean	TAKEN
differently	TAKEN
titled	TAKEN
scurvy	TAKEN
sordid	TAKEN
brownstone	TAKEN
gainful	TAKEN
comas	TAKEN
petersburg	TAKEN
lucas	TAKEN
gardenias	TAKEN
computers	TAKEN
tango	TAKEN
carlo	TAKEN
curb	TAKEN
homes	TAKEN
cloistered	TAKEN
blubber	TAKEN
sendoff	TAKEN
detecting	TAKEN
planet	TAKEN
conceiving	TAKEN
pine	TAKEN
twinge	TAKEN
bikinis	TAKEN
sneezed	TAKEN
sleepwalk	TAKEN
albania	TAKEN
affirming	TAKEN
scorch	TAKEN
reggae	TAKEN
shorts	TAKEN
wracked	TAKEN
raisers	TAKEN
addiction	TAKEN
unseemly	TAKEN
trillion	TAKEN
lathe	TAKEN
fertilize	TAKEN
sears	TAKEN
swimming	TAKEN
fantasizing	TAKEN
courses	TAKEN
adoring	TAKEN
protects	TAKEN
clincher	TAKEN
horror	TAKEN
press	TAKEN
additives	TAKEN
codependent	TAKEN
human	TAKEN
budging	TAKEN
schlep	TAKEN
yells	TAKEN
grinding	TAKEN
spaz	TAKEN
bill	TAKEN
stacked	TAKEN
engraved	TAKEN
peepers	TAKEN
pragmatic	TAKEN
counterfeit	TAKEN
refuge	TAKEN
duvet	TAKEN
peers	TAKEN
homemade	TAKEN
manatee	TAKEN
overheated	TAKEN
terrifies	TAKEN
copy	TAKEN
bunk	TAKEN
oversized	TAKEN
impending	TAKEN
turtleneck	TAKEN
saleswoman	TAKEN
abandoned	TAKEN
bumper	TAKEN
wading	TAKEN
clump	TAKEN
borrow	TAKEN
bamboo	TAKEN
dyke	TAKEN
traipse	TAKEN
flung	TAKEN
opened	TAKEN
kidding	TAKEN
records	TAKEN
prior	TAKEN
handstand	TAKEN
funky	TAKEN
linda	TAKEN
tingly	TAKEN
processor	TAKEN
hemorrhoids	TAKEN
upside	TAKEN
scientist	TAKEN
hoisting	TAKEN
turtles	TAKEN
invention	TAKEN
coke	TAKEN
sultan	TAKEN
flex	TAKEN
courthouse	TAKEN
versions	TAKEN
volcano	TAKEN
burly	TAKEN
haircuts	TAKEN
delaware	TAKEN
operated	TAKEN
violently	TAKEN
embassies	TAKEN
material	TAKEN
splinters	TAKEN
legalities	TAKEN
criticizing	TAKEN
busting	TAKEN
feuds	TAKEN
ventilation	TAKEN
gradually	TAKEN
andrews	TAKEN
retreats	TAKEN
bounce	TAKEN
surprise	TAKEN
saves	TAKEN
lion	TAKEN
customized	TAKEN
ranchers	TAKEN
guillotine	TAKEN
mark	TAKEN
font	TAKEN
streaming	TAKEN
constitutes	TAKEN
afterlife	TAKEN
ieee	TAKEN
amazes	TAKEN
thrilling	TAKEN
silences	TAKEN
packard	TAKEN
technicians	TAKEN
curfew	TAKEN
festering	TAKEN
titans	TAKEN
decipher	TAKEN
imagined	TAKEN
conferences	TAKEN
spears	TAKEN
shallows	TAKEN
accordingly	TAKEN
show	TAKEN
repaint	TAKEN
vehicles	TAKEN
standish	TAKEN
compensate	TAKEN
neural	TAKEN
cheerful	TAKEN
shouted	TAKEN
instigated	TAKEN
syllabus	TAKEN
quirk	TAKEN
moneymaker	TAKEN
floppy	TAKEN
geometry	TAKEN
pure	TAKEN
cushions	TAKEN
natives	TAKEN
gangsters	TAKEN
mixed	TAKEN
generously	TAKEN
backer	TAKEN
hung	TAKEN
mobility	TAKEN
tion	TAKEN
mist	TAKEN
sniffing	TAKEN
clammed	TAKEN
sincerity	TAKEN
romeo	TAKEN
shrinking	TAKEN
task	TAKEN
countess	TAKEN
homicide	TAKEN
mandarin	TAKEN
snoopy	TAKEN
stretching	TAKEN
gmbh	TAKEN
stains	TAKEN
null	TAKEN
hostage	TAKEN
annoyingly	TAKEN
lactic	TAKEN
absorption	TAKEN
marrying	TAKEN
consequence	TAKEN
triplets	TAKEN
gaga	TAKEN
gears	TAKEN
turkish	TAKEN
comes	TAKEN
waiter	TAKEN
garments	TAKEN
const	TAKEN
daily	TAKEN
chamberlain	TAKEN
embracing	TAKEN
bayonet	TAKEN
terrors	TAKEN
funding	TAKEN
muckraker	TAKEN
retrieved	TAKEN
underground	TAKEN
securing	TAKEN
pokes	TAKEN
haughty	TAKEN
moisturize	TAKEN
licenses	TAKEN
bumming	TAKEN
challenge	TAKEN
eloquence	TAKEN
urination	TAKEN
glamor	TAKEN
mongoloid	TAKEN
modular	TAKEN
saliva	TAKEN
slideshow	TAKEN
rebellious	TAKEN
persnickety	TAKEN
busload	TAKEN
ballplayer	TAKEN
algeria	TAKEN
barricaded	TAKEN
premed	TAKEN
transport	TAKEN
goner	TAKEN
edgewise	TAKEN
dreams	TAKEN
priced	TAKEN
tubby	TAKEN
floss	TAKEN
allow	TAKEN
phobia	TAKEN
touch	TAKEN
margarita	TAKEN
moocher	TAKEN
tiki	TAKEN
downhill	TAKEN
canyon	TAKEN
locksmith	TAKEN
changed	TAKEN
hardly	TAKEN
hoes	TAKEN
insanely	TAKEN
fates	TAKEN
insect	TAKEN
textbook	TAKEN
override	TAKEN
goggle	TAKEN
junk	TAKEN
blames	TAKEN
werewolves	TAKEN
disrespect	TAKEN
pothead	TAKEN
voluntary	TAKEN
overreact	TAKEN
manhole	TAKEN
annoying	TAKEN
salesperson	TAKEN
sideboard	TAKEN
cahoots	TAKEN
vigil	TAKEN
infertile	TAKEN
obligation	TAKEN
joined	TAKEN
bulletproof	TAKEN
questioning	TAKEN
crossbow	TAKEN
leads	TAKEN
slanderous	TAKEN
pregnancy	TAKEN
broadcasts	TAKEN
tons	TAKEN
genetics	TAKEN
novels	TAKEN
metres	TAKEN
kiosk	TAKEN
tangle	TAKEN
grumbling	TAKEN
noticeable	TAKEN
societies	TAKEN
gale	TAKEN
puberty	TAKEN
guesses	TAKEN
scams	TAKEN
hologram	TAKEN
sins	TAKEN
induced	TAKEN
revealed	TAKEN
hiding	TAKEN
horribly	TAKEN
birds	TAKEN
washington	TAKEN
negotiate	TAKEN
assurances	TAKEN
gateway	TAKEN
veritable	TAKEN
caribou	TAKEN
airlift	TAKEN
danny	TAKEN
scriptures	TAKEN
chunky	TAKEN
revolutions	TAKEN
sweetbreads	TAKEN
player	TAKEN
lieutenants	TAKEN
cash	TAKEN
deity	TAKEN
forbes	TAKEN
pittance	TAKEN
warrant	TAKEN
mobster	TAKEN
skimmed	TAKEN
buttoned	TAKEN
obituary	TAKEN
retreat	TAKEN
explosive	TAKEN
solaris	TAKEN
mutant	TAKEN
haystack	TAKEN
capture	TAKEN
strategic	TAKEN
flashlight	TAKEN
leary	TAKEN
releases	TAKEN
mojo	TAKEN
dayton	TAKEN
destiny	TAKEN
kinky	TAKEN
plugging	TAKEN
jones	TAKEN
curlers	TAKEN
rick	TAKEN
hothead	TAKEN
word	TAKEN
sustained	TAKEN
sorrel	TAKEN
gutter	TAKEN
wheelchairs	TAKEN
infuriates	TAKEN
whipping	TAKEN
handled	TAKEN
climbed	TAKEN
macadamia	TAKEN
newspapers	TAKEN
quiche	TAKEN
dispensed	TAKEN
disarm	TAKEN
drooling	TAKEN
graphical	TAKEN
startle	TAKEN
demise	TAKEN
multiply	TAKEN
edgy	TAKEN
sara	TAKEN
sits	TAKEN
localized	TAKEN
enhancer	TAKEN
emerges	TAKEN
scratchy	TAKEN
swimmers	TAKEN
malt	TAKEN
amazing	TAKEN
cockles	TAKEN
casserole	TAKEN
deaths	TAKEN
flaunting	TAKEN
quiet	TAKEN
studs	TAKEN
maneuvering	TAKEN
laced	TAKEN
glide	TAKEN
mergers	TAKEN
capsized	TAKEN
yelling	TAKEN
peel	TAKEN
embezzled	TAKEN
privileged	TAKEN
cellist	TAKEN
megaphone	TAKEN
offender	TAKEN
cherished	TAKEN
recycles	TAKEN
tardy	TAKEN
blazing	TAKEN
folksy	TAKEN
hampton	TAKEN
qualms	TAKEN
wilder	TAKEN
itinerary	TAKEN
oregano	TAKEN
dewars	TAKEN
poultry	TAKEN
sleazeball	TAKEN
raisins	TAKEN
vegan	TAKEN
succeed	TAKEN
revival	TAKEN
remembrance	TAKEN
nigger	TAKEN
froze	TAKEN
rubbed	TAKEN
filtered	TAKEN
vasectomy	TAKEN
mick	TAKEN
apparition	TAKEN
hussy	TAKEN
hdtv	TAKEN
relate	TAKEN
secondary	TAKEN
archives	TAKEN
arabic	TAKEN
displaced	TAKEN
audi	TAKEN
communities	TAKEN
goes	TAKEN
violence	TAKEN
beakers	TAKEN
reservoir	TAKEN
bulgaria	TAKEN
closed	TAKEN
faucets	TAKEN
moose	TAKEN
fucker	TAKEN
cylinder	TAKEN
bookkeeper	TAKEN
proclaimed	TAKEN
spank	TAKEN
congenial	TAKEN
specify	TAKEN
broccoli	TAKEN
papers	TAKEN
potholes	TAKEN
stance	TAKEN
paternity	TAKEN
fabulous	TAKEN
crashing	TAKEN
racquet	TAKEN
vice	TAKEN
guacamole	TAKEN
lacey	TAKEN
zoning	TAKEN
unpopular	TAKEN
fertilizer	TAKEN
bomb	TAKEN
toddler	TAKEN
splitting	TAKEN
kong	TAKEN
sentry	TAKEN
selling	TAKEN
feasting	TAKEN
trap	TAKEN
rainstorm	TAKEN
hangnail	TAKEN
thailand	TAKEN
fondle	TAKEN
individuals	TAKEN
fern	TAKEN
hotcakes	TAKEN
arthur	TAKEN
iran	TAKEN
bialy	TAKEN
brushes	TAKEN
rolf	TAKEN
explodes	TAKEN
conducting	TAKEN
airway	TAKEN
trapped	TAKEN
spine	TAKEN
cranberry	TAKEN
prevails	TAKEN
preview	TAKEN
jell	TAKEN
trust	TAKEN
derives	TAKEN
ashram	TAKEN
permanent	TAKEN
inbox	TAKEN
either	TAKEN
default	TAKEN
performing	TAKEN
visually	TAKEN
permitted	TAKEN
nectar	TAKEN
adjust	TAKEN
wheelchair	TAKEN
builders	TAKEN
equipment	TAKEN
tranquility	TAKEN
clapped	TAKEN
erogenous	TAKEN
nickels	TAKEN
familiar	TAKEN
ironic	TAKEN
perchance	TAKEN
grouch	TAKEN
matches	TAKEN
awoke	TAKEN
fotos	TAKEN
blueberries	TAKEN
high	TAKEN
idly	TAKEN
concur	TAKEN
toes	TAKEN
shipment	TAKEN
clots	TAKEN
hole	TAKEN
penned	TAKEN
wages	TAKEN
fixation	TAKEN
prowl	TAKEN
dunked	TAKEN
abdominal	TAKEN
exonerate	TAKEN
meyer	TAKEN
foursome	TAKEN
glance	TAKEN
cain	TAKEN
pumped	TAKEN
peels	TAKEN
jaguars	TAKEN
blunder	TAKEN
smitten	TAKEN
poem	TAKEN
puss	TAKEN
terrific	TAKEN
twenty	TAKEN
perceive	TAKEN
priests	TAKEN
menagerie	TAKEN
signature	TAKEN
faked	TAKEN
evasions	TAKEN
peddler	TAKEN
hums	TAKEN
copyrights	TAKEN
greeting	TAKEN
bush	TAKEN
sturdy	TAKEN
coddle	TAKEN
parrots	TAKEN
bummers	TAKEN
foresaw	TAKEN
allowance	TAKEN
nanny	TAKEN
author	TAKEN
weighing	TAKEN
betraying	TAKEN
issuing	TAKEN
dogs	TAKEN
coon	TAKEN
kidder	TAKEN
introduces	TAKEN
oneself	TAKEN
pharmacy	TAKEN
chapel	TAKEN
ears	TAKEN
cingular	TAKEN
prostitute	TAKEN
likewise	TAKEN
scanning	TAKEN
civilian	TAKEN
characters	TAKEN
cowardice	TAKEN
agendas	TAKEN
reopen	TAKEN
staked	TAKEN
bodily	TAKEN
nails	TAKEN
diced	TAKEN
mailto	TAKEN
mastectomy	TAKEN
eggplant	TAKEN
search	TAKEN
miss	TAKEN
glues	TAKEN
satellite	TAKEN
needle	TAKEN
brisket	TAKEN
identifier	TAKEN
cooks	TAKEN
verified	TAKEN
vaginas	TAKEN
staging	TAKEN
dilated	TAKEN
meddle	TAKEN
evicted	TAKEN
inherently	TAKEN
secretive	TAKEN
examined	TAKEN
boozing	TAKEN
whammy	TAKEN
spitting	TAKEN
resented	TAKEN
nazi	TAKEN
inheritance	TAKEN
british	TAKEN
mourn	TAKEN
replicating	TAKEN
liver	TAKEN
deal	TAKEN
quiz	TAKEN
bribes	TAKEN
downright	TAKEN
bossing	TAKEN
deemed	TAKEN
battling	TAKEN
quince	TAKEN
bungee	TAKEN
widescreen	TAKEN
doorknob	TAKEN
gush	TAKEN
graced	TAKEN
pillage	TAKEN
milk	TAKEN
thawed	TAKEN
bags	TAKEN
hobo	TAKEN
eggnog	TAKEN
nope	TAKEN
hosing	TAKEN
prudes	TAKEN
reply	TAKEN
strangely	TAKEN
already	TAKEN
decanter	TAKEN
apple	TAKEN
amin	TAKEN
basketballs	TAKEN
whenever	TAKEN
jittery	TAKEN
deadline	TAKEN
painted	TAKEN
biological	TAKEN
diversity	TAKEN
incriminate	TAKEN
trauma	TAKEN
occurring	TAKEN
clerical	TAKEN
kept	TAKEN
cucumber	TAKEN
unopened	TAKEN
backgammon	TAKEN
stocks	TAKEN
shopped	TAKEN
rent	TAKEN
leaky	TAKEN
dreck	TAKEN
play	TAKEN
contractor	TAKEN
husbands	TAKEN
saturn	TAKEN
canadian	TAKEN
biking	TAKEN
fritter	TAKEN
leeds	TAKEN
refined	TAKEN
littlest	TAKEN
cedar	TAKEN
windmills	TAKEN
warriors	TAKEN
hubby	TAKEN
reasons	TAKEN
indigo	TAKEN
thready	TAKEN
flanking	TAKEN
looped	TAKEN
firewood	TAKEN
fear	TAKEN
speaks	TAKEN
procured	TAKEN
picket	TAKEN
celery	TAKEN
conceived	TAKEN
orange	TAKEN
servings	TAKEN
communism	TAKEN
appetite	TAKEN
pulses	TAKEN
comparative	TAKEN
abundance	TAKEN
contains	TAKEN
swallowed	TAKEN
abacus	TAKEN
clones	TAKEN
seek	TAKEN
sentinel	TAKEN
disciples	TAKEN
impacts	TAKEN
mumble	TAKEN
devised	TAKEN
courtside	TAKEN
airhead	TAKEN
squaring	TAKEN
dorsal	TAKEN
backdoor	TAKEN
arrows	TAKEN
ounce	TAKEN
circuits	TAKEN
outdoors	TAKEN
dutiful	TAKEN
rumblings	TAKEN
appeal	TAKEN
validated	TAKEN
tyre	TAKEN
containment	TAKEN
smiled	TAKEN
felon	TAKEN
melon	TAKEN
stone	TAKEN
embassy	TAKEN
adrian	TAKEN
yale	TAKEN
succinct	TAKEN
undoing	TAKEN
smuggler	TAKEN
engines	TAKEN
fixed	TAKEN
lotion	TAKEN
close	TAKEN
grandkid	TAKEN
defined	TAKEN
confessing	TAKEN
twisty	TAKEN
myths	TAKEN
discotheque	TAKEN
frazzled	TAKEN
psychopaths	TAKEN
ninth	TAKEN
brazil	TAKEN
emphasis	TAKEN
hasty	TAKEN
unheard	TAKEN
improves	TAKEN
maxwell	TAKEN
ordinates	TAKEN
involving	TAKEN
arrive	TAKEN
anthrax	TAKEN
jeff	TAKEN
heard	TAKEN
restorative	TAKEN
chickened	TAKEN
enjoyed	TAKEN
remedied	TAKEN
musical	TAKEN
stripped	TAKEN
noticing	TAKEN
marshal	TAKEN
courier	TAKEN
diligently	TAKEN
fleece	TAKEN
upped	TAKEN
bait	TAKEN
shirts	TAKEN
accident	TAKEN
pram	TAKEN
systemic	TAKEN
highway	TAKEN
flair	TAKEN
royal	TAKEN
jacked	TAKEN
certify	TAKEN
bracken	TAKEN
wildcat	TAKEN
revolution	TAKEN
enhanced	TAKEN
fixes	TAKEN
canary	TAKEN
whiteness	TAKEN
shook	TAKEN
shredded	TAKEN
regular	TAKEN
alerts	TAKEN
barked	TAKEN
courtrooms	TAKEN
curd	TAKEN
beck	TAKEN
inhaler	TAKEN
filler	TAKEN
keystone	TAKEN
matters	TAKEN
concluded	TAKEN
laurel	TAKEN
sonic	TAKEN
terrible	TAKEN
stomachs	TAKEN
halothane	TAKEN
sandbox	TAKEN
sweetness	TAKEN
form	TAKEN
hetero	TAKEN
programmer	TAKEN
ironclad	TAKEN
slow	TAKEN
hoarse	TAKEN
artful	TAKEN
julie	TAKEN
rationally	TAKEN
jesus	TAKEN
closely	TAKEN
dumbest	TAKEN
pencil	TAKEN
vantage	TAKEN
tactile	TAKEN
jagger	TAKEN
procession	TAKEN
peachy	TAKEN
brunettes	TAKEN
doctrine	TAKEN
geese	TAKEN
rosy	TAKEN
leukemia	TAKEN
americans	TAKEN
halves	TAKEN
fellah	TAKEN
elbow	TAKEN
verger	TAKEN
fisted	TAKEN
inquest	TAKEN
thread	TAKEN
accuracy	TAKEN
experience	TAKEN
flooring	TAKEN
excitement	TAKEN
ironies	TAKEN
lays	TAKEN
gather	TAKEN
fortress	TAKEN
dizziness	TAKEN
pants	TAKEN
technical	TAKEN
frankly	TAKEN
desktops	TAKEN
fortuitous	TAKEN
deaf	TAKEN
sprinkler	TAKEN
initiation	TAKEN
conjecture	TAKEN
dough	TAKEN
trimmed	TAKEN
reservation	TAKEN
footman	TAKEN
pawning	TAKEN
hedges	TAKEN
mail	TAKEN
trouper	TAKEN
benedict	TAKEN
graphs	TAKEN
resin	TAKEN
hora	TAKEN
salmon	TAKEN
pedals	TAKEN
jane	TAKEN
vacationing	TAKEN
curveball	TAKEN
swerving	TAKEN
hangouts	TAKEN
troupe	TAKEN
combust	TAKEN
chests	TAKEN
quoth	TAKEN
textbooks	TAKEN
doofus	TAKEN
frugal	TAKEN
saddened	TAKEN
nostalgia	TAKEN
chimera	TAKEN
actuality	TAKEN
optimize	TAKEN
reddish	TAKEN
dominoes	TAKEN
trusts	TAKEN
pads	TAKEN
tweeze	TAKEN
discontent	TAKEN
scud	TAKEN
shortness	TAKEN
piercing	TAKEN
residential	TAKEN
quacks	TAKEN
ranked	TAKEN
creek	TAKEN
chagrined	TAKEN
busty	TAKEN
certifiable	TAKEN
objective	TAKEN
retaliating	TAKEN
horrified	TAKEN
vain	TAKEN
imaginable	TAKEN
euthanasia	TAKEN
trafficking	TAKEN
ericsson	TAKEN
disasters	TAKEN
ethics	TAKEN
chapman	TAKEN
drowned	TAKEN
grinder	TAKEN
nasdaq	TAKEN
boycott	TAKEN
substantive	TAKEN
lexmark	TAKEN
prided	TAKEN
henchmen	TAKEN
headgear	TAKEN
exalted	TAKEN
exciting	TAKEN
belfast	TAKEN
manners	TAKEN
referendums	TAKEN
chummy	TAKEN
olfactory	TAKEN
blends	TAKEN
drink	TAKEN
overview	TAKEN
crescent	TAKEN
tempered	TAKEN
thou	TAKEN
improving	TAKEN
verizon	TAKEN
trenches	TAKEN
dictate	TAKEN
runoff	TAKEN
prancing	TAKEN
sisterhood	TAKEN
cell	TAKEN
delights	TAKEN
lameness	TAKEN
goodness	TAKEN
fixating	TAKEN
shelter	TAKEN
freaked	TAKEN
totals	TAKEN
romania	TAKEN
gridlock	TAKEN
apartheid	TAKEN
coast	TAKEN
fiesta	TAKEN
slithering	TAKEN
impatient	TAKEN
confinement	TAKEN
wires	TAKEN
unclench	TAKEN
faux	TAKEN
muggings	TAKEN
fledged	TAKEN
rubies	TAKEN
reneging	TAKEN
conniving	TAKEN
uninhibited	TAKEN
disappears	TAKEN
modicum	TAKEN
reform	TAKEN
heifer	TAKEN
calibration	TAKEN
conclusion	TAKEN
hospice	TAKEN
narrowly	TAKEN
corset	TAKEN
spots	TAKEN
crackerjack	TAKEN
tacky	TAKEN
clerks	TAKEN
foisting	TAKEN
sept	TAKEN
unimportant	TAKEN
maul	TAKEN
indignation	TAKEN
postponed	TAKEN
cuteness	TAKEN
flan	TAKEN
guild	TAKEN
contacting	TAKEN
daunting	TAKEN
marvelous	TAKEN
slant	TAKEN
blows	TAKEN
demure	TAKEN
lube	TAKEN
pemmican	TAKEN
flamenco	TAKEN
proposes	TAKEN
kneel	TAKEN
undershirt	TAKEN
reason	TAKEN
shooter	TAKEN
heed	TAKEN
german	TAKEN
machismo	TAKEN
freeware	TAKEN
russia	TAKEN
writ	TAKEN
tackles	TAKEN
luncheon	TAKEN
thus	TAKEN
acrylic	TAKEN
enraged	TAKEN
gotten	TAKEN
spur	TAKEN
armory	TAKEN
knees	TAKEN
whereas	TAKEN
recruiting	TAKEN
refocus	TAKEN
exorcist	TAKEN
occurrences	TAKEN
marooned	TAKEN
parental	TAKEN
meter	TAKEN
confetti	TAKEN
overtaken	TAKEN
fairway	TAKEN
interlude	TAKEN
mink	TAKEN
reads	TAKEN
legit	TAKEN
consider	TAKEN
wondered	TAKEN
embezzle	TAKEN
firestorm	TAKEN
babysitter	TAKEN
suspicious	TAKEN
lowest	TAKEN
client	TAKEN
missions	TAKEN
phases	TAKEN
reduce	TAKEN
majestic	TAKEN
vipers	TAKEN
golf	TAKEN
sayonara	TAKEN
sprang	TAKEN
coping	TAKEN
firmly	TAKEN
captivity	TAKEN
assembler	TAKEN
players	TAKEN
holy	TAKEN
endanger	TAKEN
yoke	TAKEN
counter	TAKEN
broken	TAKEN
assisting	TAKEN
extravagant	TAKEN
shape	TAKEN
creased	TAKEN
earrings	TAKEN
knobby	TAKEN
leslie	TAKEN
quoting	TAKEN
descent	TAKEN
decapitated	TAKEN
thump	TAKEN
mimosas	TAKEN
uninformed	TAKEN
elemental	TAKEN
belarus	TAKEN
confirmed	TAKEN
testifies	TAKEN
excesses	TAKEN
rica	TAKEN
shoelace	TAKEN
steamy	TAKEN
palm	TAKEN
cinnamon	TAKEN
dirk	TAKEN
reset	TAKEN
creeps	TAKEN
supermarket	TAKEN
acquired	TAKEN
brewed	TAKEN
latched	TAKEN
packet	TAKEN
wharf	TAKEN
aside	TAKEN
meats	TAKEN
venison	TAKEN
rigs	TAKEN
pinky	TAKEN
finishes	TAKEN
wiseass	TAKEN
refuses	TAKEN
updates	TAKEN
venture	TAKEN
germs	TAKEN
scoreboard	TAKEN
rotary	TAKEN
voicing	TAKEN
forgive	TAKEN
overwhelm	TAKEN
pearls	TAKEN
subsequent	TAKEN
tween	TAKEN
ribbons	TAKEN
backroom	TAKEN
cosmetics	TAKEN
math	TAKEN
bruised	TAKEN
welcoming	TAKEN
physique	TAKEN
wowed	TAKEN
cleaned	TAKEN
exterior	TAKEN
pittsburgh	TAKEN
appointed	TAKEN
salient	TAKEN
driver	TAKEN
necrosis	TAKEN
cagey	TAKEN
sheet	TAKEN
librarian	TAKEN
creation	TAKEN
music	TAKEN
statute	TAKEN
shanghai	TAKEN
punished	TAKEN
slit	TAKEN
ledger	TAKEN
yards	TAKEN
flowing	TAKEN
twice	TAKEN
deigned	TAKEN
commercial	TAKEN
andale	TAKEN
timothy	TAKEN
tutu	TAKEN
quantities	TAKEN
gault	TAKEN
bugging	TAKEN
vital	TAKEN
tushy	TAKEN
syndrome	TAKEN
abusive	TAKEN
queries	TAKEN
manic	TAKEN
dummkopf	TAKEN
villages	TAKEN
pinot	TAKEN
grimes	TAKEN
vendetta	TAKEN
dismantled	TAKEN
lettering	TAKEN
sweethearts	TAKEN
disinfect	TAKEN
species	TAKEN
excuses	TAKEN
assortment	TAKEN
rune	TAKEN
stuff	TAKEN
sexuality	TAKEN
gulch	TAKEN
enacted	TAKEN
bits	TAKEN
indexes	TAKEN
luggage	TAKEN
gill	TAKEN
departing	TAKEN
maritime	TAKEN
amaze	TAKEN
rewritten	TAKEN
cluttering	TAKEN
science	TAKEN
care	TAKEN
scalpel	TAKEN
bustle	TAKEN
token	TAKEN
states	TAKEN
korean	TAKEN
holidays	TAKEN
function	TAKEN
earmarks	TAKEN
drank	TAKEN
corny	TAKEN
hugger	TAKEN
erroneous	TAKEN
posed	TAKEN
mare	TAKEN
cockroaches	TAKEN
educators	TAKEN
kerry	TAKEN
healthiest	TAKEN
trinkets	TAKEN
continuing	TAKEN
hypotensive	TAKEN
inaugural	TAKEN
platonic	TAKEN
weighed	TAKEN
walled	TAKEN
reacted	TAKEN
manhandled	TAKEN
illuminate	TAKEN
hubbub	TAKEN
medieval	TAKEN
jeez	TAKEN
goose	TAKEN
extras	TAKEN
worrisome	TAKEN
lobbying	TAKEN
suffered	TAKEN
rarest	TAKEN
docking	TAKEN
register	TAKEN
rhinestone	TAKEN
obsolete	TAKEN
rumba	TAKEN
standing	TAKEN
nubile	TAKEN
sometimes	TAKEN
marching	TAKEN
routes	TAKEN
focus	TAKEN
composed	TAKEN
folded	TAKEN
polar	TAKEN
liquidate	TAKEN
laps	TAKEN
chartreuse	TAKEN
applejack	TAKEN
worm	TAKEN
solve	TAKEN
misses	TAKEN
effected	TAKEN
outrun	TAKEN
bros	TAKEN
jewelers	TAKEN
barrage	TAKEN
rancho	TAKEN
renegade	TAKEN
crowns	TAKEN
warnings	TAKEN
chardonnay	TAKEN
laden	TAKEN
liters	TAKEN
blushing	TAKEN
presided	TAKEN
community	TAKEN
antics	TAKEN
sadist	TAKEN
governess	TAKEN
cocky	TAKEN
convertible	TAKEN
discusses	TAKEN
affiliation	TAKEN
cower	TAKEN
spores	TAKEN
procure	TAKEN
scarves	TAKEN
spoiled	TAKEN
bestsellers	TAKEN
hazing	TAKEN
freelancer	TAKEN
venue	TAKEN
lincoln	TAKEN
drafts	TAKEN
gift	TAKEN
spatula	TAKEN
amigos	TAKEN
defines	TAKEN
blink	TAKEN
loaned	TAKEN
firewall	TAKEN
rated	TAKEN
eyeful	TAKEN
message	TAKEN
regardless	TAKEN
titan	TAKEN
tasty	TAKEN
sparkly	TAKEN
hats	TAKEN
owned	TAKEN
lichen	TAKEN
wildly	TAKEN
ridding	TAKEN
frightened	TAKEN
shadowy	TAKEN
cleveland	TAKEN
ennui	TAKEN
bellyaching	TAKEN
thickness	TAKEN
loathe	TAKEN
feudal	TAKEN
leprechaun	TAKEN
footwork	TAKEN
rebellion	TAKEN
ladies	TAKEN
internal	TAKEN
devise	TAKEN
wayside	TAKEN
corrected	TAKEN
chiefs	TAKEN
baptism	TAKEN
flip	TAKEN
waterfront	TAKEN
staircase	TAKEN
dumps	TAKEN
deflecting	TAKEN
fellahs	TAKEN
fluff	TAKEN
arrears	TAKEN
yipe	TAKEN
legendary	TAKEN
oxford	TAKEN
compiling	TAKEN
lost	TAKEN
flaked	TAKEN
moloch	TAKEN
fulfilled	TAKEN
munch	TAKEN
dependency	TAKEN
dago	TAKEN
cannonball	TAKEN
swastika	TAKEN
barricades	TAKEN
freak	TAKEN
crown	TAKEN
dangled	TAKEN
impertinent	TAKEN
illustrate	TAKEN
absorbed	TAKEN
excited	TAKEN
laws	TAKEN
intervened	TAKEN
assuming	TAKEN
voters	TAKEN
snag	TAKEN
rickety	TAKEN
prospect	TAKEN
avoided	TAKEN
enjoying	TAKEN
cannon	TAKEN
sync	TAKEN
wised	TAKEN
narrowed	TAKEN
milkman	TAKEN
mayor	TAKEN
northwest	TAKEN
adherence	TAKEN
capitalist	TAKEN
skedaddle	TAKEN
motorcycle	TAKEN
ravish	TAKEN
porridge	TAKEN
chirping	TAKEN
diseases	TAKEN
ruffians	TAKEN
abrupt	TAKEN
valuation	TAKEN
milky	TAKEN
broads	TAKEN
commits	TAKEN
franc	TAKEN
foster	TAKEN
sandy	TAKEN
menu	TAKEN
flask	TAKEN
dollars	TAKEN
charity	TAKEN
ached	TAKEN
cripes	TAKEN
outbound	TAKEN
agonized	TAKEN
receiving	TAKEN
fared	TAKEN
ritz	TAKEN
daughters	TAKEN
upholstery	TAKEN
basin	TAKEN
sirens	TAKEN
idiom	TAKEN
futuristic	TAKEN
photographs	TAKEN
impervious	TAKEN
satellites	TAKEN
cooled	TAKEN
geriatrics	TAKEN
spurred	TAKEN
karl	TAKEN
detail	TAKEN
milligrams	TAKEN
miggs	TAKEN
xhtml	TAKEN
cured	TAKEN
rods	TAKEN
mavis	TAKEN
goblin	TAKEN
lent	TAKEN
stringing	TAKEN
specifics	TAKEN
geologists	TAKEN
comma	TAKEN
torching	TAKEN
connectors	TAKEN
asteroids	TAKEN
outcomes	TAKEN
meetup	TAKEN
blissful	TAKEN
trio	TAKEN
pheasants	TAKEN
gilbert	TAKEN
orientation	TAKEN
diane	TAKEN
thank	TAKEN
grazed	TAKEN
wrestle	TAKEN
rifle	TAKEN
config	TAKEN
snipers	TAKEN
patter	TAKEN
brunt	TAKEN
subzero	TAKEN
traditions	TAKEN
luxuries	TAKEN
nomads	TAKEN
crated	TAKEN
stainless	TAKEN
exits	TAKEN
total	TAKEN
tunnels	TAKEN
played	TAKEN
definitions	TAKEN
apologise	TAKEN
kyle	TAKEN
frosting	TAKEN
efforts	TAKEN
compulsion	TAKEN
notes	TAKEN
openness	TAKEN
highest	TAKEN
bereft	TAKEN
subbing	TAKEN
harassing	TAKEN
hercules	TAKEN
examine	TAKEN
semi	TAKEN
collarbone	TAKEN
merciful	TAKEN
walk	TAKEN
adjective	TAKEN
unfolds	TAKEN
meteorite	TAKEN
darndest	TAKEN
laziness	TAKEN
depended	TAKEN
configure	TAKEN
shaping	TAKEN
validity	TAKEN
tularemia	TAKEN
incidental	TAKEN
grade	TAKEN
mano	TAKEN
belated	TAKEN
granddaddy	TAKEN
runny	TAKEN
designing	TAKEN
recreating	TAKEN
ministers	TAKEN
aberration	TAKEN
holiest	TAKEN
glossy	TAKEN
grenada	TAKEN
parade	TAKEN
exchanged	TAKEN
luscious	TAKEN
disturb	TAKEN
supremely	TAKEN
butter	TAKEN
contact	TAKEN
lucked	TAKEN
wheeler	TAKEN
sassy	TAKEN
poach	TAKEN
pluck	TAKEN
cadet	TAKEN
capo	TAKEN
gear	TAKEN
definitive	TAKEN
apply	TAKEN
reunion	TAKEN
rockets	TAKEN
speak	TAKEN
whispering	TAKEN
harder	TAKEN
ordeal	TAKEN
inventions	TAKEN
wiggle	TAKEN
exquisite	TAKEN
deceptively	TAKEN
bossed	TAKEN
supposedly	TAKEN
smithereens	TAKEN
sheer	TAKEN
separates	TAKEN
grunge	TAKEN
similarity	TAKEN
gazebo	TAKEN
statistic	TAKEN
strikes	TAKEN
glove	TAKEN
dreaded	TAKEN
diluted	TAKEN
editor	TAKEN
curriculum	TAKEN
opposition	TAKEN
seize	TAKEN
techno	TAKEN
gonna	TAKEN
guess	TAKEN
granting	TAKEN
roped	TAKEN
gravel	TAKEN
adults	TAKEN
headlong	TAKEN
cookbook	TAKEN
spike	TAKEN
crossfire	TAKEN
defacing	TAKEN
satisfy	TAKEN
fleeting	TAKEN
notion	TAKEN
structures	TAKEN
cowed	TAKEN
wounds	TAKEN
dressings	TAKEN
freezers	TAKEN
analyzes	TAKEN
morale	TAKEN
themselves	TAKEN
besmirch	TAKEN
coveting	TAKEN
commenting	TAKEN
dissolves	TAKEN
attraction	TAKEN
guardian	TAKEN
sanitarium	TAKEN
soiled	TAKEN
trustee	TAKEN
hale	TAKEN
hades	TAKEN
swings	TAKEN
deflection	TAKEN
gerbil	TAKEN
falsify	TAKEN
pixel	TAKEN
nuances	TAKEN
chairs	TAKEN
hospitable	TAKEN
helping	TAKEN
jackson	TAKEN
magnetic	TAKEN
lunchtime	TAKEN
slob	TAKEN
gnat	TAKEN
drool	TAKEN
coerce	TAKEN
seeks	TAKEN
revise	TAKEN
mature	TAKEN
combat	TAKEN
insignia	TAKEN
soupy	TAKEN
sweet	TAKEN
exceptional	TAKEN
advises	TAKEN
complacency	TAKEN
merchandise	TAKEN
conceivably	TAKEN
judgement	TAKEN
leaving	TAKEN
forearm	TAKEN
obscene	TAKEN
pedestrian	TAKEN
battering	TAKEN
malaria	TAKEN
simulations	TAKEN
feminists	TAKEN
espn	TAKEN
magnificent	TAKEN
clowning	TAKEN
scrapped	TAKEN
scepter	TAKEN
upheld	TAKEN
galling	TAKEN
goons	TAKEN
banging	TAKEN
smarty	TAKEN
electorate	TAKEN
arched	TAKEN
snowballed	TAKEN
sorrows	TAKEN
negligence	TAKEN
budgets	TAKEN
measure	TAKEN
sewage	TAKEN
specs	TAKEN
braiding	TAKEN
pole	TAKEN
mollie	TAKEN
ornate	TAKEN
evil	TAKEN
straight	TAKEN
notation	TAKEN
develop	TAKEN
garment	TAKEN
impotence	TAKEN
notice	TAKEN
slick	TAKEN
proceeding	TAKEN
supervising	TAKEN
rats	TAKEN
boyfriend	TAKEN
approx	TAKEN
interval	TAKEN
matinee	TAKEN
mason	TAKEN
sensual	TAKEN
sobering	TAKEN
rung	TAKEN
damn	TAKEN
remarkable	TAKEN
lasagne	TAKEN
droppings	TAKEN
vermeil	TAKEN
sacrificial	TAKEN
chisel	TAKEN
grieving	TAKEN
traumas	TAKEN
engrossed	TAKEN
mausoleum	TAKEN
hooded	TAKEN
apparently	TAKEN
implied	TAKEN
pothole	TAKEN
electrolyte	TAKEN
documentary	TAKEN
picker	TAKEN
plausible	TAKEN
striping	TAKEN
detain	TAKEN
chinks	TAKEN
cauliflower	TAKEN
subtly	TAKEN
matched	TAKEN
scare	TAKEN
chrysler	TAKEN
ease	TAKEN
ironed	TAKEN
robust	TAKEN
regal	TAKEN
salesmen	TAKEN
conducive	TAKEN
cheek	TAKEN
chemicals	TAKEN
medications	TAKEN
dobson	TAKEN
boards	TAKEN
wheel	TAKEN
promiscuous	TAKEN
windbreaker	TAKEN
reached	TAKEN
proceeds	TAKEN
chan	TAKEN
dessert	TAKEN
soaring	TAKEN
mary	TAKEN
dodgeball	TAKEN
usual	TAKEN
hams	TAKEN
sawdust	TAKEN
dong	TAKEN
forgotten	TAKEN
phenomenon	TAKEN
sensational	TAKEN
rack	TAKEN
shoulders	TAKEN
teddy	TAKEN
slaved	TAKEN
decent	TAKEN
storm	TAKEN
anytime	TAKEN
tire	TAKEN
bonbon	TAKEN
adjusting	TAKEN
weber	TAKEN
pumping	TAKEN
hugest	TAKEN
oedipal	TAKEN
funniest	TAKEN
boogey	TAKEN
trouble	TAKEN
skepticism	TAKEN
detrimental	TAKEN
embroidered	TAKEN
continuity	TAKEN
labeled	TAKEN
flipped	TAKEN
planners	TAKEN
worldsex	TAKEN
proposition	TAKEN
chaperones	TAKEN
quid	TAKEN
softener	TAKEN
join	TAKEN
friday	TAKEN
fulfillment	TAKEN
clarify	TAKEN
systolic	TAKEN
chrome	TAKEN
union	TAKEN
restless	TAKEN
extremism	TAKEN
fervent	TAKEN
spoiling	TAKEN
homely	TAKEN
clamping	TAKEN
canon	TAKEN
mali	TAKEN
keys	TAKEN
chugging	TAKEN
herbs	TAKEN
baffling	TAKEN
deeper	TAKEN
outlet	TAKEN
whence	TAKEN
lull	TAKEN
cake	TAKEN
unrest	TAKEN
blurted	TAKEN
swedish	TAKEN
loca	TAKEN
folding	TAKEN
projectors	TAKEN
alienate	TAKEN
addendum	TAKEN
scooping	TAKEN
hairless	TAKEN
vamoose	TAKEN
registering	TAKEN
microscopic	TAKEN
myself	TAKEN
cirrhosis	TAKEN
stamina	TAKEN
creak	TAKEN
hotbed	TAKEN
bool	TAKEN
remnants	TAKEN
sugarplum	TAKEN
dragoons	TAKEN
vulnerable	TAKEN
affinity	TAKEN
suave	TAKEN
setup	TAKEN
entrusted	TAKEN
cramp	TAKEN
upgrades	TAKEN
grammar	TAKEN
network	TAKEN
tribune	TAKEN
demonic	TAKEN
ultimate	TAKEN
tangible	TAKEN
coles	TAKEN
tallest	TAKEN
winos	TAKEN
rocked	TAKEN
itches	TAKEN
skidded	TAKEN
decaf	TAKEN
clobbered	TAKEN
leaked	TAKEN
immerse	TAKEN
moonlight	TAKEN
ravens	TAKEN
mentioned	TAKEN
established	TAKEN
filibuster	TAKEN
screaming	TAKEN
latina	TAKEN
generations	TAKEN
relaxes	TAKEN
forest	TAKEN
instances	TAKEN
mexico	TAKEN
woolly	TAKEN
tissues	TAKEN
shtick	TAKEN
optical	TAKEN
father	TAKEN
warheads	TAKEN
legs	TAKEN
tackling	TAKEN
root	TAKEN
geezers	TAKEN
flopping	TAKEN
pissant	TAKEN
expressing	TAKEN
address	TAKEN
cups	TAKEN
warfare	TAKEN
targeted	TAKEN
birthdays	TAKEN
insight	TAKEN
misdeeds	TAKEN
advising	TAKEN
dinning	TAKEN
optometrist	TAKEN
fusion	TAKEN
mainly	TAKEN
enema	TAKEN
guineas	TAKEN
beastality	TAKEN
pining	TAKEN
willed	TAKEN
sleek	TAKEN
stitching	TAKEN
forties	TAKEN
swapping	TAKEN
dissipated	TAKEN
razors	TAKEN
toward	TAKEN
stoney	TAKEN
yearbooks	TAKEN
flog	TAKEN
coming	TAKEN
fluttering	TAKEN
unsavory	TAKEN
email	TAKEN
investment	TAKEN
therefore	TAKEN
brethren	TAKEN
dent	TAKEN
lists	TAKEN
minolta	TAKEN
indie	TAKEN
sook	TAKEN
retrieve	TAKEN
insinuating	TAKEN
crash	TAKEN
writhing	TAKEN
plank	TAKEN
misleading	TAKEN
trifled	TAKEN
health	TAKEN
needles	TAKEN
ducky	TAKEN
wind	TAKEN
continents	TAKEN
coax	TAKEN
witless	TAKEN
keeper	TAKEN
fanaticism	TAKEN
homeopathic	TAKEN
fascinating	TAKEN
egomaniacal	TAKEN
bunches	TAKEN
renegotiate	TAKEN
solves	TAKEN
leper	TAKEN
smiley	TAKEN
flack	TAKEN
napkin	TAKEN
likely	TAKEN
entrances	TAKEN
dismissal	TAKEN
countless	TAKEN
boatman	TAKEN
unveiling	TAKEN
lang	TAKEN
stardust	TAKEN
helms	TAKEN
moaning	TAKEN
pertinent	TAKEN
recruiter	TAKEN
arguing	TAKEN
jersey	TAKEN
fireman	TAKEN
recheck	TAKEN
isaac	TAKEN
woodland	TAKEN
fliers	TAKEN
inbound	TAKEN
movers	TAKEN
vicious	TAKEN
skill	TAKEN
punishment	TAKEN
snarling	TAKEN
movement	TAKEN
supernova	TAKEN
screenshots	TAKEN
chore	TAKEN
dana	TAKEN
offspring	TAKEN
torched	TAKEN
kinda	TAKEN
inquiries	TAKEN
corp	TAKEN
freshening	TAKEN
swivel	TAKEN
brand	TAKEN
coopers	TAKEN
cracks	TAKEN
lithuania	TAKEN
heirs	TAKEN
goggles	TAKEN
allocation	TAKEN
nonissue	TAKEN
sympathetic	TAKEN
arbor	TAKEN
stunts	TAKEN
medication	TAKEN
contemplate	TAKEN
thee	TAKEN
clean	TAKEN
stitches	TAKEN
bloggers	TAKEN
hurray	TAKEN
tender	TAKEN
incomplete	TAKEN
regime	TAKEN
touchdowns	TAKEN
doll	TAKEN
ankles	TAKEN
informed	TAKEN
perceived	TAKEN
cleats	TAKEN
warcraft	TAKEN
unselfish	TAKEN
smooch	TAKEN
dabble	TAKEN
bowel	TAKEN
booking	TAKEN
slightly	TAKEN
portrait	TAKEN
chemist	TAKEN
socked	TAKEN
downing	TAKEN
nympho	TAKEN
elicit	TAKEN
norland	TAKEN
shrapnel	TAKEN
brunette	TAKEN
unrealistic	TAKEN
benefactor	TAKEN
pulse	TAKEN
littering	TAKEN
grownup	TAKEN
showtimes	TAKEN
prize	TAKEN
browns	TAKEN
skated	TAKEN
tailors	TAKEN
photoshop	TAKEN
acoustics	TAKEN
welcomes	TAKEN
favour	TAKEN
deformity	TAKEN
grip	TAKEN
mutual	TAKEN
helluva	TAKEN
guff	TAKEN
stitch	TAKEN
kindling	TAKEN
opposites	TAKEN
multitude	TAKEN
lease	TAKEN
wart	TAKEN
brussels	TAKEN
series	TAKEN
security	TAKEN
albums	TAKEN
rained	TAKEN
cinder	TAKEN
quirky	TAKEN
plunder	TAKEN
sayings	TAKEN
elastic	TAKEN
respective	TAKEN
returns	TAKEN
solvent	TAKEN
saver	TAKEN
classifieds	TAKEN
overheard	TAKEN
bane	TAKEN
chester	TAKEN
sizzling	TAKEN
cutter	TAKEN
both	TAKEN
frank	TAKEN
holler	TAKEN
referral	TAKEN
unofficial	TAKEN
insists	TAKEN
bleeding	TAKEN
cameraman	TAKEN
foremost	TAKEN
solitaire	TAKEN
pissed	TAKEN
albacore	TAKEN
sensor	TAKEN
giggling	TAKEN
nicknames	TAKEN
rigging	TAKEN
nervously	TAKEN
uganda	TAKEN
sharply	TAKEN
exhausting	TAKEN
estranged	TAKEN
successes	TAKEN
petitioner	TAKEN
private	TAKEN
snowballs	TAKEN
pending	TAKEN
attacks	TAKEN
teachers	TAKEN
dysfunction	TAKEN
abandons	TAKEN
cryogenic	TAKEN
bwana	TAKEN
bathing	TAKEN
sequence	TAKEN
investments	TAKEN
albany	TAKEN
annex	TAKEN
laminated	TAKEN
wormhole	TAKEN
binding	TAKEN
matador	TAKEN
notebooks	TAKEN
wrapped	TAKEN
adaptable	TAKEN
vanilla	TAKEN
fighters	TAKEN
vintage	TAKEN
coolest	TAKEN
observable	TAKEN
heavier	TAKEN
punishing	TAKEN
reprobate	TAKEN
nuclear	TAKEN
slogans	TAKEN
thereby	TAKEN
verdict	TAKEN
membership	TAKEN
stored	TAKEN
cock	TAKEN
eels	TAKEN
misplace	TAKEN
excursions	TAKEN
posses	TAKEN
corollary	TAKEN
unhealthy	TAKEN
serving	TAKEN
detector	TAKEN
steamroller	TAKEN
seemingly	TAKEN
decompress	TAKEN
ingredients	TAKEN
peddle	TAKEN
printing	TAKEN
lusts	TAKEN
dusting	TAKEN
spaghetti	TAKEN
smelly	TAKEN
cory	TAKEN
risky	TAKEN
vows	TAKEN
quantum	TAKEN
spectacular	TAKEN
shocking	TAKEN
webmasters	TAKEN
boats	TAKEN
strolls	TAKEN
parliament	TAKEN
wallowing	TAKEN
exhausts	TAKEN
hollers	TAKEN
bald	TAKEN
egos	TAKEN
kiddie	TAKEN
chevrolet	TAKEN
swallows	TAKEN
distracted	TAKEN
recommended	TAKEN
intercom	TAKEN
geek	TAKEN
unprovoked	TAKEN
reasonably	TAKEN
tame	TAKEN
lawmen	TAKEN
adjectives	TAKEN
rigged	TAKEN
financial	TAKEN
midwives	TAKEN
cipher	TAKEN
prodding	TAKEN
homily	TAKEN
supervise	TAKEN
narcolepsy	TAKEN
sherry	TAKEN
impersonal	TAKEN
producers	TAKEN
solicited	TAKEN
snort	TAKEN
blitz	TAKEN
stage	TAKEN
hounds	TAKEN
anesthetics	TAKEN
sega	TAKEN
tamil	TAKEN
everyday	TAKEN
rescuing	TAKEN
fruit	TAKEN
desks	TAKEN
fiercest	TAKEN
pitying	TAKEN
morality	TAKEN
brooks	TAKEN
snores	TAKEN
paisley	TAKEN
jackal	TAKEN
perturbed	TAKEN
licence	TAKEN
decks	TAKEN
amplifier	TAKEN
travis	TAKEN
restful	TAKEN
vagina	TAKEN
citizens	TAKEN
egregious	TAKEN
cerulean	TAKEN
hijacking	TAKEN
tack	TAKEN
removes	TAKEN
periods	TAKEN
slumped	TAKEN
telemetry	TAKEN
truss	TAKEN
blackboard	TAKEN
peruse	TAKEN
possessing	TAKEN
rejects	TAKEN
centimeters	TAKEN
niggers	TAKEN
disparity	TAKEN
squirts	TAKEN
rainy	TAKEN
damsel	TAKEN
yuan	TAKEN
competitors	TAKEN
wildlife	TAKEN
disowned	TAKEN
wally	TAKEN
sniffed	TAKEN
scaring	TAKEN
bastards	TAKEN
radiating	TAKEN
venetian	TAKEN
colonized	TAKEN
preying	TAKEN
particles	TAKEN
hyped	TAKEN
preamble	TAKEN
saying	TAKEN
headdress	TAKEN
post	TAKEN
ratted	TAKEN
spreads	TAKEN
fuels	TAKEN
totally	TAKEN
vigilance	TAKEN
noodles	TAKEN
delly	TAKEN
vacation	TAKEN
deceiving	TAKEN
terrify	TAKEN
poodles	TAKEN
flashback	TAKEN
prisoners	TAKEN
topple	TAKEN
tremendous	TAKEN
reflexes	TAKEN
dipped	TAKEN
moreover	TAKEN
deserved	TAKEN
elliptical	TAKEN
theories	TAKEN
contusions	TAKEN
urging	TAKEN
realms	TAKEN
healthier	TAKEN
general	TAKEN
sacrament	TAKEN
bottomless	TAKEN
patrol	TAKEN
forecasts	TAKEN
shirking	TAKEN
milligram	TAKEN
concealment	TAKEN
precautions	TAKEN
error	TAKEN
eleventh	TAKEN
amend	TAKEN
untreated	TAKEN
tank	TAKEN
collects	TAKEN
bradley	TAKEN
specials	TAKEN
falls	TAKEN
artery	TAKEN
doggies	TAKEN
runway	TAKEN
temptation	TAKEN
soda	TAKEN
schmoozing	TAKEN
importing	TAKEN
apologized	TAKEN
debt	TAKEN
prospector	TAKEN
portable	TAKEN
floral	TAKEN
earthy	TAKEN
waved	TAKEN
chivalrous	TAKEN
passage	TAKEN
game	TAKEN
crawly	TAKEN
talons	TAKEN
pontoon	TAKEN
resistant	TAKEN
outputs	TAKEN
strip	TAKEN
dues	TAKEN
brief	TAKEN
rebuttal	TAKEN
fifties	TAKEN
infirmary	TAKEN
ensuring	TAKEN
composer	TAKEN
euphemism	TAKEN
outnumber	TAKEN
smears	TAKEN
juiced	TAKEN
maple	TAKEN
forego	TAKEN
archeology	TAKEN
filmmaker	TAKEN
wriggle	TAKEN
packer	TAKEN
soap	TAKEN
sorbet	TAKEN
sockets	TAKEN
debut	TAKEN
hills	TAKEN
gauging	TAKEN
crucifixion	TAKEN
penn	TAKEN
quoted	TAKEN
carvel	TAKEN
nite	TAKEN
downsize	TAKEN
exonerated	TAKEN
void	TAKEN
snatching	TAKEN
lick	TAKEN
compares	TAKEN
mixes	TAKEN
cissy	TAKEN
freebie	TAKEN
spoken	TAKEN
crispy	TAKEN
healer	TAKEN
resource	TAKEN
buses	TAKEN
carbon	TAKEN
tavern	TAKEN
intros	TAKEN
geologist	TAKEN
upon	TAKEN
clapping	TAKEN
rating	TAKEN
delivery	TAKEN
deserve	TAKEN
postage	TAKEN
shaming	TAKEN
sever	TAKEN
exceed	TAKEN
lassie	TAKEN
echo	TAKEN
tailspin	TAKEN
discussions	TAKEN
elements	TAKEN
kooky	TAKEN
intercepted	TAKEN
grouchy	TAKEN
chants	TAKEN
chunks	TAKEN
proverbial	TAKEN
graffiti	TAKEN
betrayal	TAKEN
commit	TAKEN
robs	TAKEN
narc	TAKEN
gallows	TAKEN
trick	TAKEN
knoll	TAKEN
autograph	TAKEN
door	TAKEN
annihilated	TAKEN
fierce	TAKEN
lurks	TAKEN
precise	TAKEN
seem	TAKEN
arrests	TAKEN
alongside	TAKEN
thyroid	TAKEN
oink	TAKEN
dork	TAKEN
puking	TAKEN
nervousness	TAKEN
lashing	TAKEN
invest	TAKEN
gives	TAKEN
stakes	TAKEN
sailors	TAKEN
inevitably	TAKEN
darken	TAKEN
backstage	TAKEN
drones	TAKEN
apparatus	TAKEN
grilled	TAKEN
squad	TAKEN
emerging	TAKEN
bounds	TAKEN
moody	TAKEN
sitemap	TAKEN
gratuity	TAKEN
acing	TAKEN
noted	TAKEN
bully	TAKEN
maps	TAKEN
regatta	TAKEN
confluence	TAKEN
divorce	TAKEN
memo	TAKEN
locomotive	TAKEN
mutating	TAKEN
luckily	TAKEN
weirdest	TAKEN
tenets	TAKEN
warden	TAKEN
digestion	TAKEN
middleman	TAKEN
avatar	TAKEN
vegetarians	TAKEN
reps	TAKEN
paradigm	TAKEN
potency	TAKEN
building	TAKEN
inaccurate	TAKEN
splat	TAKEN
photography	TAKEN
annihilate	TAKEN
stolen	TAKEN
ovation	TAKEN
freeman	TAKEN
cuter	TAKEN
bosom	TAKEN
exhibited	TAKEN
newport	TAKEN
harbors	TAKEN
eventful	TAKEN
bookings	TAKEN
dotted	TAKEN
neutron	TAKEN
fumigation	TAKEN
murmur	TAKEN
mensa	TAKEN
propping	TAKEN
satyr	TAKEN
incarnation	TAKEN
sewn	TAKEN
bleep	TAKEN
premise	TAKEN
mule	TAKEN
tunes	TAKEN
regulations	TAKEN
thrash	TAKEN
plummeting	TAKEN
specified	TAKEN
driving	TAKEN
bloody	TAKEN
cable	TAKEN
respondents	TAKEN
cutest	TAKEN
convicted	TAKEN
sovereignty	TAKEN
presidents	TAKEN
gaze	TAKEN
comparisons	TAKEN
hash	TAKEN
burned	TAKEN
minuscule	TAKEN
orally	TAKEN
syphon	TAKEN
loaded	TAKEN
tanzania	TAKEN
clockwise	TAKEN
devastated	TAKEN
antibody	TAKEN
skaters	TAKEN
rouge	TAKEN
background	TAKEN
groaning	TAKEN
earliest	TAKEN
paragraph	TAKEN
biff	TAKEN
punctuality	TAKEN
detachment	TAKEN
collective	TAKEN
torque	TAKEN
baptize	TAKEN
stealthy	TAKEN
supplies	TAKEN
watcher	TAKEN
buzzard	TAKEN
drips	TAKEN
cribs	TAKEN
radiation	TAKEN
magic	TAKEN
adaptive	TAKEN
sealing	TAKEN
beseech	TAKEN
recommend	TAKEN
toenail	TAKEN
booklet	TAKEN
gloomy	TAKEN
illnesses	TAKEN
pilar	TAKEN
overgrown	TAKEN
rode	TAKEN
dost	TAKEN
inept	TAKEN
perhaps	TAKEN
conferred	TAKEN
appeased	TAKEN
cameron	TAKEN
grandchild	TAKEN
stately	TAKEN
dabbling	TAKEN
whiff	TAKEN
mangoes	TAKEN
roto	TAKEN
tenants	TAKEN
inform	TAKEN
idyllic	TAKEN
analyzed	TAKEN
promise	TAKEN
mops	TAKEN
fungus	TAKEN
sexes	TAKEN
jaded	TAKEN
wisely	TAKEN
evacuate	TAKEN
flood	TAKEN
figurehead	TAKEN
appalled	TAKEN
zesty	TAKEN
astute	TAKEN
pail	TAKEN
opportunist	TAKEN
protect	TAKEN
lasso	TAKEN
invision	TAKEN
crouching	TAKEN
display	TAKEN
diversion	TAKEN
fairness	TAKEN
gene	TAKEN
rewarding	TAKEN
crux	TAKEN
webcams	TAKEN
beard	TAKEN
firstly	TAKEN
attorneys	TAKEN
cookie	TAKEN
combing	TAKEN
florist	TAKEN
blazer	TAKEN
pillow	TAKEN
duped	TAKEN
snobby	TAKEN
implies	TAKEN
volunteer	TAKEN
decree	TAKEN
dame	TAKEN
crystals	TAKEN
harley	TAKEN
fascist	TAKEN
carnivorous	TAKEN
parking	TAKEN
streams	TAKEN
snuggle	TAKEN
touched	TAKEN
flesh	TAKEN
disoriented	TAKEN
harrison	TAKEN
entrance	TAKEN
reheat	TAKEN
stewards	TAKEN
cares	TAKEN
spiking	TAKEN
fraught	TAKEN
apes	TAKEN
hoboes	TAKEN
bored	TAKEN
securely	TAKEN
ambitions	TAKEN
jewels	TAKEN
rounding	TAKEN
hansen	TAKEN
browsers	TAKEN
programs	TAKEN
maintaining	TAKEN
maidens	TAKEN
inseparable	TAKEN
fringe	TAKEN
logged	TAKEN
liquefy	TAKEN
tighten	TAKEN
hopeful	TAKEN
sandwiches	TAKEN
spiel	TAKEN
downloading	TAKEN
mongoose	TAKEN
ecstatic	TAKEN
scribbling	TAKEN
flatbed	TAKEN
tobacco	TAKEN
pressed	TAKEN
plummeted	TAKEN
veered	TAKEN
existed	TAKEN
boil	TAKEN
previous	TAKEN
warlocks	TAKEN
pudding	TAKEN
jogging	TAKEN
boatload	TAKEN
carjacking	TAKEN
unknowns	TAKEN
swarm	TAKEN
episode	TAKEN
terrifying	TAKEN
translation	TAKEN
notch	TAKEN
labs	TAKEN
islands	TAKEN
benny	TAKEN
hovering	TAKEN
mastercard	TAKEN
remarry	TAKEN
exhausted	TAKEN
fights	TAKEN
incentive	TAKEN
swooping	TAKEN
sifting	TAKEN
manually	TAKEN
momma	TAKEN
snub	TAKEN
kuwait	TAKEN
tomcat	TAKEN
lightly	TAKEN
stepmother	TAKEN
repentance	TAKEN
winged	TAKEN
working	TAKEN
scopes	TAKEN
ancestors	TAKEN
typed	TAKEN
decorative	TAKEN
mythology	TAKEN
pheasant	TAKEN
august	TAKEN
envelopes	TAKEN
eagle	TAKEN
reluctantly	TAKEN
pakistan	TAKEN
touches	TAKEN
vibrating	TAKEN
geniuses	TAKEN
jawed	TAKEN
seizures	TAKEN
congress	TAKEN
bucket	TAKEN
toxin	TAKEN
lewis	TAKEN
misery	TAKEN
crack	TAKEN
looming	TAKEN
casualties	TAKEN
malawi	TAKEN
rattled	TAKEN
replicate	TAKEN
mono	TAKEN
striped	TAKEN
sinuses	TAKEN
doughnut	TAKEN
headset	TAKEN
corsage	TAKEN
pact	TAKEN
turret	TAKEN
fred	TAKEN
spreading	TAKEN
deco	TAKEN
rookie	TAKEN
furthermore	TAKEN
conform	TAKEN
merry	TAKEN
factual	TAKEN
puppies	TAKEN
harvard	TAKEN
cumin	TAKEN
numbing	TAKEN
luther	TAKEN
guyana	TAKEN
bird	TAKEN
tigers	TAKEN
wholesome	TAKEN
focussing	TAKEN
splashy	TAKEN
couch	TAKEN
plug	TAKEN
fray	TAKEN
angels	TAKEN
angle	TAKEN
management	TAKEN
indeed	TAKEN
precedent	TAKEN
afraid	TAKEN
tangent	TAKEN
logic	TAKEN
drinker	TAKEN
tech	TAKEN
earnest	TAKEN
malaysia	TAKEN
crabgrass	TAKEN
undergrad	TAKEN
psst	TAKEN
soared	TAKEN
gagged	TAKEN
renal	TAKEN
captives	TAKEN
tribe	TAKEN
indefinite	TAKEN
wampum	TAKEN
nipples	TAKEN
divinity	TAKEN
organisms	TAKEN
sewing	TAKEN
ashtray	TAKEN
smallest	TAKEN
beans	TAKEN
gregory	TAKEN
regenerated	TAKEN
scanned	TAKEN
tempted	TAKEN
benefited	TAKEN
annie	TAKEN
cacciatore	TAKEN
steed	TAKEN
divers	TAKEN
flash	TAKEN
torturing	TAKEN
fibre	TAKEN
self	TAKEN
berry	TAKEN
stem	TAKEN
awol	TAKEN
trains	TAKEN
swingers	TAKEN
wasting	TAKEN
catfight	TAKEN
bogeyman	TAKEN
quilting	TAKEN
trig	TAKEN
polymer	TAKEN
street	TAKEN
mountains	TAKEN
heckles	TAKEN
desire	TAKEN
duffel	TAKEN
prepped	TAKEN
wussy	TAKEN
alexander	TAKEN
fullest	TAKEN
pickup	TAKEN
hourly	TAKEN
oliver	TAKEN
sour	TAKEN
particle	TAKEN
overall	TAKEN
thinly	TAKEN
boneless	TAKEN
barrel	TAKEN
selectman	TAKEN
smuggled	TAKEN
diminutive	TAKEN
sundown	TAKEN
pagers	TAKEN
perfecting	TAKEN
haycock	TAKEN
snitch	TAKEN
collapse	TAKEN
skillet	TAKEN
urchin	TAKEN
bruce	TAKEN
ethnicity	TAKEN
transfers	TAKEN
bora	TAKEN
riled	TAKEN
cyanide	TAKEN
motherhood	TAKEN
senators	TAKEN
remodeled	TAKEN
immortal	TAKEN
focal	TAKEN
proving	TAKEN
juror	TAKEN
kremlin	TAKEN
unappealing	TAKEN
fame	TAKEN
deadbeat	TAKEN
slighted	TAKEN
rules	TAKEN
showing	TAKEN
ballerina	TAKEN
honorary	TAKEN
seedy	TAKEN
pubmed	TAKEN
stability	TAKEN
kicking	TAKEN
wounding	TAKEN
puts	TAKEN
fuse	TAKEN
reflections	TAKEN
loveless	TAKEN
applicants	TAKEN
bourgeois	TAKEN
checkmate	TAKEN
renovating	TAKEN
runaround	TAKEN
nicer	TAKEN
victor	TAKEN
filename	TAKEN
dairy	TAKEN
standby	TAKEN
franks	TAKEN
tangling	TAKEN
titties	TAKEN
misplaced	TAKEN
militants	TAKEN
mimes	TAKEN
administer	TAKEN
swizzle	TAKEN
malevolent	TAKEN
attends	TAKEN
chap	TAKEN
christine	TAKEN
wanderer	TAKEN
tolerable	TAKEN
balance	TAKEN
tach	TAKEN
engulfed	TAKEN
realty	TAKEN
hawk	TAKEN
endorphins	TAKEN
mildly	TAKEN
scotches	TAKEN
opponent	TAKEN
shoulder	TAKEN
bren	TAKEN
fife	TAKEN
included	TAKEN
canaries	TAKEN
excerpt	TAKEN
coffin	TAKEN
mercenaries	TAKEN
astronomy	TAKEN
baronet	TAKEN
belts	TAKEN
envy	TAKEN
neon	TAKEN
suzuki	TAKEN
rectify	TAKEN
simulates	TAKEN
gourmet	TAKEN
jacks	TAKEN
coaster	TAKEN
anonymous	TAKEN
pilgrim	TAKEN
reprisals	TAKEN
shoehorn	TAKEN
termites	TAKEN
stamper	TAKEN
berating	TAKEN
auburn	TAKEN
rate	TAKEN
counters	TAKEN
distances	TAKEN
pediatrics	TAKEN
flyboy	TAKEN
suspended	TAKEN
gripes	TAKEN
sums	TAKEN
slugs	TAKEN
basil	TAKEN
wells	TAKEN
monk	TAKEN
fell	TAKEN
kissing	TAKEN
repetitive	TAKEN
chronically	TAKEN
tinfoil	TAKEN
ogre	TAKEN
cushion	TAKEN
henderson	TAKEN
limber	TAKEN
seems	TAKEN
maldives	TAKEN
anxiously	TAKEN
courted	TAKEN
oracle	TAKEN
sending	TAKEN
fainting	TAKEN
infuriate	TAKEN
cheery	TAKEN
shakes	TAKEN
eyelash	TAKEN
beef	TAKEN
headmaster	TAKEN
commies	TAKEN
overblown	TAKEN
wore	TAKEN
tonic	TAKEN
riches	TAKEN
reid	TAKEN
glint	TAKEN
slim	TAKEN
promoted	TAKEN
warmed	TAKEN
honeymoon	TAKEN
ceremonial	TAKEN
memory	TAKEN
faggot	TAKEN
delirium	TAKEN
radial	TAKEN
hawks	TAKEN
owls	TAKEN
foretold	TAKEN
oils	TAKEN
services	TAKEN
count	TAKEN
implausible	TAKEN
dorado	TAKEN
garter	TAKEN
expiration	TAKEN
quandary	TAKEN
jalopy	TAKEN
jinx	TAKEN
hobbits	TAKEN
nosing	TAKEN
propellers	TAKEN
turbulence	TAKEN
deception	TAKEN
mild	TAKEN
entail	TAKEN
awaits	TAKEN
thomas	TAKEN
mixers	TAKEN
recognised	TAKEN
clipboard	TAKEN
motor	TAKEN
lullaby	TAKEN
richardson	TAKEN
decibels	TAKEN
thoughts	TAKEN
hostel	TAKEN
hypnotic	TAKEN
diverted	TAKEN
arthritis	TAKEN
jeans	TAKEN
feeding	TAKEN
glowing	TAKEN
planes	TAKEN
points	TAKEN
allotted	TAKEN
still	TAKEN
reasoned	TAKEN
invalid	TAKEN
downsizing	TAKEN
lender	TAKEN
left	TAKEN
perjury	TAKEN
scene	TAKEN
restrooms	TAKEN
secrecy	TAKEN
millet	TAKEN
skirts	TAKEN
defraud	TAKEN
nothings	TAKEN
crumbles	TAKEN
bearing	TAKEN
indecent	TAKEN
painful	TAKEN
reappeared	TAKEN
diagnosed	TAKEN
visor	TAKEN
loving	TAKEN
townsfolk	TAKEN
bearers	TAKEN
moxie	TAKEN
punches	TAKEN
bulldozers	TAKEN
barley	TAKEN
physician	TAKEN
griffin	TAKEN
brewer	TAKEN
victimless	TAKEN
mulled	TAKEN
twig	TAKEN
traced	TAKEN
strait	TAKEN
complaints	TAKEN
convoy	TAKEN
burglar	TAKEN
enriched	TAKEN
washed	TAKEN
defying	TAKEN
clap	TAKEN
duties	TAKEN
muscled	TAKEN
upright	TAKEN
gigs	TAKEN
liability	TAKEN
pool	TAKEN
dublin	TAKEN
reptile	TAKEN
surfaced	TAKEN
reptilian	TAKEN
stir	TAKEN
popper	TAKEN
attest	TAKEN
median	TAKEN
labour	TAKEN
simpleton	TAKEN
sakes	TAKEN
grudge	TAKEN
ranch	TAKEN
fright	TAKEN
happiness	TAKEN
inclined	TAKEN
late	TAKEN
absolution	TAKEN
runs	TAKEN
domes	TAKEN
feller	TAKEN
stylish	TAKEN
workaholic	TAKEN
patois	TAKEN
lets	TAKEN
viva	TAKEN
nuns	TAKEN
samaritan	TAKEN
instantly	TAKEN
uplifting	TAKEN
dips	TAKEN
smashes	TAKEN
deposit	TAKEN
scotch	TAKEN
givens	TAKEN
magistrate	TAKEN
track	TAKEN
lefts	TAKEN
cheaters	TAKEN
summons	TAKEN
frustrating	TAKEN
hitchhiking	TAKEN
galloping	TAKEN
furiously	TAKEN
nancy	TAKEN
flurries	TAKEN
puffed	TAKEN
refreshing	TAKEN
ardent	TAKEN
cached	TAKEN
salamander	TAKEN
despondent	TAKEN
catsup	TAKEN
huskies	TAKEN
judgmental	TAKEN
suds	TAKEN
hitchhikers	TAKEN
bragged	TAKEN
windsurfing	TAKEN
skipped	TAKEN
derivative	TAKEN
traverse	TAKEN
ducked	TAKEN
connects	TAKEN
biography	TAKEN
encouraging	TAKEN
cockamamie	TAKEN
vine	TAKEN
discord	TAKEN
hosts	TAKEN
trusty	TAKEN
bayou	TAKEN
parrot	TAKEN
squall	TAKEN
hobby	TAKEN
viola	TAKEN
fend	TAKEN
warranted	TAKEN
plight	TAKEN
khaki	TAKEN
patient	TAKEN
counselling	TAKEN
seaplane	TAKEN
hunched	TAKEN
flops	TAKEN
seagull	TAKEN
aerosol	TAKEN
impartial	TAKEN
attended	TAKEN
groomer	TAKEN
tether	TAKEN
prozac	TAKEN
ebay	TAKEN
viewpoint	TAKEN
nighttime	TAKEN
faggy	TAKEN
uniforms	TAKEN
hears	TAKEN
toller	TAKEN
chicano	TAKEN
mach	TAKEN
upgrading	TAKEN
nous	TAKEN
dismissed	TAKEN
outs	TAKEN
amounts	TAKEN
disobeying	TAKEN
mailed	TAKEN
gopher	TAKEN
schizo	TAKEN
dinner	TAKEN
subbasement	TAKEN
hans	TAKEN
minister	TAKEN
estimating	TAKEN
guys	TAKEN
bermuda	TAKEN
skeeters	TAKEN
cardboard	TAKEN
desecration	TAKEN
peacemaker	TAKEN
rattling	TAKEN
wreak	TAKEN
pesos	TAKEN
shah	TAKEN
allergic	TAKEN
deleted	TAKEN
ghosts	TAKEN
moderator	TAKEN
worries	TAKEN
lymph	TAKEN
veal	TAKEN
singling	TAKEN
signaled	TAKEN
mariah	TAKEN
minivan	TAKEN
kaon	TAKEN
doodle	TAKEN
swimsuit	TAKEN
arrhythmia	TAKEN
newspaper	TAKEN
wounded	TAKEN
anchors	TAKEN
dullard	TAKEN
piles	TAKEN
roller	TAKEN
inedible	TAKEN
purgatory	TAKEN
expanded	TAKEN
metadata	TAKEN
dwell	TAKEN
languages	TAKEN
repugnant	TAKEN
gardeners	TAKEN
dried	TAKEN
bridesmaid	TAKEN
crick	TAKEN
warts	TAKEN
sleeper	TAKEN
unquote	TAKEN
tampa	TAKEN
stairway	TAKEN
veterinary	TAKEN
misfit	TAKEN
ignite	TAKEN
effort	TAKEN
generally	TAKEN
vermont	TAKEN
brass	TAKEN
several	TAKEN
dawn	TAKEN
explained	TAKEN
guilty	TAKEN
george	TAKEN
scotia	TAKEN
volume	TAKEN
kirk	TAKEN
refundable	TAKEN
goodman	TAKEN
beat	TAKEN
riverside	TAKEN
uncalled	TAKEN
conventions	TAKEN
digested	TAKEN
ness	TAKEN
translators	TAKEN
dictates	TAKEN
vaporized	TAKEN
tenner	TAKEN
boldly	TAKEN
depict	TAKEN
recitals	TAKEN
theoretical	TAKEN
moderators	TAKEN
delta	TAKEN
spouse	TAKEN
seismic	TAKEN
outlandish	TAKEN
depiction	TAKEN
debates	TAKEN
purblind	TAKEN
trickle	TAKEN
retire	TAKEN
spicy	TAKEN
unruly	TAKEN
rowan	TAKEN
desperation	TAKEN
chestnuts	TAKEN
lapse	TAKEN
dialysis	TAKEN
vacated	TAKEN
cramps	TAKEN
wire	TAKEN
unrelated	TAKEN
paternal	TAKEN
otter	TAKEN
permits	TAKEN
pushy	TAKEN
roam	TAKEN
craziness	TAKEN
emerge	TAKEN
footed	TAKEN
nitwit	TAKEN
juicy	TAKEN
kick	TAKEN
carter	TAKEN
earwig	TAKEN
cords	TAKEN
spotlights	TAKEN
iron	TAKEN
affordable	TAKEN
create	TAKEN
initials	TAKEN
brown	TAKEN
olives	TAKEN
minimize	TAKEN
yanked	TAKEN
odyssey	TAKEN
bowery	TAKEN
oregon	TAKEN
instruct	TAKEN
executed	TAKEN
disrupted	TAKEN
blinders	TAKEN
scans	TAKEN
reunite	TAKEN
sunbathing	TAKEN
assistance	TAKEN
hobble	TAKEN
dueling	TAKEN
wobble	TAKEN
boundaries	TAKEN
beats	TAKEN
unhand	TAKEN
chumps	TAKEN
swatting	TAKEN
editors	TAKEN
coughing	TAKEN
crypts	TAKEN
moans	TAKEN
nanosecond	TAKEN
mushy	TAKEN
renting	TAKEN
stares	TAKEN
shove	TAKEN
mile	TAKEN
method	TAKEN
revenues	TAKEN
advantage	TAKEN
behaved	TAKEN
silvery	TAKEN
thrashing	TAKEN
employment	TAKEN
insecure	TAKEN
sized	TAKEN
constrictor	TAKEN
magazines	TAKEN
buildup	TAKEN
tory	TAKEN
kate	TAKEN
waited	TAKEN
surgeon	TAKEN
orgies	TAKEN
mock	TAKEN
glimpse	TAKEN
breakups	TAKEN
angel	TAKEN
diabetes	TAKEN
retrograde	TAKEN
rite	TAKEN
shagging	TAKEN
medina	TAKEN
montreal	TAKEN
scampi	TAKEN
spooky	TAKEN
desk	TAKEN
superman	TAKEN
computed	TAKEN
christina	TAKEN
assimilate	TAKEN
goods	TAKEN
line	TAKEN
jill	TAKEN
martinis	TAKEN
pushes	TAKEN
illusion	TAKEN
honors	TAKEN
toothpicks	TAKEN
hive	TAKEN
advocating	TAKEN
turning	TAKEN
thug	TAKEN
infection	TAKEN
punish	TAKEN
accelerate	TAKEN
faxed	TAKEN
ouch	TAKEN
retainer	TAKEN
scholarship	TAKEN
movements	TAKEN
deflated	TAKEN
screened	TAKEN
prepare	TAKEN
creamer	TAKEN
formidable	TAKEN
taxpayers	TAKEN
minute	TAKEN
virginity	TAKEN
drosophila	TAKEN
away	TAKEN
pontiac	TAKEN
prankster	TAKEN
christie	TAKEN
lack	TAKEN
cube	TAKEN
showering	TAKEN
heart	TAKEN
cruddy	TAKEN
flared	TAKEN
existing	TAKEN
rationalize	TAKEN
facilitate	TAKEN
shepherd	TAKEN
occur	TAKEN
stick	TAKEN
scoff	TAKEN
looker	TAKEN
symptom	TAKEN
wits	TAKEN
darlings	TAKEN
pawn	TAKEN
borrowed	TAKEN
airways	TAKEN
soot	TAKEN
underwater	TAKEN
terrorized	TAKEN
indians	TAKEN
vanished	TAKEN
superhero	TAKEN
patches	TAKEN
gathers	TAKEN
comrade	TAKEN
fiasco	TAKEN
preoccupied	TAKEN
bowers	TAKEN
faqs	TAKEN
jotted	TAKEN
monarchs	TAKEN
saved	TAKEN
disdain	TAKEN
miserable	TAKEN
drawing	TAKEN
hopelessly	TAKEN
eros	TAKEN
choking	TAKEN
providing	TAKEN
fable	TAKEN
loads	TAKEN
scone	TAKEN
uproot	TAKEN
relinquish	TAKEN
whimsical	TAKEN
comprised	TAKEN
provision	TAKEN
indict	TAKEN
streaks	TAKEN
summary	TAKEN
nudist	TAKEN
compilation	TAKEN
brainstorm	TAKEN
notably	TAKEN
disputes	TAKEN
cougar	TAKEN
treads	TAKEN
twit	TAKEN
littered	TAKEN
sermons	TAKEN
disco	TAKEN
broadening	TAKEN
hemlock	TAKEN
alive	TAKEN
mambo	TAKEN
requirement	TAKEN
mortals	TAKEN
flows	TAKEN
wonky	TAKEN
generators	TAKEN
witching	TAKEN
saluted	TAKEN
deathly	TAKEN
poring	TAKEN
lapses	TAKEN
inhuman	TAKEN
notebook	TAKEN
retreated	TAKEN
drinkers	TAKEN
stripper	TAKEN
cruelty	TAKEN
jaws	TAKEN
mountaintop	TAKEN
impressing	TAKEN
sleepyhead	TAKEN
molecules	TAKEN
snatched	TAKEN
turnout	TAKEN
when	TAKEN
teacup	TAKEN
document	TAKEN
ghastly	TAKEN
chuckle	TAKEN
assemblies	TAKEN
fumigated	TAKEN
completed	TAKEN
haha	TAKEN
cheque	TAKEN
hostages	TAKEN
beneficial	TAKEN
budget	TAKEN
occupant	TAKEN
pools	TAKEN
outfield	TAKEN
funded	TAKEN
resign	TAKEN
banana	TAKEN
mated	TAKEN
flounder	TAKEN
scenarios	TAKEN
infra	TAKEN
beside	TAKEN
braid	TAKEN
reviewed	TAKEN
struggles	TAKEN
bonfire	TAKEN
plating	TAKEN
nursery	TAKEN
basically	TAKEN
faintest	TAKEN
finalist	TAKEN
simplistic	TAKEN
hotshot	TAKEN
whoa	TAKEN
adrenaline	TAKEN
ditched	TAKEN
hookup	TAKEN
blank	TAKEN
watered	TAKEN
wiki	TAKEN
strep	TAKEN
bodies	TAKEN
shunned	TAKEN
neighbors	TAKEN
manning	TAKEN
copter	TAKEN
boutiques	TAKEN
sensory	TAKEN
servers	TAKEN
egypt	TAKEN
bogs	TAKEN
strips	TAKEN
launches	TAKEN
cutesy	TAKEN
temperature	TAKEN
endorse	TAKEN
escaped	TAKEN
blather	TAKEN
confederacy	TAKEN
focussed	TAKEN
accounted	TAKEN
samuel	TAKEN
liking	TAKEN
throughway	TAKEN
purpose	TAKEN
unlocks	TAKEN
familiarize	TAKEN
spoils	TAKEN
moonlit	TAKEN
notepad	TAKEN
pigsty	TAKEN
itching	TAKEN
admonished	TAKEN
nosedive	TAKEN
plastered	TAKEN
practice	TAKEN
compact	TAKEN
enhancement	TAKEN
interviewed	TAKEN
mailing	TAKEN
nightfall	TAKEN
mineral	TAKEN
enlarge	TAKEN
korea	TAKEN
spokesman	TAKEN
behind	TAKEN
rents	TAKEN
masters	TAKEN
exceeds	TAKEN
deadlier	TAKEN
casio	TAKEN
bowl	TAKEN
mangled	TAKEN
rant	TAKEN
classical	TAKEN
gazpacho	TAKEN
prosecute	TAKEN
suggestions	TAKEN
stood	TAKEN
monde	TAKEN
griddle	TAKEN
tush	TAKEN
tarnished	TAKEN
lined	TAKEN
gallant	TAKEN
condominium	TAKEN
screwups	TAKEN
luckier	TAKEN
interfered	TAKEN
convention	TAKEN
pampered	TAKEN
parasitic	TAKEN
recipient	TAKEN
interest	TAKEN
shifty	TAKEN
ostensibly	TAKEN
permalink	TAKEN
gyms	TAKEN
busboy	TAKEN
python	TAKEN
piggies	TAKEN
archive	TAKEN
verify	TAKEN
wretched	TAKEN
faded	TAKEN
shortage	TAKEN
antarctica	TAKEN
reigning	TAKEN
scents	TAKEN
paragon	TAKEN
hyperspace	TAKEN
wrapper	TAKEN
preventing	TAKEN
abundant	TAKEN
fastest	TAKEN
rentals	TAKEN
fireplaces	TAKEN
cards	TAKEN
pods	TAKEN
boast	TAKEN
troubling	TAKEN
ingested	TAKEN
hysteric	TAKEN
wondering	TAKEN
spoilsport	TAKEN
oven	TAKEN
bathtub	TAKEN
heath	TAKEN
courteous	TAKEN
snicker	TAKEN
grew	TAKEN
obtained	TAKEN
carried	TAKEN
coldest	TAKEN
vortex	TAKEN
upsetting	TAKEN
everglades	TAKEN
janet	TAKEN
outlast	TAKEN
readily	TAKEN
predator	TAKEN
lifelike	TAKEN
reevaluate	TAKEN
roadster	TAKEN
dullest	TAKEN
chatting	TAKEN
bighorn	TAKEN
baskets	TAKEN
questions	TAKEN
turks	TAKEN
crayons	TAKEN
wrinkly	TAKEN
listed	TAKEN
bangladesh	TAKEN
blocking	TAKEN
artifacts	TAKEN
magicians	TAKEN
obeying	TAKEN
clotted	TAKEN
symptomatic	TAKEN
blazers	TAKEN
emotionally	TAKEN
stuttering	TAKEN
container	TAKEN
showroom	TAKEN
destroyers	TAKEN
socket	TAKEN
murder	TAKEN
mutually	TAKEN
shares	TAKEN
shuttle	TAKEN
elected	TAKEN
vixens	TAKEN
shoplifting	TAKEN
scaled	TAKEN
lycos	TAKEN
crocket	TAKEN
stupendous	TAKEN
brutality	TAKEN
jurors	TAKEN
ordering	TAKEN
goldfish	TAKEN
technology	TAKEN
demolitions	TAKEN
land	TAKEN
recount	TAKEN
loosened	TAKEN
positive	TAKEN
groovy	TAKEN
sites	TAKEN
entails	TAKEN
assure	TAKEN
subways	TAKEN
protocol	TAKEN
sixteenth	TAKEN
plowed	TAKEN
gristle	TAKEN
thawing	TAKEN
classic	TAKEN
fellow	TAKEN
sympathize	TAKEN
implicitly	TAKEN
spread	TAKEN
chowder	TAKEN
bereavement	TAKEN
crumpets	TAKEN
blurt	TAKEN
siding	TAKEN
lovelies	TAKEN
temple	TAKEN
spill	TAKEN
dailies	TAKEN
puppets	TAKEN
retaliatory	TAKEN
richer	TAKEN
souvlaki	TAKEN
furthering	TAKEN
depressors	TAKEN
reassuring	TAKEN
floated	TAKEN
infants	TAKEN
merman	TAKEN
tampon	TAKEN
sneaks	TAKEN
adams	TAKEN
hailed	TAKEN
orchestrate	TAKEN
wetter	TAKEN
shannon	TAKEN
walnut	TAKEN
offshore	TAKEN
dazzling	TAKEN
dorky	TAKEN
luster	TAKEN
talisman	TAKEN
tommy	TAKEN
chased	TAKEN
freed	TAKEN
cite	TAKEN
moths	TAKEN
invoked	TAKEN
vietnam	TAKEN
dine	TAKEN
inmate	TAKEN
archenemy	TAKEN
paperback	TAKEN
bloodline	TAKEN
acted	TAKEN
invite	TAKEN
stirred	TAKEN
patterns	TAKEN
went	TAKEN
gracefully	TAKEN
challenger	TAKEN
dept	TAKEN
urinate	TAKEN
informer	TAKEN
tendonitis	TAKEN
upset	TAKEN
deny	TAKEN
stereotypes	TAKEN
mulligan	TAKEN
puff	TAKEN
chooses	TAKEN
hunter	TAKEN
turmoil	TAKEN
severe	TAKEN
factions	TAKEN
troy	TAKEN
daydreaming	TAKEN
raptors	TAKEN
dampened	TAKEN
lanky	TAKEN
hiatus	TAKEN
mortgages	TAKEN
endurance	TAKEN
scratched	TAKEN
trying	TAKEN
frizzy	TAKEN
winks	TAKEN
carotid	TAKEN
eyre	TAKEN
interracial	TAKEN
milwaukee	TAKEN
fogged	TAKEN
frame	TAKEN
frightening	TAKEN
litter	TAKEN
quarrel	TAKEN
tsunami	TAKEN
demon	TAKEN
conn	TAKEN
spilled	TAKEN
reef	TAKEN
lite	TAKEN
justify	TAKEN
duct	TAKEN
minion	TAKEN
rocking	TAKEN
quickie	TAKEN
patrick	TAKEN
yoga	TAKEN
dogwood	TAKEN
emails	TAKEN
geographic	TAKEN
hayward	TAKEN
bore	TAKEN
flurry	TAKEN
moore	TAKEN
stickup	TAKEN
credibility	TAKEN
partial	TAKEN
generates	TAKEN
butchers	TAKEN
explaining	TAKEN
charleston	TAKEN
deepest	TAKEN
recent	TAKEN
biopsy	TAKEN
principles	TAKEN
citations	TAKEN
websites	TAKEN
deputies	TAKEN
flirtatious	TAKEN
activists	TAKEN
snappy	TAKEN
restriction	TAKEN
igloo	TAKEN
gulf	TAKEN
landings	TAKEN
seamstress	TAKEN
handyman	TAKEN
cruelly	TAKEN
modest	TAKEN
psalm	TAKEN
spiky	TAKEN
omelet	TAKEN
currently	TAKEN
gels	TAKEN
dally	TAKEN
squished	TAKEN
playmate	TAKEN
allowed	TAKEN
calves	TAKEN
guru	TAKEN
windfall	TAKEN
wave	TAKEN
welfare	TAKEN
activation	TAKEN
observatory	TAKEN
homicidal	TAKEN
panda	TAKEN
lisa	TAKEN
maximize	TAKEN
deftly	TAKEN
reeled	TAKEN
sandra	TAKEN
occupying	TAKEN
connected	TAKEN
clippings	TAKEN
sponsoring	TAKEN
naught	TAKEN
barreling	TAKEN
proverb	TAKEN
ballon	TAKEN
roadway	TAKEN
craves	TAKEN
bleeds	TAKEN
tubers	TAKEN
statue	TAKEN
duff	TAKEN
fluids	TAKEN
bakery	TAKEN
costs	TAKEN
beads	TAKEN
obligatory	TAKEN
questioned	TAKEN
uncovered	TAKEN
cartridges	TAKEN
miners	TAKEN
period	TAKEN
abusing	TAKEN
apps	TAKEN
torpedoed	TAKEN
occupy	TAKEN
roughnecks	TAKEN
guided	TAKEN
grain	TAKEN
disregarded	TAKEN
limitless	TAKEN
myers	TAKEN
tongue	TAKEN
mourned	TAKEN
love	TAKEN
truck	TAKEN
guarded	TAKEN
lucky	TAKEN
stalling	TAKEN
tunnel	TAKEN
portrayed	TAKEN
coded	TAKEN
clearly	TAKEN
missy	TAKEN
dissolve	TAKEN
electrified	TAKEN
stateroom	TAKEN
wiretap	TAKEN
buttoning	TAKEN
fixing	TAKEN
ammunition	TAKEN
morgan	TAKEN
immigration	TAKEN
captivating	TAKEN
understands	TAKEN
doomsday	TAKEN
provocative	TAKEN
turban	TAKEN
pestering	TAKEN
seventh	TAKEN
mallet	TAKEN
stasis	TAKEN
bees	TAKEN
attach	TAKEN
ballroom	TAKEN
announcer	TAKEN
tiresome	TAKEN
ruler	TAKEN
loafers	TAKEN
glorious	TAKEN
drumsticks	TAKEN
reefs	TAKEN
stoned	TAKEN
virtually	TAKEN
gainfully	TAKEN
earpiece	TAKEN
benchmark	TAKEN
quintet	TAKEN
florists	TAKEN
skiing	TAKEN
reforms	TAKEN
burst	TAKEN
bylaws	TAKEN
drunken	TAKEN
telephony	TAKEN
slaves	TAKEN
cleans	TAKEN
occurrence	TAKEN
alchemist	TAKEN
motorcade	TAKEN
center	TAKEN
welsh	TAKEN
packaging	TAKEN
stove	TAKEN
benign	TAKEN
lapping	TAKEN
herpes	TAKEN
lower	TAKEN
hounding	TAKEN
pans	TAKEN
hygiene	TAKEN
considering	TAKEN
graphics	TAKEN
cots	TAKEN
intensive	TAKEN
attracts	TAKEN
drunks	TAKEN
plunging	TAKEN
awaiting	TAKEN
foreman	TAKEN
atomic	TAKEN
separating	TAKEN
properties	TAKEN
aaron	TAKEN
hippie	TAKEN
hushed	TAKEN
covered	TAKEN
does	TAKEN
maids	TAKEN
crops	TAKEN
poke	TAKEN
bailey	TAKEN
ball	TAKEN
prayed	TAKEN
seats	TAKEN
gringo	TAKEN
report	TAKEN
bookmark	TAKEN
manhunt	TAKEN
company	TAKEN
quality	TAKEN
appendages	TAKEN
adapter	TAKEN
gently	TAKEN
taller	TAKEN
townspeople	TAKEN
blocked	TAKEN
prop	TAKEN
rivals	TAKEN
store	TAKEN
grills	TAKEN
spits	TAKEN
headlock	TAKEN
geyser	TAKEN
slimmer	TAKEN
snaps	TAKEN
visceral	TAKEN
fudging	TAKEN
terry	TAKEN
fedora	TAKEN
baltimore	TAKEN
mopped	TAKEN
spoil	TAKEN
instructed	TAKEN
sexiest	TAKEN
coleslaw	TAKEN
blinds	TAKEN
nested	TAKEN
tractors	TAKEN
subdural	TAKEN
groomsmen	TAKEN
racetrack	TAKEN
epidural	TAKEN
fishes	TAKEN
geometric	TAKEN
things	TAKEN
boombox	TAKEN
thorpe	TAKEN
regroup	TAKEN
lard	TAKEN
birth	TAKEN
knot	TAKEN
credited	TAKEN
outraged	TAKEN
rhyme	TAKEN
lumber	TAKEN
dances	TAKEN
doomed	TAKEN
freshest	TAKEN
dist	TAKEN
sidle	TAKEN
alarmed	TAKEN
discs	TAKEN
horizontal	TAKEN
haired	TAKEN
dress	TAKEN
thesaurus	TAKEN
salina	TAKEN
honky	TAKEN
motto	TAKEN
charged	TAKEN
queasy	TAKEN
pansy	TAKEN
dropping	TAKEN
stilettos	TAKEN
hindrance	TAKEN
threw	TAKEN
feared	TAKEN
situation	TAKEN
ensued	TAKEN
infomercial	TAKEN
hooking	TAKEN
inbreeding	TAKEN
against	TAKEN
shanks	TAKEN
pals	TAKEN
colonel	TAKEN
mental	TAKEN
less	TAKEN
lunar	TAKEN
italiano	TAKEN
alike	TAKEN
analog	TAKEN
indictment	TAKEN
conjunction	TAKEN
inspections	TAKEN
sickening	TAKEN
bellhops	TAKEN
partied	TAKEN
temptations	TAKEN
trumps	TAKEN
ledge	TAKEN
straps	TAKEN
grapefruit	TAKEN
carted	TAKEN
swapped	TAKEN
mislead	TAKEN
leasing	TAKEN
existence	TAKEN
deprecating	TAKEN
smooching	TAKEN
every	TAKEN
branched	TAKEN
registered	TAKEN
breeding	TAKEN
jerseys	TAKEN
context	TAKEN
fraulein	TAKEN
daredevil	TAKEN
amulet	TAKEN
spades	TAKEN
suffering	TAKEN
ligature	TAKEN
mercy	TAKEN
ambiance	TAKEN
jolly	TAKEN
wager	TAKEN
stings	TAKEN
treaters	TAKEN
vengeance	TAKEN
frontal	TAKEN
jawbone	TAKEN
mailman	TAKEN
mitten	TAKEN
amassed	TAKEN
difference	TAKEN
madder	TAKEN
containers	TAKEN
measures	TAKEN
barman	TAKEN
shack	TAKEN
snooze	TAKEN
sicken	TAKEN
karen	TAKEN
frustrated	TAKEN
throne	TAKEN
jeeps	TAKEN
ambivalence	TAKEN
vacuumed	TAKEN
tractor	TAKEN
labor	TAKEN
lode	TAKEN
backpacks	TAKEN
persons	TAKEN
occupancy	TAKEN
bodyguards	TAKEN
settlement	TAKEN
uploading	TAKEN
huntington	TAKEN
smokes	TAKEN
ascot	TAKEN
karaoke	TAKEN
hemoglobin	TAKEN
souls	TAKEN
operator	TAKEN
lewd	TAKEN
overcoming	TAKEN
staking	TAKEN
bland	TAKEN
perks	TAKEN
campuses	TAKEN
penny	TAKEN
peed	TAKEN
woodwork	TAKEN
friendships	TAKEN
tuba	TAKEN
molding	TAKEN
strengthen	TAKEN
skyscraper	TAKEN
harmful	TAKEN
coating	TAKEN
ironically	TAKEN
shaves	TAKEN
shrouds	TAKEN
again	TAKEN
yeti	TAKEN
abilities	TAKEN
clerk	TAKEN
dusk	TAKEN
queensland	TAKEN
online	TAKEN
scamp	TAKEN
audacity	TAKEN
crowded	TAKEN
conspired	TAKEN
organic	TAKEN
cases	TAKEN
inhale	TAKEN
orator	TAKEN
deacon	TAKEN
crook	TAKEN
gutting	TAKEN
hangout	TAKEN
suntan	TAKEN
fashion	TAKEN
sweetie	TAKEN
smuggling	TAKEN
strings	TAKEN
weevil	TAKEN
fever	TAKEN
accomplish	TAKEN
clover	TAKEN
legislative	TAKEN
chimps	TAKEN
eugene	TAKEN
dragons	TAKEN
studio	TAKEN
sleepless	TAKEN
recognizing	TAKEN
deputized	TAKEN
subsidiary	TAKEN
pardon	TAKEN
drinks	TAKEN
seven	TAKEN
group	TAKEN
prophet	TAKEN
topes	TAKEN
puritans	TAKEN
bobbin	TAKEN
piggyback	TAKEN
influenza	TAKEN
screams	TAKEN
maggot	TAKEN
need	TAKEN
remainder	TAKEN
apples	TAKEN
beefy	TAKEN
heavyset	TAKEN
coolness	TAKEN
dispatch	TAKEN
foreword	TAKEN
laxatives	TAKEN
projectile	TAKEN
printable	TAKEN
created	TAKEN
develops	TAKEN
negate	TAKEN
combative	TAKEN
mooch	TAKEN
crop	TAKEN
pamper	TAKEN
escalating	TAKEN
indicates	TAKEN
fantasy	TAKEN
character	TAKEN
exhibitions	TAKEN
ravage	TAKEN
copying	TAKEN
weakened	TAKEN
shelf	TAKEN
trawler	TAKEN
posting	TAKEN
patchouli	TAKEN
nuthouse	TAKEN
cloned	TAKEN
accolades	TAKEN
suites	TAKEN
dozing	TAKEN
abuser	TAKEN
betrayer	TAKEN
fleeing	TAKEN
mascot	TAKEN
sweden	TAKEN
uses	TAKEN
wack	TAKEN
ross	TAKEN
mailboxes	TAKEN
trackers	TAKEN
risked	TAKEN
rants	TAKEN
changing	TAKEN
review	TAKEN
focuses	TAKEN
wonderful	TAKEN
simulate	TAKEN
golly	TAKEN
cellmate	TAKEN
finalists	TAKEN
tube	TAKEN
argyle	TAKEN
internally	TAKEN
valet	TAKEN
perished	TAKEN
conflict	TAKEN
operators	TAKEN
itunes	TAKEN
scar	TAKEN
inefficient	TAKEN
glossary	TAKEN
singing	TAKEN
instant	TAKEN
shortly	TAKEN
puller	TAKEN
brews	TAKEN
sleepovers	TAKEN
idol	TAKEN
knots	TAKEN
rotates	TAKEN
chump	TAKEN
larceny	TAKEN
temptress	TAKEN
lactose	TAKEN
boomer	TAKEN
philips	TAKEN
holographic	TAKEN
fiver	TAKEN
quell	TAKEN
lout	TAKEN
argentina	TAKEN
hart	TAKEN
grandma	TAKEN
swaddling	TAKEN
dangling	TAKEN
stores	TAKEN
chalked	TAKEN
sarcophagus	TAKEN
bickering	TAKEN
persona	TAKEN
chemically	TAKEN
viruses	TAKEN
corks	TAKEN
farrow	TAKEN
hooker	TAKEN
marsh	TAKEN
manga	TAKEN
beers	TAKEN
subtle	TAKEN
anguish	TAKEN
landslide	TAKEN
thumb	TAKEN
goofy	TAKEN
dwarf	TAKEN
needlepoint	TAKEN
sightings	TAKEN
exec	TAKEN
snowball	TAKEN
discover	TAKEN
ncaa	TAKEN
mathematics	TAKEN
blue	TAKEN
magnets	TAKEN
responsible	TAKEN
billing	TAKEN
waitresses	TAKEN
unchanged	TAKEN
anagram	TAKEN
platitudes	TAKEN
brainwashed	TAKEN
fetus	TAKEN
shiny	TAKEN
coasting	TAKEN
speck	TAKEN
autumn	TAKEN
wherever	TAKEN
groups	TAKEN
admired	TAKEN
yesterday	TAKEN
birthright	TAKEN
psyched	TAKEN
vroom	TAKEN
nonetheless	TAKEN
plethora	TAKEN
resentments	TAKEN
scoot	TAKEN
impressed	TAKEN
exes	TAKEN
condos	TAKEN
whomever	TAKEN
bijou	TAKEN
morning	TAKEN
regimen	TAKEN
finally	TAKEN
accursed	TAKEN
contract	TAKEN
felony	TAKEN
hackers	TAKEN
bean	TAKEN
gibberish	TAKEN
curfews	TAKEN
tellers	TAKEN
tens	TAKEN
platoon	TAKEN
ringing	TAKEN
windows	TAKEN
surfer	TAKEN
scripted	TAKEN
winger	TAKEN
organs	TAKEN
registry	TAKEN
lily	TAKEN
incest	TAKEN
reed	TAKEN
soil	TAKEN
behold	TAKEN
formulate	TAKEN
superwoman	TAKEN
renovate	TAKEN
grad	TAKEN
manifest	TAKEN
recall	TAKEN
richest	TAKEN
beater	TAKEN
graduating	TAKEN
tumor	TAKEN
inner	TAKEN
jasmine	TAKEN
grits	TAKEN
ignited	TAKEN
rebate	TAKEN
laundry	TAKEN
salvador	TAKEN
hooters	TAKEN
armored	TAKEN
onstage	TAKEN
jerked	TAKEN
tosses	TAKEN
sailboat	TAKEN
indifferent	TAKEN
wordpress	TAKEN
contradict	TAKEN
slept	TAKEN
pursuant	TAKEN
zonked	TAKEN
forgets	TAKEN
reinventing	TAKEN
hardball	TAKEN
jumpy	TAKEN
anymore	TAKEN
untrue	TAKEN
revoked	TAKEN
supplement	TAKEN
guam	TAKEN
incubation	TAKEN
rendezvous	TAKEN
combustible	TAKEN
benefits	TAKEN
crazier	TAKEN
lovelorn	TAKEN
reprint	TAKEN
discrete	TAKEN
garnish	TAKEN
wound	TAKEN
mucus	TAKEN
primo	TAKEN
firefox	TAKEN
location	TAKEN
glaciers	TAKEN
staunch	TAKEN
ballplayers	TAKEN
decapitate	TAKEN
engineering	TAKEN
lace	TAKEN
exodus	TAKEN
indulging	TAKEN
blacked	TAKEN
writer	TAKEN
substation	TAKEN
sales	TAKEN
cholesterol	TAKEN
recorders	TAKEN
crow	TAKEN
lodgings	TAKEN
bury	TAKEN
canyons	TAKEN
kiln	TAKEN
thumbprint	TAKEN
bachelors	TAKEN
screwdriver	TAKEN
authorized	TAKEN
oppress	TAKEN
kibble	TAKEN
mentions	TAKEN
sleepers	TAKEN
reluctant	TAKEN
communists	TAKEN
ampland	TAKEN
murderers	TAKEN
audio	TAKEN
eliminates	TAKEN
malfunction	TAKEN
jettison	TAKEN
memorize	TAKEN
smarts	TAKEN
flunkies	TAKEN
shin	TAKEN
acquisition	TAKEN
samurai	TAKEN
roaring	TAKEN
hiss	TAKEN
gallon	TAKEN
mosque	TAKEN
beery	TAKEN
withering	TAKEN
shushing	TAKEN
blackbird	TAKEN
colon	TAKEN
stashed	TAKEN
mold	TAKEN
setting	TAKEN
sale	TAKEN
landlady	TAKEN
electrodes	TAKEN
follower	TAKEN
dreamt	TAKEN
picnic	TAKEN
reassign	TAKEN
eviscerated	TAKEN
auction	TAKEN
freakish	TAKEN
gigantic	TAKEN
pinches	TAKEN
aligning	TAKEN
abuse	TAKEN
snob	TAKEN
attuned	TAKEN
poignant	TAKEN
lunches	TAKEN
takedown	TAKEN
shelves	TAKEN
cornering	TAKEN
surreal	TAKEN
notions	TAKEN
stipulated	TAKEN
colitis	TAKEN
royally	TAKEN
pinched	TAKEN
minerals	TAKEN
recruit	TAKEN
charges	TAKEN
pedestrians	TAKEN
panama	TAKEN
highlands	TAKEN
entitle	TAKEN
robotic	TAKEN
shooters	TAKEN
flare	TAKEN
networking	TAKEN
feline	TAKEN
teetering	TAKEN
reimbursed	TAKEN
pious	TAKEN
penal	TAKEN
forte	TAKEN
processed	TAKEN
devilishly	TAKEN
floyd	TAKEN
whimper	TAKEN
unconcerned	TAKEN
conferring	TAKEN
fostered	TAKEN
unscathed	TAKEN
recycling	TAKEN
hurts	TAKEN
polo	TAKEN
empathic	TAKEN
opener	TAKEN
icicles	TAKEN
precocious	TAKEN
magnolia	TAKEN
clunker	TAKEN
dizzy	TAKEN
smothered	TAKEN
mesmerizing	TAKEN
outburst	TAKEN
norfolk	TAKEN
feds	TAKEN
risk	TAKEN
summarily	TAKEN
flattened	TAKEN
selfless	TAKEN
controversy	TAKEN
rumored	TAKEN
enchant	TAKEN
permanently	TAKEN
inspectors	TAKEN
shuffling	TAKEN
covering	TAKEN
evening	TAKEN
aerobic	TAKEN
behooves	TAKEN
royalties	TAKEN
troopers	TAKEN
astounding	TAKEN
nobodies	TAKEN
peeing	TAKEN
palsy	TAKEN
machinery	TAKEN
preferable	TAKEN
remind	TAKEN
assigning	TAKEN
segments	TAKEN
pager	TAKEN
tidal	TAKEN
quahog	TAKEN
woozy	TAKEN
harper	TAKEN
finale	TAKEN
powerpoint	TAKEN
cardinal	TAKEN
faithless	TAKEN
combining	TAKEN
saving	TAKEN
absolutes	TAKEN
robberies	TAKEN
begets	TAKEN
well	TAKEN
must	TAKEN
reeking	TAKEN
fumigating	TAKEN
brash	TAKEN
knowing	TAKEN
heiress	TAKEN
astronauts	TAKEN
passenger	TAKEN
freeing	TAKEN
noose	TAKEN
stroke	TAKEN
principle	TAKEN
work	TAKEN
obeyed	TAKEN
fingernails	TAKEN
jamaica	TAKEN
rebuilt	TAKEN
brighter	TAKEN
competence	TAKEN
sanders	TAKEN
victorious	TAKEN
bobcat	TAKEN
hello	TAKEN
underway	TAKEN
accessory	TAKEN
filtering	TAKEN
mote	TAKEN
vacant	TAKEN
botswana	TAKEN
movie	TAKEN
wartime	TAKEN
polls	TAKEN
expensive	TAKEN
seduces	TAKEN
radioactive	TAKEN
slayers	TAKEN
poverty	TAKEN
adjutant	TAKEN
shank	TAKEN
portfolio	TAKEN
handshake	TAKEN
heller	TAKEN
crush	TAKEN
sensuous	TAKEN
refuse	TAKEN
cargo	TAKEN
rummaging	TAKEN
counseling	TAKEN
sources	TAKEN
ruin	TAKEN
gain	TAKEN
billions	TAKEN
jags	TAKEN
squiggle	TAKEN
milked	TAKEN
squash	TAKEN
bulb	TAKEN
tweed	TAKEN
grate	TAKEN
arroyo	TAKEN
warlock	TAKEN
tactful	TAKEN
contenders	TAKEN
trackback	TAKEN
defused	TAKEN
nosed	TAKEN
reactor	TAKEN
singh	TAKEN
oaks	TAKEN
depth	TAKEN
emotions	TAKEN
giggle	TAKEN
beginner	TAKEN
scot	TAKEN
exclusive	TAKEN
reckon	TAKEN
damages	TAKEN
renewable	TAKEN
skating	TAKEN
volvo	TAKEN
repaid	TAKEN
liposuction	TAKEN
inherited	TAKEN
accompanied	TAKEN
fatso	TAKEN
commoner	TAKEN
allows	TAKEN
plantations	TAKEN
cashiers	TAKEN
determine	TAKEN
breakdowns	TAKEN
pauses	TAKEN
champ	TAKEN
blasted	TAKEN
axis	TAKEN
blamed	TAKEN
lama	TAKEN
leafs	TAKEN
binds	TAKEN
captive	TAKEN
interfaces	TAKEN
statesmen	TAKEN
expires	TAKEN
aspirations	TAKEN
applicant	TAKEN
buck	TAKEN
foaming	TAKEN
personals	TAKEN
confit	TAKEN
brighten	TAKEN
main	TAKEN
universal	TAKEN
herbal	TAKEN
scared	TAKEN
luxembourg	TAKEN
moved	TAKEN
altogether	TAKEN
scullery	TAKEN
renovation	TAKEN
joiner	TAKEN
ovulating	TAKEN
passion	TAKEN
meteor	TAKEN
vindicated	TAKEN
tampering	TAKEN
powerful	TAKEN
suffice	TAKEN
willingness	TAKEN
mischief	TAKEN
provocation	TAKEN
california	TAKEN
pins	TAKEN
using	TAKEN
trek	TAKEN
spencer	TAKEN
bygones	TAKEN
baby	TAKEN
briefly	TAKEN
japanese	TAKEN
related	TAKEN
dickens	TAKEN
bowline	TAKEN
tablets	TAKEN
residence	TAKEN
emulating	TAKEN
robertson	TAKEN
crawled	TAKEN
majors	TAKEN
specially	TAKEN
whereof	TAKEN
gals	TAKEN
these	TAKEN
consort	TAKEN
unbuttoned	TAKEN
fins	TAKEN
pompoms	TAKEN
pigs	TAKEN
baggy	TAKEN
magnet	TAKEN
nest	TAKEN
acne	TAKEN
inherit	TAKEN
lectures	TAKEN
bunker	TAKEN
circled	TAKEN
touchy	TAKEN
beetle	TAKEN
sarge	TAKEN
screws	TAKEN
muscle	TAKEN
nascar	TAKEN
numb	TAKEN
evils	TAKEN
song	TAKEN
soybean	TAKEN
aerial	TAKEN
cautionary	TAKEN
bozos	TAKEN
treo	TAKEN
tiring	TAKEN
spying	TAKEN
tadpole	TAKEN
tins	TAKEN
spender	TAKEN
surrounded	TAKEN
chant	TAKEN
employer	TAKEN
amputated	TAKEN
whirling	TAKEN
cracking	TAKEN
sayer	TAKEN
contrived	TAKEN
hurling	TAKEN
texture	TAKEN
freely	TAKEN
pork	TAKEN
fire	TAKEN
actively	TAKEN
displays	TAKEN
demand	TAKEN
gala	TAKEN
sundaes	TAKEN
dizzying	TAKEN
ejaculation	TAKEN
integrated	TAKEN
drifting	TAKEN
someone	TAKEN
pies	TAKEN
contracting	TAKEN
deeds	TAKEN
deprivation	TAKEN
molestation	TAKEN
makeover	TAKEN
eyeballs	TAKEN
excel	TAKEN
fastball	TAKEN
mothers	TAKEN
weirder	TAKEN
booked	TAKEN
celebrated	TAKEN
exchanging	TAKEN
moulin	TAKEN
flunky	TAKEN
balls	TAKEN
jewish	TAKEN
feeble	TAKEN
slut	TAKEN
express	TAKEN
objecting	TAKEN
ventricle	TAKEN
whale	TAKEN
polite	TAKEN
rested	TAKEN
balloons	TAKEN
enemy	TAKEN
francis	TAKEN
standup	TAKEN
medevac	TAKEN
castles	TAKEN
coupe	TAKEN
thighs	TAKEN
eves	TAKEN
bang	TAKEN
lane	TAKEN
ruse	TAKEN
added	TAKEN
infections	TAKEN
ramble	TAKEN
piazza	TAKEN
sensors	TAKEN
delays	TAKEN
emily	TAKEN
layman	TAKEN
derby	TAKEN
surfaces	TAKEN
overwhelmed	TAKEN
projecting	TAKEN
raises	TAKEN
infinity	TAKEN
mosquitos	TAKEN
bargains	TAKEN
scalping	TAKEN
such	TAKEN
cambodia	TAKEN
sunrise	TAKEN
unresolved	TAKEN
drape	TAKEN
camcorder	TAKEN
tailored	TAKEN
look	TAKEN
grieves	TAKEN
weirdos	TAKEN
films	TAKEN
drab	TAKEN
jump	TAKEN
psychic	TAKEN
pills	TAKEN
forward	TAKEN
baffled	TAKEN
witnessed	TAKEN
unburden	TAKEN
charlie	TAKEN
folly	TAKEN
beets	TAKEN
grandbaby	TAKEN
showered	TAKEN
hated	TAKEN
unicorn	TAKEN
diana	TAKEN
esteem	TAKEN
depicts	TAKEN
forwarded	TAKEN
sliver	TAKEN
factors	TAKEN
redemption	TAKEN
evacuation	TAKEN
methadone	TAKEN
barfed	TAKEN
algorithm	TAKEN
adjourn	TAKEN
overtures	TAKEN
distortion	TAKEN
chilled	TAKEN
horsehair	TAKEN
uptight	TAKEN
percentages	TAKEN
radish	TAKEN
mignon	TAKEN
fool	TAKEN
nothing	TAKEN
tolerant	TAKEN
target	TAKEN
groundhog	TAKEN
classify	TAKEN
saviour	TAKEN
raise	TAKEN
fence	TAKEN
match	TAKEN
cooked	TAKEN
hauls	TAKEN
souffle	TAKEN
impersonate	TAKEN
number	TAKEN
populations	TAKEN
educational	TAKEN
maybe	TAKEN
thankless	TAKEN
leased	TAKEN
ways	TAKEN
ultram	TAKEN
hardest	TAKEN
squeezing	TAKEN
disobey	TAKEN
shipshape	TAKEN
recovery	TAKEN
extort	TAKEN
stockholm	TAKEN
impulse	TAKEN
anatomy	TAKEN
teasing	TAKEN
avoids	TAKEN
attacker	TAKEN
vamps	TAKEN
spans	TAKEN
reduced	TAKEN
tightness	TAKEN
slithered	TAKEN
sacred	TAKEN
universally	TAKEN
cork	TAKEN
wench	TAKEN
mouthed	TAKEN
adaptation	TAKEN
burnout	TAKEN
bunch	TAKEN
bigness	TAKEN
affected	TAKEN
admittedly	TAKEN
shipped	TAKEN
observant	TAKEN
broker	TAKEN
expectancy	TAKEN
merchant	TAKEN
entrust	TAKEN
intriguing	TAKEN
translator	TAKEN
ritualistic	TAKEN
downstream	TAKEN
resignation	TAKEN
charmer	TAKEN
rhymes	TAKEN
securities	TAKEN
fought	TAKEN
fueled	TAKEN
perfectly	TAKEN
scolding	TAKEN
elect	TAKEN
dike	TAKEN
hours	TAKEN
leafy	TAKEN
sapiens	TAKEN
teas	TAKEN
chanteuse	TAKEN
gams	TAKEN
fallible	TAKEN
revoke	TAKEN
mollusk	TAKEN
camel	TAKEN
mushroom	TAKEN
odor	TAKEN
replay	TAKEN
consultant	TAKEN
possibility	TAKEN
orbing	TAKEN
huzzah	TAKEN
paper	TAKEN
velocity	TAKEN
petals	TAKEN
huddle	TAKEN
skip	TAKEN
proprietor	TAKEN
interns	TAKEN
crumble	TAKEN
profess	TAKEN
pathos	TAKEN
snivelling	TAKEN
fighter	TAKEN
amputation	TAKEN
unzip	TAKEN
pregnant	TAKEN
licked	TAKEN
gauge	TAKEN
apologizing	TAKEN
snowmobile	TAKEN
altitude	TAKEN
infect	TAKEN
tuning	TAKEN
visible	TAKEN
fisting	TAKEN
blunt	TAKEN
framing	TAKEN
interface	TAKEN
beijing	TAKEN
dentures	TAKEN
exfoliate	TAKEN
dispatches	TAKEN
slaughtered	TAKEN
sheen	TAKEN
averages	TAKEN
valiant	TAKEN
smug	TAKEN
calibre	TAKEN
cialis	TAKEN
racks	TAKEN
catch	TAKEN
henhouse	TAKEN
braved	TAKEN
shiva	TAKEN
charms	TAKEN
bravado	TAKEN
unspeakable	TAKEN
peckish	TAKEN
winter	TAKEN
siree	TAKEN
flips	TAKEN
tied	TAKEN
thrift	TAKEN
toss	TAKEN
laugh	TAKEN
traitors	TAKEN
caramba	TAKEN
casually	TAKEN
lenders	TAKEN
bookstore	TAKEN
funerals	TAKEN
hootenanny	TAKEN
mush	TAKEN
twilight	TAKEN
meetings	TAKEN
friendless	TAKEN
thirteenth	TAKEN
reacts	TAKEN
poorly	TAKEN
taunt	TAKEN
eating	TAKEN
dibs	TAKEN
electoral	TAKEN
thyme	TAKEN
crib	TAKEN
components	TAKEN
refine	TAKEN
capable	TAKEN
mumbai	TAKEN
harrowing	TAKEN
taiwan	TAKEN
signora	TAKEN
contestant	TAKEN
saps	TAKEN
centerfold	TAKEN
striptease	TAKEN
conscience	TAKEN
pressure	TAKEN
effectively	TAKEN
wicked	TAKEN
riding	TAKEN
site	TAKEN
summertime	TAKEN
girlfriends	TAKEN
metaphor	TAKEN
brownout	TAKEN
splinter	TAKEN
diatribes	TAKEN
goat	TAKEN
warehouses	TAKEN
signor	TAKEN
prizes	TAKEN
measly	TAKEN
ntsc	TAKEN
findings	TAKEN
perceptions	TAKEN
dyer	TAKEN
morn	TAKEN
rapture	TAKEN
hydraulic	TAKEN
lifeline	TAKEN
armor	TAKEN
coeds	TAKEN
clasp	TAKEN
treaties	TAKEN
whirl	TAKEN
firms	TAKEN
scalp	TAKEN
diagnosis	TAKEN
moped	TAKEN
fraud	TAKEN
creating	TAKEN
relieve	TAKEN
steroids	TAKEN
ethic	TAKEN
underlings	TAKEN
teenage	TAKEN
repaired	TAKEN
atonement	TAKEN
improper	TAKEN
mohel	TAKEN
unwrap	TAKEN
quebec	TAKEN
ballistics	TAKEN
plumbers	TAKEN
midwestern	TAKEN
username	TAKEN
closets	TAKEN
seer	TAKEN
lurking	TAKEN
deadly	TAKEN
humbled	TAKEN
refinance	TAKEN
offended	TAKEN
circulated	TAKEN
eats	TAKEN
legal	TAKEN
hike	TAKEN
awful	TAKEN
handheld	TAKEN
ream	TAKEN
shake	TAKEN
behavior	TAKEN
defeated	TAKEN
cage	TAKEN
showdown	TAKEN
subaru	TAKEN
serum	TAKEN
smoking	TAKEN
traces	TAKEN
topic	TAKEN
rachel	TAKEN
eccentric	TAKEN
largest	TAKEN
suicides	TAKEN
delicacy	TAKEN
oecd	TAKEN
tier	TAKEN
imbecilic	TAKEN
epileptic	TAKEN
shagged	TAKEN
sodas	TAKEN
glitter	TAKEN
programming	TAKEN
happening	TAKEN
istanbul	TAKEN
necessarily	TAKEN
fast	TAKEN
suppression	TAKEN
crossing	TAKEN
virile	TAKEN
farm	TAKEN
occasional	TAKEN
unloading	TAKEN
futon	TAKEN
researcher	TAKEN
fore	TAKEN
repent	TAKEN
chapped	TAKEN
deserts	TAKEN
susceptible	TAKEN
captioning	TAKEN
gonorrhea	TAKEN
definitely	TAKEN
jailhouse	TAKEN
byproduct	TAKEN
frigate	TAKEN
corned	TAKEN
cough	TAKEN
supreme	TAKEN
instance	TAKEN
immigrants	TAKEN
pentagram	TAKEN
listened	TAKEN
intubate	TAKEN
conquest	TAKEN
peterson	TAKEN
meantime	TAKEN
parka	TAKEN
ambulances	TAKEN
model	TAKEN
canisters	TAKEN
timeless	TAKEN
shreds	TAKEN
smidgen	TAKEN
rewriting	TAKEN
educating	TAKEN
stilts	TAKEN
tiller	TAKEN
yawn	TAKEN
stairwell	TAKEN
bach	TAKEN
shoveled	TAKEN
natty	TAKEN
sweets	TAKEN
folklore	TAKEN
pinching	TAKEN
flossing	TAKEN
polecat	TAKEN
replenish	TAKEN
eludes	TAKEN
negative	TAKEN
toots	TAKEN
fuhrer	TAKEN
escapade	TAKEN
martyr	TAKEN
assemble	TAKEN
certificate	TAKEN
force	TAKEN
disguise	TAKEN
modelling	TAKEN
soles	TAKEN
denver	TAKEN
glittering	TAKEN
desires	TAKEN
bureaucrats	TAKEN
rearranging	TAKEN
joey	TAKEN
thinner	TAKEN
victories	TAKEN
anyways	TAKEN
stealth	TAKEN
swedes	TAKEN
cursory	TAKEN
pdas	TAKEN
assaulted	TAKEN
pantaloons	TAKEN
pairs	TAKEN
buster	TAKEN
prick	TAKEN
stealing	TAKEN
cuppa	TAKEN
gadget	TAKEN
kindest	TAKEN
moms	TAKEN
worldcat	TAKEN
motivations	TAKEN
unwilling	TAKEN
maui	TAKEN
irregular	TAKEN
politically	TAKEN
muffled	TAKEN
surrogate	TAKEN
evict	TAKEN
urged	TAKEN
pestilence	TAKEN
delete	TAKEN
breaks	TAKEN
detonators	TAKEN
bloods	TAKEN
taffeta	TAKEN
wrath	TAKEN
taut	TAKEN
radical	TAKEN
gangs	TAKEN
powering	TAKEN
surely	TAKEN
flashing	TAKEN
shock	TAKEN
tung	TAKEN
kerosene	TAKEN
fishing	TAKEN
heritage	TAKEN
cardinals	TAKEN
prose	TAKEN
terribly	TAKEN
proposing	TAKEN
scientists	TAKEN
attendant	TAKEN
aria	TAKEN
odorless	TAKEN
skit	TAKEN
whisky	TAKEN
resisted	TAKEN
goats	TAKEN
overstress	TAKEN
horsey	TAKEN
olive	TAKEN
phobias	TAKEN
preachers	TAKEN
chained	TAKEN
designed	TAKEN
curled	TAKEN
shopping	TAKEN
slamming	TAKEN
linen	TAKEN
freedom	TAKEN
flunked	TAKEN
write	TAKEN
logan	TAKEN
dynamite	TAKEN
creamed	TAKEN
shattered	TAKEN
detonator	TAKEN
passing	TAKEN
holmes	TAKEN
previews	TAKEN
thundering	TAKEN
scab	TAKEN
townie	TAKEN
module	TAKEN
realized	TAKEN
traded	TAKEN
anywhere	TAKEN
confessor	TAKEN
climbing	TAKEN
modeled	TAKEN
specialise	TAKEN
jackasses	TAKEN
slaughter	TAKEN
offense	TAKEN
phoney	TAKEN
mosey	TAKEN
prevents	TAKEN
description	TAKEN
terms	TAKEN
strutting	TAKEN
barnyard	TAKEN
tonsil	TAKEN
tablet	TAKEN
trifling	TAKEN
battleship	TAKEN
inferior	TAKEN
daylights	TAKEN
guestbook	TAKEN
chewing	TAKEN
affirmative	TAKEN
injuries	TAKEN
unwelcome	TAKEN
deafening	TAKEN
headed	TAKEN
reality	TAKEN
slider	TAKEN
midge	TAKEN
ariel	TAKEN
icehouse	TAKEN
overpaid	TAKEN
visited	TAKEN
wuss	TAKEN
supposed	TAKEN
tourists	TAKEN
takeover	TAKEN
incorrectly	TAKEN
squawking	TAKEN
vitality	TAKEN
removing	TAKEN
engage	TAKEN
denmark	TAKEN
warrants	TAKEN
salaries	TAKEN
atropine	TAKEN
compensated	TAKEN
portion	TAKEN
famine	TAKEN
vocals	TAKEN
suitor	TAKEN
gestures	TAKEN
depressor	TAKEN
actions	TAKEN
stacks	TAKEN
pattern	TAKEN
palp	TAKEN
senile	TAKEN
michel	TAKEN
pivotal	TAKEN
rescue	TAKEN
detests	TAKEN
chewy	TAKEN
mentally	TAKEN
framers	TAKEN
undesirable	TAKEN
qualified	TAKEN
guitars	TAKEN
manly	TAKEN
kielbasa	TAKEN
ohio	TAKEN
raiser	TAKEN
breathless	TAKEN
hooks	TAKEN
consortium	TAKEN
secretary	TAKEN
cliff	TAKEN
breathing	TAKEN
moderate	TAKEN
finances	TAKEN
panics	TAKEN
horoscope	TAKEN
decoupage	TAKEN
directories	TAKEN
detonating	TAKEN
deflate	TAKEN
hostels	TAKEN
ambulance	TAKEN
fuckup	TAKEN
imbedded	TAKEN
interstate	TAKEN
affiliated	TAKEN
whiter	TAKEN
mercenary	TAKEN
farther	TAKEN
blame	TAKEN
cooped	TAKEN
sprouts	TAKEN
belong	TAKEN
renewal	TAKEN
cactus	TAKEN
crazed	TAKEN
firearms	TAKEN
virgins	TAKEN
disapprove	TAKEN
flickr	TAKEN
blindness	TAKEN
generic	TAKEN
speeds	TAKEN
uruguay	TAKEN
savin	TAKEN
smacked	TAKEN
pennant	TAKEN
hunh	TAKEN
sunburn	TAKEN
dorms	TAKEN
cello	TAKEN
excluded	TAKEN
reserved	TAKEN
eaten	TAKEN
inspires	TAKEN
anesthetic	TAKEN
hatchback	TAKEN
extradition	TAKEN
announcing	TAKEN
zipper	TAKEN
indulged	TAKEN
ugly	TAKEN
ejection	TAKEN
replication	TAKEN
seams	TAKEN
tucson	TAKEN
lunch	TAKEN
honolulu	TAKEN
drum	TAKEN
limestone	TAKEN
shady	TAKEN
unexpected	TAKEN
dumber	TAKEN
frolic	TAKEN
bear	TAKEN
liberty	TAKEN
bankruptcy	TAKEN
exploited	TAKEN
unnerve	TAKEN
mousy	TAKEN
backed	TAKEN
programmed	TAKEN
norway	TAKEN
shuttles	TAKEN
murderer	TAKEN
obstruction	TAKEN
quietly	TAKEN
prophecies	TAKEN
horoscopes	TAKEN
periphery	TAKEN
leaned	TAKEN
okayed	TAKEN
exploiting	TAKEN
descending	TAKEN
arty	TAKEN
waking	TAKEN
whacked	TAKEN
arachnid	TAKEN
laptops	TAKEN
spelling	TAKEN
duds	TAKEN
fortunate	TAKEN
reputation	TAKEN
breath	TAKEN
ruled	TAKEN
housed	TAKEN
choosy	TAKEN
elite	TAKEN
crammed	TAKEN
cornwall	TAKEN
unload	TAKEN
foundation	TAKEN
menstrual	TAKEN
noses	TAKEN
fortunately	TAKEN
curiously	TAKEN
boned	TAKEN
goddamned	TAKEN
farmhouse	TAKEN
railing	TAKEN
confederate	TAKEN
papayas	TAKEN
cherry	TAKEN
deplete	TAKEN
cordial	TAKEN
dildo	TAKEN
palette	TAKEN
invites	TAKEN
surfboard	TAKEN
interrupt	TAKEN
autopsy	TAKEN
stagger	TAKEN
slap	TAKEN
shuffled	TAKEN
logistics	TAKEN
sonics	TAKEN
outvoted	TAKEN
charities	TAKEN
steaks	TAKEN
waning	TAKEN
byte	TAKEN
instep	TAKEN
leone	TAKEN
landed	TAKEN
responsibly	TAKEN
plants	TAKEN
gladiator	TAKEN
nourishing	TAKEN
embalmed	TAKEN
source	TAKEN
crushing	TAKEN
publically	TAKEN
mounted	TAKEN
attempted	TAKEN
bdsm	TAKEN
cables	TAKEN
noise	TAKEN
reception	TAKEN
arranged	TAKEN
accorded	TAKEN
hardware	TAKEN
tardiness	TAKEN
salon	TAKEN
glycerin	TAKEN
webbing	TAKEN
violated	TAKEN
bothers	TAKEN
snarl	TAKEN
misguided	TAKEN
steal	TAKEN
besieged	TAKEN
zeta	TAKEN
deals	TAKEN
vindictive	TAKEN
hotdog	TAKEN
mortuary	TAKEN
lighting	TAKEN
intend	TAKEN
department	TAKEN
bail	TAKEN
puzzled	TAKEN
michelle	TAKEN
bronzed	TAKEN
reminisce	TAKEN
bombings	TAKEN
nightmarish	TAKEN
return	TAKEN
obtain	TAKEN
analyze	TAKEN
uploaded	TAKEN
mere	TAKEN
adorable	TAKEN
dirty	TAKEN
undergoing	TAKEN
supremacy	TAKEN
bonnie	TAKEN
booth	TAKEN
paying	TAKEN
pedal	TAKEN
royals	TAKEN
pelting	TAKEN
flecks	TAKEN
dialect	TAKEN
enlisting	TAKEN
hoping	TAKEN
alone	TAKEN
basis	TAKEN
sexo	TAKEN
untitled	TAKEN
complicated	TAKEN
outgrew	TAKEN
penalties	TAKEN
haste	TAKEN
makeovers	TAKEN
whammo	TAKEN
venomous	TAKEN
decibel	TAKEN
finders	TAKEN
demur	TAKEN
fairies	TAKEN
grudging	TAKEN
grilling	TAKEN
apollo	TAKEN
treating	TAKEN
carpet	TAKEN
expands	TAKEN
delegation	TAKEN
dink	TAKEN
coated	TAKEN
insatiable	TAKEN
fundamental	TAKEN
facetious	TAKEN
original	TAKEN
squatter	TAKEN
haze	TAKEN
repairing	TAKEN
splint	TAKEN
freshly	TAKEN
moment	TAKEN
alexandria	TAKEN
comers	TAKEN
algae	TAKEN
stalk	TAKEN
adventurous	TAKEN
planner	TAKEN
imports	TAKEN
paintball	TAKEN
pains	TAKEN
bennet	TAKEN
sticking	TAKEN
unfulfilled	TAKEN
protested	TAKEN
flapjacks	TAKEN
stiletto	TAKEN
colleges	TAKEN
tarzan	TAKEN
goonies	TAKEN
bride	TAKEN
designers	TAKEN
europe	TAKEN
impudent	TAKEN
terrified	TAKEN
prostores	TAKEN
cotton	TAKEN
roust	TAKEN
nastiest	TAKEN
himself	TAKEN
gouge	TAKEN
through	TAKEN
western	TAKEN
locator	TAKEN
deviant	TAKEN
patricia	TAKEN
pichunter	TAKEN
exams	TAKEN
impetuous	TAKEN
wringer	TAKEN
rewind	TAKEN
sorted	TAKEN
haven	TAKEN
digits	TAKEN
helix	TAKEN
crawford	TAKEN
status	TAKEN
agreements	TAKEN
waitressing	TAKEN
coin	TAKEN
sane	TAKEN
fellowship	TAKEN
cleanliness	TAKEN
pepper	TAKEN
oracles	TAKEN
deluding	TAKEN
rescuers	TAKEN
tony	TAKEN
rebelling	TAKEN
nosebleeds	TAKEN
associates	TAKEN
blowfish	TAKEN
sark	TAKEN
bleaching	TAKEN
commitment	TAKEN
christ	TAKEN
sizes	TAKEN
massacres	TAKEN
riots	TAKEN
observed	TAKEN
hector	TAKEN
mortgage	TAKEN
feels	TAKEN
belligerent	TAKEN
crusts	TAKEN
invading	TAKEN
actually	TAKEN
raincoat	TAKEN
filter	TAKEN
traumatized	TAKEN
cutbacks	TAKEN
exhaustive	TAKEN
wastes	TAKEN
songs	TAKEN
shag	TAKEN
reels	TAKEN
duplex	TAKEN
priceless	TAKEN
traffic	TAKEN
ethyl	TAKEN
godforsaken	TAKEN
byes	TAKEN
guarantee	TAKEN
oversight	TAKEN
forbade	TAKEN
comic	TAKEN
originality	TAKEN
volition	TAKEN
payday	TAKEN
sailboats	TAKEN
portray	TAKEN
orthopedic	TAKEN
discipline	TAKEN
crimes	TAKEN
assessments	TAKEN
mourners	TAKEN
objects	TAKEN
classrooms	TAKEN
alienation	TAKEN
middle	TAKEN
whew	TAKEN
gawking	TAKEN
divvy	TAKEN
freight	TAKEN
saddle	TAKEN
democrats	TAKEN
belive	TAKEN
penises	TAKEN
judicial	TAKEN
advice	TAKEN
enlarged	TAKEN
viewer	TAKEN
horizon	TAKEN
oxen	TAKEN
approach	TAKEN
filly	TAKEN
baseless	TAKEN
modern	TAKEN
pinochle	TAKEN
begging	TAKEN
dapper	TAKEN
prison	TAKEN
gofer	TAKEN
answering	TAKEN
winnings	TAKEN
terrorize	TAKEN
trainees	TAKEN
verbs	TAKEN
shines	TAKEN
weds	TAKEN
rath	TAKEN
peckers	TAKEN
picketing	TAKEN
austin	TAKEN
respiration	TAKEN
handoff	TAKEN
peacefully	TAKEN
dullness	TAKEN
hallowed	TAKEN
rings	TAKEN
wilson	TAKEN
acorn	TAKEN
dildos	TAKEN
headband	TAKEN
provolone	TAKEN
blocks	TAKEN
gargantuan	TAKEN
stateside	TAKEN
bertha	TAKEN
nine	TAKEN
groove	TAKEN
volts	TAKEN
acceptance	TAKEN
infectious	TAKEN
perverse	TAKEN
chaperon	TAKEN
offset	TAKEN
gushing	TAKEN
roach	TAKEN
attributes	TAKEN
fallow	TAKEN
reveal	TAKEN
weak	TAKEN
playboy	TAKEN
claws	TAKEN
lording	TAKEN
blasphemous	TAKEN
madison	TAKEN
leagues	TAKEN
motherboard	TAKEN
pyjamas	TAKEN
anything	TAKEN
reminders	TAKEN
furs	TAKEN
molesting	TAKEN
healthcare	TAKEN
bangbus	TAKEN
woody	TAKEN
received	TAKEN
knob	TAKEN
scholars	TAKEN
toby	TAKEN
biohazard	TAKEN
bustier	TAKEN
deliver	TAKEN
yemen	TAKEN
dish	TAKEN
fleet	TAKEN
civility	TAKEN
beanie	TAKEN
initiate	TAKEN
backfired	TAKEN
licensed	TAKEN
allies	TAKEN
squishing	TAKEN
roasted	TAKEN
daffodils	TAKEN
anime	TAKEN
thumbzilla	TAKEN
finalizing	TAKEN
cuisine	TAKEN
inexpensive	TAKEN
stubs	TAKEN
darned	TAKEN
squashed	TAKEN
chariots	TAKEN
poker	TAKEN
order	TAKEN
tinted	TAKEN
forty	TAKEN
cursed	TAKEN
payback	TAKEN
spinster	TAKEN
chick	TAKEN
bauble	TAKEN
medley	TAKEN
civilians	TAKEN
greenhouse	TAKEN
tweet	TAKEN
kicker	TAKEN
annotated	TAKEN
bridegroom	TAKEN
lacquer	TAKEN
bankrupted	TAKEN
arsonist	TAKEN
resulting	TAKEN
halt	TAKEN
sleepy	TAKEN
license	TAKEN
birch	TAKEN
choke	TAKEN
eyebrows	TAKEN
barium	TAKEN
dusted	TAKEN
culpa	TAKEN
ricks	TAKEN
crikey	TAKEN
dilettante	TAKEN
clouded	TAKEN
negotiation	TAKEN
stabilizing	TAKEN
charlotte	TAKEN
engineers	TAKEN
locate	TAKEN
theaters	TAKEN
mouthy	TAKEN
bystander	TAKEN
kismet	TAKEN
unavoidable	TAKEN
pipe	TAKEN
virus	TAKEN
bawl	TAKEN
tick	TAKEN
blurry	TAKEN
braces	TAKEN
former	TAKEN
wish	TAKEN
antivirus	TAKEN
fiji	TAKEN
domination	TAKEN
videotape	TAKEN
eugenia	TAKEN
brumby	TAKEN
pseudo	TAKEN
centres	TAKEN
enigma	TAKEN
stalemate	TAKEN
menial	TAKEN
sigma	TAKEN
survivors	TAKEN
coldly	TAKEN
suspense	TAKEN
scrapbook	TAKEN
bloc	TAKEN
braver	TAKEN
excess	TAKEN
chromic	TAKEN
shrieking	TAKEN
muddle	TAKEN
hold	TAKEN
scabby	TAKEN
isotopes	TAKEN
lodged	TAKEN
observers	TAKEN
fireproof	TAKEN
disgusting	TAKEN
happiest	TAKEN
clear	TAKEN
rehearsals	TAKEN
brood	TAKEN
cook	TAKEN
roast	TAKEN
greek	TAKEN
spectre	TAKEN
cobb	TAKEN
assault	TAKEN
realtor	TAKEN
senorita	TAKEN
mitchell	TAKEN
salem	TAKEN
opinionated	TAKEN
pigeon	TAKEN
mopey	TAKEN
renew	TAKEN
february	TAKEN
gimbal	TAKEN
monopoly	TAKEN
jarring	TAKEN
rankings	TAKEN
secretariat	TAKEN
unpleasant	TAKEN
compatible	TAKEN
scanners	TAKEN
injured	TAKEN
grumpy	TAKEN
hairnet	TAKEN
windbag	TAKEN
financially	TAKEN
escapades	TAKEN
divert	TAKEN
cited	TAKEN
crate	TAKEN
accepts	TAKEN
tutti	TAKEN
obsess	TAKEN
fears	TAKEN
bourbon	TAKEN
medium	TAKEN
broke	TAKEN
consult	TAKEN
bearable	TAKEN
neutered	TAKEN
bounty	TAKEN
pessimistic	TAKEN
stooping	TAKEN
crosshairs	TAKEN
detective	TAKEN
till	TAKEN
colorado	TAKEN
strategies	TAKEN
childhood	TAKEN
antagonize	TAKEN
excusing	TAKEN
loud	TAKEN
summaries	TAKEN
leggy	TAKEN
withhold	TAKEN
benthic	TAKEN
sexy	TAKEN
barstool	TAKEN
colleague	TAKEN
assistants	TAKEN
virginia	TAKEN
inundated	TAKEN
musing	TAKEN
indoors	TAKEN
pronto	TAKEN
visitation	TAKEN
truce	TAKEN
drew	TAKEN
fighting	TAKEN
fails	TAKEN
fizzle	TAKEN
explanation	TAKEN
suppliers	TAKEN
confer	TAKEN
nicaragua	TAKEN
sailor	TAKEN
shade	TAKEN
resolved	TAKEN
flak	TAKEN
crapping	TAKEN
dictionary	TAKEN
wrote	TAKEN
purged	TAKEN
detention	TAKEN
mapped	TAKEN
bussing	TAKEN
moses	TAKEN
slackers	TAKEN
tremors	TAKEN
fiery	TAKEN
green	TAKEN
bonding	TAKEN
damnedest	TAKEN
jackie	TAKEN
famously	TAKEN
face	TAKEN
exceeding	TAKEN
claiming	TAKEN
forensics	TAKEN
induce	TAKEN
dials	TAKEN
woes	TAKEN
certainties	TAKEN
hoaxes	TAKEN
artwork	TAKEN
robert	TAKEN
goobers	TAKEN
unfounded	TAKEN
hitachi	TAKEN
concealed	TAKEN
cigars	TAKEN
okra	TAKEN
uranium	TAKEN
supported	TAKEN
gated	TAKEN
vaguest	TAKEN
merl	TAKEN
seam	TAKEN
bleachers	TAKEN
chevalier	TAKEN
knack	TAKEN
elms	TAKEN
ammonia	TAKEN
thirds	TAKEN
deflower	TAKEN
prematurely	TAKEN
kimono	TAKEN
stingray	TAKEN
pithy	TAKEN
fashions	TAKEN
sympathy	TAKEN
teriyaki	TAKEN
guitarist	TAKEN
chili	TAKEN
statuary	TAKEN
gizmos	TAKEN
disgusted	TAKEN
bothered	TAKEN
dock	TAKEN
reverse	TAKEN
flatware	TAKEN
massa	TAKEN
dateline	TAKEN
sues	TAKEN
caviar	TAKEN
harold	TAKEN
theme	TAKEN
deducted	TAKEN
napalm	TAKEN
pinball	TAKEN
explicit	TAKEN
follows	TAKEN
emphasize	TAKEN
bulk	TAKEN
beach	TAKEN
configuring	TAKEN
consecutive	TAKEN
realizing	TAKEN
zodiac	TAKEN
gallons	TAKEN
retired	TAKEN
assimilated	TAKEN
pasted	TAKEN
stipulate	TAKEN
famed	TAKEN
brochures	TAKEN
agreed	TAKEN
vibes	TAKEN
backfires	TAKEN
excessive	TAKEN
hornet	TAKEN
resist	TAKEN
sadness	TAKEN
federal	TAKEN
visuals	TAKEN
encryption	TAKEN
intervals	TAKEN
suppose	TAKEN
prosecutor	TAKEN
prelude	TAKEN
sine	TAKEN
promotions	TAKEN
ingredient	TAKEN
crapper	TAKEN
hypocrites	TAKEN
jeopardize	TAKEN
sprayed	TAKEN
dream	TAKEN
fabled	TAKEN
faltered	TAKEN
kendo	TAKEN
earplugs	TAKEN
therapeutic	TAKEN
interrogate	TAKEN
excellence	TAKEN
genesis	TAKEN
submit	TAKEN
edgar	TAKEN
eloquent	TAKEN
demonstrate	TAKEN
kabob	TAKEN
raving	TAKEN
schematics	TAKEN
commonly	TAKEN
letterman	TAKEN
intended	TAKEN
electronics	TAKEN
thirteen	TAKEN
obits	TAKEN
infiltrated	TAKEN
impregnated	TAKEN
divining	TAKEN
folks	TAKEN
revolving	TAKEN
pedaling	TAKEN
joshua	TAKEN
unorthodox	TAKEN
sink	TAKEN
rhino	TAKEN
theft	TAKEN
diaper	TAKEN
charley	TAKEN
uproar	TAKEN
auto	TAKEN
panache	TAKEN
yapping	TAKEN
pushover	TAKEN
poked	TAKEN
unity	TAKEN
durham	TAKEN
licker	TAKEN
foul	TAKEN
soaking	TAKEN
adoption	TAKEN
vapid	TAKEN
travel	TAKEN
trove	TAKEN
pricing	TAKEN
lynx	TAKEN
dazzle	TAKEN
cost	TAKEN
gaming	TAKEN
brink	TAKEN
check	TAKEN
badge	TAKEN
spitfire	TAKEN
crude	TAKEN
mice	TAKEN
sauerkraut	TAKEN
defenseless	TAKEN
troll	TAKEN
pass	TAKEN
vertebrae	TAKEN
forthwith	TAKEN
dulcet	TAKEN
bangkok	TAKEN
grapes	TAKEN
ottawa	TAKEN
pathways	TAKEN
graham	TAKEN
polishing	TAKEN
calculators	TAKEN
influencing	TAKEN
girl	TAKEN
exasperated	TAKEN
disown	TAKEN
roman	TAKEN
celebrate	TAKEN
gazette	TAKEN
attractions	TAKEN
lions	TAKEN
humble	TAKEN
sawyer	TAKEN
slammed	TAKEN
sonnet	TAKEN
sent	TAKEN
boulevard	TAKEN
dragon	TAKEN
dyed	TAKEN
studious	TAKEN
ungodly	TAKEN
pixies	TAKEN
fasting	TAKEN
growl	TAKEN
spooning	TAKEN
ginger	TAKEN
tally	TAKEN
cleared	TAKEN
ignores	TAKEN
soothes	TAKEN
relax	TAKEN
hickory	TAKEN
comedic	TAKEN
dinosaurs	TAKEN
conflicts	TAKEN
monica	TAKEN
prosecuted	TAKEN
confronted	TAKEN
zombies	TAKEN
foreskin	TAKEN
violinist	TAKEN
caroline	TAKEN
memorable	TAKEN
employ	TAKEN
casbah	TAKEN
circular	TAKEN
letter	TAKEN
more	TAKEN
lucid	TAKEN
blot	TAKEN
benched	TAKEN
cognitive	TAKEN
bulldog	TAKEN
analysis	TAKEN
pixilated	TAKEN
admirable	TAKEN
mind	TAKEN
cakewalk	TAKEN
triad	TAKEN
privileges	TAKEN
bombarded	TAKEN
peaked	TAKEN
candies	TAKEN
respecting	TAKEN
wagon	TAKEN
overflowing	TAKEN
quarantined	TAKEN
heating	TAKEN
entered	TAKEN
fowl	TAKEN
cakes	TAKEN
iguana	TAKEN
similarly	TAKEN
profusely	TAKEN
harm	TAKEN
patties	TAKEN
yearns	TAKEN
benz	TAKEN
fondled	TAKEN
neutralize	TAKEN
gasket	TAKEN
digitally	TAKEN
weigh	TAKEN
crasher	TAKEN
hassle	TAKEN
novel	TAKEN
bendy	TAKEN
attending	TAKEN
reflex	TAKEN
fabricated	TAKEN
bigotry	TAKEN
rile	TAKEN
fascism	TAKEN
subtlety	TAKEN
kenneth	TAKEN
paged	TAKEN
strains	TAKEN
rome	TAKEN
depicted	TAKEN
greedy	TAKEN
wallop	TAKEN
curly	TAKEN
pigtails	TAKEN
autism	TAKEN
hothouse	TAKEN
unlocking	TAKEN
moil	TAKEN
dribbling	TAKEN
honours	TAKEN
rhythms	TAKEN
pull	TAKEN
victorian	TAKEN
execs	TAKEN
abort	TAKEN
messed	TAKEN
usps	TAKEN
mask	TAKEN
thinking	TAKEN
upkeep	TAKEN
peaches	TAKEN
telescopic	TAKEN
scandal	TAKEN
riddler	TAKEN
advantages	TAKEN
directed	TAKEN
rigid	TAKEN
brides	TAKEN
senegal	TAKEN
your	TAKEN
causes	TAKEN
marble	TAKEN
fathering	TAKEN
rialto	TAKEN
aboveboard	TAKEN
truckers	TAKEN
shower	TAKEN
juniors	TAKEN
bite	TAKEN
saga	TAKEN
access	TAKEN
athlete	TAKEN
loses	TAKEN
joseph	TAKEN
honks	TAKEN
pavilion	TAKEN
unlimited	TAKEN
advertiser	TAKEN
thankful	TAKEN
retaliated	TAKEN
precipice	TAKEN
spaces	TAKEN
reflects	TAKEN
despising	TAKEN
fueling	TAKEN
secluded	TAKEN
circles	TAKEN
hungover	TAKEN
hideously	TAKEN
them	TAKEN
saudi	TAKEN
superheroes	TAKEN
outpouring	TAKEN
obey	TAKEN
shoves	TAKEN
witches	TAKEN
swiped	TAKEN
this	TAKEN
extortion	TAKEN
steak	TAKEN
pounder	TAKEN
abba	TAKEN
equality	TAKEN
decisions	TAKEN
gathered	TAKEN
component	TAKEN
bosses	TAKEN
split	TAKEN
enduring	TAKEN
choirboy	TAKEN
duffle	TAKEN
hatch	TAKEN
hinges	TAKEN
smudged	TAKEN
nazis	TAKEN
tracks	TAKEN
venom	TAKEN
aquatic	TAKEN
morrison	TAKEN
altered	TAKEN
jams	TAKEN
harpoons	TAKEN
hansom	TAKEN
commune	TAKEN
turn	TAKEN
local	TAKEN
zoned	TAKEN
inflexible	TAKEN
fading	TAKEN
problems	TAKEN
skewer	TAKEN
helm	TAKEN
thumbnails	TAKEN
spectacle	TAKEN
wearing	TAKEN
daybreak	TAKEN
beam	TAKEN
annulled	TAKEN
begs	TAKEN
restaurants	TAKEN
foxhole	TAKEN
irreparable	TAKEN
produce	TAKEN
outlined	TAKEN
keel	TAKEN
doused	TAKEN
terrorist	TAKEN
christen	TAKEN
giggles	TAKEN
perch	TAKEN
attracted	TAKEN
discharge	TAKEN
visions	TAKEN
dreamy	TAKEN
insolent	TAKEN
caverns	TAKEN
swatch	TAKEN
creativity	TAKEN
untenable	TAKEN
resort	TAKEN
caveman	TAKEN
rear	TAKEN
dares	TAKEN
disease	TAKEN
roughage	TAKEN
surrounding	TAKEN
nefarious	TAKEN
minus	TAKEN
smtp	TAKEN
cicely	TAKEN
blackness	TAKEN
riff	TAKEN
sparing	TAKEN
slinky	TAKEN
chipping	TAKEN
tall	TAKEN
vultures	TAKEN
enhance	TAKEN
walker	TAKEN
casualty	TAKEN
declaration	TAKEN
insights	TAKEN
flaws	TAKEN
sundress	TAKEN
craving	TAKEN
sterling	TAKEN
qualities	TAKEN
burlington	TAKEN
lacrosse	TAKEN
broth	TAKEN
specialized	TAKEN
cinema	TAKEN
liane	TAKEN
seriousness	TAKEN
henry	TAKEN
macedonia	TAKEN
steroid	TAKEN
foliage	TAKEN
uncaring	TAKEN
lift	TAKEN
monitoring	TAKEN
average	TAKEN
influence	TAKEN
indication	TAKEN
pupils	TAKEN
threatens	TAKEN
architects	TAKEN
accounting	TAKEN
somber	TAKEN
scored	TAKEN
shaking	TAKEN
habitat	TAKEN
orgasms	TAKEN
powered	TAKEN
treatments	TAKEN
beyond	TAKEN
incorporate	TAKEN
fools	TAKEN
medic	TAKEN
proudly	TAKEN
migration	TAKEN
positives	TAKEN
herb	TAKEN
pleases	TAKEN
slightest	TAKEN
trifle	TAKEN
longing	TAKEN
swelled	TAKEN
dislodged	TAKEN
deader	TAKEN
spiny	TAKEN
whisk	TAKEN
heaviest	TAKEN
roadhouse	TAKEN
publisher	TAKEN
biblical	TAKEN
beginning	TAKEN
prickly	TAKEN
shindig	TAKEN
unlike	TAKEN
comply	TAKEN
lopsided	TAKEN
restoring	TAKEN
relations	TAKEN
morgues	TAKEN
molded	TAKEN
sanding	TAKEN
steep	TAKEN
exaggerated	TAKEN
locals	TAKEN
nationally	TAKEN
astound	TAKEN
trout	TAKEN
advert	TAKEN
ignoramus	TAKEN
mega	TAKEN
scripture	TAKEN
snagged	TAKEN
primed	TAKEN
embossed	TAKEN
hawaii	TAKEN
trespasser	TAKEN
germany	TAKEN
adoration	TAKEN
stunt	TAKEN
floorboard	TAKEN
inquire	TAKEN
valves	TAKEN
screens	TAKEN
enlighten	TAKEN
sweepstakes	TAKEN
abstinence	TAKEN
notary	TAKEN
admirers	TAKEN
warm	TAKEN
hereby	TAKEN
tenors	TAKEN
unfamiliar	TAKEN
euros	TAKEN
singed	TAKEN
marched	TAKEN
crematorium	TAKEN
oman	TAKEN
revelations	TAKEN
knitted	TAKEN
meteors	TAKEN
stephen	TAKEN
heights	TAKEN
legion	TAKEN
ratings	TAKEN
alter	TAKEN
summoned	TAKEN
demands	TAKEN
retinas	TAKEN
capper	TAKEN
request	TAKEN
disorder	TAKEN
fractures	TAKEN
worldly	TAKEN
shrewd	TAKEN
ages	TAKEN
hong	TAKEN
query	TAKEN
large	TAKEN
scalding	TAKEN
deceit	TAKEN
roadblock	TAKEN
caste	TAKEN
cosmology	TAKEN
lingers	TAKEN
absorbent	TAKEN
help	TAKEN
scorpion	TAKEN
bedridden	TAKEN
casual	TAKEN
addicted	TAKEN
hairs	TAKEN
dredge	TAKEN
commissions	TAKEN
owed	TAKEN
flowers	TAKEN
ailments	TAKEN
town	TAKEN
rushes	TAKEN
approached	TAKEN
thru	TAKEN
camper	TAKEN
nostril	TAKEN
lint	TAKEN
alteration	TAKEN
kissy	TAKEN
ticketed	TAKEN
requiring	TAKEN
upstage	TAKEN
minded	TAKEN
denies	TAKEN
patty	TAKEN
harts	TAKEN
centred	TAKEN
fencing	TAKEN
examines	TAKEN
hysterical	TAKEN
scripting	TAKEN
abide	TAKEN
mysticism	TAKEN
cupid	TAKEN
dominick	TAKEN
cracker	TAKEN
outage	TAKEN
estimates	TAKEN
peninsula	TAKEN
buttons	TAKEN
associate	TAKEN
expedition	TAKEN
heightened	TAKEN
fortitude	TAKEN
logo	TAKEN
hopefully	TAKEN
klein	TAKEN
sentiment	TAKEN
theses	TAKEN
respect	TAKEN
shellfish	TAKEN
refinery	TAKEN
grievance	TAKEN
cycles	TAKEN
mentality	TAKEN
posse	TAKEN
thyself	TAKEN
height	TAKEN
rebirth	TAKEN
regrettably	TAKEN
momentarily	TAKEN
clueless	TAKEN
induction	TAKEN
frogs	TAKEN
calmed	TAKEN
arterial	TAKEN
chokes	TAKEN
plunge	TAKEN
teenaged	TAKEN
parasites	TAKEN
violins	TAKEN
transient	TAKEN
virtue	TAKEN
reveling	TAKEN
swab	TAKEN
marmalade	TAKEN
wallaby	TAKEN
rooted	TAKEN
startling	TAKEN
blown	TAKEN
exercise	TAKEN
fuss	TAKEN
sludge	TAKEN
bribery	TAKEN
slapped	TAKEN
digesting	TAKEN
hairline	TAKEN
treachery	TAKEN
versed	TAKEN
exemption	TAKEN
iambic	TAKEN
verbally	TAKEN
awhile	TAKEN
deutsche	TAKEN
wiener	TAKEN
latter	TAKEN
nighty	TAKEN
lows	TAKEN
vienna	TAKEN
blacksmith	TAKEN
banners	TAKEN
knives	TAKEN
rural	TAKEN
clearing	TAKEN
stubborn	TAKEN
hampshire	TAKEN
faxes	TAKEN
durned	TAKEN
barbershop	TAKEN
enslaved	TAKEN
rainbow	TAKEN
heartache	TAKEN
inquiry	TAKEN
breakup	TAKEN
summer	TAKEN
shoemaker	TAKEN
etiquette	TAKEN
wavered	TAKEN
eighty	TAKEN
goody	TAKEN
domain	TAKEN
schmooze	TAKEN
beleaguered	TAKEN
uncover	TAKEN
thrusters	TAKEN
gangrene	TAKEN
pollock	TAKEN
oklahoma	TAKEN
snatcher	TAKEN
dinero	TAKEN
validation	TAKEN
clara	TAKEN
beau	TAKEN
enjoyment	TAKEN
chris	TAKEN
info	TAKEN
central	TAKEN
physic	TAKEN
thumping	TAKEN
click	TAKEN
swarming	TAKEN
lowdown	TAKEN
exorbitant	TAKEN
architect	TAKEN
plan	TAKEN
outline	TAKEN
adsl	TAKEN
crumb	TAKEN
christopher	TAKEN
mines	TAKEN
sporting	TAKEN
tarragon	TAKEN
deserves	TAKEN
romancing	TAKEN
brioche	TAKEN
lanes	TAKEN
server	TAKEN
undue	TAKEN
critters	TAKEN
sliding	TAKEN
tweedle	TAKEN
implement	TAKEN
invitations	TAKEN
shutting	TAKEN
rascals	TAKEN
collar	TAKEN
beaming	TAKEN
montgomery	TAKEN
rouse	TAKEN
ransack	TAKEN
bunks	TAKEN
improperly	TAKEN
doves	TAKEN
barnes	TAKEN
ebooks	TAKEN
capitol	TAKEN
abraham	TAKEN
boost	TAKEN
produced	TAKEN
saint	TAKEN
matzoh	TAKEN
yugoslavia	TAKEN
lumberjack	TAKEN
operations	TAKEN
freckling	TAKEN
wussies	TAKEN
over	TAKEN
molds	TAKEN
supervised	TAKEN
pooh	TAKEN
monaco	TAKEN
phoned	TAKEN
usually	TAKEN
grants	TAKEN
vicinity	TAKEN
babies	TAKEN
starship	TAKEN
galilee	TAKEN
success	TAKEN
symbiote	TAKEN
corner	TAKEN
gimmicks	TAKEN
exiles	TAKEN
dazzled	TAKEN
mirage	TAKEN
miles	TAKEN
flashlights	TAKEN
testament	TAKEN
pianist	TAKEN
mascots	TAKEN
aggravate	TAKEN
untraceable	TAKEN
stewed	TAKEN
tendencies	TAKEN
conduct	TAKEN
formally	TAKEN
upbeat	TAKEN
hyundai	TAKEN
drama	TAKEN
minty	TAKEN
loveliest	TAKEN
sykes	TAKEN
minimum	TAKEN
trampling	TAKEN
sympathies	TAKEN
frames	TAKEN
engaged	TAKEN
bustling	TAKEN
audience	TAKEN
bongo	TAKEN
wasted	TAKEN
procreate	TAKEN
yesterdays	TAKEN
jose	TAKEN
kilometer	TAKEN
deed	TAKEN
raised	TAKEN
organise	TAKEN
harpy	TAKEN
onion	TAKEN
eric	TAKEN
speculating	TAKEN
referring	TAKEN
bark	TAKEN
banks	TAKEN
colic	TAKEN
inhaling	TAKEN
llama	TAKEN
goddaughter	TAKEN
prehistoric	TAKEN
fuchsia	TAKEN
shrubs	TAKEN
directly	TAKEN
painter	TAKEN
collie	TAKEN
greatly	TAKEN
trends	TAKEN
forage	TAKEN
muskrat	TAKEN
fold	TAKEN
depose	TAKEN
rulers	TAKEN
astronaut	TAKEN
hopkins	TAKEN
undressed	TAKEN
assume	TAKEN
interfacing	TAKEN
admiral	TAKEN
agitators	TAKEN
sarah	TAKEN
droll	TAKEN
adrenals	TAKEN
ford	TAKEN
reveals	TAKEN
coiffure	TAKEN
anorexic	TAKEN
senora	TAKEN
decoded	TAKEN
patch	TAKEN
preemptive	TAKEN
common	TAKEN
readings	TAKEN
verzeichnis	TAKEN
riveting	TAKEN
agents	TAKEN
pamphlet	TAKEN
gizzard	TAKEN
outstanding	TAKEN
festival	TAKEN
diagonal	TAKEN
chargers	TAKEN
gamut	TAKEN
glee	TAKEN
downloads	TAKEN
piffle	TAKEN
teamsters	TAKEN
cried	TAKEN
weeks	TAKEN
coriander	TAKEN
taffy	TAKEN
ferrari	TAKEN
establish	TAKEN
turbine	TAKEN
juke	TAKEN
arnold	TAKEN
investors	TAKEN
thespian	TAKEN
voila	TAKEN
yearbook	TAKEN
skis	TAKEN
hips	TAKEN
bombed	TAKEN
nipped	TAKEN
snubbed	TAKEN
massaging	TAKEN
fathered	TAKEN
furnished	TAKEN
picturing	TAKEN
loophole	TAKEN
burial	TAKEN
paltry	TAKEN
wrists	TAKEN
peerless	TAKEN
pokemon	TAKEN
lagoon	TAKEN
updating	TAKEN
pane	TAKEN
sirs	TAKEN
grungy	TAKEN
afoot	TAKEN
odds	TAKEN
discuss	TAKEN
uncanny	TAKEN
gripe	TAKEN
grainy	TAKEN
pike	TAKEN
behaviour	TAKEN
pros	TAKEN
concede	TAKEN
towns	TAKEN
accessible	TAKEN
millennia	TAKEN
chucked	TAKEN
outrageous	TAKEN
marinate	TAKEN
rocky	TAKEN
detest	TAKEN
keeps	TAKEN
database	TAKEN
withheld	TAKEN
faking	TAKEN
repulsive	TAKEN
calmer	TAKEN
events	TAKEN
panicky	TAKEN
sneeze	TAKEN
beggars	TAKEN
delayed	TAKEN
vagabond	TAKEN
cutoffs	TAKEN
doily	TAKEN
happily	TAKEN
hesitation	TAKEN
bargained	TAKEN
mixture	TAKEN
ultimately	TAKEN
secretly	TAKEN
fillings	TAKEN
amenities	TAKEN
custodial	TAKEN
january	TAKEN
moniker	TAKEN
wired	TAKEN
indigenous	TAKEN
righty	TAKEN
sanity	TAKEN
login	TAKEN
heirlooms	TAKEN
invigorated	TAKEN
buffoon	TAKEN
illegally	TAKEN
spontaneity	TAKEN
widespread	TAKEN
prescribed	TAKEN
thirties	TAKEN
thrilled	TAKEN
gimme	TAKEN
clearances	TAKEN
junky	TAKEN
cherish	TAKEN
patriot	TAKEN
after	TAKEN
proposed	TAKEN
cottages	TAKEN
jimmies	TAKEN
something	TAKEN
intruded	TAKEN
dungeon	TAKEN
ravings	TAKEN
contention	TAKEN
frail	TAKEN
recombinant	TAKEN
tendons	TAKEN
councils	TAKEN
foamy	TAKEN
chen	TAKEN
shred	TAKEN
condemn	TAKEN
rehearsed	TAKEN
classroom	TAKEN
straws	TAKEN
sensing	TAKEN
preys	TAKEN
short	TAKEN
boyfriends	TAKEN
burritos	TAKEN
doing	TAKEN
sugars	TAKEN
oversee	TAKEN
lowlife	TAKEN
adidas	TAKEN
clothing	TAKEN
nelly	TAKEN
knife	TAKEN
hurt	TAKEN
appliances	TAKEN
balconies	TAKEN
though	TAKEN
deck	TAKEN
pines	TAKEN
binary	TAKEN
wherein	TAKEN
nigeria	TAKEN
thusly	TAKEN
adoptive	TAKEN
correcting	TAKEN
subway	TAKEN
philippines	TAKEN
neighbor	TAKEN
prototypes	TAKEN
eighth	TAKEN
rookies	TAKEN
past	TAKEN
boundary	TAKEN
persist	TAKEN
jingles	TAKEN
preferably	TAKEN
mugger	TAKEN
humiliating	TAKEN
assess	TAKEN
hocus	TAKEN
normal	TAKEN
harboring	TAKEN
hellhole	TAKEN
haggis	TAKEN
loyal	TAKEN
caved	TAKEN
imaging	TAKEN
twerp	TAKEN
pathologist	TAKEN
seriously	TAKEN
writing	TAKEN
praying	TAKEN
monthly	TAKEN
turkey	TAKEN
feelings	TAKEN
competent	TAKEN
ache	TAKEN
rusty	TAKEN
nutty	TAKEN
baths	TAKEN
hallelujah	TAKEN
nods	TAKEN
worry	TAKEN
freshness	TAKEN
wean	TAKEN
confessed	TAKEN
creepy	TAKEN
startup	TAKEN
openings	TAKEN
autographed	TAKEN
depot	TAKEN
occupants	TAKEN
budgeted	TAKEN
implicate	TAKEN
unprotected	TAKEN
enhancing	TAKEN
silent	TAKEN
bacon	TAKEN
nativity	TAKEN
convictions	TAKEN
expedite	TAKEN
heavy	TAKEN
quotes	TAKEN
stack	TAKEN
yech	TAKEN
abomination	TAKEN
intellect	TAKEN
welcomed	TAKEN
hacksaw	TAKEN
rugs	TAKEN
herding	TAKEN
coattails	TAKEN
hits	TAKEN
taunted	TAKEN
redwood	TAKEN
slated	TAKEN
wildfire	TAKEN
careless	TAKEN
telepathic	TAKEN
marcus	TAKEN
cataclysmic	TAKEN
makes	TAKEN
gazed	TAKEN
increasing	TAKEN
hotdogs	TAKEN
always	TAKEN
deplorable	TAKEN
cancer	TAKEN
cove	TAKEN
youthful	TAKEN
keywords	TAKEN
shifter	TAKEN
occupation	TAKEN
tastes	TAKEN
html	TAKEN
fink	TAKEN
relic	TAKEN
netherlands	TAKEN
gunpowder	TAKEN
trait	TAKEN
definition	TAKEN
homey	TAKEN
milestone	TAKEN
purple	TAKEN
concealing	TAKEN
shades	TAKEN
markets	TAKEN
sports	TAKEN
expressions	TAKEN
toiling	TAKEN
resents	TAKEN
charmingly	TAKEN
thrower	TAKEN
deposing	TAKEN
contender	TAKEN
reports	TAKEN
awfully	TAKEN
hertz	TAKEN
cyber	TAKEN
sugary	TAKEN
strides	TAKEN
hailing	TAKEN
antiquity	TAKEN
makeup	TAKEN
youths	TAKEN
highlights	TAKEN
kingdom	TAKEN
beggar	TAKEN
favorably	TAKEN
overjoyed	TAKEN
corrupting	TAKEN
nixed	TAKEN
punk	TAKEN
spook	TAKEN
sexist	TAKEN
critter	TAKEN
chenille	TAKEN
buffer	TAKEN
forsaken	TAKEN
wham	TAKEN
departure	TAKEN
rehearsal	TAKEN
implemented	TAKEN
colony	TAKEN
spam	TAKEN
destroys	TAKEN
variant	TAKEN
free	TAKEN
translate	TAKEN
backseat	TAKEN
methodical	TAKEN
withered	TAKEN
semester	TAKEN
tanning	TAKEN
eyeliner	TAKEN
previously	TAKEN
invaded	TAKEN
runaway	TAKEN
improvement	TAKEN
halloween	TAKEN
deductible	TAKEN
dial	TAKEN
caskets	TAKEN
saith	TAKEN
ballots	TAKEN
soup	TAKEN
sensitive	TAKEN
muffin	TAKEN
justin	TAKEN
innuendoes	TAKEN
talks	TAKEN
gate	TAKEN
angelus	TAKEN
stupidest	TAKEN
money	TAKEN
flagging	TAKEN
cuss	TAKEN
bluff	TAKEN
diabolical	TAKEN
cackle	TAKEN
firepower	TAKEN
flavours	TAKEN
disclose	TAKEN
skinned	TAKEN
item	TAKEN
colombia	TAKEN
opens	TAKEN
bedlam	TAKEN
torment	TAKEN
infernal	TAKEN
delicately	TAKEN
bahamas	TAKEN
hornets	TAKEN
plucky	TAKEN
fabrics	TAKEN
speakers	TAKEN
chlorine	TAKEN
tactical	TAKEN
leaning	TAKEN
turnpike	TAKEN
during	TAKEN
idols	TAKEN
most	TAKEN
gamer	TAKEN
missile	TAKEN
lotte	TAKEN
paralysis	TAKEN
fondest	TAKEN
rafting	TAKEN
chatterbox	TAKEN
towards	TAKEN
stinks	TAKEN
earthquake	TAKEN
hunger	TAKEN
condor	TAKEN
fertile	TAKEN
compulsory	TAKEN
refreshed	TAKEN
tablespoon	TAKEN
abundantly	TAKEN
mussels	TAKEN
uncool	TAKEN
making	TAKEN
transponder	TAKEN
francs	TAKEN
lookup	TAKEN
jordan	TAKEN
tropics	TAKEN
thruway	TAKEN
sleazebag	TAKEN
disc	TAKEN
rutting	TAKEN
half	TAKEN
specific	TAKEN
trimmings	TAKEN
newsstands	TAKEN
correction	TAKEN
roofer	TAKEN
pulsating	TAKEN
starting	TAKEN
decorating	TAKEN
reseller	TAKEN
buyout	TAKEN
floodgates	TAKEN
honk	TAKEN
debatable	TAKEN
repress	TAKEN
hand	TAKEN
eighties	TAKEN
rodent	TAKEN
skins	TAKEN
miffed	TAKEN
incinerated	TAKEN
amah	TAKEN
bleach	TAKEN
describe	TAKEN
adjusted	TAKEN
tactics	TAKEN
respected	TAKEN
clip	TAKEN
staggered	TAKEN
fellatio	TAKEN
fending	TAKEN
poached	TAKEN
drafting	TAKEN
incinerator	TAKEN
bicuspids	TAKEN
womb	TAKEN
chemo	TAKEN
stuntman	TAKEN
substance	TAKEN
hull	TAKEN
rename	TAKEN
extracts	TAKEN
winds	TAKEN
squeak	TAKEN
benes	TAKEN
silence	TAKEN
puzzles	TAKEN
purchasing	TAKEN
finer	TAKEN
submarine	TAKEN
bastille	TAKEN
defended	TAKEN
light	TAKEN
devoured	TAKEN
namibia	TAKEN
vbulletin	TAKEN
greensboro	TAKEN
allergies	TAKEN
journey	TAKEN
saucers	TAKEN
requisition	TAKEN
buzz	TAKEN
edition	TAKEN
getup	TAKEN
atlantic	TAKEN
fling	TAKEN
kindly	TAKEN
blubbering	TAKEN
reconstruct	TAKEN
sonnets	TAKEN
shaken	TAKEN
missus	TAKEN
truant	TAKEN
vouching	TAKEN
cartoonist	TAKEN
mildew	TAKEN
snowstorm	TAKEN
untoward	TAKEN
ritual	TAKEN
toll	TAKEN
beaten	TAKEN
traction	TAKEN
moronic	TAKEN
woof	TAKEN
washing	TAKEN
looney	TAKEN
stave	TAKEN
toasts	TAKEN
strand	TAKEN
raped	TAKEN
olds	TAKEN
pint	TAKEN
comfortably	TAKEN
sights	TAKEN
vanishes	TAKEN
remote	TAKEN
hyperbole	TAKEN
banner	TAKEN
stony	TAKEN
swimmingly	TAKEN
tripped	TAKEN
separation	TAKEN
naphthalene	TAKEN
moan	TAKEN
thong	TAKEN
contentment	TAKEN
origin	TAKEN
babes	TAKEN
evidence	TAKEN
stagnant	TAKEN
hymns	TAKEN
primates	TAKEN
citing	TAKEN
tonnage	TAKEN
wept	TAKEN
calculate	TAKEN
zippy	TAKEN
sentence	TAKEN
clumps	TAKEN
marijuana	TAKEN
wine	TAKEN
bangs	TAKEN
healthy	TAKEN
pubescent	TAKEN
epoxy	TAKEN
exploit	TAKEN
draw	TAKEN
prepared	TAKEN
indicate	TAKEN
dudes	TAKEN
dang	TAKEN
chronic	TAKEN
omissions	TAKEN
assembled	TAKEN
jitters	TAKEN
suckers	TAKEN
unwittingly	TAKEN
timid	TAKEN
concerned	TAKEN
defendant	TAKEN
pimples	TAKEN
furry	TAKEN
toxicology	TAKEN
virtuoso	TAKEN
conducted	TAKEN
pyromaniac	TAKEN
etcetera	TAKEN
allee	TAKEN
michigan	TAKEN
unsatisfied	TAKEN
soundtrack	TAKEN
possessions	TAKEN
steerage	TAKEN
moustache	TAKEN
vase	TAKEN
accidental	TAKEN
fortune	TAKEN
belkin	TAKEN
commissary	TAKEN
pleas	TAKEN
appetizers	TAKEN
meanest	TAKEN
fades	TAKEN
duck	TAKEN
cooperation	TAKEN
footwear	TAKEN
male	TAKEN
dribbles	TAKEN
maneuvered	TAKEN
converted	TAKEN
masses	TAKEN
rebates	TAKEN
stared	TAKEN
aversion	TAKEN
horseshit	TAKEN
whatever	TAKEN
fractions	TAKEN
axle	TAKEN
swung	TAKEN
cent	TAKEN
coffers	TAKEN
typically	TAKEN
urologist	TAKEN
approximate	TAKEN
bitter	TAKEN
swore	TAKEN
found	TAKEN
reduces	TAKEN
brook	TAKEN
undeniably	TAKEN
commented	TAKEN
opponents	TAKEN
frost	TAKEN
strapless	TAKEN
undies	TAKEN
pages	TAKEN
muslim	TAKEN
backs	TAKEN
wendy	TAKEN
massive	TAKEN
carvers	TAKEN
worshipping	TAKEN
strangler	TAKEN
censorship	TAKEN
bravo	TAKEN
hereafter	TAKEN
filed	TAKEN
saddled	TAKEN
dining	TAKEN
down	TAKEN
tainted	TAKEN
costa	TAKEN
petit	TAKEN
einstein	TAKEN
dodgy	TAKEN
stepping	TAKEN
sleep	TAKEN
breaths	TAKEN
scoundrel	TAKEN
citizenship	TAKEN
talker	TAKEN
patent	TAKEN
indicative	TAKEN
dell	TAKEN
lakeshore	TAKEN
amendments	TAKEN
cognizant	TAKEN
guts	TAKEN
perfumed	TAKEN
avid	TAKEN
unspoiled	TAKEN
built	TAKEN
inkling	TAKEN
vulgar	TAKEN
great	TAKEN
utter	TAKEN
loyalties	TAKEN
imitating	TAKEN
pursued	TAKEN
expedited	TAKEN
benching	TAKEN
oozing	TAKEN
dividend	TAKEN
production	TAKEN
essay	TAKEN
dribble	TAKEN
wingman	TAKEN
index	TAKEN
polluting	TAKEN
fatality	TAKEN
ruthless	TAKEN
deeply	TAKEN
sanctioned	TAKEN
workload	TAKEN
pretrial	TAKEN
ashley	TAKEN
excluding	TAKEN
capote	TAKEN
carolina	TAKEN
reorganize	TAKEN
orders	TAKEN
paratrooper	TAKEN
howe	TAKEN
setbacks	TAKEN
favorable	TAKEN
hypnosis	TAKEN
probably	TAKEN
parker	TAKEN
skirt	TAKEN
derris	TAKEN
tattooed	TAKEN
floored	TAKEN
judiciary	TAKEN
misnomer	TAKEN
baboon	TAKEN
incubators	TAKEN
dependant	TAKEN
feminist	TAKEN
halibut	TAKEN
newest	TAKEN
incessantly	TAKEN
weatherman	TAKEN
bumpkins	TAKEN
insecurity	TAKEN
pledges	TAKEN
pleadings	TAKEN
condoning	TAKEN
aimed	TAKEN
junior	TAKEN
journalism	TAKEN
venerable	TAKEN
incentives	TAKEN
pretend	TAKEN
mocked	TAKEN
dwarves	TAKEN
circling	TAKEN
wiley	TAKEN
youth	TAKEN
geez	TAKEN
synthesize	TAKEN
completion	TAKEN
school	TAKEN
scolded	TAKEN
falcon	TAKEN
clay	TAKEN
weirdness	TAKEN
superiors	TAKEN
declared	TAKEN
geriatric	TAKEN
knockout	TAKEN
monks	TAKEN
suspending	TAKEN
fibrosis	TAKEN
diuretic	TAKEN
hardworking	TAKEN
gravy	TAKEN
replacing	TAKEN
annotation	TAKEN
foto	TAKEN
indebted	TAKEN
shackled	TAKEN
province	TAKEN
meanings	TAKEN
hopes	TAKEN
capability	TAKEN
slice	TAKEN
rugby	TAKEN
lubricant	TAKEN
vanquish	TAKEN
neck	TAKEN
corker	TAKEN
inherits	TAKEN
principals	TAKEN
moving	TAKEN
snapper	TAKEN
circuitry	TAKEN
cooties	TAKEN
reviewer	TAKEN
whirlwind	TAKEN
salvaged	TAKEN
anecdote	TAKEN
asunder	TAKEN
rational	TAKEN
lilies	TAKEN
drastic	TAKEN
passengers	TAKEN
advertised	TAKEN
hating	TAKEN
sissies	TAKEN
distraction	TAKEN
untimely	TAKEN
meatballs	TAKEN
phil	TAKEN
grinds	TAKEN
pier	TAKEN
flaring	TAKEN
intrude	TAKEN
lasts	TAKEN
arbitration	TAKEN
embarrass	TAKEN
input	TAKEN
abducting	TAKEN
lens	TAKEN
evacuating	TAKEN
executor	TAKEN
drone	TAKEN
droopy	TAKEN
stuffing	TAKEN
richard	TAKEN
geography	TAKEN
whisked	TAKEN
monumental	TAKEN
essays	TAKEN
hypnotized	TAKEN
locale	TAKEN
agree	TAKEN
soldiers	TAKEN
complexion	TAKEN
sustain	TAKEN
blaze	TAKEN
informs	TAKEN
dinnertime	TAKEN
rightful	TAKEN
cascade	TAKEN
crowning	TAKEN
derived	TAKEN
forehead	TAKEN
sound	TAKEN
neil	TAKEN
ruff	TAKEN
jaundice	TAKEN
jerkin	TAKEN
breakwater	TAKEN
plow	TAKEN
fresh	TAKEN
trainee	TAKEN
heeled	TAKEN
baddest	TAKEN
widening	TAKEN
nukes	TAKEN
conspire	TAKEN
ridicule	TAKEN
clutched	TAKEN
mainframe	TAKEN
modules	TAKEN
trade	TAKEN
pleads	TAKEN
grindstone	TAKEN
training	TAKEN
infant	TAKEN
sidelines	TAKEN
grief	TAKEN
asphalt	TAKEN
gained	TAKEN
edging	TAKEN
babu	TAKEN
blinding	TAKEN
scouts	TAKEN
breakout	TAKEN
sear	TAKEN
dressed	TAKEN
crowds	TAKEN
honorable	TAKEN
sidewalk	TAKEN
shill	TAKEN
beige	TAKEN
premier	TAKEN
trench	TAKEN
beatings	TAKEN
merlot	TAKEN
bradford	TAKEN
satanic	TAKEN
cozier	TAKEN
decadent	TAKEN
enemies	TAKEN
slugged	TAKEN
exposed	TAKEN
reasonable	TAKEN
scrutinized	TAKEN
blockage	TAKEN
friends	TAKEN
womens	TAKEN
atrium	TAKEN
mother	TAKEN
restore	TAKEN
lindsay	TAKEN
bluer	TAKEN
prom	TAKEN
christened	TAKEN
enlist	TAKEN
chaps	TAKEN
heinous	TAKEN
lacks	TAKEN
dopes	TAKEN
kingdoms	TAKEN
sociology	TAKEN
september	TAKEN
meanwhile	TAKEN
spend	TAKEN
earthlings	TAKEN
amiable	TAKEN
sizzle	TAKEN
fringes	TAKEN
joyful	TAKEN
insincere	TAKEN
plateaued	TAKEN
nylons	TAKEN
trespass	TAKEN
straighten	TAKEN
matchmaker	TAKEN
pursuit	TAKEN
mobilize	TAKEN
conflicting	TAKEN
meanie	TAKEN
giving	TAKEN
algebra	TAKEN
poachers	TAKEN
overhead	TAKEN
college	TAKEN
masquerade	TAKEN
hieroglyphs	TAKEN
calico	TAKEN
hassled	TAKEN
newborn	TAKEN
overlook	TAKEN
businessman	TAKEN
principal	TAKEN
disruptive	TAKEN
antelope	TAKEN
actress	TAKEN
kraft	TAKEN
cloverleaf	TAKEN
incoherent	TAKEN
peaks	TAKEN
pissing	TAKEN
whisking	TAKEN
credo	TAKEN
ledgers	TAKEN
hankie	TAKEN
buckets	TAKEN
premises	TAKEN
decomposing	TAKEN
struggled	TAKEN
young	TAKEN
wrangler	TAKEN
seventeen	TAKEN
wallpaper	TAKEN
crest	TAKEN
firmer	TAKEN
unpacked	TAKEN
tandem	TAKEN
rooster	TAKEN
lava	TAKEN
payment	TAKEN
gator	TAKEN
cavities	TAKEN
goober	TAKEN
cities	TAKEN
quarterback	TAKEN
submarines	TAKEN
verde	TAKEN
rawhide	TAKEN
easy	TAKEN
slum	TAKEN
gatekeeper	TAKEN
inflated	TAKEN
clarifying	TAKEN
nurses	TAKEN
msgid	TAKEN
traumatic	TAKEN
polio	TAKEN
jeffrey	TAKEN
gizmo	TAKEN
fatal	TAKEN
dickie	TAKEN
tattle	TAKEN
blockhead	TAKEN
showoff	TAKEN
noises	TAKEN
beacon	TAKEN
replace	TAKEN
adapting	TAKEN
depending	TAKEN
underneath	TAKEN
callers	TAKEN
wiper	TAKEN
hoof	TAKEN
arlington	TAKEN
spark	TAKEN
lounging	TAKEN
lever	TAKEN
scummy	TAKEN
stoop	TAKEN
neglect	TAKEN
injector	TAKEN
caritas	TAKEN
trump	TAKEN
covenant	TAKEN
madame	TAKEN
kissed	TAKEN
impotent	TAKEN
marshall	TAKEN
crud	TAKEN
navy	TAKEN
cocktails	TAKEN
gaslight	TAKEN
outside	TAKEN
submissions	TAKEN
amino	TAKEN
actuarial	TAKEN
regimental	TAKEN
bruises	TAKEN
culmination	TAKEN
fabricate	TAKEN
tries	TAKEN
coldness	TAKEN
hollywood	TAKEN
urls	TAKEN
session	TAKEN
terminator	TAKEN
hearse	TAKEN
converting	TAKEN
shards	TAKEN
hospitality	TAKEN
museum	TAKEN
coma	TAKEN
shipping	TAKEN
handbook	TAKEN
rates	TAKEN
eraser	TAKEN
abnormality	TAKEN
descriptive	TAKEN
sultry	TAKEN
egghead	TAKEN
smith	TAKEN
emergency	TAKEN
computing	TAKEN
flake	TAKEN
laureate	TAKEN
hops	TAKEN
handy	TAKEN
clipped	TAKEN
potted	TAKEN
handed	TAKEN
donate	TAKEN
automaton	TAKEN
strongly	TAKEN
howard	TAKEN
lobster	TAKEN
bayberry	TAKEN
cranes	TAKEN
stalker	TAKEN
sisters	TAKEN
wins	TAKEN
qualifying	TAKEN
sunshine	TAKEN
glib	TAKEN
fruits	TAKEN
myanmar	TAKEN
infecting	TAKEN
complaining	TAKEN
omega	TAKEN
unstuck	TAKEN
clocking	TAKEN
remember	TAKEN
bethesda	TAKEN
libel	TAKEN
twinks	TAKEN
spouting	TAKEN
airlifted	TAKEN
sherlock	TAKEN
fallback	TAKEN
fatigue	TAKEN
nikon	TAKEN
curiosity	TAKEN
suitcase	TAKEN
kids	TAKEN
shared	TAKEN
bomber	TAKEN
schizoid	TAKEN
defendants	TAKEN
smearing	TAKEN
hacker	TAKEN
password	TAKEN
cram	TAKEN
bays	TAKEN
transmit	TAKEN
credentials	TAKEN
monoxide	TAKEN
slough	TAKEN
destitute	TAKEN
runners	TAKEN
lather	TAKEN
upstairs	TAKEN
hippos	TAKEN
subjected	TAKEN
handouts	TAKEN
insomnia	TAKEN
expects	TAKEN
celebrating	TAKEN
excepted	TAKEN
baklava	TAKEN
graphite	TAKEN
faults	TAKEN
fulcrum	TAKEN
structured	TAKEN
florence	TAKEN
leaks	TAKEN
antagonism	TAKEN
approved	TAKEN
parabolic	TAKEN
wedded	TAKEN
ballgame	TAKEN
humph	TAKEN
sleazy	TAKEN
riddled	TAKEN
chums	TAKEN
puritan	TAKEN
squares	TAKEN
bleed	TAKEN
hadj	TAKEN
whoops	TAKEN
aggressor	TAKEN
phooey	TAKEN
mindset	TAKEN
knotted	TAKEN
pinafore	TAKEN
looksmart	TAKEN
stung	TAKEN
martin	TAKEN
caroling	TAKEN
attaboy	TAKEN
senility	TAKEN
playstation	TAKEN
toddle	TAKEN
unexplored	TAKEN
holly	TAKEN
ridden	TAKEN
eunuch	TAKEN
confided	TAKEN
snit	TAKEN
porno	TAKEN
lasted	TAKEN
ageing	TAKEN
expanding	TAKEN
celeste	TAKEN
doormat	TAKEN
novelist	TAKEN
eminent	TAKEN
twine	TAKEN
ideas	TAKEN
malls	TAKEN
apologies	TAKEN
portugal	TAKEN
aloft	TAKEN
paypal	TAKEN
lawyers	TAKEN
pigeons	TAKEN
waffles	TAKEN
watering	TAKEN
tuna	TAKEN
bend	TAKEN
beforehand	TAKEN
reuniting	TAKEN
bananas	TAKEN
campaign	TAKEN
bowls	TAKEN
newborns	TAKEN
moola	TAKEN
imperialist	TAKEN
maturity	TAKEN
syria	TAKEN
yamaha	TAKEN
skillful	TAKEN
decoration	TAKEN
bells	TAKEN
singers	TAKEN
castle	TAKEN
hairstyles	TAKEN
wavelengths	TAKEN
pedestal	TAKEN
diego	TAKEN
fearless	TAKEN
shadows	TAKEN
popular	TAKEN
relapse	TAKEN
rotunda	TAKEN
strap	TAKEN
checkout	TAKEN
collapses	TAKEN
noel	TAKEN
chit	TAKEN
weave	TAKEN
pointe	TAKEN
bankrolled	TAKEN
treaty	TAKEN
posture	TAKEN
truths	TAKEN
conceive	TAKEN
cathartic	TAKEN
kilometers	TAKEN
finalize	TAKEN
drugs	TAKEN
networks	TAKEN
symphony	TAKEN
skateboard	TAKEN
sciences	TAKEN
scurrying	TAKEN
sanction	TAKEN
discussing	TAKEN
gloss	TAKEN
friendliest	TAKEN
butting	TAKEN
tarp	TAKEN
stat	TAKEN
identities	TAKEN
benjamins	TAKEN
hush	TAKEN
coalition	TAKEN
replied	TAKEN
utils	TAKEN
annual	TAKEN
mainstream	TAKEN
figures	TAKEN
strikingly	TAKEN
poppies	TAKEN
waistband	TAKEN
suspects	TAKEN
foothold	TAKEN
spewing	TAKEN
crutches	TAKEN
infallible	TAKEN
nines	TAKEN
eluded	TAKEN
nametag	TAKEN
meticulous	TAKEN
buying	TAKEN
amsterdam	TAKEN
fart	TAKEN
aging	TAKEN
lumpy	TAKEN
vets	TAKEN
teeny	TAKEN
extensions	TAKEN
warner	TAKEN
orderly	TAKEN
gigolo	TAKEN
refill	TAKEN
perform	TAKEN
glaucoma	TAKEN
household	TAKEN
episodes	TAKEN
respirator	TAKEN
endear	TAKEN
refresh	TAKEN
pasture	TAKEN
agencies	TAKEN
cooperating	TAKEN
warren	TAKEN
scheduling	TAKEN
quickly	TAKEN
troubles	TAKEN
undercut	TAKEN
forethought	TAKEN
deadliest	TAKEN
ticker	TAKEN
transsexual	TAKEN
hunks	TAKEN
spirited	TAKEN
reportedly	TAKEN
oldie	TAKEN
villas	TAKEN
katie	TAKEN
mpeg	TAKEN
value	TAKEN
boxcar	TAKEN
wigged	TAKEN
broad	TAKEN
delegate	TAKEN
gullible	TAKEN
loot	TAKEN
york	TAKEN
conserve	TAKEN
thanking	TAKEN
brokers	TAKEN
slippers	TAKEN
priors	TAKEN
pubs	TAKEN
italy	TAKEN
getaway	TAKEN
literate	TAKEN
dispenser	TAKEN
misfits	TAKEN
labels	TAKEN
youngsters	TAKEN
decide	TAKEN
crawlers	TAKEN
dictators	TAKEN
president	TAKEN
asus	TAKEN
quaking	TAKEN
directing	TAKEN
backgrounds	TAKEN
souse	TAKEN
metro	TAKEN
lurk	TAKEN
shrink	TAKEN
magnum	TAKEN
rusted	TAKEN
replaceable	TAKEN
compressor	TAKEN
squirrels	TAKEN
parchment	TAKEN
happier	TAKEN
fitter	TAKEN
praising	TAKEN
centered	TAKEN
listen	TAKEN
scrapings	TAKEN
valium	TAKEN
knucklehead	TAKEN
detergent	TAKEN
loaf	TAKEN
deduce	TAKEN
thompson	TAKEN
grizzly	TAKEN
splits	TAKEN
frivolous	TAKEN
equinox	TAKEN
placing	TAKEN
lunacy	TAKEN
disfigured	TAKEN
bukkake	TAKEN
reparations	TAKEN
collecting	TAKEN
capacity	TAKEN
grove	TAKEN
outcasts	TAKEN
diagram	TAKEN
wide	TAKEN
recanted	TAKEN
simulated	TAKEN
douglas	TAKEN
plastics	TAKEN
pretentious	TAKEN
economical	TAKEN
workout	TAKEN
hemline	TAKEN
extraction	TAKEN
sampling	TAKEN
procedure	TAKEN
christians	TAKEN
modified	TAKEN
suitable	TAKEN
rows	TAKEN
taco	TAKEN
furlong	TAKEN
goers	TAKEN
rites	TAKEN
bangers	TAKEN
garters	TAKEN
bohemian	TAKEN
anaheim	TAKEN
keepers	TAKEN
subdivision	TAKEN
prayer	TAKEN
buzzing	TAKEN
mound	TAKEN
techniques	TAKEN
sticks	TAKEN
mario	TAKEN
britney	TAKEN
dishwasher	TAKEN
extracted	TAKEN
responding	TAKEN
trilogy	TAKEN
profiles	TAKEN
poorhouse	TAKEN
brent	TAKEN
straights	TAKEN
pandering	TAKEN
busboys	TAKEN
taxidermist	TAKEN
laddies	TAKEN
coherent	TAKEN
chauffeur	TAKEN
amber	TAKEN
scraping	TAKEN
obstacles	TAKEN
possible	TAKEN
halls	TAKEN
alfred	TAKEN
vandalized	TAKEN
thriving	TAKEN
nappy	TAKEN
vinegar	TAKEN
negotiating	TAKEN
memoirs	TAKEN
wielding	TAKEN
twain	TAKEN
promotion	TAKEN
corpses	TAKEN
fiddle	TAKEN
allegations	TAKEN
vacuum	TAKEN
misreading	TAKEN
vision	TAKEN
cowering	TAKEN
shockingly	TAKEN
fudged	TAKEN
link	TAKEN
debit	TAKEN
lockers	TAKEN
checkbook	TAKEN
florida	TAKEN
freeloader	TAKEN
envoy	TAKEN
stanford	TAKEN
wield	TAKEN
rule	TAKEN
dormant	TAKEN
timbers	TAKEN
unaware	TAKEN
legions	TAKEN
snapping	TAKEN
personally	TAKEN
sierra	TAKEN
trip	TAKEN
hock	TAKEN
lately	TAKEN
names	TAKEN
sulking	TAKEN
separate	TAKEN
gabriel	TAKEN
looking	TAKEN
sequences	TAKEN
poisonous	TAKEN
provinces	TAKEN
supper	TAKEN
scrounge	TAKEN
cumshots	TAKEN
jason	TAKEN
savage	TAKEN
doctor	TAKEN
blouse	TAKEN
usgs	TAKEN
hamlet	TAKEN
collectors	TAKEN
grisly	TAKEN
shirt	TAKEN
bared	TAKEN
regulated	TAKEN
breathe	TAKEN
slouch	TAKEN
gimlet	TAKEN
grandmother	TAKEN
backfiring	TAKEN
promo	TAKEN
chucks	TAKEN
nasal	TAKEN
orioles	TAKEN
contacts	TAKEN
rewrites	TAKEN
medics	TAKEN
groupie	TAKEN
blooms	TAKEN
leather	TAKEN
aide	TAKEN
bribed	TAKEN
honored	TAKEN
adopting	TAKEN
release	TAKEN
paris	TAKEN
disclaimer	TAKEN
flaps	TAKEN
opportune	TAKEN
prague	TAKEN
dumplings	TAKEN
roomy	TAKEN
ignoring	TAKEN
sponsorship	TAKEN
mummy	TAKEN
fanatics	TAKEN
ancestor	TAKEN
wesley	TAKEN
mannequin	TAKEN
propecia	TAKEN
float	TAKEN
grated	TAKEN
months	TAKEN
ethanol	TAKEN
shroud	TAKEN
owners	TAKEN
peters	TAKEN
bookman	TAKEN
quixote	TAKEN
rains	TAKEN
barker	TAKEN
nance	TAKEN
frightfully	TAKEN
tenacity	TAKEN
commands	TAKEN
lobbyist	TAKEN
hearing	TAKEN
criticized	TAKEN
drugged	TAKEN
lilacs	TAKEN
shops	TAKEN
taught	TAKEN
editing	TAKEN
demeaning	TAKEN
insertion	TAKEN
weary	TAKEN
nottingham	TAKEN
housewives	TAKEN
admirer	TAKEN
shush	TAKEN
society	TAKEN
charles	TAKEN
matt	TAKEN
chopsticks	TAKEN
encrusted	TAKEN
phys	TAKEN
philip	TAKEN
shiv	TAKEN
unwanted	TAKEN
encoding	TAKEN
flow	TAKEN
king	TAKEN
margin	TAKEN
dramas	TAKEN
synopsis	TAKEN
choose	TAKEN
whistling	TAKEN
feat	TAKEN
seaboard	TAKEN
distinctive	TAKEN
tips	TAKEN
inflamed	TAKEN
meant	TAKEN
criterion	TAKEN
scammed	TAKEN
censure	TAKEN
hands	TAKEN
remark	TAKEN
fight	TAKEN
blazes	TAKEN
better	TAKEN
allegedly	TAKEN
treatable	TAKEN
travelled	TAKEN
stella	TAKEN
handgun	TAKEN
realistic	TAKEN
fenders	TAKEN
attorney	TAKEN
groundwater	TAKEN
twelve	TAKEN
televised	TAKEN
baseline	TAKEN
caterers	TAKEN
patting	TAKEN
poorer	TAKEN
sedation	TAKEN
sewer	TAKEN
decay	TAKEN
reelection	TAKEN
mystic	TAKEN
rumbling	TAKEN
ready	TAKEN
carriers	TAKEN
mattress	TAKEN
precedence	TAKEN
negotiated	TAKEN
emeralds	TAKEN
roadblocks	TAKEN
smirk	TAKEN
stairs	TAKEN
dignitaries	TAKEN
urge	TAKEN
rectum	TAKEN
goodbye	TAKEN
cockney	TAKEN
wandering	TAKEN
showgirl	TAKEN
surface	TAKEN
unto	TAKEN
heroics	TAKEN
canopy	TAKEN
mower	TAKEN
rumpus	TAKEN
funk	TAKEN
thrives	TAKEN
reviewing	TAKEN
motorcycles	TAKEN
sexism	TAKEN
gasped	TAKEN
multiplex	TAKEN
inhumane	TAKEN
snuff	TAKEN
rehearse	TAKEN
intelligent	TAKEN
fucked	TAKEN
warsaw	TAKEN
canals	TAKEN
cartouche	TAKEN
conference	TAKEN
painkillers	TAKEN
filth	TAKEN
crapped	TAKEN
sbjct	TAKEN
drywall	TAKEN
posts	TAKEN
stump	TAKEN
misjudged	TAKEN
climax	TAKEN
wizard	TAKEN
information	TAKEN
distressing	TAKEN
helicopter	TAKEN
flushed	TAKEN
elated	TAKEN
sterilized	TAKEN
madam	TAKEN
percentile	TAKEN
spanking	TAKEN
cremated	TAKEN
toothpick	TAKEN
dubbed	TAKEN
cruising	TAKEN
squared	TAKEN
manila	TAKEN
gumption	TAKEN
eighteen	TAKEN
voice	TAKEN
apex	TAKEN
mystifying	TAKEN
precision	TAKEN
hamburger	TAKEN
opposed	TAKEN
foxholes	TAKEN
smooth	TAKEN
embarrassed	TAKEN
compels	TAKEN
puce	TAKEN
suffocation	TAKEN
snowbank	TAKEN
ballast	TAKEN
recycle	TAKEN
trifecta	TAKEN
reproduce	TAKEN
sulfur	TAKEN
lose	TAKEN
orlando	TAKEN
gibbons	TAKEN
sheila	TAKEN
karate	TAKEN
crudely	TAKEN
cliche	TAKEN
scissors	TAKEN
favored	TAKEN
ignorance	TAKEN
anybody	TAKEN
stomped	TAKEN
renown	TAKEN
saltines	TAKEN
slasher	TAKEN
happen	TAKEN
continental	TAKEN
anecdotes	TAKEN
blinded	TAKEN
washrooms	TAKEN
spikes	TAKEN
delighted	TAKEN
ragged	TAKEN
travelers	TAKEN
downward	TAKEN
unsafe	TAKEN
bunting	TAKEN
unhinged	TAKEN
speaker	TAKEN
forever	TAKEN
grows	TAKEN
observe	TAKEN
corduroy	TAKEN
nailing	TAKEN
squirting	TAKEN
brightly	TAKEN
committee	TAKEN
gabbing	TAKEN
erratically	TAKEN
goon	TAKEN
body	TAKEN
veracity	TAKEN
coercion	TAKEN
williams	TAKEN
jobless	TAKEN
hillbilly	TAKEN
dormitory	TAKEN
bested	TAKEN
chance	TAKEN
artistry	TAKEN
nurturing	TAKEN
vouched	TAKEN
spanish	TAKEN
testicles	TAKEN
pink	TAKEN
restoration	TAKEN
designer	TAKEN
nineteenth	TAKEN
completely	TAKEN
hardened	TAKEN
bundles	TAKEN
hearty	TAKEN
sinus	TAKEN
shoved	TAKEN
trademark	TAKEN
dolt	TAKEN
suicidal	TAKEN
gruesome	TAKEN
goading	TAKEN
scope	TAKEN
deer	TAKEN
devouring	TAKEN
nachos	TAKEN
walla	TAKEN
blooded	TAKEN
welder	TAKEN
plated	TAKEN
wilt	TAKEN
hist	TAKEN
madman	TAKEN
flaky	TAKEN
senate	TAKEN
wool	TAKEN
eloping	TAKEN
sphere	TAKEN
distort	TAKEN
scarfing	TAKEN
declaring	TAKEN
concerts	TAKEN
accord	TAKEN
employees	TAKEN
regain	TAKEN
replies	TAKEN
debutante	TAKEN
flannel	TAKEN
wavy	TAKEN
toasting	TAKEN
conductor	TAKEN
totem	TAKEN
hose	TAKEN
benefit	TAKEN
hotheaded	TAKEN
cuckoo	TAKEN
cholera	TAKEN
culpable	TAKEN
choppy	TAKEN
deceptions	TAKEN
ideal	TAKEN
bucks	TAKEN
manifested	TAKEN
fried	TAKEN
jamie	TAKEN
aneurysm	TAKEN
oceans	TAKEN
sideline	TAKEN
waken	TAKEN
sessions	TAKEN
generation	TAKEN
triumphed	TAKEN
venues	TAKEN
appreciates	TAKEN
tours	TAKEN
reclaim	TAKEN
evaporated	TAKEN
chomp	TAKEN
dryer	TAKEN
ipaq	TAKEN
mercedes	TAKEN
tortoise	TAKEN
sake	TAKEN
racy	TAKEN
theatrics	TAKEN
womanizer	TAKEN
achieved	TAKEN
unhappiness	TAKEN
toolkit	TAKEN
abstract	TAKEN
optimal	TAKEN
prefix	TAKEN
styled	TAKEN
retail	TAKEN
penalty	TAKEN
youngest	TAKEN
nameless	TAKEN
came	TAKEN
vetted	TAKEN
putrid	TAKEN
unfortunate	TAKEN
rekindled	TAKEN
case	TAKEN
kathy	TAKEN
were	TAKEN
lifetimes	TAKEN
lawyered	TAKEN
oblivious	TAKEN
dates	TAKEN
gnats	TAKEN
gloating	TAKEN
cabdriver	TAKEN
optimistic	TAKEN
overthink	TAKEN
fort	TAKEN
overdone	TAKEN
language	TAKEN
retrieval	TAKEN
extent	TAKEN
ingenue	TAKEN
bloodhound	TAKEN
patiently	TAKEN
gzip	TAKEN
flawless	TAKEN
mortality	TAKEN
viewpicture	TAKEN
attendants	TAKEN
cruise	TAKEN
tosh	TAKEN
humus	TAKEN
unhooked	TAKEN
lunching	TAKEN
treacherous	TAKEN
hater	TAKEN
hoodwinked	TAKEN
predecessor	TAKEN
ontario	TAKEN
upsets	TAKEN
proofing	TAKEN
yellow	TAKEN
exit	TAKEN
typical	TAKEN
undertaken	TAKEN
clods	TAKEN
namesake	TAKEN
hawaiian	TAKEN
padre	TAKEN
chute	TAKEN
buttocks	TAKEN
everyone	TAKEN
turkeys	TAKEN
hustle	TAKEN
extinct	TAKEN
sells	TAKEN
alcoholism	TAKEN
laughable	TAKEN
hurried	TAKEN
probable	TAKEN
climbers	TAKEN
chomping	TAKEN
eager	TAKEN
kins	TAKEN
teaming	TAKEN
epilepsy	TAKEN
straining	TAKEN
preferences	TAKEN
astray	TAKEN
amigo	TAKEN
finished	TAKEN
prays	TAKEN
beautiful	TAKEN
frankfurt	TAKEN
mint	TAKEN
coil	TAKEN
ethnic	TAKEN
grabbed	TAKEN
sighs	TAKEN
steered	TAKEN
mockery	TAKEN
swaziland	TAKEN
criticize	TAKEN
thermos	TAKEN
different	TAKEN
amiss	TAKEN
microfilm	TAKEN
whittling	TAKEN
wars	TAKEN
scoop	TAKEN
instincts	TAKEN
assholes	TAKEN
fans	TAKEN
strong	TAKEN
garcon	TAKEN
sunsets	TAKEN
stowaway	TAKEN
affidavits	TAKEN
muumuu	TAKEN
dodged	TAKEN
schoolgirl	TAKEN
requisite	TAKEN
chevron	TAKEN
dredging	TAKEN
deviled	TAKEN
hitchhiker	TAKEN
backpack	TAKEN
violating	TAKEN
heated	TAKEN
jeweler	TAKEN
personnel	TAKEN
classy	TAKEN
stuffed	TAKEN
weakest	TAKEN
loves	TAKEN
charted	TAKEN
devon	TAKEN
perversion	TAKEN
atheists	TAKEN
watched	TAKEN
destination	TAKEN
relapsing	TAKEN
forwarding	TAKEN
arrow	TAKEN
bigger	TAKEN
ergo	TAKEN
halter	TAKEN
fireflies	TAKEN
juices	TAKEN
dissolving	TAKEN
marvellous	TAKEN
illegible	TAKEN
imposed	TAKEN
snarky	TAKEN
bullied	TAKEN
murals	TAKEN
rotten	TAKEN
stair	TAKEN
puddle	TAKEN
scavenging	TAKEN
springs	TAKEN
arrangement	TAKEN
goad	TAKEN
ireland	TAKEN
resumed	TAKEN
wonderland	TAKEN
objected	TAKEN
jailbreak	TAKEN
feeder	TAKEN
evoked	TAKEN
teach	TAKEN
reeling	TAKEN
prejudicial	TAKEN
notify	TAKEN
snot	TAKEN
freelancing	TAKEN
messing	TAKEN
moneybags	TAKEN
gothic	TAKEN
developed	TAKEN
frustration	TAKEN
vendor	TAKEN
winging	TAKEN
westerns	TAKEN
colonials	TAKEN
empties	TAKEN
pomegranate	TAKEN
poppa	TAKEN
peeling	TAKEN
internship	TAKEN
recruits	TAKEN
android	TAKEN
railroading	TAKEN
intentional	TAKEN
spade	TAKEN
have	TAKEN
magician	TAKEN
thai	TAKEN
class	TAKEN
unbeatable	TAKEN
projects	TAKEN
thermal	TAKEN
sail	TAKEN
sensible	TAKEN
sumo	TAKEN
eagles	TAKEN
hisself	TAKEN
seesaw	TAKEN
revolting	TAKEN
never	TAKEN
supervisors	TAKEN
trashes	TAKEN
reeks	TAKEN
unending	TAKEN
undeserving	TAKEN
murphy	TAKEN
disruptions	TAKEN
imagery	TAKEN
swilling	TAKEN
wand	TAKEN
funeral	TAKEN
nationwide	TAKEN
tome	TAKEN
crabs	TAKEN
sailed	TAKEN
ingrates	TAKEN
muscular	TAKEN
works	TAKEN
buckaroo	TAKEN
cages	TAKEN
depend	TAKEN
pegged	TAKEN
heyday	TAKEN
hamsters	TAKEN
sweats	TAKEN
researchers	TAKEN
culinary	TAKEN
mantel	TAKEN
forgot	TAKEN
expresses	TAKEN
weighs	TAKEN
detonation	TAKEN
coffeehouse	TAKEN
creases	TAKEN
strictly	TAKEN
exchanges	TAKEN
stating	TAKEN
toting	TAKEN
truth	TAKEN
wither	TAKEN
disfiguring	TAKEN
carroll	TAKEN
hogs	TAKEN
panhandle	TAKEN
nighthawk	TAKEN
penetration	TAKEN
figurines	TAKEN
bitsy	TAKEN
flue	TAKEN
unqualified	TAKEN
bottoms	TAKEN
tetherball	TAKEN
consoled	TAKEN
tutorials	TAKEN
salmonella	TAKEN
smithers	TAKEN
balances	TAKEN
creatures	TAKEN
buff	TAKEN
disappoint	TAKEN
veneer	TAKEN
foraging	TAKEN
colchicine	TAKEN
petitioning	TAKEN
fearful	TAKEN
burglaries	TAKEN
polka	TAKEN
jogger	TAKEN
munich	TAKEN
casting	TAKEN
lucifer	TAKEN
expressive	TAKEN
leeches	TAKEN
cackling	TAKEN
huffing	TAKEN
bogus	TAKEN
mace	TAKEN
ditto	TAKEN
nursing	TAKEN
accompany	TAKEN
enabled	TAKEN
taken	TAKEN
director	TAKEN
givers	TAKEN
unethical	TAKEN
blundering	TAKEN
sporty	TAKEN
chink	TAKEN
touching	TAKEN
caught	TAKEN
benevolent	TAKEN
baldness	TAKEN
toxicity	TAKEN
menace	TAKEN
scroll	TAKEN
mothballs	TAKEN
ratios	TAKEN
potassium	TAKEN
tomatoes	TAKEN
clogs	TAKEN
marigold	TAKEN
deceitful	TAKEN
sangria	TAKEN
prevention	TAKEN
malpractice	TAKEN
flares	TAKEN
crawl	TAKEN
aura	TAKEN
slander	TAKEN
humorless	TAKEN
homophobic	TAKEN
uppers	TAKEN
triangle	TAKEN
equipped	TAKEN
chamber	TAKEN
sublet	TAKEN
gents	TAKEN
bushes	TAKEN
scottie	TAKEN
attacking	TAKEN
druthers	TAKEN
cyprus	TAKEN
parlors	TAKEN
pong	TAKEN
employers	TAKEN
novelty	TAKEN
barging	TAKEN
summed	TAKEN
morello	TAKEN
inviting	TAKEN
ditch	TAKEN
molester	TAKEN
blvd	TAKEN
hard	TAKEN
eyeball	TAKEN
calf	TAKEN
ministry	TAKEN
impala	TAKEN
bosomy	TAKEN
william	TAKEN
nibbling	TAKEN
lighted	TAKEN
eyewitness	TAKEN
wahoo	TAKEN
beneath	TAKEN
testing	TAKEN
explain	TAKEN
plant	TAKEN
shemale	TAKEN
mayflower	TAKEN
smoochy	TAKEN
courting	TAKEN
exhibit	TAKEN
crocodile	TAKEN
shimmer	TAKEN
coasters	TAKEN
bronchial	TAKEN
unfairness	TAKEN
crumbled	TAKEN
unanimous	TAKEN
awakened	TAKEN
harmonious	TAKEN
kickbacks	TAKEN
mommies	TAKEN
jockstrap	TAKEN
activate	TAKEN
removed	TAKEN
selection	TAKEN
fingernail	TAKEN
exemplary	TAKEN
cupboards	TAKEN
caper	TAKEN
polygraph	TAKEN
journeyed	TAKEN
levitra	TAKEN
reductions	TAKEN
modesty	TAKEN
isolation	TAKEN
mincemeat	TAKEN
anchovies	TAKEN
apparel	TAKEN
ricochet	TAKEN
umpire	TAKEN
mandates	TAKEN
reducing	TAKEN
urns	TAKEN
blokes	TAKEN
wiggy	TAKEN
agrees	TAKEN
thoughtless	TAKEN
homecoming	TAKEN
forestry	TAKEN
dentists	TAKEN
shown	TAKEN
conspiring	TAKEN
saffron	TAKEN
twisting	TAKEN
dull	TAKEN
modems	TAKEN
shapes	TAKEN
socialite	TAKEN
dopamine	TAKEN
bedpan	TAKEN
forceps	TAKEN
supervision	TAKEN
triangular	TAKEN
unfinished	TAKEN
burdens	TAKEN
adopt	TAKEN
variable	TAKEN
rabid	TAKEN
primal	TAKEN
barlow	TAKEN
mirth	TAKEN
catches	TAKEN
saintly	TAKEN
giggly	TAKEN
bolt	TAKEN
melody	TAKEN
cheetah	TAKEN
inputs	TAKEN
gangland	TAKEN
tearful	TAKEN
clamoring	TAKEN
existent	TAKEN
drake	TAKEN
rephrase	TAKEN
searching	TAKEN
dual	TAKEN
tears	TAKEN
blake	TAKEN
falafel	TAKEN
differ	TAKEN
dingy	TAKEN
adversely	TAKEN
gossip	TAKEN
raggedy	TAKEN
casitas	TAKEN
videotaped	TAKEN
ketch	TAKEN
payoff	TAKEN
downpour	TAKEN
rehearsing	TAKEN
levels	TAKEN
huge	TAKEN
heartless	TAKEN
simplify	TAKEN
demented	TAKEN
pinch	TAKEN
forgeries	TAKEN
cannibals	TAKEN
justifiable	TAKEN
carpeting	TAKEN
tails	TAKEN
pleasures	TAKEN
propriety	TAKEN
includes	TAKEN
crushed	TAKEN
displaying	TAKEN
flapped	TAKEN
suppress	TAKEN
lemonade	TAKEN
organize	TAKEN
carmen	TAKEN
euphemisms	TAKEN
overwhelms	TAKEN
headsets	TAKEN
peace	TAKEN
memorial	TAKEN
yams	TAKEN
voting	TAKEN
legislate	TAKEN
bishops	TAKEN
transparent	TAKEN
raided	TAKEN
ctrl	TAKEN
neediness	TAKEN
guesthouse	TAKEN
femur	TAKEN
enclosure	TAKEN
snooping	TAKEN
panther	TAKEN
emerald	TAKEN
endif	TAKEN
biggie	TAKEN
iffy	TAKEN
cursive	TAKEN
cushy	TAKEN
succulent	TAKEN
devious	TAKEN
clearance	TAKEN
pmid	TAKEN
overseeing	TAKEN
others	TAKEN
devastating	TAKEN
concoction	TAKEN
unreachable	TAKEN
increase	TAKEN
southampton	TAKEN
neonatal	TAKEN
edged	TAKEN
saints	TAKEN
unblemished	TAKEN
unbalanced	TAKEN
broadway	TAKEN
assassinate	TAKEN
obligated	TAKEN
jacob	TAKEN
bundle	TAKEN
laura	TAKEN
genes	TAKEN
appraise	TAKEN
russian	TAKEN
princesses	TAKEN
same	TAKEN
hotline	TAKEN
lancer	TAKEN
cheesecake	TAKEN
inspiration	TAKEN
roses	TAKEN
childhoods	TAKEN
poster	TAKEN
distress	TAKEN
feel	TAKEN
pouch	TAKEN
clumsily	TAKEN
playa	TAKEN
tossing	TAKEN
arts	TAKEN
redneck	TAKEN
scampered	TAKEN
screwy	TAKEN
conditions	TAKEN
beastie	TAKEN
justified	TAKEN
seminar	TAKEN
sitcom	TAKEN
grandfather	TAKEN
bambino	TAKEN
telekinesis	TAKEN
convenient	TAKEN
sauna	TAKEN
clarence	TAKEN
thick	TAKEN
recklessly	TAKEN
heroes	TAKEN
commentator	TAKEN
mandrake	TAKEN
funnier	TAKEN
tryout	TAKEN
assorted	TAKEN
puritanical	TAKEN
strangle	TAKEN
rotted	TAKEN
draining	TAKEN
powdered	TAKEN
ebook	TAKEN
used	TAKEN
tested	TAKEN
lancaster	TAKEN
fulfill	TAKEN
mixing	TAKEN
pinpointed	TAKEN
mowers	TAKEN
nasty	TAKEN
kashmir	TAKEN
pounding	TAKEN
meddled	TAKEN
furnishings	TAKEN
flagship	TAKEN
blatantly	TAKEN
broomsticks	TAKEN
poetry	TAKEN
nissan	TAKEN
firsthand	TAKEN
gracing	TAKEN
accusations	TAKEN
sandman	TAKEN
choir	TAKEN
dump	TAKEN
speedy	TAKEN
cave	TAKEN
retort	TAKEN
mechanic	TAKEN
brit	TAKEN
accuser	TAKEN
corroborate	TAKEN
bunnies	TAKEN
mocks	TAKEN
mohair	TAKEN
marquee	TAKEN
frontiers	TAKEN
acer	TAKEN
hydrate	TAKEN
jeepers	TAKEN
cubes	TAKEN
banal	TAKEN
phantom	TAKEN
regards	TAKEN
piggy	TAKEN
princes	TAKEN
safer	TAKEN
laying	TAKEN
browbeat	TAKEN
revelation	TAKEN
turds	TAKEN
legitimate	TAKEN
diplomatic	TAKEN
plaque	TAKEN
defender	TAKEN
iliad	TAKEN
warpath	TAKEN
lander	TAKEN
crevasse	TAKEN
hexes	TAKEN
consumes	TAKEN
seaweed	TAKEN
hopper	TAKEN
rehashing	TAKEN
angles	TAKEN
wont	TAKEN
thats	TAKEN
cropped	TAKEN
dignified	TAKEN
patrolmen	TAKEN
note	TAKEN
wuthering	TAKEN
prepaid	TAKEN
targeting	TAKEN
lord	TAKEN
illinois	TAKEN
quieter	TAKEN
seminars	TAKEN
depends	TAKEN
shovel	TAKEN
insinuated	TAKEN
scientific	TAKEN
sickens	TAKEN
ashamed	TAKEN
defense	TAKEN
actin	TAKEN
pellets	TAKEN
rooting	TAKEN
hoodlums	TAKEN
deprived	TAKEN
distrust	TAKEN
mysteries	TAKEN
distinctly	TAKEN
mounting	TAKEN
iraqi	TAKEN
tasting	TAKEN
vastly	TAKEN
liter	TAKEN
fill	TAKEN
spokes	TAKEN
cordless	TAKEN
stunk	TAKEN
cultivate	TAKEN
wallow	TAKEN
visualizing	TAKEN
millions	TAKEN
liberals	TAKEN
newer	TAKEN
marrow	TAKEN
departed	TAKEN
evans	TAKEN
jailed	TAKEN
butler	TAKEN
envision	TAKEN
haunts	TAKEN
mulling	TAKEN
eliminating	TAKEN
audiences	TAKEN
coffee	TAKEN
vanquishing	TAKEN
tribes	TAKEN
calms	TAKEN
bestow	TAKEN
dubai	TAKEN
crusades	TAKEN
crumpled	TAKEN
discontinue	TAKEN
themes	TAKEN
languishing	TAKEN
guerrilla	TAKEN
plastic	TAKEN
stockings	TAKEN
authentic	TAKEN
bowels	TAKEN
yielding	TAKEN
remission	TAKEN
reminds	TAKEN
hunk	TAKEN
aged	TAKEN
tokyo	TAKEN
fryer	TAKEN
find	TAKEN
tweaking	TAKEN
corporeal	TAKEN
jess	TAKEN
flew	TAKEN
lightheaded	TAKEN
reassemble	TAKEN
hunters	TAKEN
pits	TAKEN
kidnapper	TAKEN
obsessions	TAKEN
consciously	TAKEN
belt	TAKEN
protection	TAKEN
ambushed	TAKEN
innovative	TAKEN
motorized	TAKEN
begun	TAKEN
ripping	TAKEN
cigarettes	TAKEN
clique	TAKEN
honour	TAKEN
particulars	TAKEN
flux	TAKEN
contra	TAKEN
holt	TAKEN
jiff	TAKEN
placid	TAKEN
copies	TAKEN
nano	TAKEN
conceptual	TAKEN
sonny	TAKEN
apocalyptic	TAKEN
patronize	TAKEN
attentions	TAKEN
gestating	TAKEN
maiden	TAKEN
released	TAKEN
crepe	TAKEN
relies	TAKEN
implying	TAKEN
racquetball	TAKEN
hormonal	TAKEN
allegiances	TAKEN
blogging	TAKEN
written	TAKEN
unthinkable	TAKEN
unreliable	TAKEN
participate	TAKEN
mortal	TAKEN
misled	TAKEN
steamer	TAKEN
chubby	TAKEN
swine	TAKEN
reno	TAKEN
lloyd	TAKEN
cashier	TAKEN
leisurely	TAKEN
installed	TAKEN
runt	TAKEN
interesting	TAKEN
solenoid	TAKEN
evens	TAKEN
scrambled	TAKEN
reprints	TAKEN
sniff	TAKEN
lukewarm	TAKEN
major	TAKEN
project	TAKEN
functional	TAKEN
sorcery	TAKEN
painkiller	TAKEN
thinks	TAKEN
page	TAKEN
intern	TAKEN
grasping	TAKEN
string	TAKEN
controls	TAKEN
coveted	TAKEN
pneumonia	TAKEN
boosts	TAKEN
subsidy	TAKEN
destroying	TAKEN
sandwich	TAKEN
reinvent	TAKEN
convey	TAKEN
adam	TAKEN
buffoons	TAKEN
discounts	TAKEN
permissible	TAKEN
consummated	TAKEN
pranks	TAKEN
neurology	TAKEN
distributor	TAKEN
titten	TAKEN
thrive	TAKEN
harvest	TAKEN
culpability	TAKEN
seals	TAKEN
entries	TAKEN
diverting	TAKEN
slurp	TAKEN
electronic	TAKEN
redefine	TAKEN
shackle	TAKEN
invalidate	TAKEN
soups	TAKEN
worships	TAKEN
fancied	TAKEN
stages	TAKEN
sabers	TAKEN
mediocrity	TAKEN
preliminary	TAKEN
mercilessly	TAKEN
navigate	TAKEN
pampers	TAKEN
boarder	TAKEN
mirrors	TAKEN
shillings	TAKEN
freebsd	TAKEN
masons	TAKEN
editorial	TAKEN
oranges	TAKEN
unique	TAKEN
sharpening	TAKEN
defence	TAKEN
sparkles	TAKEN
calculation	TAKEN
checkpoints	TAKEN
exigent	TAKEN
consulate	TAKEN
idiotic	TAKEN
debug	TAKEN
hilton	TAKEN
action	TAKEN
stowaways	TAKEN
studied	TAKEN
important	TAKEN
swallow	TAKEN
european	TAKEN
sixty	TAKEN
microsoft	TAKEN
overheating	TAKEN
someday	TAKEN
defies	TAKEN
processing	TAKEN
territories	TAKEN
evocative	TAKEN
ectoplasm	TAKEN
pretty	TAKEN
pollard	TAKEN
euphoric	TAKEN
cybernetic	TAKEN
before	TAKEN
beast	TAKEN
vampire	TAKEN
whiny	TAKEN
drift	TAKEN
animation	TAKEN
reverend	TAKEN
tests	TAKEN
jaywalking	TAKEN
minor	TAKEN
width	TAKEN
renaissance	TAKEN
beckons	TAKEN
chin	TAKEN
roomful	TAKEN
lars	TAKEN
earphones	TAKEN
fuckers	TAKEN
flashers	TAKEN
orbed	TAKEN
musicals	TAKEN
regretted	TAKEN
guessed	TAKEN
allure	TAKEN
layout	TAKEN
picky	TAKEN
dialog	TAKEN
prisons	TAKEN
crackling	TAKEN
meningitis	TAKEN
continued	TAKEN
braided	TAKEN
houseguest	TAKEN
swinging	TAKEN
concierge	TAKEN
arena	TAKEN
worcester	TAKEN
serve	TAKEN
donated	TAKEN
usable	TAKEN
critically	TAKEN
motherless	TAKEN
catatonic	TAKEN
printer	TAKEN
godfather	TAKEN
shivering	TAKEN
poaching	TAKEN
morphine	TAKEN
whoopee	TAKEN
benches	TAKEN
affairs	TAKEN
psych	TAKEN
smugglers	TAKEN
drive	TAKEN
employing	TAKEN
assessing	TAKEN
detach	TAKEN
droop	TAKEN
hayloft	TAKEN
memorized	TAKEN
vetoed	TAKEN
wisecracks	TAKEN
recuse	TAKEN
teams	TAKEN
newcomers	TAKEN
curve	TAKEN
coat	TAKEN
aftermath	TAKEN
samba	TAKEN
blowout	TAKEN
part	TAKEN
instituted	TAKEN
saline	TAKEN
momentum	TAKEN
roommates	TAKEN
calculating	TAKEN
projected	TAKEN
runes	TAKEN
jennifer	TAKEN
optional	TAKEN
shrine	TAKEN
opposing	TAKEN
unable	TAKEN
antique	TAKEN
chalet	TAKEN
ditz	TAKEN
enthusiast	TAKEN
boils	TAKEN
kickback	TAKEN
bloodshot	TAKEN
toke	TAKEN
clang	TAKEN
swabs	TAKEN
cashed	TAKEN
blackmailer	TAKEN
pacer	TAKEN
eastern	TAKEN
horrifying	TAKEN
jammer	TAKEN
massacre	TAKEN
indulgent	TAKEN
obscenity	TAKEN
anxious	TAKEN
pennies	TAKEN
hillbillies	TAKEN
yuck	TAKEN
indonesian	TAKEN
beefed	TAKEN
seemed	TAKEN
deciphering	TAKEN
robbery	TAKEN
countdown	TAKEN
imposing	TAKEN
handsomely	TAKEN
barb	TAKEN
laryngitis	TAKEN
supervisor	TAKEN
imperfect	TAKEN
walking	TAKEN
scheduled	TAKEN
batty	TAKEN
situations	TAKEN
shout	TAKEN
shores	TAKEN
generating	TAKEN
masseuse	TAKEN
cheerleader	TAKEN
lasers	TAKEN
debriefed	TAKEN
stems	TAKEN
voluntarily	TAKEN
igneous	TAKEN
enticed	TAKEN
laboratory	TAKEN
handles	TAKEN
porky	TAKEN
heroin	TAKEN
guatemala	TAKEN
mumbles	TAKEN
attacked	TAKEN
horrific	TAKEN
compiled	TAKEN
tabby	TAKEN
scamming	TAKEN
hooter	TAKEN
agility	TAKEN
fallen	TAKEN
reassure	TAKEN
envious	TAKEN
judge	TAKEN
being	TAKEN
aback	TAKEN
ethiopia	TAKEN
insured	TAKEN
presumed	TAKEN
tempting	TAKEN
umpteenth	TAKEN
auditory	TAKEN
loneliness	TAKEN
fingerprint	TAKEN
advocacy	TAKEN
combined	TAKEN
overstay	TAKEN
gleam	TAKEN
thugs	TAKEN
indentured	TAKEN
shale	TAKEN
finals	TAKEN
detours	TAKEN
outdated	TAKEN
locket	TAKEN
favors	TAKEN
stallion	TAKEN
ensue	TAKEN
impunity	TAKEN
hitters	TAKEN
palomino	TAKEN
misspent	TAKEN
cadmium	TAKEN
decoys	TAKEN
dick	TAKEN
tracing	TAKEN
flattering	TAKEN
pretenses	TAKEN
decked	TAKEN
thousand	TAKEN
traits	TAKEN
renounce	TAKEN
wonderfully	TAKEN
corporate	TAKEN
dated	TAKEN
boiling	TAKEN
slices	TAKEN
mannequins	TAKEN
arranging	TAKEN
pickle	TAKEN
exponential	TAKEN
chanting	TAKEN
gladly	TAKEN
bassinet	TAKEN
racketeer	TAKEN
bulgarian	TAKEN
lier	TAKEN
propaganda	TAKEN
immaterial	TAKEN
offering	TAKEN
impress	TAKEN
compromises	TAKEN
surrender	TAKEN
municipal	TAKEN
grounded	TAKEN
lifeboats	TAKEN
colorful	TAKEN
curtis	TAKEN
chances	TAKEN
outlaw	TAKEN
bistro	TAKEN
factories	TAKEN
wiggles	TAKEN
wishlist	TAKEN
convenes	TAKEN
attache	TAKEN
blowup	TAKEN
shifting	TAKEN
snipe	TAKEN
throbbing	TAKEN
particular	TAKEN
mesmerized	TAKEN
preventive	TAKEN
superpowers	TAKEN
skulk	TAKEN
throws	TAKEN
sibling	TAKEN
basketball	TAKEN
botulism	TAKEN
parole	TAKEN
fanciful	TAKEN
cerebellum	TAKEN
archived	TAKEN
future	TAKEN
compassion	TAKEN
defiant	TAKEN
hispanic	TAKEN
fiftieth	TAKEN
opted	TAKEN
empathy	TAKEN
quicker	TAKEN
lifelong	TAKEN
ranting	TAKEN
heirloom	TAKEN
scrape	TAKEN
honoring	TAKEN
heck	TAKEN
burgundy	TAKEN
vids	TAKEN
spirits	TAKEN
prey	TAKEN
mundane	TAKEN
threaded	TAKEN
exercises	TAKEN
smuggle	TAKEN
begged	TAKEN
lotus	TAKEN
bust	TAKEN
chambers	TAKEN
worshiped	TAKEN
harridan	TAKEN
heir	TAKEN
claymore	TAKEN
gout	TAKEN
blithering	TAKEN
handful	TAKEN
pendant	TAKEN
prostitutes	TAKEN
comments	TAKEN
cripple	TAKEN
barkeep	TAKEN
quarter	TAKEN
enrollment	TAKEN
threesome	TAKEN
disbelief	TAKEN
takes	TAKEN
sunday	TAKEN
arise	TAKEN
miniscule	TAKEN
poisoning	TAKEN
goddam	TAKEN
snuck	TAKEN
ordinarily	TAKEN
flicked	TAKEN
charging	TAKEN
aground	TAKEN
embraces	TAKEN
confidante	TAKEN
disclosed	TAKEN
virtuous	TAKEN
extra	TAKEN
scumbags	TAKEN
estonia	TAKEN
mozambique	TAKEN
nutten	TAKEN
palaces	TAKEN
blemish	TAKEN
humping	TAKEN
railroad	TAKEN
searches	TAKEN
telecom	TAKEN
covert	TAKEN
anise	TAKEN
equator	TAKEN
stall	TAKEN
mindless	TAKEN
vaporize	TAKEN
returned	TAKEN
differences	TAKEN
scars	TAKEN
bassoon	TAKEN
protesters	TAKEN
duplicate	TAKEN
editions	TAKEN
stricken	TAKEN
hawker	TAKEN
crank	TAKEN
wills	TAKEN
toed	TAKEN
bawdy	TAKEN
sickness	TAKEN
levity	TAKEN
wimp	TAKEN
hottest	TAKEN
poles	TAKEN
erik	TAKEN
brutally	TAKEN
camshaft	TAKEN
calzone	TAKEN
painless	TAKEN
flaming	TAKEN
spinal	TAKEN
allegation	TAKEN
cachet	TAKEN
hurrying	TAKEN
injected	TAKEN
impaled	TAKEN
consist	TAKEN
pierced	TAKEN
overload	TAKEN
grandeur	TAKEN
weekly	TAKEN
announced	TAKEN
prove	TAKEN
sucker	TAKEN
shoddy	TAKEN
owing	TAKEN
burro	TAKEN
ambassador	TAKEN
exercising	TAKEN
watching	TAKEN
seas	TAKEN
gone	TAKEN
feed	TAKEN
bulging	TAKEN
fond	TAKEN
beep	TAKEN
corps	TAKEN
biting	TAKEN
sprouting	TAKEN
swing	TAKEN
decorum	TAKEN
cunning	TAKEN
stumbled	TAKEN
meow	TAKEN
eruption	TAKEN
curmudgeon	TAKEN
brooklyn	TAKEN
obituaries	TAKEN
varies	TAKEN
vanish	TAKEN
foal	TAKEN
ditsy	TAKEN
grubs	TAKEN
strawberry	TAKEN
ditching	TAKEN
aches	TAKEN
citation	TAKEN
frederick	TAKEN
balled	TAKEN
ally	TAKEN
bobby	TAKEN
trollop	TAKEN
remarked	TAKEN
redecorate	TAKEN
dour	TAKEN
featured	TAKEN
revamp	TAKEN
intolerant	TAKEN
tyler	TAKEN
ranks	TAKEN
inducement	TAKEN
approval	TAKEN
chipped	TAKEN
star	TAKEN
defied	TAKEN
keynote	TAKEN
association	TAKEN
precludes	TAKEN
emptiness	TAKEN
rectal	TAKEN
complement	TAKEN
mars	TAKEN
kent	TAKEN
logos	TAKEN
killed	TAKEN
lawn	TAKEN
variations	TAKEN
pirates	TAKEN
goodly	TAKEN
itself	TAKEN
voyuer	TAKEN
economy	TAKEN
vacate	TAKEN
paranoia	TAKEN
monsters	TAKEN
evaluating	TAKEN
scarier	TAKEN
manipulates	TAKEN
snacking	TAKEN
timed	TAKEN
outfit	TAKEN
salt	TAKEN
twitching	TAKEN
macintosh	TAKEN
fittings	TAKEN
hostilities	TAKEN
dwindling	TAKEN
nutritional	TAKEN
midway	TAKEN
bellboy	TAKEN
footsies	TAKEN
yuppie	TAKEN
heavily	TAKEN
sevens	TAKEN
matured	TAKEN
firebird	TAKEN
joking	TAKEN
tying	TAKEN
tormented	TAKEN
juggling	TAKEN
concern	TAKEN
leaver	TAKEN
advent	TAKEN
muff	TAKEN
nephews	TAKEN
psychically	TAKEN
disclaimers	TAKEN
twin	TAKEN
pain	TAKEN
shoreline	TAKEN
exhaust	TAKEN
worth	TAKEN
unbroken	TAKEN
presume	TAKEN
protestors	TAKEN
uninvited	TAKEN
restitution	TAKEN
booted	TAKEN
quartet	TAKEN
vinyl	TAKEN
booths	TAKEN
kevin	TAKEN
slash	TAKEN
bathrobe	TAKEN
circle	TAKEN
warranties	TAKEN
newlywed	TAKEN
plum	TAKEN
surfers	TAKEN
stresses	TAKEN
bowman	TAKEN
sexually	TAKEN
celtic	TAKEN
weblog	TAKEN
straits	TAKEN
boiled	TAKEN
gliders	TAKEN
glory	TAKEN
dandy	TAKEN
nourishment	TAKEN
solicitor	TAKEN
fairest	TAKEN
warmer	TAKEN
examiner	TAKEN
soundstage	TAKEN
hitter	TAKEN
confides	TAKEN
venezuela	TAKEN
schedule	TAKEN
conditioner	TAKEN
revoking	TAKEN
scallops	TAKEN
scratching	TAKEN
files	TAKEN
varieties	TAKEN
minds	TAKEN
reinstating	TAKEN
corrupted	TAKEN
proud	TAKEN
danced	TAKEN
microchips	TAKEN
lidocaine	TAKEN
counties	TAKEN
flight	TAKEN
wants	TAKEN
belittle	TAKEN
coney	TAKEN
incorrect	TAKEN
angioplasty	TAKEN
cultivated	TAKEN
kobo	TAKEN
tequila	TAKEN
whine	TAKEN
sight	TAKEN
stopped	TAKEN
sideshow	TAKEN
delivering	TAKEN
extends	TAKEN
tankers	TAKEN
slaps	TAKEN
topical	TAKEN
obtuse	TAKEN
toner	TAKEN
subsidize	TAKEN
arraignment	TAKEN
hockey	TAKEN
tape	TAKEN
manuscript	TAKEN
bless	TAKEN
heat	TAKEN
dongs	TAKEN
meadow	TAKEN
blindly	TAKEN
volumes	TAKEN
romantic	TAKEN
expense	TAKEN
divorcee	TAKEN
schemed	TAKEN
fragile	TAKEN
snoring	TAKEN
knowingly	TAKEN
sneaking	TAKEN
harshly	TAKEN
geology	TAKEN
sweltering	TAKEN
mutilate	TAKEN
offs	TAKEN
eggshells	TAKEN
pigheaded	TAKEN
pensions	TAKEN
cons	TAKEN
visiting	TAKEN
broiled	TAKEN
jack	TAKEN
therapy	TAKEN
partition	TAKEN
socialism	TAKEN
nodes	TAKEN
tablecloth	TAKEN
descends	TAKEN
enters	TAKEN
toenails	TAKEN
antenna	TAKEN
shone	TAKEN
wealthiest	TAKEN
johnson	TAKEN
effect	TAKEN
convergence	TAKEN
cutout	TAKEN
eventually	TAKEN
plop	TAKEN
oyster	TAKEN
derrick	TAKEN
parakeet	TAKEN
cleaner	TAKEN
disability	TAKEN
blow	TAKEN
reacquaint	TAKEN
exaggerate	TAKEN
ales	TAKEN
arrived	TAKEN
japan	TAKEN
justifies	TAKEN
trunk	TAKEN
preceded	TAKEN
overlooked	TAKEN
fixtures	TAKEN
cataracts	TAKEN
committees	TAKEN
slicker	TAKEN
affect	TAKEN
dealing	TAKEN
behalf	TAKEN
heroine	TAKEN
nudes	TAKEN
exporter	TAKEN
fitted	TAKEN
primitive	TAKEN
anointed	TAKEN
caress	TAKEN
ultimatums	TAKEN
puerto	TAKEN
protective	TAKEN
tile	TAKEN
party	TAKEN
morals	TAKEN
stinger	TAKEN
whilst	TAKEN
depicting	TAKEN
shamrock	TAKEN
preference	TAKEN
waive	TAKEN
transcript	TAKEN
drafty	TAKEN
preacher	TAKEN
diphtheria	TAKEN
tions	TAKEN
editorials	TAKEN
janitorial	TAKEN
footstool	TAKEN
shaker	TAKEN
tights	TAKEN
watchman	TAKEN
naive	TAKEN
belly	TAKEN
reputed	TAKEN
cheep	TAKEN
teammates	TAKEN
bets	TAKEN
decrypted	TAKEN
ribbed	TAKEN
unsanitary	TAKEN
carton	TAKEN
manage	TAKEN
bids	TAKEN
palestine	TAKEN
clan	TAKEN
tournaments	TAKEN
negatively	TAKEN
gasoline	TAKEN
wrinkles	TAKEN
adhesive	TAKEN
painfully	TAKEN
spinner	TAKEN
extorting	TAKEN
flower	TAKEN
basements	TAKEN
transpired	TAKEN
bone	TAKEN
checkup	TAKEN
georgia	TAKEN
dads	TAKEN
provoked	TAKEN
reschedule	TAKEN
piglet	TAKEN
camp	TAKEN
feasible	TAKEN
slope	TAKEN
kern	TAKEN
chewed	TAKEN
wretch	TAKEN
zany	TAKEN
jihad	TAKEN
elevators	TAKEN
kernel	TAKEN
confident	TAKEN
laos	TAKEN
pertains	TAKEN
oncoming	TAKEN
patrolling	TAKEN
uprooted	TAKEN
recovers	TAKEN
leader	TAKEN
victim	TAKEN
endlessly	TAKEN
valentines	TAKEN
graphic	TAKEN
steering	TAKEN
telephones	TAKEN
volatile	TAKEN
leotards	TAKEN
business	TAKEN
underworld	TAKEN
fiberglass	TAKEN
baller	TAKEN
tightened	TAKEN
cynical	TAKEN
fork	TAKEN
comedies	TAKEN
peas	TAKEN
intestines	TAKEN
legged	TAKEN
bellman	TAKEN
degrading	TAKEN
apropos	TAKEN
dimmer	TAKEN
adverse	TAKEN
stepson	TAKEN
sutra	TAKEN
depraved	TAKEN
idealized	TAKEN
schnauzer	TAKEN
booklets	TAKEN
washer	TAKEN
alas	TAKEN
kidnapped	TAKEN
argument	TAKEN
vocational	TAKEN
butcher	TAKEN
tenure	TAKEN
funnies	TAKEN
spelled	TAKEN
carb	TAKEN
opening	TAKEN
candidates	TAKEN
drowning	TAKEN
frequently	TAKEN
useless	TAKEN
wynn	TAKEN
croatia	TAKEN
predisposed	TAKEN
sonar	TAKEN
inside	TAKEN
liked	TAKEN
blockade	TAKEN
incestuous	TAKEN
alabaster	TAKEN
urinating	TAKEN
terrain	TAKEN
decomposed	TAKEN
traitor	TAKEN
nepotism	TAKEN
enrolled	TAKEN
holies	TAKEN
chinese	TAKEN
chandelier	TAKEN
drummer	TAKEN
consultants	TAKEN
sinker	TAKEN
stupid	TAKEN
upgrade	TAKEN
nominees	TAKEN
moors	TAKEN
aimless	TAKEN
carwash	TAKEN
clandestine	TAKEN
stark	TAKEN
superficial	TAKEN
surprised	TAKEN
bears	TAKEN
whatnot	TAKEN
blossom	TAKEN
sees	TAKEN
election	TAKEN
flattered	TAKEN
voyeur	TAKEN
girls	TAKEN
resorted	TAKEN
prolonged	TAKEN
strokes	TAKEN
botched	TAKEN
constructed	TAKEN
lithium	TAKEN
undergo	TAKEN
dyeing	TAKEN
buts	TAKEN
literacy	TAKEN
dahl	TAKEN
mardi	TAKEN
sixes	TAKEN
muses	TAKEN
tenant	TAKEN
blackmail	TAKEN
offer	TAKEN
quizmaster	TAKEN
fistful	TAKEN
submitting	TAKEN
reactionary	TAKEN
blade	TAKEN
durable	TAKEN
clippers	TAKEN
vendors	TAKEN
heartbreak	TAKEN
absent	TAKEN
misheard	TAKEN
illicit	TAKEN
century	TAKEN
cubic	TAKEN
assistant	TAKEN
radar	TAKEN
cuba	TAKEN
ahead	TAKEN
starlet	TAKEN
realises	TAKEN
unbeknownst	TAKEN
expired	TAKEN
genetically	TAKEN
toilet	TAKEN
impounded	TAKEN
cure	TAKEN
fifty	TAKEN
honda	TAKEN
windjammer	TAKEN
thoracic	TAKEN
marches	TAKEN
sabotaging	TAKEN
analyst	TAKEN
friendship	TAKEN
inventive	TAKEN
undertake	TAKEN
hounded	TAKEN
spitz	TAKEN
berkeley	TAKEN
lederhosen	TAKEN
spritzer	TAKEN
breast	TAKEN
boulder	TAKEN
finnish	TAKEN
pancreatic	TAKEN
withdrawing	TAKEN
sighing	TAKEN
choices	TAKEN
nashville	TAKEN
truest	TAKEN
cancers	TAKEN
backup	TAKEN
nearby	TAKEN
monte	TAKEN
hysterics	TAKEN
cultural	TAKEN
beefcake	TAKEN
slashed	TAKEN
goulash	TAKEN
disapproved	TAKEN
eases	TAKEN
growers	TAKEN
essentials	TAKEN
harming	TAKEN
bribe	TAKEN
friend	TAKEN
spacey	TAKEN
dumdum	TAKEN
prophecy	TAKEN
striving	TAKEN
oboe	TAKEN
cafe	TAKEN
corky	TAKEN
dependent	TAKEN
just	TAKEN
piper	TAKEN
molten	TAKEN
waxing	TAKEN
explains	TAKEN
argues	TAKEN
thirtieth	TAKEN
tanned	TAKEN
bullshit	TAKEN
addictive	TAKEN
salads	TAKEN
cheesed	TAKEN
diazepam	TAKEN
would	TAKEN
potent	TAKEN
offensive	TAKEN
camping	TAKEN
proofed	TAKEN
dressy	TAKEN
bulbous	TAKEN
catalyst	TAKEN
resent	TAKEN
arachnids	TAKEN
polling	TAKEN
instructors	TAKEN
regenerate	TAKEN
clocked	TAKEN
homage	TAKEN
contents	TAKEN
survives	TAKEN
quark	TAKEN
altar	TAKEN
capsule	TAKEN
cellar	TAKEN
becomes	TAKEN
revisions	TAKEN
trades	TAKEN
sister	TAKEN
retract	TAKEN
preserves	TAKEN
years	TAKEN
diameter	TAKEN
shrugs	TAKEN
refugee	TAKEN
serial	TAKEN
vineyards	TAKEN
unfairly	TAKEN
flowering	TAKEN
outreach	TAKEN
campaigned	TAKEN
absurdly	TAKEN
attention	TAKEN
stressed	TAKEN
lousy	TAKEN
annoy	TAKEN
magically	TAKEN
extension	TAKEN
widen	TAKEN
swirling	TAKEN
barfing	TAKEN
occurred	TAKEN
learner	TAKEN
loathed	TAKEN
crafts	TAKEN
precisely	TAKEN
equation	TAKEN
endowment	TAKEN
turbulent	TAKEN
boobs	TAKEN
pained	TAKEN
utah	TAKEN
measured	TAKEN
shat	TAKEN
clanging	TAKEN
dodge	TAKEN
playroom	TAKEN
constant	TAKEN
path	TAKEN
scourge	TAKEN
therapists	TAKEN
coerced	TAKEN
curator	TAKEN
widows	TAKEN
nada	TAKEN
shutdown	TAKEN
facility	TAKEN
sandbar	TAKEN
interning	TAKEN
dashing	TAKEN
overweight	TAKEN
smells	TAKEN
attitudes	TAKEN
luxury	TAKEN
cells	TAKEN
learns	TAKEN
bloodless	TAKEN
exports	TAKEN
suits	TAKEN
experiment	TAKEN
beatnik	TAKEN
aching	TAKEN
rethinking	TAKEN
television	TAKEN
pacing	TAKEN
immodest	TAKEN
peppers	TAKEN
segment	TAKEN
bolts	TAKEN
mysterious	TAKEN
supports	TAKEN
latin	TAKEN
ruder	TAKEN
wooden	TAKEN
agony	TAKEN
style	TAKEN
appearing	TAKEN
supermodel	TAKEN
adelaide	TAKEN
tweak	TAKEN
chest	TAKEN
adores	TAKEN
twitchy	TAKEN
confidences	TAKEN
rampage	TAKEN
home	TAKEN
multiples	TAKEN
leftover	TAKEN
leotard	TAKEN
sparc	TAKEN
chasm	TAKEN
pyre	TAKEN
multimedia	TAKEN
rickshaw	TAKEN
rabbit	TAKEN
east	TAKEN
oriented	TAKEN
sizeable	TAKEN
spectators	TAKEN
brother	TAKEN
padlock	TAKEN
whoop	TAKEN
womanhood	TAKEN
jingling	TAKEN
squandered	TAKEN
powders	TAKEN
fuses	TAKEN
amuses	TAKEN
incognito	TAKEN
unattached	TAKEN
teaspoons	TAKEN
sweetly	TAKEN
interaction	TAKEN
discounting	TAKEN
complains	TAKEN
perk	TAKEN
interviewer	TAKEN
might	TAKEN
drums	TAKEN
crypto	TAKEN
rippling	TAKEN
treats	TAKEN
internet	TAKEN
limos	TAKEN
baggage	TAKEN
helena	TAKEN
respond	TAKEN
drainage	TAKEN
change	TAKEN
objection	TAKEN
imagines	TAKEN
strychnine	TAKEN
intimacy	TAKEN
cranium	TAKEN
voyeurweb	TAKEN
parks	TAKEN
soprano	TAKEN
hammer	TAKEN
real	TAKEN
agreement	TAKEN
dissed	TAKEN
tangled	TAKEN
smudge	TAKEN
foolishness	TAKEN
muss	TAKEN
sprung	TAKEN
topics	TAKEN
aprons	TAKEN
yuppies	TAKEN
allah	TAKEN
angina	TAKEN
sagem	TAKEN
promised	TAKEN
alfalfa	TAKEN
nutcase	TAKEN
cycling	TAKEN
socks	TAKEN
oatmeal	TAKEN
disguises	TAKEN
watery	TAKEN
moons	TAKEN
preserver	TAKEN
enrolling	TAKEN
trumpets	TAKEN
twister	TAKEN
intercept	TAKEN
inactive	TAKEN
kinder	TAKEN
bedtime	TAKEN
triggering	TAKEN
butchered	TAKEN
dioxide	TAKEN
complain	TAKEN
bishop	TAKEN
maim	TAKEN
freshmen	TAKEN
bonded	TAKEN
hover	TAKEN
passive	TAKEN
argon	TAKEN
unprepared	TAKEN
enchanted	TAKEN
declined	TAKEN
application	TAKEN
liquidation	TAKEN
sitting	TAKEN
sampled	TAKEN
reaches	TAKEN
fickle	TAKEN
elder	TAKEN
resides	TAKEN
gasbag	TAKEN
marry	TAKEN
minority	TAKEN
overcharge	TAKEN
energy	TAKEN
trespassers	TAKEN
realism	TAKEN
witnessing	TAKEN
timely	TAKEN
symantec	TAKEN
statewide	TAKEN
penguin	TAKEN
pornos	TAKEN
nibble	TAKEN
arriving	TAKEN
taping	TAKEN
sean	TAKEN
drug	TAKEN
simpler	TAKEN
requests	TAKEN
wheat	TAKEN
chile	TAKEN
escargot	TAKEN
campaigning	TAKEN
humbly	TAKEN
quits	TAKEN
ivory	TAKEN
breaking	TAKEN
graciously	TAKEN
zinc	TAKEN
chefs	TAKEN
confirming	TAKEN
animal	TAKEN
showy	TAKEN
teenagers	TAKEN
honouring	TAKEN
settlements	TAKEN
blond	TAKEN
weakness	TAKEN
frontier	TAKEN
pray	TAKEN
spawn	TAKEN
shortcut	TAKEN
turns	TAKEN
couples	TAKEN
acclimated	TAKEN
symposium	TAKEN
booger	TAKEN
tracker	TAKEN
sighting	TAKEN
rush	TAKEN
toast	TAKEN
employed	TAKEN
coats	TAKEN
clipper	TAKEN
ascension	TAKEN
whodunit	TAKEN
poof	TAKEN
ivories	TAKEN
ending	TAKEN
lesbians	TAKEN
offence	TAKEN
easiest	TAKEN
sanctuary	TAKEN
commerce	TAKEN
exclusion	TAKEN
politely	TAKEN
accessed	TAKEN
earlobe	TAKEN
russell	TAKEN
staggering	TAKEN
leaf	TAKEN
blight	TAKEN
comp	TAKEN
wary	TAKEN
compile	TAKEN
contests	TAKEN
uncles	TAKEN
gist	TAKEN
straddling	TAKEN
makers	TAKEN
illegal	TAKEN
tribal	TAKEN
stills	TAKEN
lust	TAKEN
sunglasses	TAKEN
plump	TAKEN
podiatrist	TAKEN
talent	TAKEN
roadies	TAKEN
gleaming	TAKEN
prostate	TAKEN
intentions	TAKEN
impacted	TAKEN
jabbering	TAKEN
measles	TAKEN
avoiding	TAKEN
shocked	TAKEN
cliffhanger	TAKEN
nokia	TAKEN
racked	TAKEN
stunningly	TAKEN
flaunt	TAKEN
innocents	TAKEN
quarters	TAKEN
claim	TAKEN
chesty	TAKEN
zipping	TAKEN
handprint	TAKEN
foolhardy	TAKEN
failed	TAKEN
capping	TAKEN
unholy	TAKEN
mats	TAKEN
restroom	TAKEN
relating	TAKEN
glares	TAKEN
radiator	TAKEN
shootout	TAKEN
warlord	TAKEN
mayflowers	TAKEN
marion	TAKEN
wall	TAKEN
livers	TAKEN
jerry	TAKEN
nonsense	TAKEN
whopper	TAKEN
user	TAKEN
poisoned	TAKEN
mainline	TAKEN
hamburg	TAKEN
frown	TAKEN
loner	TAKEN
specializes	TAKEN
website	TAKEN
oxymoron	TAKEN
jealous	TAKEN
charming	TAKEN
fleas	TAKEN
electrocute	TAKEN
harnessed	TAKEN
diaphragm	TAKEN
unworthy	TAKEN
badges	TAKEN
wetting	TAKEN
coverage	TAKEN
hilarious	TAKEN
weeds	TAKEN
dealings	TAKEN
freckle	TAKEN
jacket	TAKEN
history	TAKEN
spirals	TAKEN
beastiality	TAKEN
cruised	TAKEN
scripts	TAKEN
musician	TAKEN
liable	TAKEN
greets	TAKEN
foreclosure	TAKEN
billionaire	TAKEN
propped	TAKEN
pales	TAKEN
connect	TAKEN
violin	TAKEN
culturally	TAKEN
chill	TAKEN
culottes	TAKEN
radiologist	TAKEN
layer	TAKEN
margaret	TAKEN
happenings	TAKEN
fungal	TAKEN
cypher	TAKEN
vibrators	TAKEN
head	TAKEN
rejoice	TAKEN
probability	TAKEN
titles	TAKEN
sadistic	TAKEN
heckled	TAKEN
subordinate	TAKEN
stow	TAKEN
twentieth	TAKEN
gods	TAKEN
seconded	TAKEN
loans	TAKEN
dicks	TAKEN
successful	TAKEN
midterm	TAKEN
taunts	TAKEN
decorators	TAKEN
sleeve	TAKEN
powell	TAKEN
pimply	TAKEN
peeking	TAKEN
unspoken	TAKEN
oily	TAKEN
antler	TAKEN
unguarded	TAKEN
hooch	TAKEN
assign	TAKEN
condition	TAKEN
belize	TAKEN
night	TAKEN
langley	TAKEN
sleepover	TAKEN
haute	TAKEN
resources	TAKEN
subtext	TAKEN
compromised	TAKEN
controlled	TAKEN
humid	TAKEN
bowler	TAKEN
pressman	TAKEN
classier	TAKEN
priesthood	TAKEN
covet	TAKEN
sides	TAKEN
additional	TAKEN
sally	TAKEN
neglecting	TAKEN
deficiency	TAKEN
jiminy	TAKEN
playtime	TAKEN
fervor	TAKEN
pineapple	TAKEN
trombone	TAKEN
filled	TAKEN
slowly	TAKEN
postponing	TAKEN
hiccups	TAKEN
sicker	TAKEN
jealousy	TAKEN
oasis	TAKEN
grapevine	TAKEN
forbid	TAKEN
laird	TAKEN
diligence	TAKEN
hallucinate	TAKEN
alot	TAKEN
ripper	TAKEN
hunting	TAKEN
members	TAKEN
institutes	TAKEN
farewells	TAKEN
vouch	TAKEN
jenny	TAKEN
abbey	TAKEN
country	TAKEN
ends	TAKEN
awake	TAKEN
landfill	TAKEN
really	TAKEN
betray	TAKEN
stiff	TAKEN
clever	TAKEN
staff	TAKEN
purposes	TAKEN
repartee	TAKEN
wrongs	TAKEN
plumbing	TAKEN
celibate	TAKEN
inspector	TAKEN
damsels	TAKEN
cast	TAKEN
price	TAKEN
native	TAKEN
marco	TAKEN
buries	TAKEN
watches	TAKEN
hardcore	TAKEN
vitamins	TAKEN
ladyship	TAKEN
idaho	TAKEN
brownies	TAKEN
outlaws	TAKEN
franchises	TAKEN
lingo	TAKEN
arson	TAKEN
identifying	TAKEN
shots	TAKEN
paranoid	TAKEN
sprint	TAKEN
truthful	TAKEN
align	TAKEN
hairpin	TAKEN
messenger	TAKEN
vaccine	TAKEN
chem	TAKEN
mitzvah	TAKEN
vestibule	TAKEN
bars	TAKEN
mankind	TAKEN
earthly	TAKEN
starry	TAKEN
inter	TAKEN
topside	TAKEN
implanted	TAKEN
phasing	TAKEN
oddly	TAKEN
venting	TAKEN
chunk	TAKEN
fido	TAKEN
euro	TAKEN
expression	TAKEN
logically	TAKEN
grooms	TAKEN
mowed	TAKEN
groves	TAKEN
goodie	TAKEN
survivor	TAKEN
servant	TAKEN
bunions	TAKEN
grips	TAKEN
shows	TAKEN
saddest	TAKEN
liberating	TAKEN
zoophilia	TAKEN
cutaway	TAKEN
workplace	TAKEN
loading	TAKEN
flashy	TAKEN
planetarium	TAKEN
tacit	TAKEN
revision	TAKEN
racing	TAKEN
pillar	TAKEN
scrubs	TAKEN
smiles	TAKEN
blotchy	TAKEN
epinions	TAKEN
beagle	TAKEN
districts	TAKEN
comprise	TAKEN
dividends	TAKEN
sentient	TAKEN
thunderbird	TAKEN
blume	TAKEN
tarot	TAKEN
shortest	TAKEN
outlived	TAKEN
patrons	TAKEN
calculator	TAKEN
conquered	TAKEN
humbug	TAKEN
indicators	TAKEN
disturbing	TAKEN
sedative	TAKEN
pill	TAKEN
squirm	TAKEN
accents	TAKEN
zone	TAKEN
synch	TAKEN
spiraling	TAKEN
barter	TAKEN
injustice	TAKEN
snotty	TAKEN
preparation	TAKEN
huckleberry	TAKEN
cultured	TAKEN
corners	TAKEN
damnable	TAKEN
maternity	TAKEN
incendiary	TAKEN
desktop	TAKEN
optic	TAKEN
bryan	TAKEN
elope	TAKEN
voltage	TAKEN
block	TAKEN
pumps	TAKEN
universes	TAKEN
sesame	TAKEN
mapping	TAKEN
doubtful	TAKEN
biographies	TAKEN
mattresses	TAKEN
pretending	TAKEN
fare	TAKEN
tell	TAKEN
visual	TAKEN
evolving	TAKEN
aesthetics	TAKEN
gonzo	TAKEN
checker	TAKEN
buckle	TAKEN
herein	TAKEN
cleverly	TAKEN
sang	TAKEN
familiars	TAKEN
rosemary	TAKEN
slumlord	TAKEN
programmes	TAKEN
economics	TAKEN
avocado	TAKEN
caribbean	TAKEN
shattering	TAKEN
album	TAKEN
guzzling	TAKEN
rough	TAKEN
illustrates	TAKEN
ushering	TAKEN
dummy	TAKEN
burley	TAKEN
boomerang	TAKEN
symbol	TAKEN
colder	TAKEN
exposes	TAKEN
twist	TAKEN
usda	TAKEN
stretched	TAKEN
debian	TAKEN
awkwardness	TAKEN
arises	TAKEN
cramped	TAKEN
firewire	TAKEN
wedge	TAKEN
distracting	TAKEN
bungled	TAKEN
jumper	TAKEN
postposted	TAKEN
vail	TAKEN
homophobia	TAKEN
minstrel	TAKEN
toot	TAKEN
rolling	TAKEN
overdose	TAKEN
rarely	TAKEN
ranking	TAKEN
expo	TAKEN
wyoming	TAKEN
chainsaws	TAKEN
cracked	TAKEN
ratio	TAKEN
treasures	TAKEN
plane	TAKEN
wedgie	TAKEN
beating	TAKEN
curt	TAKEN
itch	TAKEN
unemployed	TAKEN
boxing	TAKEN
sorting	TAKEN
candles	TAKEN
gelatin	TAKEN
reruns	TAKEN
sprinkled	TAKEN
carbuncle	TAKEN
tortious	TAKEN
ashtrays	TAKEN
opportunity	TAKEN
mcdonald	TAKEN
prevail	TAKEN
whistle	TAKEN
civics	TAKEN
retained	TAKEN
gutless	TAKEN
cans	TAKEN
corresponds	TAKEN
campfire	TAKEN
chancellor	TAKEN
object	TAKEN
blush	TAKEN
laborers	TAKEN
stoic	TAKEN
fatty	TAKEN
dawned	TAKEN
peach	TAKEN
pawing	TAKEN
assumptions	TAKEN
flinging	TAKEN
settled	TAKEN
experts	TAKEN
uphill	TAKEN
meeting	TAKEN
hurting	TAKEN
vesta	TAKEN
attempt	TAKEN
humoring	TAKEN
commonplace	TAKEN
fours	TAKEN
insure	TAKEN
howdy	TAKEN
denial	TAKEN
cubs	TAKEN
wonder	TAKEN
abound	TAKEN
covers	TAKEN
sandalwood	TAKEN
upstate	TAKEN
griffins	TAKEN
grotesque	TAKEN
disheveled	TAKEN
sharon	TAKEN
systems	TAKEN
santo	TAKEN
sausages	TAKEN
jobs	TAKEN
barrio	TAKEN
casinos	TAKEN
entire	TAKEN
pacemaker	TAKEN
inroads	TAKEN
conjured	TAKEN
gambling	TAKEN
schoolboy	TAKEN
shallow	TAKEN
tickling	TAKEN
clock	TAKEN
spate	TAKEN
doggy	TAKEN
arrowhead	TAKEN
decaying	TAKEN
calm	TAKEN
gunning	TAKEN
veering	TAKEN
chopping	TAKEN
duke	TAKEN
strung	TAKEN
vaguely	TAKEN
publication	TAKEN
detailed	TAKEN
domicile	TAKEN
hurtling	TAKEN
reciprocal	TAKEN
lawfully	TAKEN
sperm	TAKEN
articulate	TAKEN
livelihood	TAKEN
goblins	TAKEN
viciousness	TAKEN
phosphate	TAKEN
spruce	TAKEN
reunited	TAKEN
yarn	TAKEN
weeny	TAKEN
sunning	TAKEN
godlike	TAKEN
cranks	TAKEN
boolean	TAKEN
unannounced	TAKEN
mongolia	TAKEN
refusing	TAKEN
flagged	TAKEN
crawls	TAKEN
relativity	TAKEN
installing	TAKEN
subtitled	TAKEN
nausea	TAKEN
belief	TAKEN
update	TAKEN
waiting	TAKEN
hoses	TAKEN
troops	TAKEN
encouraged	TAKEN
spiked	TAKEN
span	TAKEN
problem	TAKEN
government	TAKEN
cannabis	TAKEN
hideous	TAKEN
cousins	TAKEN
crumbs	TAKEN
disturbed	TAKEN
cassettes	TAKEN
outgrow	TAKEN
newlyweds	TAKEN
medically	TAKEN
croupier	TAKEN
cookbooks	TAKEN
miscarry	TAKEN
cadavers	TAKEN
evaporate	TAKEN
endeavour	TAKEN
deploy	TAKEN
plea	TAKEN
stools	TAKEN
sugar	TAKEN
curves	TAKEN
rand	TAKEN
bartending	TAKEN
echelon	TAKEN
wacko	TAKEN
airs	TAKEN
squabble	TAKEN
motivation	TAKEN
coach	TAKEN
bonnet	TAKEN
fixated	TAKEN
willful	TAKEN
doug	TAKEN
dregs	TAKEN
nephew	TAKEN
doghouse	TAKEN
dumper	TAKEN
switchblade	TAKEN
revered	TAKEN
conditional	TAKEN
unearthed	TAKEN
drunk	TAKEN
seltzer	TAKEN
reserve	TAKEN
somewhat	TAKEN
spartan	TAKEN
raids	TAKEN
heats	TAKEN
bloodshed	TAKEN
mutiny	TAKEN
golden	TAKEN
homeland	TAKEN
scholarly	TAKEN
orphan	TAKEN
obstructed	TAKEN
console	TAKEN
vest	TAKEN
stomp	TAKEN
oath	TAKEN
halfback	TAKEN
synchronize	TAKEN
terminology	TAKEN
donna	TAKEN
battlefield	TAKEN
married	TAKEN
platforms	TAKEN
freshener	TAKEN
fistfight	TAKEN
assist	TAKEN
admittance	TAKEN
checkered	TAKEN
feats	TAKEN
scapegoat	TAKEN
bass	TAKEN
lawsuit	TAKEN
longtime	TAKEN
microscope	TAKEN
knows	TAKEN
rebuild	TAKEN
dodging	TAKEN
inadequate	TAKEN
thickening	TAKEN
researching	TAKEN
lending	TAKEN
flopped	TAKEN
driftwood	TAKEN
juan	TAKEN
ding	TAKEN
progressed	TAKEN
hyphen	TAKEN
committing	TAKEN
reasoning	TAKEN
fingered	TAKEN
wait	TAKEN
sourpuss	TAKEN
rayed	TAKEN
hairbrush	TAKEN
solo	TAKEN
devotion	TAKEN
barrister	TAKEN
conning	TAKEN
convinced	TAKEN
heals	TAKEN
rightly	TAKEN
docs	TAKEN
frisk	TAKEN
nuttier	TAKEN
bumped	TAKEN
rematch	TAKEN
hired	TAKEN
plate	TAKEN
properly	TAKEN
waits	TAKEN
eloped	TAKEN
beeped	TAKEN
handmade	TAKEN
once	TAKEN
activity	TAKEN
lightbox	TAKEN
clammy	TAKEN
button	TAKEN
autonomy	TAKEN
peering	TAKEN
surprises	TAKEN
computer	TAKEN
ideally	TAKEN
wringing	TAKEN
burning	TAKEN
dodgers	TAKEN
huffed	TAKEN
syndication	TAKEN
beech	TAKEN
tacks	TAKEN
blathering	TAKEN
schooled	TAKEN
timbre	TAKEN
reconnect	TAKEN
brained	TAKEN
orbiting	TAKEN
advancing	TAKEN
opus	TAKEN
embezzler	TAKEN
muffler	TAKEN
eval	TAKEN
routers	TAKEN
madwoman	TAKEN
edinburgh	TAKEN
graceful	TAKEN
prescribing	TAKEN
bolivia	TAKEN
medicines	TAKEN
bribing	TAKEN
lowe	TAKEN
pickups	TAKEN
hovercraft	TAKEN
locks	TAKEN
savages	TAKEN
disabled	TAKEN
myth	TAKEN
comb	TAKEN
slutty	TAKEN
dory	TAKEN
nautical	TAKEN
laughter	TAKEN
fisheries	TAKEN
monument	TAKEN
senior	TAKEN
medicare	TAKEN
punctuation	TAKEN
lager	TAKEN
squawk	TAKEN
aware	TAKEN
panicking	TAKEN
institution	TAKEN
collide	TAKEN
rico	TAKEN
donald	TAKEN
mingle	TAKEN
statutes	TAKEN
goal	TAKEN
sank	TAKEN
storeroom	TAKEN
lexington	TAKEN
plantation	TAKEN
frills	TAKEN
seductive	TAKEN
handicap	TAKEN
bushel	TAKEN
siesta	TAKEN
democratic	TAKEN
willow	TAKEN
roughly	TAKEN
badgered	TAKEN
abigail	TAKEN
dollar	TAKEN
impolite	TAKEN
grandkids	TAKEN
manure	TAKEN
spectrum	TAKEN
jungle	TAKEN
pinecone	TAKEN
leak	TAKEN
reserves	TAKEN
marie	TAKEN
snook	TAKEN
homework	TAKEN
food	TAKEN
exorcise	TAKEN
museums	TAKEN
slowest	TAKEN
phantoms	TAKEN
kill	TAKEN
figurative	TAKEN
cache	TAKEN
propulsion	TAKEN
stones	TAKEN
kingpin	TAKEN
loosen	TAKEN
pulling	TAKEN
jumpers	TAKEN
prudent	TAKEN
squads	TAKEN
wreaking	TAKEN
prot	TAKEN
flatulence	TAKEN
refills	TAKEN
study	TAKEN
chickening	TAKEN
goals	TAKEN
front	TAKEN
providence	TAKEN
stature	TAKEN
standoff	TAKEN
joke	TAKEN
comfy	TAKEN
cottage	TAKEN
newfound	TAKEN
clothe	TAKEN
cranial	TAKEN
pastry	TAKEN
productive	TAKEN
nozzle	TAKEN
lackeys	TAKEN
cavalcade	TAKEN
jazzed	TAKEN
verge	TAKEN
downtown	TAKEN
cowardly	TAKEN
burke	TAKEN
hogan	TAKEN
nodding	TAKEN
purview	TAKEN
active	TAKEN
experiments	TAKEN
lean	TAKEN
trustees	TAKEN
dateless	TAKEN
windsor	TAKEN
infuriating	TAKEN
oodles	TAKEN
zillion	TAKEN
tenderness	TAKEN
roundabout	TAKEN
fiancee	TAKEN
emerged	TAKEN
masked	TAKEN
lodge	TAKEN
blacks	TAKEN
blessed	TAKEN
uneventful	TAKEN
qualify	TAKEN
hoisted	TAKEN
tampons	TAKEN
backpacking	TAKEN
souvenirs	TAKEN
interview	TAKEN
thataway	TAKEN
consul	TAKEN
judas	TAKEN
verbal	TAKEN
predictable	TAKEN
delude	TAKEN
regent	TAKEN
pacifier	TAKEN
protons	TAKEN
sanatorium	TAKEN
seminal	TAKEN
seclusion	TAKEN
psychopath	TAKEN
obliterated	TAKEN
waves	TAKEN
sketch	TAKEN
vernon	TAKEN
stylist	TAKEN
homosexuals	TAKEN
stingy	TAKEN
followed	TAKEN
strobe	TAKEN
visits	TAKEN
witty	TAKEN
manicured	TAKEN
cider	TAKEN
ditty	TAKEN
able	TAKEN
substitute	TAKEN
examples	TAKEN
landscape	TAKEN
floozy	TAKEN
lavish	TAKEN
ashore	TAKEN
xanax	TAKEN
finding	TAKEN
held	TAKEN
punt	TAKEN
bums	TAKEN
coupon	TAKEN
sign	TAKEN
legends	TAKEN
baroness	TAKEN
relay	TAKEN
smugness	TAKEN
hewlett	TAKEN
zeal	TAKEN
ticks	TAKEN
contempt	TAKEN
reelected	TAKEN
pointing	TAKEN
nurse	TAKEN
baptist	TAKEN
lexus	TAKEN
mashed	TAKEN
bluetooth	TAKEN
avon	TAKEN
gatehouse	TAKEN
disrupt	TAKEN
humanities	TAKEN
tenor	TAKEN
jerking	TAKEN
wanting	TAKEN
stable	TAKEN
wherefore	TAKEN
massaged	TAKEN
whiner	TAKEN
acquainted	TAKEN
endless	TAKEN
frees	TAKEN
lifer	TAKEN
formulating	TAKEN
delightful	TAKEN
quibble	TAKEN
millennium	TAKEN
explode	TAKEN
brake	TAKEN
childrens	TAKEN
intent	TAKEN
residing	TAKEN
formation	TAKEN
pummel	TAKEN
lunatic	TAKEN
hoop	TAKEN
trample	TAKEN
planetary	TAKEN
aerobics	TAKEN
abysmal	TAKEN
folders	TAKEN
concentrate	TAKEN
together	TAKEN
endive	TAKEN
ecuador	TAKEN
ulcer	TAKEN
barbers	TAKEN
poems	TAKEN
cheese	TAKEN
clement	TAKEN
blaming	TAKEN
foreplay	TAKEN
innards	TAKEN
refund	TAKEN
ethically	TAKEN
cornell	TAKEN
ceramic	TAKEN
persuasion	TAKEN
monroe	TAKEN
sacrificing	TAKEN
spelt	TAKEN
servicing	TAKEN
velvet	TAKEN
taunting	TAKEN
recess	TAKEN
compressed	TAKEN
mechanism	TAKEN
implant	TAKEN
uninsured	TAKEN
amendment	TAKEN
buyers	TAKEN
attendance	TAKEN
zero	TAKEN
exceedingly	TAKEN
alcoholics	TAKEN
anoint	TAKEN
chez	TAKEN
advanced	TAKEN
weapons	TAKEN
dominance	TAKEN
greetings	TAKEN
couture	TAKEN
trickster	TAKEN
sardine	TAKEN
loved	TAKEN
warfarin	TAKEN
pollution	TAKEN
identical	TAKEN
competing	TAKEN
battles	TAKEN
hillcrest	TAKEN
shakespeare	TAKEN
singles	TAKEN
uniformity	TAKEN
inspired	TAKEN
staying	TAKEN
squeaking	TAKEN
perimeter	TAKEN
gauntlet	TAKEN
stride	TAKEN
gumshoe	TAKEN
conclusive	TAKEN
conk	TAKEN
twists	TAKEN
mouth	TAKEN
swept	TAKEN
ostrich	TAKEN
cued	TAKEN
fuzz	TAKEN
pleasing	TAKEN
missionary	TAKEN
efficiency	TAKEN
scotland	TAKEN
fellows	TAKEN
ballsy	TAKEN
toured	TAKEN
endorsed	TAKEN
ampicillin	TAKEN
flop	TAKEN
cardiogram	TAKEN
arguments	TAKEN
motive	TAKEN
rift	TAKEN
grounds	TAKEN
magdalene	TAKEN
teenybopper	TAKEN
betty	TAKEN
surrendered	TAKEN
foreseeable	TAKEN
burrito	TAKEN
rope	TAKEN
swell	TAKEN
interferes	TAKEN
partying	TAKEN
vague	TAKEN
pliers	TAKEN
fiddling	TAKEN
earmarked	TAKEN
mash	TAKEN
tour	TAKEN
insides	TAKEN
lakes	TAKEN
eyesight	TAKEN
sometime	TAKEN
dosages	TAKEN
vented	TAKEN
enzyme	TAKEN
grim	TAKEN
apartments	TAKEN
onions	TAKEN
described	TAKEN
shut	TAKEN
understudy	TAKEN
delivered	TAKEN
rerouted	TAKEN
dwarfs	TAKEN
policemen	TAKEN
facilities	TAKEN
narwhal	TAKEN
sweatshop	TAKEN
suffocated	TAKEN
quad	TAKEN
mutilation	TAKEN
downy	TAKEN
charger	TAKEN
indications	TAKEN
complex	TAKEN
viewing	TAKEN
limping	TAKEN
clocks	TAKEN
rednecks	TAKEN
cultivating	TAKEN
flashed	TAKEN
mache	TAKEN
thickens	TAKEN
soundproof	TAKEN
unleashed	TAKEN
cartridge	TAKEN
countenance	TAKEN
jeremy	TAKEN
stillness	TAKEN
epic	TAKEN
joyous	TAKEN
adore	TAKEN
stickler	TAKEN
fused	TAKEN
prude	TAKEN
wondrous	TAKEN
stumbling	TAKEN
retaliate	TAKEN
jars	TAKEN
fridge	TAKEN
escalated	TAKEN
commodity	TAKEN
figured	TAKEN
restart	TAKEN
sealed	TAKEN
theorem	TAKEN
required	TAKEN
shipwreck	TAKEN
tiny	TAKEN
worker	TAKEN
ungrateful	TAKEN
passageway	TAKEN
indicated	TAKEN
yonkers	TAKEN
harmless	TAKEN
camcorders	TAKEN
minimal	TAKEN
crewman	TAKEN
thermostat	TAKEN
relieving	TAKEN
queller	TAKEN
alters	TAKEN
shalt	TAKEN
antivenin	TAKEN
summarize	TAKEN
fixture	TAKEN
aiming	TAKEN
queens	TAKEN
bunking	TAKEN
lunge	TAKEN
skids	TAKEN
medal	TAKEN
bale	TAKEN
soliciting	TAKEN
crafting	TAKEN
apostles	TAKEN
manger	TAKEN
behave	TAKEN
belonging	TAKEN
butterfly	TAKEN
dwellers	TAKEN
horned	TAKEN
appeared	TAKEN
students	TAKEN
deets	TAKEN
hollering	TAKEN
dukes	TAKEN
hobbit	TAKEN
contacted	TAKEN
threats	TAKEN
sincere	TAKEN
imbeciles	TAKEN
fowler	TAKEN
meditation	TAKEN
skype	TAKEN
razor	TAKEN
stabbing	TAKEN
barely	TAKEN
colors	TAKEN
crews	TAKEN
rearing	TAKEN
breed	TAKEN
rifles	TAKEN
hearings	TAKEN
organized	TAKEN
than	TAKEN
shimmering	TAKEN
dietary	TAKEN
succession	TAKEN
henchman	TAKEN
superpower	TAKEN
houseman	TAKEN
doer	TAKEN
carting	TAKEN
gave	TAKEN
terminated	TAKEN
eyelids	TAKEN
troop	TAKEN
policing	TAKEN
acknowledge	TAKEN
lunged	TAKEN
america	TAKEN
customer	TAKEN
nightingale	TAKEN
improve	TAKEN
concourse	TAKEN
stories	TAKEN
bricks	TAKEN
unsaid	TAKEN
frying	TAKEN
workforce	TAKEN
diners	TAKEN
electricity	TAKEN
moisturizer	TAKEN
score	TAKEN
safety	TAKEN
wimpy	TAKEN
highness	TAKEN
investing	TAKEN
defiance	TAKEN
tropical	TAKEN
imposition	TAKEN
solitary	TAKEN
romper	TAKEN
continuous	TAKEN
dasher	TAKEN
webpage	TAKEN
pepperoni	TAKEN
blindsided	TAKEN
intensity	TAKEN
fixable	TAKEN
forging	TAKEN
guitar	TAKEN
winking	TAKEN
neurologist	TAKEN
uprising	TAKEN
overdressed	TAKEN
ruby	TAKEN
zambia	TAKEN
valentine	TAKEN
webster	TAKEN
regionals	TAKEN
remover	TAKEN
bannister	TAKEN
stop	TAKEN
counting	TAKEN
boots	TAKEN
fielding	TAKEN
bicker	TAKEN
except	TAKEN
failings	TAKEN
inkjet	TAKEN
nudity	TAKEN
illusions	TAKEN
holster	TAKEN
torso	TAKEN
whiskey	TAKEN
bloodsucker	TAKEN
drag	TAKEN
reminder	TAKEN
fancy	TAKEN
bony	TAKEN
wisest	TAKEN
hypnotize	TAKEN
jesse	TAKEN
garrison	TAKEN
spirit	TAKEN
peat	TAKEN
rube	TAKEN
consistency	TAKEN
juniper	TAKEN
impulses	TAKEN
runtime	TAKEN
rooftops	TAKEN
prancer	TAKEN
jerks	TAKEN
frenzy	TAKEN
lessee	TAKEN
balding	TAKEN
continue	TAKEN
olympic	TAKEN
carr	TAKEN
splendor	TAKEN
cooker	TAKEN
floods	TAKEN
amniotic	TAKEN
ensures	TAKEN
hacking	TAKEN
silks	TAKEN
sparring	TAKEN
activities	TAKEN
speller	TAKEN
pence	TAKEN
pygmies	TAKEN
divisional	TAKEN
canned	TAKEN
heaven	TAKEN
expecting	TAKEN
intently	TAKEN
sarcastic	TAKEN
hydrated	TAKEN
vietnamese	TAKEN
overlapping	TAKEN
bitten	TAKEN
pluses	TAKEN
overdo	TAKEN
humiliation	TAKEN
confound	TAKEN
mistrust	TAKEN
saltwater	TAKEN
inventory	TAKEN
reuters	TAKEN
seasoned	TAKEN
feckless	TAKEN
backwards	TAKEN
dunks	TAKEN
pyramids	TAKEN
scoliosis	TAKEN
housewife	TAKEN
taint	TAKEN
freedoms	TAKEN
siren	TAKEN
sunstroke	TAKEN
supporters	TAKEN
taker	TAKEN
erasing	TAKEN
locust	TAKEN
ninny	TAKEN
idealist	TAKEN
jamming	TAKEN
police	TAKEN
inch	TAKEN
wrinkled	TAKEN
eerily	TAKEN
takers	TAKEN
penne	TAKEN
dawning	TAKEN
councilors	TAKEN
bowled	TAKEN
booties	TAKEN
assisted	TAKEN
smoothly	TAKEN
deserving	TAKEN
scuttled	TAKEN
wares	TAKEN
reprisal	TAKEN
jammies	TAKEN
fences	TAKEN
cronies	TAKEN
pardons	TAKEN
cheeses	TAKEN
amputate	TAKEN
addressed	TAKEN
chocolates	TAKEN
aspects	TAKEN
sheldrake	TAKEN
utilities	TAKEN
finder	TAKEN
lobotomy	TAKEN
formed	TAKEN
interim	TAKEN
pesto	TAKEN
mythic	TAKEN
zdnet	TAKEN
gluing	TAKEN
neglectful	TAKEN
intranet	TAKEN
intense	TAKEN
unwise	TAKEN
facets	TAKEN
relaxed	TAKEN
shotguns	TAKEN
cartoon	TAKEN
arouse	TAKEN
border	TAKEN
phased	TAKEN
stealer	TAKEN
reaper	TAKEN
personified	TAKEN
horsepower	TAKEN
flame	TAKEN
fireballs	TAKEN
answered	TAKEN
exploration	TAKEN
knights	TAKEN
closer	TAKEN
devastate	TAKEN
scallop	TAKEN
investigate	TAKEN
next	TAKEN
pucker	TAKEN
chino	TAKEN
airfield	TAKEN
leaders	TAKEN
anachronism	TAKEN
internment	TAKEN
jumps	TAKEN
mistaken	TAKEN
testify	TAKEN
conceding	TAKEN
prettier	TAKEN
daniel	TAKEN
africa	TAKEN
chow	TAKEN
sequins	TAKEN
snakes	TAKEN
early	TAKEN
omens	TAKEN
bank	TAKEN
clergy	TAKEN
improvising	TAKEN
exhibits	TAKEN
transplant	TAKEN
paralyze	TAKEN
ribs	TAKEN
calmly	TAKEN
awards	TAKEN
concussions	TAKEN
trapeze	TAKEN
catharsis	TAKEN
debating	TAKEN
seal	TAKEN
whiplash	TAKEN
ground	TAKEN
bridesmaids	TAKEN
rumble	TAKEN
bootleg	TAKEN
ensuing	TAKEN
thursday	TAKEN
myspace	TAKEN
reference	TAKEN
torturous	TAKEN
solutions	TAKEN
disabling	TAKEN
offers	TAKEN
mallard	TAKEN
marina	TAKEN
recognise	TAKEN
knockers	TAKEN
smart	TAKEN
robbed	TAKEN
albuquerque	TAKEN
kitty	TAKEN
dicke	TAKEN
quitting	TAKEN
fills	TAKEN
candlelit	TAKEN
emergencies	TAKEN
dopey	TAKEN
childish	TAKEN
wisconsin	TAKEN
jackass	TAKEN
depositions	TAKEN
flights	TAKEN
videos	TAKEN
prettiest	TAKEN
chop	TAKEN
chip	TAKEN
ringers	TAKEN
complicate	TAKEN
uneducated	TAKEN
chorus	TAKEN
tumble	TAKEN
rice	TAKEN
expunged	TAKEN
pots	TAKEN
fibber	TAKEN
rejection	TAKEN
ones	TAKEN
quick	TAKEN
spider	TAKEN
memories	TAKEN
saran	TAKEN
ponies	TAKEN
narrator	TAKEN
remembered	TAKEN
pheromones	TAKEN
requesting	TAKEN
enthralled	TAKEN
sawing	TAKEN
nicknamed	TAKEN
kisser	TAKEN
hummus	TAKEN
between	TAKEN
condemned	TAKEN
routinely	TAKEN
quinine	TAKEN
simon	TAKEN
made	TAKEN
migraine	TAKEN
groin	TAKEN
rinse	TAKEN
keeled	TAKEN
tract	TAKEN
simp	TAKEN
britches	TAKEN
smock	TAKEN
payoffs	TAKEN
increments	TAKEN
wage	TAKEN
copilot	TAKEN
empress	TAKEN
appetites	TAKEN
softy	TAKEN
buggy	TAKEN
ranges	TAKEN
suddenly	TAKEN
virulent	TAKEN
latex	TAKEN
diggers	TAKEN
tomato	TAKEN
inhabit	TAKEN
rickey	TAKEN
accurately	TAKEN
necessary	TAKEN
trips	TAKEN
grape	TAKEN
trailer	TAKEN
prenatal	TAKEN
viii	TAKEN
sworn	TAKEN
recuperate	TAKEN
wink	TAKEN
birmingham	TAKEN
buffy	TAKEN
immutable	TAKEN
degraded	TAKEN
primer	TAKEN
authorities	TAKEN
mustache	TAKEN
terrace	TAKEN
adolescents	TAKEN
opal	TAKEN
overreacted	TAKEN
patriots	TAKEN
diploma	TAKEN
swift	TAKEN
homemaker	TAKEN
contented	TAKEN
custom	TAKEN
bridge	TAKEN
scabs	TAKEN
grope	TAKEN
missed	TAKEN
crisis	TAKEN
maintained	TAKEN
basement	TAKEN
sorel	TAKEN
confidence	TAKEN
effecting	TAKEN
spotter	TAKEN
arresting	TAKEN
necessity	TAKEN
klutzy	TAKEN
withdrawn	TAKEN
entrails	TAKEN
geeks	TAKEN
sipped	TAKEN
shoot	TAKEN
curry	TAKEN
plugins	TAKEN
kayak	TAKEN
butt	TAKEN
subtitle	TAKEN
talented	TAKEN
piss	TAKEN
conclude	TAKEN
viper	TAKEN
escapes	TAKEN
avoid	TAKEN
laughs	TAKEN
determining	TAKEN
pump	TAKEN
valued	TAKEN
hint	TAKEN
hastily	TAKEN
transferred	TAKEN
true	TAKEN
explore	TAKEN
kenya	TAKEN
spunky	TAKEN
darkest	TAKEN
grateful	TAKEN
miner	TAKEN
appease	TAKEN
kahuna	TAKEN
farmers	TAKEN
upward	TAKEN
workshop	TAKEN
loony	TAKEN
conversion	TAKEN
confining	TAKEN
fewer	TAKEN
bravest	TAKEN
surgery	TAKEN
strive	TAKEN
redhead	TAKEN
ghana	TAKEN
dimes	TAKEN
hocking	TAKEN
intrusion	TAKEN
soon	TAKEN
sting	TAKEN
toffee	TAKEN
cabbage	TAKEN
valise	TAKEN
italia	TAKEN
chaperone	TAKEN
riddle	TAKEN
foibles	TAKEN
chases	TAKEN
mounds	TAKEN
petite	TAKEN
slingshot	TAKEN
steel	TAKEN
skinny	TAKEN
bench	TAKEN
savior	TAKEN
hoped	TAKEN
gloria	TAKEN
dans	TAKEN
admires	TAKEN
honed	TAKEN
roommate	TAKEN
aggravating	TAKEN
perils	TAKEN
venereal	TAKEN
trinket	TAKEN
overlooking	TAKEN
brute	TAKEN
veronica	TAKEN
respectful	TAKEN
garbage	TAKEN
biased	TAKEN
pharmacies	TAKEN
crawling	TAKEN
transition	TAKEN
southern	TAKEN
sharing	TAKEN
chins	TAKEN
chelsea	TAKEN
overpass	TAKEN
hacked	TAKEN
dater	TAKEN
hutch	TAKEN
hardwood	TAKEN
jaguar	TAKEN
constraint	TAKEN
groomed	TAKEN
distance	TAKEN
bongos	TAKEN
competition	TAKEN
scrub	TAKEN
nerdy	TAKEN
cubicle	TAKEN
affair	TAKEN
backside	TAKEN
unearth	TAKEN
peer	TAKEN
priority	TAKEN
claire	TAKEN
globe	TAKEN
drawstring	TAKEN
expansion	TAKEN
permitting	TAKEN
manipulated	TAKEN
opinion	TAKEN
perry	TAKEN
eyelashes	TAKEN
calender	TAKEN
waxy	TAKEN
swim	TAKEN
condom	TAKEN
miscreant	TAKEN
chord	TAKEN
hate	TAKEN
xbox	TAKEN
best	TAKEN
execution	TAKEN
mysimon	TAKEN
felling	TAKEN
reel	TAKEN
ipod	TAKEN
extinguish	TAKEN
uppity	TAKEN
collapsed	TAKEN
nightmare	TAKEN
fled	TAKEN
uptown	TAKEN
richmond	TAKEN
stake	TAKEN
philosophy	TAKEN
retailers	TAKEN
defaced	TAKEN
flinch	TAKEN
regina	TAKEN
mins	TAKEN
trajectory	TAKEN
butters	TAKEN
influx	TAKEN
sorcerers	TAKEN
ponds	TAKEN
nautilus	TAKEN
veritas	TAKEN
concocted	TAKEN
springtime	TAKEN
inexcusable	TAKEN
dominant	TAKEN
matrimony	TAKEN
drapes	TAKEN
loft	TAKEN
mentioning	TAKEN
prairie	TAKEN
noxious	TAKEN
weakening	TAKEN
dude	TAKEN
atop	TAKEN
stylus	TAKEN
banking	TAKEN
sled	TAKEN
giblets	TAKEN
molasses	TAKEN
bedbug	TAKEN
pursue	TAKEN
scorpions	TAKEN
backfire	TAKEN
siemens	TAKEN
backyard	TAKEN
trivial	TAKEN
emblem	TAKEN
vary	TAKEN
importer	TAKEN
safe	TAKEN
chestnut	TAKEN
tropic	TAKEN
gargling	TAKEN
reopened	TAKEN
hickey	TAKEN
bullets	TAKEN
injunction	TAKEN
creeping	TAKEN
lead	TAKEN
weeping	TAKEN
chickens	TAKEN
findlaw	TAKEN
hauled	TAKEN
gunshot	TAKEN
chromosomes	TAKEN
eliminate	TAKEN
fracture	TAKEN
entrenched	TAKEN
silverware	TAKEN
dependable	TAKEN
tanked	TAKEN
tact	TAKEN
souvenir	TAKEN
rigor	TAKEN
abnormal	TAKEN
spyware	TAKEN
authorize	TAKEN
antibiotic	TAKEN
inspected	TAKEN
communing	TAKEN
dehydrated	TAKEN
prosciutto	TAKEN
orbs	TAKEN
auditioning	TAKEN
arab	TAKEN
suicide	TAKEN
montage	TAKEN
silicon	TAKEN
video	TAKEN
gold	TAKEN
descendants	TAKEN
nerves	TAKEN
fujitsu	TAKEN
lyric	TAKEN
glassy	TAKEN
cult	TAKEN
intro	TAKEN
gatherings	TAKEN
title	TAKEN
wraith	TAKEN
automobile	TAKEN
majesty	TAKEN
ostracized	TAKEN
blessings	TAKEN
tolerate	TAKEN
sounding	TAKEN
jaunt	TAKEN
career	TAKEN
revolve	TAKEN
mayan	TAKEN
yokel	TAKEN
julep	TAKEN
discolored	TAKEN
converging	TAKEN
delicate	TAKEN
train	TAKEN
coed	TAKEN
sopranos	TAKEN
hatred	TAKEN
trashing	TAKEN
rocket	TAKEN
closest	TAKEN
wreaks	TAKEN
hitchhike	TAKEN
rectangle	TAKEN
diff	TAKEN
vermouth	TAKEN
havoc	TAKEN
synthetic	TAKEN
enslave	TAKEN
pocket	TAKEN
bulletin	TAKEN
letters	TAKEN
novocaine	TAKEN
entities	TAKEN
blotter	TAKEN
commandos	TAKEN
greaseball	TAKEN
appreciate	TAKEN
succeeded	TAKEN
maneuver	TAKEN
linux	TAKEN
southbound	TAKEN
dylan	TAKEN
prediction	TAKEN
drivers	TAKEN
seventy	TAKEN
kaiser	TAKEN
malice	TAKEN
fountains	TAKEN
ethernet	TAKEN
require	TAKEN
flick	TAKEN
name	TAKEN
cacophony	TAKEN
portal	TAKEN
necklaces	TAKEN
kangaroo	TAKEN
scrubbed	TAKEN
expressly	TAKEN
farthing	TAKEN
outwitted	TAKEN
combustion	TAKEN
landmarks	TAKEN
fortunes	TAKEN
caliber	TAKEN
tragedy	TAKEN
impudence	TAKEN
antibiotics	TAKEN
wiser	TAKEN
rangers	TAKEN
eyes	TAKEN
gaiety	TAKEN
directive	TAKEN
mpegs	TAKEN
disputing	TAKEN
reflect	TAKEN
greed	TAKEN
uncut	TAKEN
download	TAKEN
assessment	TAKEN
collars	TAKEN
gemma	TAKEN
repository	TAKEN
exist	TAKEN
outwit	TAKEN
sawed	TAKEN
insuring	TAKEN
identity	TAKEN
maintain	TAKEN
icebergs	TAKEN
liar	TAKEN
raisin	TAKEN
effective	TAKEN
daytime	TAKEN
pretense	TAKEN
irrelevant	TAKEN
mills	TAKEN
decorations	TAKEN
andy	TAKEN
insisting	TAKEN
unanimously	TAKEN
lifts	TAKEN
scorched	TAKEN
harmed	TAKEN
streetcar	TAKEN
famished	TAKEN
place	TAKEN
emery	TAKEN
crucial	TAKEN
goblet	TAKEN
tanner	TAKEN
meanness	TAKEN
bloodied	TAKEN
adjacent	TAKEN
decorator	TAKEN
tuxedo	TAKEN
diagnoses	TAKEN
lore	TAKEN
screwup	TAKEN
people	TAKEN
linked	TAKEN
bled	TAKEN
jessica	TAKEN
latino	TAKEN
indictments	TAKEN
expelled	TAKEN
enamel	TAKEN
smoldering	TAKEN
lucy	TAKEN
scattered	TAKEN
badgering	TAKEN
bedside	TAKEN
mystery	TAKEN
bedroom	TAKEN
ambition	TAKEN
undercover	TAKEN
revised	TAKEN
shoo	TAKEN
lords	TAKEN
actresses	TAKEN
mesh	TAKEN
feisty	TAKEN
oblique	TAKEN
elvis	TAKEN
gypped	TAKEN
parfait	TAKEN
facts	TAKEN
snuggles	TAKEN
violent	TAKEN
soulless	TAKEN
fidelity	TAKEN
inject	TAKEN
nominate	TAKEN
biscuits	TAKEN
disagree	TAKEN
libation	TAKEN
scares	TAKEN
interactive	TAKEN
expel	TAKEN
sanyo	TAKEN
heckling	TAKEN
contraband	TAKEN
aggressive	TAKEN
westminster	TAKEN
toasted	TAKEN
dauphin	TAKEN
casa	TAKEN
chandler	TAKEN
boxed	TAKEN
christening	TAKEN
cribbage	TAKEN
defensive	TAKEN
biochemist	TAKEN
prohibited	TAKEN
skilled	TAKEN
playing	TAKEN
overcame	TAKEN
hollandaise	TAKEN
robbin	TAKEN
monster	TAKEN
stifler	TAKEN
physicals	TAKEN
proves	TAKEN
hairball	TAKEN
dealer	TAKEN
article	TAKEN
lovingly	TAKEN
handler	TAKEN
appropriate	TAKEN
accelerated	TAKEN
forcibly	TAKEN
prim	TAKEN
shopzilla	TAKEN
shirtless	TAKEN
chandeliers	TAKEN
sabotaged	TAKEN
clings	TAKEN
integrity	TAKEN
bewitched	TAKEN
matching	TAKEN
aquarium	TAKEN
precaution	TAKEN
diva	TAKEN
alcove	TAKEN
speakeasy	TAKEN
portent	TAKEN
dripped	TAKEN
carnivore	TAKEN
replaced	TAKEN
spain	TAKEN
conveyor	TAKEN
continues	TAKEN
ringtones	TAKEN
raced	TAKEN
repellent	TAKEN
dies	TAKEN
mauled	TAKEN
windward	TAKEN
subletting	TAKEN
tuck	TAKEN
creme	TAKEN
scratch	TAKEN
defining	TAKEN
incredibly	TAKEN
glue	TAKEN
rosin	TAKEN
designation	TAKEN
midwife	TAKEN
prance	TAKEN
grand	TAKEN
dissect	TAKEN
baba	TAKEN
footprints	TAKEN
preppy	TAKEN
pressures	TAKEN
jerries	TAKEN
julian	TAKEN
bounced	TAKEN
chef	TAKEN
dealt	TAKEN
hateful	TAKEN
aesthetic	TAKEN
nailed	TAKEN
tricky	TAKEN
madrid	TAKEN
calcium	TAKEN
dieter	TAKEN
matey	TAKEN
increases	TAKEN
carpool	TAKEN
kurt	TAKEN
auxiliary	TAKEN
advisory	TAKEN
transexual	TAKEN
wardrobe	TAKEN
pulp	TAKEN
textiles	TAKEN
reverts	TAKEN
platter	TAKEN
headline	TAKEN
mike	TAKEN
soccer	TAKEN
spat	TAKEN
stomachache	TAKEN
ratty	TAKEN
machine	TAKEN
grossly	TAKEN
tops	TAKEN
quicksand	TAKEN
persecuting	TAKEN
downer	TAKEN
facing	TAKEN
mitsubishi	TAKEN
point	TAKEN
craps	TAKEN
aerospace	TAKEN
orphanage	TAKEN
hoosegow	TAKEN
product	TAKEN
safes	TAKEN
huddled	TAKEN
homers	TAKEN
erection	TAKEN
insist	TAKEN
weaver	TAKEN
landscapes	TAKEN
uncle	TAKEN
buried	TAKEN
reappear	TAKEN
ions	TAKEN
wring	TAKEN
underlined	TAKEN
turf	TAKEN
msgstr	TAKEN
grounding	TAKEN
detection	TAKEN
first	TAKEN
blowhard	TAKEN
monitored	TAKEN
bankrupt	TAKEN
raymond	TAKEN
ringtone	TAKEN
victory	TAKEN
mums	TAKEN
nudie	TAKEN
hogging	TAKEN
rescheduled	TAKEN
antiques	TAKEN
whittled	TAKEN
intact	TAKEN
listens	TAKEN
gorgeous	TAKEN
insulated	TAKEN
gains	TAKEN
hackman	TAKEN
nougat	TAKEN
plugs	TAKEN
smoker	TAKEN
punitive	TAKEN
launching	TAKEN
rudder	TAKEN
costing	TAKEN
city	TAKEN
lazar	TAKEN
massager	TAKEN
cherub	TAKEN
lovesick	TAKEN
offending	TAKEN
accuse	TAKEN
lesser	TAKEN
mead	TAKEN
slide	TAKEN
specimens	TAKEN
full	TAKEN
doorknobs	TAKEN
snapshot	TAKEN
cedars	TAKEN
siege	TAKEN
scrambler	TAKEN
relying	TAKEN
sipping	TAKEN
setback	TAKEN
gladstone	TAKEN
conquer	TAKEN
prosecution	TAKEN
wang	TAKEN
interests	TAKEN
meridian	TAKEN
prodded	TAKEN
texts	TAKEN
ingratitude	TAKEN
crater	TAKEN
succotash	TAKEN
profits	TAKEN
cross	TAKEN
sparkle	TAKEN
illness	TAKEN
paramedics	TAKEN
bingo	TAKEN
formatting	TAKEN
candor	TAKEN
cole	TAKEN
educator	TAKEN
converge	TAKEN
scow	TAKEN
picture	TAKEN
gentlemen	TAKEN
bloated	TAKEN
fossil	TAKEN
neglected	TAKEN
west	TAKEN
yeast	TAKEN
unwarranted	TAKEN
afterward	TAKEN
remotely	TAKEN
presses	TAKEN
mending	TAKEN
lottery	TAKEN
engrossing	TAKEN
arising	TAKEN
emirates	TAKEN
believing	TAKEN
experienced	TAKEN
mythical	TAKEN
hybrid	TAKEN
instruction	TAKEN
overseas	TAKEN
tapered	TAKEN
zebras	TAKEN
relation	TAKEN
skied	TAKEN
worthwhile	TAKEN
vigorously	TAKEN
digestive	TAKEN
reject	TAKEN
hookers	TAKEN
homestead	TAKEN
gypsies	TAKEN
toad	TAKEN
granite	TAKEN
uplink	TAKEN
emission	TAKEN
sinful	TAKEN
rotisserie	TAKEN
burglary	TAKEN
hatches	TAKEN
regiment	TAKEN
legislation	TAKEN
ginny	TAKEN
strange	TAKEN
shun	TAKEN
insulation	TAKEN
passions	TAKEN
nacho	TAKEN
commie	TAKEN
governing	TAKEN
domains	TAKEN
coroners	TAKEN
wellington	TAKEN
damaged	TAKEN
glands	TAKEN
nutritious	TAKEN
bible	TAKEN
cleave	TAKEN
manor	TAKEN
unhappily	TAKEN
liege	TAKEN
jumbo	TAKEN
failing	TAKEN
forks	TAKEN
sequined	TAKEN
exhaustion	TAKEN
snapped	TAKEN
rajah	TAKEN
friendly	TAKEN
proposal	TAKEN
sedan	TAKEN
clues	TAKEN
stinking	TAKEN
ferrets	TAKEN
whichever	TAKEN
stampede	TAKEN
chipmunk	TAKEN
weblogs	TAKEN
outrage	TAKEN
prerogative	TAKEN
bandwidth	TAKEN
travesti	TAKEN
autographs	TAKEN
symptoms	TAKEN
lovable	TAKEN
assassin	TAKEN
port	TAKEN
congo	TAKEN
motivates	TAKEN
ample	TAKEN
midterms	TAKEN
hallways	TAKEN
give	TAKEN
mosquitoes	TAKEN
whey	TAKEN
cashing	TAKEN
sores	TAKEN
speeches	TAKEN
recreate	TAKEN
football	TAKEN
enjoyable	TAKEN
dicey	TAKEN
assumed	TAKEN
snowboard	TAKEN
johnny	TAKEN
hissed	TAKEN
lyrics	TAKEN
truthfully	TAKEN
blurred	TAKEN
intends	TAKEN
honor	TAKEN
homosexual	TAKEN
spence	TAKEN
coordinated	TAKEN
aimlessly	TAKEN
snacks	TAKEN
icebreaker	TAKEN
extended	TAKEN
chatted	TAKEN
mrna	TAKEN
doling	TAKEN
looser	TAKEN
macaws	TAKEN
immortality	TAKEN
tracked	TAKEN
frequent	TAKEN
nuptials	TAKEN
feet	TAKEN
surgically	TAKEN
splashing	TAKEN
products	TAKEN
midgets	TAKEN
limited	TAKEN
throwing	TAKEN
shading	TAKEN
reverence	TAKEN
beasts	TAKEN
shoots	TAKEN
entomology	TAKEN
batteries	TAKEN
maniac	TAKEN
condiment	TAKEN
enthused	TAKEN
symbolize	TAKEN
cussing	TAKEN
reconciled	TAKEN
option	TAKEN
rummy	TAKEN
punched	TAKEN
alternating	TAKEN
freeway	TAKEN
ours	TAKEN
camped	TAKEN
untangle	TAKEN
salesman	TAKEN
tiniest	TAKEN
spotting	TAKEN
copycat	TAKEN
useful	TAKEN
clingy	TAKEN
unarmed	TAKEN
archer	TAKEN
ambient	TAKEN
hazy	TAKEN
designated	TAKEN
almighty	TAKEN
clitoris	TAKEN
provisional	TAKEN
caution	TAKEN
cheeks	TAKEN
cavalry	TAKEN
dangers	TAKEN
smashing	TAKEN
inserted	TAKEN
scrap	TAKEN
rescinded	TAKEN
ferment	TAKEN
louder	TAKEN
poet	TAKEN
amount	TAKEN
expendable	TAKEN
asthma	TAKEN
faint	TAKEN
negligent	TAKEN
antiquities	TAKEN
balanced	TAKEN
selfish	TAKEN
gallery	TAKEN
newscast	TAKEN
pitchers	TAKEN
caps	TAKEN
whys	TAKEN
compliment	TAKEN
denning	TAKEN
whims	TAKEN
dismissive	TAKEN
goldenrod	TAKEN
pinkie	TAKEN
charcoal	TAKEN
leap	TAKEN
todd	TAKEN
salami	TAKEN
origins	TAKEN
bikers	TAKEN
familial	TAKEN
servants	TAKEN
hitch	TAKEN
invented	TAKEN
privacy	TAKEN
neutralized	TAKEN
cleverness	TAKEN
bond	TAKEN
propane	TAKEN
reactive	TAKEN
quintuplets	TAKEN
compete	TAKEN
icicle	TAKEN
foray	TAKEN
prohibition	TAKEN
vsnet	TAKEN
parsons	TAKEN
underpants	TAKEN
mariner	TAKEN
feast	TAKEN
advertisers	TAKEN
disarray	TAKEN
scenic	TAKEN
doohickey	TAKEN
intruder	TAKEN
happens	TAKEN
drastically	TAKEN
defiantly	TAKEN
conditioned	TAKEN
wolfram	TAKEN
windy	TAKEN
esophagus	TAKEN
devote	TAKEN
urban	TAKEN
saddam	TAKEN
shield	TAKEN
breech	TAKEN
definite	TAKEN
bura	TAKEN
pronouns	TAKEN
pina	TAKEN
befall	TAKEN
friction	TAKEN
alderman	TAKEN
thrust	TAKEN
warehouse	TAKEN
sorry	TAKEN
asylum	TAKEN
deplore	TAKEN
currency	TAKEN
confessions	TAKEN
rowdy	TAKEN
infraction	TAKEN
movies	TAKEN
fully	TAKEN
gibson	TAKEN
electrician	TAKEN
system	TAKEN
acetate	TAKEN
skeptical	TAKEN
jackers	TAKEN
marries	TAKEN
wiretaps	TAKEN
devil	TAKEN
juncture	TAKEN
martyrs	TAKEN
richards	TAKEN
neatly	TAKEN
blended	TAKEN
autonomous	TAKEN
conned	TAKEN
pout	TAKEN
prejudiced	TAKEN
absorb	TAKEN
impression	TAKEN
aught	TAKEN
stab	TAKEN
gloom	TAKEN
mellow	TAKEN
giants	TAKEN
governed	TAKEN
protein	TAKEN
contributes	TAKEN
belongings	TAKEN
culture	TAKEN
alibi	TAKEN
believers	TAKEN
wales	TAKEN
wiggling	TAKEN
swords	TAKEN
retraction	TAKEN
pickings	TAKEN
duncan	TAKEN
classless	TAKEN
choosing	TAKEN
spasm	TAKEN
vowels	TAKEN
expedient	TAKEN
cardiology	TAKEN
hesitated	TAKEN
danger	TAKEN
pizza	TAKEN
believable	TAKEN
merrily	TAKEN
matted	TAKEN
morgue	TAKEN
joes	TAKEN
forbidding	TAKEN
cosmetic	TAKEN
flirt	TAKEN
passable	TAKEN
mute	TAKEN
underpass	TAKEN
peeked	TAKEN
fixings	TAKEN
dominion	TAKEN
emit	TAKEN
hunchback	TAKEN
will	TAKEN
grave	TAKEN
fragrances	TAKEN
prevent	TAKEN
deport	TAKEN
creator	TAKEN
judgments	TAKEN
yawning	TAKEN
implicated	TAKEN
cheapen	TAKEN
replaying	TAKEN
flexibility	TAKEN
crafted	TAKEN
router	TAKEN
sore	TAKEN
anticipated	TAKEN
hypocrisy	TAKEN
faster	TAKEN
chug	TAKEN
passages	TAKEN
contain	TAKEN
brassiere	TAKEN
knitting	TAKEN
holes	TAKEN
conjuring	TAKEN
bouncing	TAKEN
sorrow	TAKEN
smacks	TAKEN
nickel	TAKEN
pearl	TAKEN
caramel	TAKEN
analyzing	TAKEN
laundering	TAKEN
darks	TAKEN
vehicle	TAKEN
clunk	TAKEN
package	TAKEN
lacerations	TAKEN
lipped	TAKEN
venice	TAKEN
nosy	TAKEN
leverage	TAKEN
homesick	TAKEN
activated	TAKEN
divide	TAKEN
cervical	TAKEN
kingston	TAKEN
content	TAKEN
stripping	TAKEN
secretaries	TAKEN
cries	TAKEN
seizure	TAKEN
assured	TAKEN
overdrive	TAKEN
televisions	TAKEN
tits	TAKEN
appendix	TAKEN
narcotic	TAKEN
teensy	TAKEN
bangles	TAKEN
instead	TAKEN
repeated	TAKEN
dismount	TAKEN
killings	TAKEN
besides	TAKEN
deceived	TAKEN
where	TAKEN
fizz	TAKEN
attributed	TAKEN
trimmers	TAKEN
firehouse	TAKEN
beginners	TAKEN
sticky	TAKEN
grins	TAKEN
castor	TAKEN
cruel	TAKEN
locked	TAKEN
everlasting	TAKEN
exchange	TAKEN
stain	TAKEN
nimrod	TAKEN
hero	TAKEN
buttercup	TAKEN
hideaway	TAKEN
syphilis	TAKEN
prev	TAKEN
desired	TAKEN
penance	TAKEN
emotion	TAKEN
stabbed	TAKEN
bladder	TAKEN
lovemaking	TAKEN
buttery	TAKEN
sill	TAKEN
shameless	TAKEN
yummy	TAKEN
witness	TAKEN
brunswick	TAKEN
basket	TAKEN
impale	TAKEN
filtration	TAKEN
appearance	TAKEN
embedded	TAKEN
lascivious	TAKEN
postings	TAKEN
fists	TAKEN
carbo	TAKEN
flirting	TAKEN
rights	TAKEN
offices	TAKEN
persistent	TAKEN
sensibility	TAKEN
roberts	TAKEN
attend	TAKEN
galoshes	TAKEN
asses	TAKEN
amongst	TAKEN
narrow	TAKEN
gangly	TAKEN
proms	TAKEN
keycard	TAKEN
organizing	TAKEN
sidetracked	TAKEN
creep	TAKEN
resourceful	TAKEN
earshot	TAKEN
speed	TAKEN
helipad	TAKEN
commando	TAKEN
correspond	TAKEN
downriver	TAKEN
pincushion	TAKEN
broader	TAKEN
mistake	TAKEN
kings	TAKEN
dolls	TAKEN
risen	TAKEN
producing	TAKEN
challenging	TAKEN
ashes	TAKEN
kooks	TAKEN
niagara	TAKEN
shaft	TAKEN
area	TAKEN
screensaver	TAKEN
depress	TAKEN
trader	TAKEN
gloves	TAKEN
righto	TAKEN
jerusalem	TAKEN
sanctum	TAKEN
campos	TAKEN
possum	TAKEN
flatterer	TAKEN
permissions	TAKEN
digress	TAKEN
indonesia	TAKEN
parsley	TAKEN
protesting	TAKEN
prospective	TAKEN
done	TAKEN
isle	TAKEN
bailed	TAKEN
hitched	TAKEN
intervene	TAKEN
evenings	TAKEN
lubricants	TAKEN
rations	TAKEN
birdies	TAKEN
burger	TAKEN
rechecked	TAKEN
tornado	TAKEN
farts	TAKEN
loose	TAKEN
exacting	TAKEN
calamitous	TAKEN
advance	TAKEN
ominous	TAKEN
telex	TAKEN
wieners	TAKEN
kilt	TAKEN
outdone	TAKEN
stockpile	TAKEN
fretting	TAKEN
thoracotomy	TAKEN
plus	TAKEN
finds	TAKEN
screening	TAKEN
scream	TAKEN
harp	TAKEN
cringe	TAKEN
reinstated	TAKEN
dreaming	TAKEN
reported	TAKEN
mimic	TAKEN
forgetting	TAKEN
below	TAKEN
hobbies	TAKEN
satisfied	TAKEN
victims	TAKEN
liftoff	TAKEN
landfall	TAKEN
shit	TAKEN
inflating	TAKEN
lambs	TAKEN
sidecar	TAKEN
level	TAKEN
learnt	TAKEN
farms	TAKEN
examining	TAKEN
flown	TAKEN
absences	TAKEN
receding	TAKEN
moldy	TAKEN
scooter	TAKEN
seating	TAKEN
bufing	TAKEN
glassware	TAKEN
rang	TAKEN
hardcover	TAKEN
shine	TAKEN
alec	TAKEN
shuffle	TAKEN
perception	TAKEN
sheffield	TAKEN
consensual	TAKEN
roasts	TAKEN
bidding	TAKEN
azerbaijan	TAKEN
gooey	TAKEN
galvanized	TAKEN
sneaker	TAKEN
copiously	TAKEN
sown	TAKEN
nostalgic	TAKEN
upcoming	TAKEN
steamed	TAKEN
hydrocodone	TAKEN
jewellery	TAKEN
ruckus	TAKEN
those	TAKEN
circuit	TAKEN
curtsy	TAKEN
frauds	TAKEN
couple	TAKEN
haunted	TAKEN
headlines	TAKEN
meringue	TAKEN
nowhere	TAKEN
liberal	TAKEN
betrayed	TAKEN
shelling	TAKEN
hunches	TAKEN
dahlia	TAKEN
straw	TAKEN
jury	TAKEN
strapped	TAKEN
sadder	TAKEN
owen	TAKEN
yield	TAKEN
afford	TAKEN
convent	TAKEN
bicycles	TAKEN
alarming	TAKEN
mustang	TAKEN
cyst	TAKEN
synonymous	TAKEN
northeast	TAKEN
gossips	TAKEN
helo	TAKEN
parties	TAKEN
convened	TAKEN
judged	TAKEN
beaches	TAKEN
limousines	TAKEN
clinics	TAKEN
syndicate	TAKEN
permit	TAKEN
openers	TAKEN
buckeyes	TAKEN
pajama	TAKEN
valuables	TAKEN
teens	TAKEN
thing	TAKEN
barroom	TAKEN
arrest	TAKEN
clinched	TAKEN
courtship	TAKEN
thumbing	TAKEN
electrical	TAKEN
mobiles	TAKEN
achieve	TAKEN
coloring	TAKEN
slumber	TAKEN
playthings	TAKEN
alert	TAKEN
sought	TAKEN
steadfast	TAKEN
faced	TAKEN
somebody	TAKEN
vulture	TAKEN
dwelling	TAKEN
relaxation	TAKEN
frozen	TAKEN
brow	TAKEN
respectable	TAKEN
parasailing	TAKEN
adultery	TAKEN
lifesaver	TAKEN
rook	TAKEN
creamy	TAKEN
almost	TAKEN
maxim	TAKEN
dice	TAKEN
rochester	TAKEN
mammals	TAKEN
cates	TAKEN
newsletter	TAKEN
safeguards	TAKEN
burn	TAKEN
auger	TAKEN
brewery	TAKEN
vanity	TAKEN
suitors	TAKEN
protracted	TAKEN
harms	TAKEN
terra	TAKEN
flag	TAKEN
aspire	TAKEN
monstrous	TAKEN
seller	TAKEN
valid	TAKEN
airport	TAKEN
wreck	TAKEN
clashing	TAKEN
ammo	TAKEN
blogs	TAKEN
milfs	TAKEN
bedrooms	TAKEN
separately	TAKEN
standard	TAKEN
playground	TAKEN
casings	TAKEN
catalogs	TAKEN
dykes	TAKEN
tingling	TAKEN
detonates	TAKEN
sewers	TAKEN
guide	TAKEN
subject	TAKEN
atmosphere	TAKEN
hiccup	TAKEN
confirm	TAKEN
redundant	TAKEN
swig	TAKEN
sizable	TAKEN
keister	TAKEN
vestigial	TAKEN
suckered	TAKEN
aids	TAKEN
tots	TAKEN
milking	TAKEN
bamboozled	TAKEN
surround	TAKEN
sphinx	TAKEN
derek	TAKEN
testimonies	TAKEN
revolves	TAKEN
dimly	TAKEN
grovel	TAKEN
charred	TAKEN
actual	TAKEN
auld	TAKEN
offenders	TAKEN
luckiest	TAKEN
bureau	TAKEN
parallels	TAKEN
somalia	TAKEN
lulu	TAKEN
wrinkle	TAKEN
slimy	TAKEN
lakeside	TAKEN
spiteful	TAKEN
winters	TAKEN
copperhead	TAKEN
silky	TAKEN
reproach	TAKEN
disbarred	TAKEN
authorizing	TAKEN
poets	TAKEN
stumps	TAKEN
humanoid	TAKEN
dedicated	TAKEN
barre	TAKEN
claims	TAKEN
pigskin	TAKEN
makeshift	TAKEN
turner	TAKEN
refueling	TAKEN
tapeworm	TAKEN
glitch	TAKEN
pinning	TAKEN
intervening	TAKEN
hydra	TAKEN
ruth	TAKEN
dumb	TAKEN
weather	TAKEN
gorge	TAKEN
hepatitis	TAKEN
volt	TAKEN
dotty	TAKEN
indirectly	TAKEN
manifold	TAKEN
posterior	TAKEN
reprimand	TAKEN
franklin	TAKEN
beaded	TAKEN
moves	TAKEN
collagen	TAKEN
immunity	TAKEN
canasta	TAKEN
coins	TAKEN
percentage	TAKEN
truffle	TAKEN
control	TAKEN
sodium	TAKEN
melissa	TAKEN
pensioners	TAKEN
balloon	TAKEN
milton	TAKEN
grocery	TAKEN
theology	TAKEN
pumpkin	TAKEN
fibbing	TAKEN
earns	TAKEN
spooked	TAKEN
jade	TAKEN
pregnancies	TAKEN
stickers	TAKEN
simulation	TAKEN
vents	TAKEN
appoint	TAKEN
hughes	TAKEN
among	TAKEN
bouquets	TAKEN
misspoke	TAKEN
teapot	TAKEN
playboys	TAKEN
outlander	TAKEN
messy	TAKEN
gray	TAKEN
improvise	TAKEN
sprawled	TAKEN
judy	TAKEN
adapted	TAKEN
vibe	TAKEN
rebound	TAKEN
customize	TAKEN
laceration	TAKEN
shed	TAKEN
depository	TAKEN
plaza	TAKEN
campers	TAKEN
foiled	TAKEN
exam	TAKEN
pancake	TAKEN
repressed	TAKEN
requires	TAKEN
hisses	TAKEN
resolving	TAKEN
pinata	TAKEN
clanking	TAKEN
greasy	TAKEN
contrite	TAKEN
pics	TAKEN
distinct	TAKEN
benjamin	TAKEN
pisses	TAKEN
tooth	TAKEN
overexcited	TAKEN
rhinestones	TAKEN
oval	TAKEN
peon	TAKEN
tweaked	TAKEN
breakfast	TAKEN
suggests	TAKEN
muslims	TAKEN
circumvent	TAKEN
earlobes	TAKEN
confusion	TAKEN
randy	TAKEN
maid	TAKEN
dropped	TAKEN
crunchy	TAKEN
catastrophe	TAKEN
metals	TAKEN
quiver	TAKEN
gory	TAKEN
signing	TAKEN
dubious	TAKEN
underhanded	TAKEN
bonuses	TAKEN
sublevel	TAKEN
infested	TAKEN
suburbs	TAKEN
signup	TAKEN
honeysuckle	TAKEN
buzzards	TAKEN
albatross	TAKEN
quite	TAKEN
simpsons	TAKEN
sydney	TAKEN
tight	TAKEN
vegetation	TAKEN
conquering	TAKEN
snowballing	TAKEN
dangle	TAKEN
females	TAKEN
contagious	TAKEN
gurney	TAKEN
jeopardized	TAKEN
coyote	TAKEN
relates	TAKEN
undermines	TAKEN
cowgirl	TAKEN
bugs	TAKEN
evidently	TAKEN
rigorous	TAKEN
bell	TAKEN
stumbles	TAKEN
academy	TAKEN
gargoyle	TAKEN
leveraged	TAKEN
famous	TAKEN
hippies	TAKEN
guessing	TAKEN
peck	TAKEN
spells	TAKEN
iris	TAKEN
moldings	TAKEN
overtime	TAKEN
notices	TAKEN
esoteric	TAKEN
scarlet	TAKEN
cobras	TAKEN
suitcases	TAKEN
interpret	TAKEN
undecided	TAKEN
tickle	TAKEN
film	TAKEN
meaner	TAKEN
tending	TAKEN
devils	TAKEN
grading	TAKEN
perched	TAKEN
overhaul	TAKEN
mistook	TAKEN
squashing	TAKEN
patrolman	TAKEN
sweatshirts	TAKEN
spree	TAKEN
ulterior	TAKEN
options	TAKEN
cools	TAKEN
customary	TAKEN
dvds	TAKEN
columnist	TAKEN
forester	TAKEN
lambda	TAKEN
tattoos	TAKEN
tripadvisor	TAKEN
fonder	TAKEN
sorts	TAKEN
bluest	TAKEN
discourage	TAKEN
savagely	TAKEN
integrating	TAKEN
revolver	TAKEN
overslept	TAKEN
billboards	TAKEN
instill	TAKEN
stanza	TAKEN
lurch	TAKEN
frighten	TAKEN
leash	TAKEN
enough	TAKEN
purity	TAKEN
trans	TAKEN
woven	TAKEN
massage	TAKEN
elevates	TAKEN
skyrocket	TAKEN
occupations	TAKEN
destructs	TAKEN
videotapes	TAKEN
clogging	TAKEN
khan	TAKEN
rejuvenate	TAKEN
thirty	TAKEN
squeeze	TAKEN
messaging	TAKEN
including	TAKEN
energized	TAKEN
ducts	TAKEN
load	TAKEN
lynn	TAKEN
alice	TAKEN
sprinkle	TAKEN
pardoned	TAKEN
preside	TAKEN
voted	TAKEN
preyed	TAKEN
lobe	TAKEN
fifteen	TAKEN
promoting	TAKEN
dowser	TAKEN
sack	TAKEN
intimately	TAKEN
occult	TAKEN
gutters	TAKEN
castrated	TAKEN
undoubtedly	TAKEN
fetuses	TAKEN
docks	TAKEN
crying	TAKEN
phony	TAKEN
proteins	TAKEN
weensy	TAKEN
reckoning	TAKEN
redress	TAKEN
welt	TAKEN
stumped	TAKEN
aided	TAKEN
stormed	TAKEN
hostile	TAKEN
despicable	TAKEN
inhaled	TAKEN
superego	TAKEN
tutor	TAKEN
metric	TAKEN
facet	TAKEN
lutz	TAKEN
belie	TAKEN
martial	TAKEN
mort	TAKEN
ambivalent	TAKEN
taxi	TAKEN
crepes	TAKEN
unstoppable	TAKEN
aeroplane	TAKEN
nurtured	TAKEN
feminine	TAKEN
migrate	TAKEN
unclear	TAKEN
ministries	TAKEN
white	TAKEN
snatch	TAKEN
sororities	TAKEN
vive	TAKEN
travels	TAKEN
scholar	TAKEN
objectivity	TAKEN
unstable	TAKEN
across	TAKEN
healing	TAKEN
vertical	TAKEN
facedown	TAKEN
wellness	TAKEN
cluster	TAKEN
treasury	TAKEN
constantly	TAKEN
wagging	TAKEN
specter	TAKEN
term	TAKEN
flavored	TAKEN
torah	TAKEN
derogatory	TAKEN
stamp	TAKEN
shorty	TAKEN
tail	TAKEN
empowerment	TAKEN
pockets	TAKEN
muller	TAKEN
grassy	TAKEN
stimulation	TAKEN
garages	TAKEN
organism	TAKEN
trouser	TAKEN
trembling	TAKEN
ancient	TAKEN
equal	TAKEN
stan	TAKEN
scrooge	TAKEN
monitor	TAKEN
veins	TAKEN
rustle	TAKEN
fret	TAKEN
lepers	TAKEN
disposition	TAKEN
countryside	TAKEN
dreading	TAKEN
channel	TAKEN
disparaging	TAKEN
mouthpiece	TAKEN
inducing	TAKEN
catchers	TAKEN
suck	TAKEN
luminous	TAKEN
vacuuming	TAKEN
asked	TAKEN
flanks	TAKEN
customers	TAKEN
limb	TAKEN
categorized	TAKEN
crave	TAKEN
tripled	TAKEN
credits	TAKEN
spry	TAKEN
hostiles	TAKEN
guidelines	TAKEN
dilation	TAKEN
cryptic	TAKEN
cheaper	TAKEN
exempt	TAKEN
agin	TAKEN
guardrail	TAKEN
davidson	TAKEN
hombres	TAKEN
faun	TAKEN
sarcoidosis	TAKEN
esteemed	TAKEN
mustard	TAKEN
coronary	TAKEN
initial	TAKEN
withdraws	TAKEN
fitch	TAKEN
tracking	TAKEN
disable	TAKEN
hormones	TAKEN
asinine	TAKEN
codes	TAKEN
ting	TAKEN
optimum	TAKEN
protestant	TAKEN
yukon	TAKEN
forests	TAKEN
hygienist	TAKEN
shoplifter	TAKEN
protruding	TAKEN
sparkling	TAKEN
shriveled	TAKEN
tinkered	TAKEN
crease	TAKEN
nonstop	TAKEN
inhibitor	TAKEN
reporter	TAKEN
laughed	TAKEN
debacle	TAKEN
coincidence	TAKEN
fluffed	TAKEN
under	TAKEN
slobbering	TAKEN
reflecting	TAKEN
drawer	TAKEN
willy	TAKEN
vandalism	TAKEN
soothsayer	TAKEN
kissable	TAKEN
into	TAKEN
starring	TAKEN
gurgling	TAKEN
canine	TAKEN
anthony	TAKEN
hormone	TAKEN
trafficker	TAKEN
traps	TAKEN
cynic	TAKEN
wiped	TAKEN
phrases	TAKEN
wake	TAKEN
stevens	TAKEN
brilliance	TAKEN
stereo	TAKEN
evidenced	TAKEN
checkups	TAKEN
sportswear	TAKEN
reversible	TAKEN
toupee	TAKEN
vigilante	TAKEN
sandbag	TAKEN
support	TAKEN
zoloft	TAKEN
determines	TAKEN
septum	TAKEN
genealogy	TAKEN
crouched	TAKEN
fletcher	TAKEN
printed	TAKEN
bullheaded	TAKEN
milling	TAKEN
expect	TAKEN
beauty	TAKEN
accused	TAKEN
madden	TAKEN
centers	TAKEN
cant	TAKEN
longer	TAKEN
pick	TAKEN
effeminate	TAKEN
vill	TAKEN
caballero	TAKEN
send	TAKEN
saccharine	TAKEN
ether	TAKEN
horizons	TAKEN
ultrasound	TAKEN
abortions	TAKEN
arming	TAKEN
donor	TAKEN
prying	TAKEN
influential	TAKEN
mayors	TAKEN
gingerbread	TAKEN
mules	TAKEN
slumming	TAKEN
pistol	TAKEN
carlos	TAKEN
pictures	TAKEN
infused	TAKEN
glare	TAKEN
inflate	TAKEN
barbs	TAKEN
unlikely	TAKEN
realist	TAKEN
fish	TAKEN
doze	TAKEN
ampule	TAKEN
deadlines	TAKEN
overrun	TAKEN
graduated	TAKEN
barbarians	TAKEN
ignition	TAKEN
poorest	TAKEN
kansas	TAKEN
river	TAKEN
burden	TAKEN
companions	TAKEN
highlight	TAKEN
chief	TAKEN
arithmetic	TAKEN
carve	TAKEN
spills	TAKEN
park	TAKEN
giver	TAKEN
flimsy	TAKEN
historic	TAKEN
caregiver	TAKEN
projection	TAKEN
suspected	TAKEN
weep	TAKEN
shiver	TAKEN
fashioned	TAKEN
blew	TAKEN
leno	TAKEN
stew	TAKEN
seduced	TAKEN
spec	TAKEN
trading	TAKEN
spectacles	TAKEN
partner	TAKEN
gauze	TAKEN
spies	TAKEN
bloomberg	TAKEN
upper	TAKEN
babysitters	TAKEN
blending	TAKEN
girlie	TAKEN
varicose	TAKEN
bandits	TAKEN
treated	TAKEN
within	TAKEN
constitute	TAKEN
drainpipe	TAKEN
dosage	TAKEN
raked	TAKEN
ripe	TAKEN
liven	TAKEN
appreciated	TAKEN
brassieres	TAKEN
aright	TAKEN
jezebel	TAKEN
awakes	TAKEN
chaotic	TAKEN
apathy	TAKEN
toolbox	TAKEN
adage	TAKEN
rotting	TAKEN
munching	TAKEN
evolution	TAKEN
rattles	TAKEN
upchuck	TAKEN
chang	TAKEN
duty	TAKEN
apologize	TAKEN
toothbrush	TAKEN
welch	TAKEN
paintings	TAKEN
trainer	TAKEN
individual	TAKEN
statements	TAKEN
confiding	TAKEN
crowed	TAKEN
quit	TAKEN
scott	TAKEN
disappoints	TAKEN
snitches	TAKEN
chickenshit	TAKEN
daydream	TAKEN
shingles	TAKEN
horny	TAKEN
exploding	TAKEN
proximity	TAKEN
controlling	TAKEN
articles	TAKEN
flee	TAKEN
buildings	TAKEN
egocentric	TAKEN
sneaky	TAKEN
hanks	TAKEN
dope	TAKEN
muffins	TAKEN
debts	TAKEN
tougher	TAKEN
footnotes	TAKEN
thriller	TAKEN
sparklers	TAKEN
overturned	TAKEN
reporting	TAKEN
bazaar	TAKEN
sponsor	TAKEN
hots	TAKEN
idealistic	TAKEN
fluid	TAKEN
tension	TAKEN
zombie	TAKEN
flippers	TAKEN
executive	TAKEN
evacuated	TAKEN
auctioneer	TAKEN
enormous	TAKEN
clotting	TAKEN
stats	TAKEN
alcazar	TAKEN
limitations	TAKEN
certifiably	TAKEN
launch	TAKEN
outdid	TAKEN
multi	TAKEN
briefings	TAKEN
fondue	TAKEN
acute	TAKEN
reap	TAKEN
stands	TAKEN
subatomic	TAKEN
grant	TAKEN
lacking	TAKEN
stint	TAKEN
medline	TAKEN
potatoes	TAKEN
grouping	TAKEN
nova	TAKEN
stamped	TAKEN
manifests	TAKEN
exorcism	TAKEN
defeat	TAKEN
harness	TAKEN
waxed	TAKEN
bard	TAKEN
deficit	TAKEN
benevolence	TAKEN
skimming	TAKEN
shitting	TAKEN
blackberry	TAKEN
professors	TAKEN
progresses	TAKEN
pimp	TAKEN
pragmatist	TAKEN
solarium	TAKEN
sermon	TAKEN
steaming	TAKEN
starred	TAKEN
unsubscribe	TAKEN
wimps	TAKEN
abbots	TAKEN
affront	TAKEN
sanest	TAKEN
deviants	TAKEN
divx	TAKEN
significant	TAKEN
distaste	TAKEN
insanity	TAKEN
substances	TAKEN
stephanie	TAKEN
consulted	TAKEN
remitting	TAKEN
behavioral	TAKEN
cutlery	TAKEN
focusing	TAKEN
swat	TAKEN
contusion	TAKEN
spurs	TAKEN
forums	TAKEN
badly	TAKEN
aggravated	TAKEN
races	TAKEN
canvas	TAKEN
waffle	TAKEN
crossed	TAKEN
billiard	TAKEN
blab	TAKEN
meals	TAKEN
anti	TAKEN
compound	TAKEN
turtle	TAKEN
airplanes	TAKEN
needlessly	TAKEN
paragraphs	TAKEN
seashell	TAKEN
schmuck	TAKEN
whittle	TAKEN
grunt	TAKEN
complacent	TAKEN
fainted	TAKEN
crowing	TAKEN
passkey	TAKEN
magical	TAKEN
welling	TAKEN
cortex	TAKEN
rambling	TAKEN
ballads	TAKEN
dowager	TAKEN
endure	TAKEN
andreas	TAKEN
structural	TAKEN
provoking	TAKEN
juggle	TAKEN
entirety	TAKEN
mealy	TAKEN
absolute	TAKEN
goddesses	TAKEN
filming	TAKEN
zoom	TAKEN
petition	TAKEN
slew	TAKEN
softly	TAKEN
skewed	TAKEN
delectable	TAKEN
moron	TAKEN
champion	TAKEN
escalator	TAKEN
utilize	TAKEN
academia	TAKEN
invincible	TAKEN
sledding	TAKEN
gratifying	TAKEN
harvey	TAKEN
gypsy	TAKEN
kelkoo	TAKEN
robe	TAKEN
headphones	TAKEN
humankind	TAKEN
mercury	TAKEN
jock	TAKEN
willing	TAKEN
emissions	TAKEN
lollipops	TAKEN
kindness	TAKEN
interrupts	TAKEN
jackpot	TAKEN
coolly	TAKEN
lagging	TAKEN
nature	TAKEN
workmen	TAKEN
britain	TAKEN
banter	TAKEN
salvation	TAKEN
rashly	TAKEN
protecting	TAKEN
reread	TAKEN
nudge	TAKEN
saul	TAKEN
space	TAKEN
squeegee	TAKEN
whisker	TAKEN
scrambling	TAKEN
probate	TAKEN
jabber	TAKEN
asian	TAKEN
surrounds	TAKEN
cubed	TAKEN
winded	TAKEN
spoonful	TAKEN
landlords	TAKEN
kitten	TAKEN
fiefdom	TAKEN
commotion	TAKEN
host	TAKEN
dart	TAKEN
politician	TAKEN
majoring	TAKEN
highland	TAKEN
possession	TAKEN
fodder	TAKEN
insightful	TAKEN
timeline	TAKEN
barefoot	TAKEN
sinking	TAKEN
centimeter	TAKEN
furtive	TAKEN
crossroads	TAKEN
discussed	TAKEN
terminals	TAKEN
fiend	TAKEN
slacker	TAKEN
checked	TAKEN
spot	TAKEN
commitments	TAKEN
deserted	TAKEN
finality	TAKEN
contingency	TAKEN
ants	TAKEN
vanquished	TAKEN
popped	TAKEN
largely	TAKEN
pierre	TAKEN
preparing	TAKEN
concession	TAKEN
from	TAKEN
glad	TAKEN
comeuppance	TAKEN
paved	TAKEN
athletic	TAKEN
flourished	TAKEN
yearning	TAKEN
available	TAKEN
selfishness	TAKEN
exited	TAKEN
divest	TAKEN
wooed	TAKEN
sleeves	TAKEN
brick	TAKEN
porcelain	TAKEN
bleeder	TAKEN
caesar	TAKEN
cutoff	TAKEN
zshops	TAKEN
embryo	TAKEN
tool	TAKEN
obstinate	TAKEN
blinked	TAKEN
predicted	TAKEN
throughout	TAKEN
nations	TAKEN
panasonic	TAKEN
christmas	TAKEN
collision	TAKEN
ventilate	TAKEN
chaos	TAKEN
bronze	TAKEN
lymphoma	TAKEN
departments	TAKEN
accommodate	TAKEN
nexus	TAKEN
blogger	TAKEN
animals	TAKEN
smartest	TAKEN
philosopher	TAKEN
official	TAKEN
irritate	TAKEN
poolside	TAKEN
becoming	TAKEN
journalist	TAKEN
excite	TAKEN
musicians	TAKEN
fees	TAKEN
microbes	TAKEN
missouri	TAKEN
demoted	TAKEN
smack	TAKEN
nextel	TAKEN
suggest	TAKEN
scatter	TAKEN
subtitles	TAKEN
lineage	TAKEN
haps	TAKEN
junkyard	TAKEN
monsoon	TAKEN
attentive	TAKEN
talkie	TAKEN
stoolie	TAKEN
outdo	TAKEN
averse	TAKEN
someplace	TAKEN
rewrite	TAKEN
elective	TAKEN
rips	TAKEN
lured	TAKEN
lemur	TAKEN
handbasket	TAKEN
weenie	TAKEN
malta	TAKEN
crunch	TAKEN
civilized	TAKEN
obscure	TAKEN
emphatic	TAKEN
staffing	TAKEN
snags	TAKEN
shear	TAKEN
crept	TAKEN
disciplined	TAKEN
issues	TAKEN
switching	TAKEN
homing	TAKEN
links	TAKEN
clothed	TAKEN
remaining	TAKEN
progeny	TAKEN
backstreet	TAKEN
stroll	TAKEN
villagers	TAKEN
awarded	TAKEN
dispose	TAKEN
peeps	TAKEN
weathered	TAKEN
cohesion	TAKEN
guerilla	TAKEN
prosperity	TAKEN
decades	TAKEN
warmest	TAKEN
blog	TAKEN
culminating	TAKEN
slashing	TAKEN
physicist	TAKEN
sighted	TAKEN
undergone	TAKEN
upstanding	TAKEN
pores	TAKEN
cookies	TAKEN
louie	TAKEN
rumor	TAKEN
debutantes	TAKEN
alaska	TAKEN
ingles	TAKEN
killer	TAKEN
heaving	TAKEN
stained	TAKEN
snide	TAKEN
whip	TAKEN
bearings	TAKEN
consuming	TAKEN
businessmen	TAKEN
sanctity	TAKEN
operates	TAKEN
cupboard	TAKEN
chaser	TAKEN
minnesota	TAKEN
smoothest	TAKEN
bullpen	TAKEN
distillery	TAKEN
spoons	TAKEN
lights	TAKEN
comedian	TAKEN
bathrooms	TAKEN
joints	TAKEN
length	TAKEN
manchester	TAKEN
jimmy	TAKEN
distancing	TAKEN
listings	TAKEN
renders	TAKEN
also	TAKEN
switched	TAKEN
baste	TAKEN
gees	TAKEN
activators	TAKEN
headless	TAKEN
hangovers	TAKEN
doubly	TAKEN
curse	TAKEN
rallying	TAKEN
remake	TAKEN
crates	TAKEN
loop	TAKEN
buzzes	TAKEN
mould	TAKEN
lowery	TAKEN
crested	TAKEN
memorizing	TAKEN
invisible	TAKEN
waddle	TAKEN
roads	TAKEN
squeal	TAKEN
frailty	TAKEN
chocolate	TAKEN
tempt	TAKEN
tournament	TAKEN
mecca	TAKEN
headers	TAKEN
cabins	TAKEN
deuces	TAKEN
voyage	TAKEN
merger	TAKEN
struck	TAKEN
snagging	TAKEN
waging	TAKEN
stressing	TAKEN
shawl	TAKEN
afflicted	TAKEN
mascara	TAKEN
finessed	TAKEN
pencils	TAKEN
attired	TAKEN
placed	TAKEN
rejected	TAKEN
mariners	TAKEN
innocently	TAKEN
attachments	TAKEN
bitching	TAKEN
bagel	TAKEN
implore	TAKEN
eking	TAKEN
shoppers	TAKEN
doughnuts	TAKEN
susan	TAKEN
consolidate	TAKEN
smoked	TAKEN
kinship	TAKEN
keep	TAKEN
catalogue	TAKEN
prestigious	TAKEN
severely	TAKEN
nobility	TAKEN
horseback	TAKEN
governor	TAKEN
schema	TAKEN
evenly	TAKEN
dotes	TAKEN
army	TAKEN
disguised	TAKEN
deluded	TAKEN
chair	TAKEN
marriott	TAKEN
brava	TAKEN
estimated	TAKEN
springing	TAKEN
paradise	TAKEN
acupuncture	TAKEN
typo	TAKEN
nike	TAKEN
flaw	TAKEN
originating	TAKEN
lorry	TAKEN
cashmere	TAKEN
cattle	TAKEN
struggling	TAKEN
atom	TAKEN
potter	TAKEN
wangler	TAKEN
vile	TAKEN
sutures	TAKEN
blarney	TAKEN
puny	TAKEN
bouncer	TAKEN
kits	TAKEN
fanny	TAKEN
faucet	TAKEN
craft	TAKEN
shepherds	TAKEN
classmate	TAKEN
dieting	TAKEN
knight	TAKEN
device	TAKEN
automatics	TAKEN
excludes	TAKEN
robber	TAKEN
sands	TAKEN
garlic	TAKEN
farmer	TAKEN
baseball	TAKEN
fledgling	TAKEN
versatile	TAKEN
wonders	TAKEN
forfeited	TAKEN
menopausal	TAKEN
grab	TAKEN
tarnish	TAKEN
tyrant	TAKEN
comparison	TAKEN
hopping	TAKEN
grace	TAKEN
accustomed	TAKEN
dills	TAKEN
sobs	TAKEN
nice	TAKEN
exceptions	TAKEN
division	TAKEN
booby	TAKEN
drooled	TAKEN
follicle	TAKEN
please	TAKEN
myriad	TAKEN
suspicion	TAKEN
fibers	TAKEN
crusty	TAKEN
refers	TAKEN
final	TAKEN
certainty	TAKEN
mitts	TAKEN
climate	TAKEN
asin	TAKEN
hoops	TAKEN
mighty	TAKEN
blanks	TAKEN
examination	TAKEN
smoother	TAKEN
marginally	TAKEN
opera	TAKEN
bubble	TAKEN
reappears	TAKEN
breathed	TAKEN
settling	TAKEN
executives	TAKEN
stork	TAKEN
decompose	TAKEN
operating	TAKEN
cappuccino	TAKEN
lives	TAKEN
repairman	TAKEN
adobe	TAKEN
fatten	TAKEN
distended	TAKEN
gushy	TAKEN
jean	TAKEN
pecking	TAKEN
desperado	TAKEN
mongrel	TAKEN
paralyzing	TAKEN
courageous	TAKEN
presentable	TAKEN
spikey	TAKEN
compaq	TAKEN
annoys	TAKEN
bleached	TAKEN
hiker	TAKEN
chaperoned	TAKEN
hospitals	TAKEN
cruises	TAKEN
sidewinder	TAKEN
uniprotkb	TAKEN
evolve	TAKEN
lido	TAKEN
tipping	TAKEN
tones	TAKEN
iceberg	TAKEN
outing	TAKEN
helpless	TAKEN
backups	TAKEN
freaky	TAKEN
wasp	TAKEN
fruitless	TAKEN
greener	TAKEN
yakking	TAKEN
birthing	TAKEN
shrugging	TAKEN
ornament	TAKEN
feta	TAKEN
urethra	TAKEN
settle	TAKEN
pinhead	TAKEN
dismember	TAKEN
plans	TAKEN
binge	TAKEN
fission	TAKEN
soft	TAKEN
according	TAKEN
masterpiece	TAKEN
dispensers	TAKEN
floorboards	TAKEN
parable	TAKEN
fawning	TAKEN
impeach	TAKEN
birdcage	TAKEN
manager	TAKEN
jest	TAKEN
burgess	TAKEN
invasive	TAKEN
ladle	TAKEN
autos	TAKEN
assessed	TAKEN
microphones	TAKEN
discount	TAKEN
morrow	TAKEN
barmaid	TAKEN
galore	TAKEN
hump	TAKEN
inspecting	TAKEN
nauseated	TAKEN
chat	TAKEN
brays	TAKEN
trustworthy	TAKEN
joel	TAKEN
puddles	TAKEN
recommends	TAKEN
latch	TAKEN
suspicions	TAKEN
overcome	TAKEN
variety	TAKEN
wanton	TAKEN
array	TAKEN
lawns	TAKEN
brightest	TAKEN
dating	TAKEN
hardens	TAKEN
knuckles	TAKEN
hazel	TAKEN
arctic	TAKEN
newman	TAKEN
panel	TAKEN
breeds	TAKEN
reverently	TAKEN
cyclops	TAKEN
chirp	TAKEN
clubbed	TAKEN
undefined	TAKEN
hombre	TAKEN
kneeling	TAKEN
constraints	TAKEN
annals	TAKEN
strippers	TAKEN
bats	TAKEN
drifted	TAKEN
housewares	TAKEN
noisy	TAKEN
tyres	TAKEN
lockup	TAKEN
severed	TAKEN
meets	TAKEN
accept	TAKEN
beware	TAKEN
detaining	TAKEN
ment	TAKEN
swap	TAKEN
beings	TAKEN
heather	TAKEN
serpent	TAKEN
watchers	TAKEN
hazardous	TAKEN
locusts	TAKEN
places	TAKEN
bedding	TAKEN
developers	TAKEN
skirmish	TAKEN
diseased	TAKEN
dinosaur	TAKEN
distrustful	TAKEN
cooper	TAKEN
immature	TAKEN
adaptor	TAKEN
theological	TAKEN
kicks	TAKEN
entering	TAKEN
jelsoft	TAKEN
townies	TAKEN
lothario	TAKEN
unsolved	TAKEN
midland	TAKEN
earful	TAKEN
miraculous	TAKEN
following	TAKEN
aspect	TAKEN
encounters	TAKEN
stimulating	TAKEN
pimple	TAKEN
eminem	TAKEN
diathesis	TAKEN
perfection	TAKEN
snowman	TAKEN
brings	TAKEN
outcast	TAKEN
tasks	TAKEN
essex	TAKEN
micro	TAKEN
anarchist	TAKEN
goodbyes	TAKEN
hangers	TAKEN
pleading	TAKEN
singer	TAKEN
grandad	TAKEN
chateau	TAKEN
disgruntled	TAKEN
punters	TAKEN
portals	TAKEN
plague	TAKEN
doggie	TAKEN
fitness	TAKEN
parameters	TAKEN
regularly	TAKEN
fatherhood	TAKEN
blood	TAKEN
swindled	TAKEN
endangered	TAKEN
truer	TAKEN
shimmy	TAKEN
helper	TAKEN
boggles	TAKEN
matter	TAKEN
reader	TAKEN
futures	TAKEN
flicking	TAKEN
openly	TAKEN
steady	TAKEN
apricot	TAKEN
envelope	TAKEN
advocate	TAKEN
guards	TAKEN
faces	TAKEN
abominable	TAKEN
transfusion	TAKEN
storming	TAKEN
excellent	TAKEN
spoon	TAKEN
cartel	TAKEN
child	TAKEN
beetles	TAKEN
auntie	TAKEN
publish	TAKEN
cocktail	TAKEN
grouse	TAKEN
workers	TAKEN
rendered	TAKEN
scenes	TAKEN
about	TAKEN
solitude	TAKEN
disagreed	TAKEN
roosters	TAKEN
trees	TAKEN
fiction	TAKEN
urgently	TAKEN
proved	TAKEN
theatres	TAKEN
crashes	TAKEN
collectible	TAKEN
whales	TAKEN
habit	TAKEN
mural	TAKEN
anarchists	TAKEN
chatter	TAKEN
headaches	TAKEN
octane	TAKEN
stench	TAKEN
chassis	TAKEN
neve	TAKEN
ended	TAKEN
evanescence	TAKEN
script	TAKEN
phonies	TAKEN
abandon	TAKEN
wearer	TAKEN
attackers	TAKEN
buffs	TAKEN
wife	TAKEN
likeness	TAKEN
feathering	TAKEN
calgary	TAKEN
soviet	TAKEN
quart	TAKEN
fragment	TAKEN
lively	TAKEN
steps	TAKEN
lures	TAKEN
lessons	TAKEN
nitrogen	TAKEN
morally	TAKEN
poofs	TAKEN
overhear	TAKEN
cover	TAKEN
pussycat	TAKEN
sabe	TAKEN
thumbs	TAKEN
mismatched	TAKEN
typewriter	TAKEN
immensely	TAKEN
cocoon	TAKEN
foundations	TAKEN
landmark	TAKEN
flakes	TAKEN
colds	TAKEN
pancakes	TAKEN
karma	TAKEN
playwright	TAKEN
fungi	TAKEN
arrives	TAKEN
legality	TAKEN
jackets	TAKEN
edmonton	TAKEN
meatball	TAKEN
mayo	TAKEN
binoculars	TAKEN
donut	TAKEN
stinging	TAKEN
american	TAKEN
modeling	TAKEN
yogi	TAKEN
conjugate	TAKEN
zipped	TAKEN
reinforced	TAKEN
bouncy	TAKEN
defeats	TAKEN
cuffed	TAKEN
podiatry	TAKEN
highs	TAKEN
cabinet	TAKEN
remedial	TAKEN
rosa	TAKEN
exploded	TAKEN
resembling	TAKEN
plates	TAKEN
starved	TAKEN
fleabag	TAKEN
manitoba	TAKEN
hurrah	TAKEN
expert	TAKEN
ducks	TAKEN
resorts	TAKEN
nominations	TAKEN
elves	TAKEN
incapable	TAKEN
discarded	TAKEN
giant	TAKEN
symmetrical	TAKEN
lonelier	TAKEN
nude	TAKEN
perimeters	TAKEN
cleaners	TAKEN
pelts	TAKEN
slave	TAKEN
stead	TAKEN
northern	TAKEN
pubes	TAKEN
wrongful	TAKEN
drippy	TAKEN
viscount	TAKEN
unwind	TAKEN
reliable	TAKEN
baron	TAKEN
mastery	TAKEN
baring	TAKEN
gases	TAKEN
indecision	TAKEN
approaching	TAKEN
lusting	TAKEN
modes	TAKEN
confine	TAKEN
coleman	TAKEN
grubby	TAKEN
sparrow	TAKEN
fired	TAKEN
footage	TAKEN
strolling	TAKEN
medicine	TAKEN
dealtime	TAKEN
remains	TAKEN
gestapo	TAKEN
waxes	TAKEN
catching	TAKEN
feign	TAKEN
reprimanded	TAKEN
supplier	TAKEN
splash	TAKEN
mugging	TAKEN
paints	TAKEN
corrective	TAKEN
diminish	TAKEN
bathrobes	TAKEN
lipstick	TAKEN
grenade	TAKEN
seasonal	TAKEN
modus	TAKEN
boys	TAKEN
barbed	TAKEN
locating	TAKEN
knocker	TAKEN
heist	TAKEN
undertow	TAKEN
yanks	TAKEN
doth	TAKEN
frontpage	TAKEN
whooping	TAKEN
gangster	TAKEN
hells	TAKEN
clicker	TAKEN
honestly	TAKEN
immersion	TAKEN
mementos	TAKEN
cleanup	TAKEN
wickedness	TAKEN
absentee	TAKEN
afterglow	TAKEN
premature	TAKEN
sublimating	TAKEN
humiliates	TAKEN
lamb	TAKEN
thanked	TAKEN
glow	TAKEN
crowd	TAKEN
filet	TAKEN
answers	TAKEN
kites	TAKEN
north	TAKEN
consensus	TAKEN
damper	TAKEN
guests	TAKEN
praises	TAKEN
ventilator	TAKEN
specialists	TAKEN
flock	TAKEN
duce	TAKEN
india	TAKEN
josh	TAKEN
accomplice	TAKEN
buys	TAKEN
scalped	TAKEN
haywire	TAKEN
chimney	TAKEN
bothering	TAKEN
trippy	TAKEN
constable	TAKEN
itchy	TAKEN
bulky	TAKEN
duly	TAKEN
shortcuts	TAKEN
piecing	TAKEN
perm	TAKEN
divisions	TAKEN
germans	TAKEN
companion	TAKEN
phobic	TAKEN
relegated	TAKEN
proceedings	TAKEN
cartilage	TAKEN
goddamn	TAKEN
twirl	TAKEN
bozo	TAKEN
life	TAKEN
aggression	TAKEN
bide	TAKEN
etched	TAKEN
toothed	TAKEN
loin	TAKEN
tongs	TAKEN
postmaster	TAKEN
rocks	TAKEN
talentless	TAKEN
snakebite	TAKEN
hair	TAKEN
pamela	TAKEN
playlist	TAKEN
formerly	TAKEN
zealand	TAKEN
output	TAKEN
peek	TAKEN
branches	TAKEN
filthy	TAKEN
otto	TAKEN
mangos	TAKEN
periscope	TAKEN
okay	TAKEN
cord	TAKEN
stress	TAKEN
gallbladder	TAKEN
clapper	TAKEN
competitive	TAKEN
elapsed	TAKEN
slipper	TAKEN
speedily	TAKEN
alloy	TAKEN
girlfriend	TAKEN
humped	TAKEN
ditches	TAKEN
paths	TAKEN
formats	TAKEN
thin	TAKEN
bandwagon	TAKEN
team	TAKEN
essential	TAKEN
outlawed	TAKEN
vibrations	TAKEN
pinto	TAKEN
sheeny	TAKEN
leeway	TAKEN
brad	TAKEN
psychotic	TAKEN
fooling	TAKEN
blind	TAKEN
stowed	TAKEN
oomph	TAKEN
stars	TAKEN
bodega	TAKEN
workflow	TAKEN
punishes	TAKEN
wallets	TAKEN
accidently	TAKEN
botany	TAKEN
pantheon	TAKEN
restrain	TAKEN
bashing	TAKEN
occupied	TAKEN
sooner	TAKEN
nodules	TAKEN
solicit	TAKEN
suite	TAKEN
awed	TAKEN
landers	TAKEN
test	TAKEN
notable	TAKEN
flutes	TAKEN
rapids	TAKEN
starter	TAKEN
excels	TAKEN
erupt	TAKEN
thrusts	TAKEN
toppings	TAKEN
poncho	TAKEN
bugged	TAKEN
false	TAKEN
race	TAKEN
alumni	TAKEN
momento	TAKEN
confusing	TAKEN
cereal	TAKEN
willies	TAKEN
trellis	TAKEN
porch	TAKEN
thereafter	TAKEN
caged	TAKEN
armenia	TAKEN
spraying	TAKEN
fieldstone	TAKEN
cosmic	TAKEN
small	TAKEN
valuable	TAKEN
piping	TAKEN
quarry	TAKEN
jake	TAKEN
upping	TAKEN
starving	TAKEN
phew	TAKEN
pretends	TAKEN
schoolwork	TAKEN
romance	TAKEN
unix	TAKEN
unbreakable	TAKEN
anemia	TAKEN
creaming	TAKEN
succeeds	TAKEN
award	TAKEN
groping	TAKEN
screw	TAKEN
contours	TAKEN
volcanic	TAKEN
unhook	TAKEN
lung	TAKEN
alibis	TAKEN
hags	TAKEN
sonata	TAKEN
sexless	TAKEN
welcome	TAKEN
psychiatric	TAKEN
sowing	TAKEN
even	TAKEN
butterball	TAKEN
compel	TAKEN
logitech	TAKEN
polyester	TAKEN
abode	TAKEN
icon	TAKEN
brutal	TAKEN
sublime	TAKEN
learners	TAKEN
gaff	TAKEN
acid	TAKEN
hopeless	TAKEN
bacterial	TAKEN
elderly	TAKEN
dollop	TAKEN
bytes	TAKEN
harping	TAKEN
homegrown	TAKEN
generous	TAKEN
invaluable	TAKEN
assassins	TAKEN
desperate	TAKEN
focused	TAKEN
scouted	TAKEN
fluffing	TAKEN
fearing	TAKEN
nevada	TAKEN
fornicating	TAKEN
parachuting	TAKEN
ling	TAKEN
convene	TAKEN
crisps	TAKEN
gospel	TAKEN
curl	TAKEN
sharks	TAKEN
accomplices	TAKEN
befitting	TAKEN
olympus	TAKEN
weaken	TAKEN
wormed	TAKEN
buckshot	TAKEN
porsche	TAKEN
regulate	TAKEN
managed	TAKEN
sponsors	TAKEN
vests	TAKEN
diver	TAKEN
turbo	TAKEN
hanky	TAKEN
tacked	TAKEN
eczema	TAKEN
tools	TAKEN
devastation	TAKEN
swanky	TAKEN
possesses	TAKEN
fallout	TAKEN
montana	TAKEN
fabulously	TAKEN
parading	TAKEN
leading	TAKEN
informing	TAKEN
nicest	TAKEN
tidings	TAKEN
lockdown	TAKEN
postpone	TAKEN
wrenched	TAKEN
house	TAKEN
regard	TAKEN
conjures	TAKEN
combusted	TAKEN
chamomile	TAKEN
atlas	TAKEN
bedford	TAKEN
suede	TAKEN
faraway	TAKEN
fireball	TAKEN
airstrip	TAKEN
bolder	TAKEN
alcoholic	TAKEN
feof	TAKEN
alternate	TAKEN
talkative	TAKEN
erosion	TAKEN
fourteen	TAKEN
pitiful	TAKEN
mornings	TAKEN
diligent	TAKEN
soulful	TAKEN
delusions	TAKEN
balancing	TAKEN
priest	TAKEN
headache	TAKEN
vitamin	TAKEN
quote	TAKEN
glued	TAKEN
neutral	TAKEN
plutonium	TAKEN
donating	TAKEN
deputy	TAKEN
flogged	TAKEN
dramatic	TAKEN
subscribers	TAKEN
incl	TAKEN
strain	TAKEN
forgery	TAKEN
halfway	TAKEN
base	TAKEN
positioning	TAKEN
alright	TAKEN
softball	TAKEN
backing	TAKEN
purge	TAKEN
columbus	TAKEN
snatches	TAKEN
merely	TAKEN
typhoid	TAKEN
nursed	TAKEN
butch	TAKEN
tightly	TAKEN
misprint	TAKEN
signifying	TAKEN
formulas	TAKEN
emporium	TAKEN
beloved	TAKEN
expenses	TAKEN
foil	TAKEN
blisters	TAKEN
gaggle	TAKEN
whose	TAKEN
bookends	TAKEN
yacht	TAKEN
pistols	TAKEN
prince	TAKEN
cheating	TAKEN
roughriders	TAKEN
cosign	TAKEN
tear	TAKEN
clink	TAKEN
zing	TAKEN
spins	TAKEN
impediment	TAKEN
repetition	TAKEN
blades	TAKEN
china	TAKEN
bubbies	TAKEN
manifesto	TAKEN
fleshy	TAKEN
cents	TAKEN
millisecond	TAKEN
combination	TAKEN
four	TAKEN
presidency	TAKEN
epson	TAKEN
brushed	TAKEN
lesions	TAKEN
namely	TAKEN
profanity	TAKEN
snug	TAKEN
afloat	TAKEN
destabilize	TAKEN
bursting	TAKEN
grange	TAKEN
humming	TAKEN
ogle	TAKEN
flank	TAKEN
treadmill	TAKEN
triple	TAKEN
judging	TAKEN
foolish	TAKEN
repression	TAKEN
imitation	TAKEN
ambiguity	TAKEN
aunts	TAKEN
horrid	TAKEN
calamity	TAKEN
derriere	TAKEN
makings	TAKEN
alleluia	TAKEN
invasion	TAKEN
hick	TAKEN
workings	TAKEN
worship	TAKEN
usage	TAKEN
tundra	TAKEN
alphabet	TAKEN
fraternity	TAKEN
switcheroo	TAKEN
endeavor	TAKEN
mopes	TAKEN
dispensing	TAKEN
overdid	TAKEN
contaminate	TAKEN
ellis	TAKEN
luce	TAKEN
molars	TAKEN
whisper	TAKEN
perspective	TAKEN
curate	TAKEN
milan	TAKEN
boorish	TAKEN
syne	TAKEN
dynasty	TAKEN
impeccable	TAKEN
nieces	TAKEN
zones	TAKEN
prowler	TAKEN
juggernaut	TAKEN
clogged	TAKEN
statehood	TAKEN
clinically	TAKEN
menage	TAKEN
prissy	TAKEN
file	TAKEN
exterminate	TAKEN
condo	TAKEN
railway	TAKEN
divorcing	TAKEN
withholding	TAKEN
gunk	TAKEN
crass	TAKEN
nourish	TAKEN
unlawful	TAKEN
nato	TAKEN
bookish	TAKEN
hellhound	TAKEN
condoms	TAKEN
powerless	TAKEN
sunblock	TAKEN
flatters	TAKEN
careers	TAKEN
bites	TAKEN
tags	TAKEN
retest	TAKEN
sketches	TAKEN
doornail	TAKEN
appetizer	TAKEN
pours	TAKEN
hooky	TAKEN
toons	TAKEN
loathes	TAKEN
feathers	TAKEN
believer	TAKEN
transported	TAKEN
retrofit	TAKEN
peeks	TAKEN
fumes	TAKEN
rescued	TAKEN
necking	TAKEN
quitter	TAKEN
shuts	TAKEN
posies	TAKEN
axel	TAKEN
smear	TAKEN
residency	TAKEN
presets	TAKEN
billy	TAKEN
cleavage	TAKEN
notorious	TAKEN
fund	TAKEN
revive	TAKEN
courtyard	TAKEN
racket	TAKEN
theirs	TAKEN
panels	TAKEN
poured	TAKEN
alto	TAKEN
challenges	TAKEN
hooves	TAKEN
midnight	TAKEN
progressive	TAKEN
nail	TAKEN
silicone	TAKEN
accountants	TAKEN
polarity	TAKEN
office	TAKEN
waterbed	TAKEN
cosy	TAKEN
each	TAKEN
deceptive	TAKEN
gorilla	TAKEN
biggest	TAKEN
poise	TAKEN
despised	TAKEN
conspiracy	TAKEN
directorate	TAKEN
references	TAKEN
metallica	TAKEN
comment	TAKEN
dumping	TAKEN
preferred	TAKEN
anal	TAKEN
extensive	TAKEN
commandant	TAKEN
scheming	TAKEN
veiled	TAKEN
variation	TAKEN
purchase	TAKEN
motives	TAKEN
suppressed	TAKEN
suburbia	TAKEN
interacting	TAKEN
applauded	TAKEN
processors	TAKEN
paperweight	TAKEN
relatively	TAKEN
dismantle	TAKEN
flat	TAKEN
hope	TAKEN
credible	TAKEN
subjugation	TAKEN
airspace	TAKEN
ficus	TAKEN
confuse	TAKEN
daze	TAKEN
seekers	TAKEN
appearances	TAKEN
storms	TAKEN
cooling	TAKEN
outdoor	TAKEN
weirdly	TAKEN
cola	TAKEN
cautiously	TAKEN
sixteen	TAKEN
lopper	TAKEN
commence	TAKEN
willows	TAKEN
urinal	TAKEN
rejuvenated	TAKEN
madeleine	TAKEN
screamer	TAKEN
inscrutable	TAKEN
vanishing	TAKEN
pruning	TAKEN
passwords	TAKEN
buffet	TAKEN
windowsill	TAKEN
uncivilized	TAKEN
coupled	TAKEN
organ	TAKEN
limerick	TAKEN
motorbike	TAKEN
divorced	TAKEN
sponges	TAKEN
downgraded	TAKEN
peep	TAKEN
singleton	TAKEN
soak	TAKEN
vacancies	TAKEN
inning	TAKEN
bumps	TAKEN
crouch	TAKEN
joining	TAKEN
imam	TAKEN
demolish	TAKEN
absolved	TAKEN
indiana	TAKEN
embarrasses	TAKEN
cathedral	TAKEN
seventeenth	TAKEN
buds	TAKEN
patrolled	TAKEN
vindication	TAKEN
owns	TAKEN
took	TAKEN
strongest	TAKEN
starvation	TAKEN
indicator	TAKEN
sunk	TAKEN
appetizing	TAKEN
shrimp	TAKEN
paired	TAKEN
approaches	TAKEN
dissection	TAKEN
pilot	TAKEN
enterprises	TAKEN
discus	TAKEN
reconcile	TAKEN
howling	TAKEN
poltergeist	TAKEN
water	TAKEN
profile	TAKEN
doctored	TAKEN
flashes	TAKEN
intl	TAKEN
intoxicated	TAKEN
galaxy	TAKEN
cabernet	TAKEN
briefs	TAKEN
nicked	TAKEN
grieve	TAKEN
july	TAKEN
enabling	TAKEN
explored	TAKEN
prohibit	TAKEN
draft	TAKEN
redid	TAKEN
disney	TAKEN
toyota	TAKEN
coordinate	TAKEN
titanic	TAKEN
enter	TAKEN
macaroons	TAKEN
puzzling	TAKEN
enchantment	TAKEN
pyramid	TAKEN
apostle	TAKEN
cuddle	TAKEN
skimpy	TAKEN
angola	TAKEN
raffle	TAKEN
toned	TAKEN
starters	TAKEN
outlets	TAKEN
pate	TAKEN
flighty	TAKEN
folk	TAKEN
chronicles	TAKEN
incision	TAKEN
procedural	TAKEN
pests	TAKEN
closeted	TAKEN
sport	TAKEN
lame	TAKEN
shields	TAKEN
spinning	TAKEN
watts	TAKEN
corporation	TAKEN
shocks	TAKEN
catherine	TAKEN
skyscrapers	TAKEN
roasting	TAKEN
drivel	TAKEN
boggle	TAKEN
jockeys	TAKEN
skittish	TAKEN
contractors	TAKEN
paxil	TAKEN
catty	TAKEN
bazooka	TAKEN
antigua	TAKEN
abandoning	TAKEN
bull	TAKEN
hazelnut	TAKEN
wily	TAKEN
jazz	TAKEN
drove	TAKEN
blonde	TAKEN
spindly	TAKEN
paparazzi	TAKEN
cummerbund	TAKEN
penis	TAKEN
fiendish	TAKEN
naming	TAKEN
informant	TAKEN
jigsaw	TAKEN
imply	TAKEN
lumbering	TAKEN
catapult	TAKEN
loathing	TAKEN
terrorizing	TAKEN
lozenges	TAKEN
dinners	TAKEN
ravenous	TAKEN
obviously	TAKEN
biol	TAKEN
celebration	TAKEN
stupider	TAKEN
beaver	TAKEN
coupons	TAKEN
slots	TAKEN
pecan	TAKEN
cheddar	TAKEN
retake	TAKEN
watchful	TAKEN
teased	TAKEN
designate	TAKEN
accumulated	TAKEN
loins	TAKEN
cooing	TAKEN
range	TAKEN
everyman	TAKEN
perennial	TAKEN
eulogy	TAKEN
cockroach	TAKEN
seashells	TAKEN
degradation	TAKEN
lynching	TAKEN
metal	TAKEN
browbeating	TAKEN
tuner	TAKEN
fussing	TAKEN
layaway	TAKEN
sincerely	TAKEN
islamic	TAKEN
flotation	TAKEN
courage	TAKEN
hicks	TAKEN
prisoner	TAKEN
toaster	TAKEN
sufficient	TAKEN
road	TAKEN
kentucky	TAKEN
theory	TAKEN
countrymen	TAKEN
essentially	TAKEN
remarkably	TAKEN
huns	TAKEN
madrigal	TAKEN
ageless	TAKEN
relieved	TAKEN
gasping	TAKEN
furnace	TAKEN
nobleman	TAKEN
monsieur	TAKEN
electric	TAKEN
girly	TAKEN
condensed	TAKEN
pinned	TAKEN
columns	TAKEN
liberated	TAKEN
dagger	TAKEN
texas	TAKEN
genoa	TAKEN
meet	TAKEN
papa	TAKEN
unloved	TAKEN
planning	TAKEN
berlin	TAKEN
fauna	TAKEN
brig	TAKEN
biding	TAKEN
warn	TAKEN
suspect	TAKEN
danish	TAKEN
lowly	TAKEN
anesthesia	TAKEN
tradition	TAKEN
planting	TAKEN
cisco	TAKEN
touring	TAKEN
saucer	TAKEN
inquisition	TAKEN
brands	TAKEN
rest	TAKEN
intimated	TAKEN
fossilized	TAKEN
blasting	TAKEN
inflicting	TAKEN
stimulated	TAKEN
sword	TAKEN
sirloin	TAKEN
symbiotic	TAKEN
audition	TAKEN
harps	TAKEN
wrestling	TAKEN
phase	TAKEN
vino	TAKEN
coven	TAKEN
oppression	TAKEN
serbia	TAKEN
incase	TAKEN
sandals	TAKEN
boosted	TAKEN
similar	TAKEN
presenting	TAKEN
rump	TAKEN
bluepoint	TAKEN
heartburn	TAKEN
vicariously	TAKEN
cuticles	TAKEN
mermaid	TAKEN
trespassed	TAKEN
clambake	TAKEN
camera	TAKEN
import	TAKEN
pulls	TAKEN
nippy	TAKEN
glades	TAKEN
literal	TAKEN
pitted	TAKEN
obsession	TAKEN
incubator	TAKEN
transmitted	TAKEN
javelin	TAKEN
fajita	TAKEN
feather	TAKEN
groupies	TAKEN
damaging	TAKEN
dependence	TAKEN
draped	TAKEN
sable	TAKEN
militia	TAKEN
moderately	TAKEN
grosses	TAKEN
zeroed	TAKEN
rightfully	TAKEN
smashed	TAKEN
underage	TAKEN
nuggets	TAKEN
brochure	TAKEN
racist	TAKEN
planned	TAKEN
beth	TAKEN
birthday	TAKEN
terror	TAKEN
neurotic	TAKEN
outgoing	TAKEN
scam	TAKEN
kiwi	TAKEN
theater	TAKEN
heathen	TAKEN
dictator	TAKEN
compelling	TAKEN
residual	TAKEN
embroiled	TAKEN
squatters	TAKEN
cardiff	TAKEN
bind	TAKEN
baroque	TAKEN
contrary	TAKEN
reindeer	TAKEN
harbouring	TAKEN
bandage	TAKEN
metaphysics	TAKEN
scented	TAKEN
songwriter	TAKEN
encounter	TAKEN
sparked	TAKEN
rover	TAKEN
gloriously	TAKEN
clack	TAKEN
salutations	TAKEN
rousted	TAKEN
loudly	TAKEN
attack	TAKEN
recipients	TAKEN
motivate	TAKEN
caves	TAKEN
rather	TAKEN
potty	TAKEN
mermaids	TAKEN
retro	TAKEN
bulldoze	TAKEN
campus	TAKEN
booker	TAKEN
countries	TAKEN
loofah	TAKEN
strategy	TAKEN
barber	TAKEN
bypass	TAKEN
remodelling	TAKEN
bends	TAKEN
external	TAKEN
rise	TAKEN
eclipse	TAKEN
depressing	TAKEN
boating	TAKEN
scenario	TAKEN
homeroom	TAKEN
cluck	TAKEN
scout	TAKEN
berserk	TAKEN
misc	TAKEN
joystick	TAKEN
fave	TAKEN
cleansed	TAKEN
